"chain","iteration","theta1","theta2","theta3","theta4","theta5","theta6","theta7","theta8","theta9","theta10","theta11","theta12","logpost"
"npe_median",5020,1.7999021349954,-2.38974616633347,-2.78253695679198,-0.724213303994739,2.24448940264952,-0.761677041580095,-1.68999668185727,-0.151477334063073,0.162933439636277,1.64034479859152,2.69754318313893,4.68433805340084,-34.9609338075496
"npe_median",5040,2.01121333565307,-2.48782205660591,-2.7610468075718,-0.67073209580075,2.04702484923838,-1.63542235934209,-1.65377093789475,-0.18949698485615,0.0986581846641072,1.9248635589299,2.56492178018142,4.34764418904612,-36.9122248618212
"npe_median",5060,1.81998339510043,-2.50367700145335,-2.81618377001351,-0.624689429347836,2.33863574680787,-2.1548490882287,-1.7461593087092,-0.0637141420506391,-0.00274298648773502,1.86705540290257,2.8957733345214,4.60090596295909,-32.4159639084045
"npe_median",5080,2.12100752385388,-2.42989346410771,-2.84134038151722,-0.590794814033621,2.22559302425099,-1.58116436349478,-1.76033211559018,-0.0895798587921268,0.133388620252079,1.81855485184027,2.78859751995333,4.74028298473635,-30.1479279709743
"npe_median",5100,1.74276801123851,-2.54634529422394,-2.78362669183216,-0.597467086925557,2.19776623436716,-1.27783976909247,-1.74217615683472,-0.0239518412395704,-0.0295362692947051,1.873229801465,2.84604416670787,4.81404066245657,-31.1516925587976
"npe_median",5120,1.64506773318244,-2.48185247868431,-2.82258959636394,-0.580762153858799,2.3141819064335,-2.43748267106997,-1.84621164229948,-0.215352765935703,0.12120956727437,1.65809456569276,2.76831768228046,4.88991128014571,-33.7849937920791
"npe_median",5140,1.64583564842565,-2.46433633423808,-2.76428157441159,-0.652384229811287,2.26934522792442,-2.14572221256213,-1.77678100582147,-0.0856798295744021,0.30335665578574,1.57301063483031,2.91579839671608,4.52240287983113,-30.0263137459681
"npe_median",5160,1.50939586244604,-2.48804074335967,-2.76172861312422,-0.652997749555489,2.26650538196919,-1.50362397393895,-1.81886147430299,-0.0609825104200649,0.262524803044244,1.65119022488342,2.95140399604564,4.57622091854558,-30.6045246860308
"npe_median",5180,2.01860816212525,-2.41154863521243,-2.82581875102677,-0.687168342905957,2.37782364443621,-0.534694879556607,-1.71689999267296,-0.0670124968771102,0.477217726713331,1.23026253636515,2.94492923215054,4.55889251847964,-34.0696599635785
"npe_median",5200,1.8016881304773,-2.37735622412248,-2.85493185142831,-0.561027446307747,2.27878448347089,-1.55363979802416,-1.74555510001011,-0.184672791073419,0.277859080535384,1.50868500877201,3.00162065956703,4.36832311116233,-30.7816161388085
"npe_median",5220,1.70470555500896,-2.34253203121872,-2.83990755776054,-0.665189429874079,2.31126776018872,-0.92706011698007,-1.74439836289206,-0.13504415206939,0.392813464778489,1.15575482127428,2.93549990768159,4.69813272455386,-33.6335395641845
"npe_median",5240,1.73698346716055,-2.41425523106213,-2.90762555678667,-0.530437073450337,2.23780944566632,-0.855588083749654,-1.71372566672188,0.0119868970104096,0.241119941842671,1.430609520372,2.90088136657034,4.56972233155588,-30.5399027033012
"npe_median",5260,1.94655465602206,-2.41723446098272,-2.84062461878674,-0.600907268763758,2.31365895977256,-1.59127533663941,-2.06584865001964,-0.0985544857074782,0.349517605805988,1.37014254644159,3.08398678763943,4.64803492583484,-33.2201771454056
"npe_median",5280,2.07522371293686,-2.46826375333391,-2.74698232095934,-0.655252987497186,2.2549932288948,-1.60077864077086,-2.00409390726323,-0.194654920016753,0.34697004173508,1.57985314190594,2.81197543951426,4.23002246558446,-34.2581005170227
"npe_median",5300,1.73164067600812,-2.47874649675322,-2.80484414918565,-0.610573321876357,2.28552054360887,-1.37173214505896,-1.91622875036246,-0.182695028269082,-0.18976371486177,1.69149346294369,2.69544882759825,4.61671568078601,-34.6137957687667
"npe_median",5320,1.48594723158468,-2.52478696466745,-2.74236606086913,-0.633259531262142,2.38747485529928,-1.22954984201718,-1.96502522589547,-0.12464895096882,0.0649961812266513,1.80116075531718,2.54865329788308,4.73592603437868,-36.4896381472357
"npe_median",5340,1.71746319577609,-2.48300683562054,-2.79806569631743,-0.611912571725197,2.19598031604675,-1.70635452616049,-1.94240423175695,-0.0036461244258212,-0.196638982966659,1.96560214201154,2.24905209779516,4.52335370012192,-37.7222360373128
"npe_median",5360,2.02619291595927,-2.5264779473815,-2.74183123950761,-0.68236071189819,2.12269971544412,-0.797033770071189,-1.78672705273655,-0.145106932378834,0.172023118585623,1.81345701061484,2.12442774934569,4.70830913022777,-36.4955492165235
"npe_median",5380,2.07202102881971,-2.65047098697402,-2.72676132972829,-0.643386174472336,2.28053941521293,-1.14285208451269,-1.66069082851944,-0.0056509560389499,-0.0935617190606308,1.59378535395181,2.51005536352729,4.82647700946229,-37.1830498452835
"npe_median",5400,1.9711568810946,-2.52914926580704,-2.8171779119733,-0.635145182906602,2.2840562040416,-1.21251661185106,-1.83061367320473,-0.0657522939299396,-0.268089667897734,1.6707144866636,2.82146554000795,4.72679912298446,-32.1476174079647
"npe_median",5420,1.76028723581487,-2.56397029969089,-2.73687333974067,-0.612669505782652,2.20436504499695,-1.4590531534275,-1.79346667953619,0.101319727396118,0.0533402804511307,1.38900235702482,2.99250714623894,4.5851505969128,-34.5410169726069
"npe_median",5440,2.26859314022992,-2.48657339026077,-2.90915543192193,-0.538599842946056,2.29184075726951,-0.753045450819165,-1.78743519904215,-0.0811145149122494,0.0347999352508083,1.80450119234228,2.70977497546029,4.80268412671263,-32.5934834175328
"npe_median",5460,1.87873262746571,-2.4309334322983,-2.89249970700069,-0.578374672407787,2.17843423117924,-1.22348189279107,-1.80069227359332,0.109492677859988,0.0596882796959722,1.68155864572118,2.93688816512325,4.46936600640396,-30.0287762649455
"npe_median",5480,1.87548910329463,-2.37215909466192,-2.88913310046705,-0.593345438012403,2.36926386540624,-1.82830256200165,-1.69499923445234,-0.101654985557766,0.154847325268686,1.63702337873918,3.07423024440923,4.77257951916658,-31.1733493313501
"npe_median",5500,1.89066245940734,-2.440543326185,-2.82177325360888,-0.622040057235884,2.13505896144172,-0.795128554455831,-1.69559931961332,-0.0233562815636378,0.0279245823581568,1.66215906471654,2.56955686363619,4.73301148152904,-31.5731358548359
"npe_median",5520,1.92828323614837,-2.33641792300953,-2.88647855294301,-0.608879490572983,2.28559654006351,-1.5127016411466,-1.99831106396609,-0.0369040592703926,0.221023221976871,1.72230362182763,2.94482953565921,4.39752392908256,-33.9180376429693
"npe_median",5540,1.8987429690716,-2.57850139949589,-2.71277121568086,-0.586338245840241,2.01181612592954,-1.78526686719501,-1.69929719954035,-0.0817128890694736,0.103449493433062,1.91941536035725,2.72245858331527,4.81376527063432,-33.940624913343
"npe_median",5560,1.45968173640778,-2.55304613506033,-2.84511485818982,-0.467159928518918,2.19362398502314,-1.63655926147228,-1.75053633333439,-0.108094079606591,-0.101907044053298,1.81223657083181,3.09750072076828,4.74537270668318,-38.0603640988611
"npe_median",5580,1.5085406611819,-2.42044003844901,-2.85881381262677,-0.542566810578223,2.3378126789915,-1.59410760387114,-1.86024796759427,-0.192016685008019,0.132878688027321,1.24776886916978,3.09718142283706,4.25763487674883,-35.9724532656743
"npe_median",5600,1.74425375284925,-2.36871708142688,-2.7988647592284,-0.665888123081169,2.13195400198581,-1.5882666703911,-1.69800414149744,-0.072388438320647,0.447107117249193,1.01646983855643,3.03547642578212,4.07083361792108,-39.1472269656943
"npe_median",5620,1.61138996797498,-2.49347269425284,-2.79319764949433,-0.577816242758518,2.15936280084195,-1.97371871206367,-1.87963146055756,-0.0304779691085859,0.241452281891364,0.997053267054016,2.96599376117676,4.48079740311513,-39.4823778431648
"npe_median",5640,1.58812061901556,-2.44036802185428,-2.88352260749102,-0.494755917346804,2.23633007254534,-1.41576706916085,-1.83030357392229,-0.08344082735446,0.285343625715809,0.778771182917932,3.21157570987877,4.48475646224843,-41.5757519926808
"npe_median",5660,1.57425261303816,-2.44667042089988,-2.96183970930544,-0.473508781873739,2.37970306772562,-0.550500861837385,-1.72174561130751,-0.00105469839951186,0.300613011565127,0.972231224076009,3.16827782660959,5.06353789106671,-41.5282301115196
"npe_median",5680,1.86490008493573,-2.4342788125834,-2.88172943947767,-0.540981598833237,2.18658441288853,-2.0368659828822,-1.6859989911585,-0.00478779124239716,-0.13844161554113,1.73002375309617,2.91146886030993,4.67238877655655,-32.1274134268038
"npe_median",5700,1.94320908027505,-2.47129177571776,-2.90277802411339,-0.623872749658225,2.29392723636617,-2.3535459023023,-1.86989608473203,0.138993769323636,-0.0449246363761067,1.60750639239718,2.86718737142785,4.466748859857,-33.7505615339931
"npe_median",5720,1.86503611464489,-2.44583114815618,-2.82809594089616,-0.621664970432601,2.22025262020362,-2.60723134682444,-1.91544668030197,-0.0634116904681373,0.183406333494182,1.69049763424444,2.64003135877987,4.01603403434102,-35.2689647803665
"npe_median",5740,1.89288992324097,-2.43999976903236,-2.84424243984816,-0.64870544453968,2.10672823582416,-2.22474774879873,-1.78483836172287,0.0117265290510436,-0.0334956388992363,1.89752135868805,2.82022056216631,3.42154772018852,-37.9121446470497
"npe_median",5760,2.11343631318072,-2.51113535315046,-2.82556000224749,-0.630022805472486,2.25717315926294,-2.52406350821507,-1.90898395325057,0.0761154931526394,-0.110361613616416,1.7196090049127,2.822100874513,3.94038595327755,-37.1644505248193
"npe_median",5780,1.97381199464005,-2.5822150584913,-2.76691292685122,-0.573121166285588,2.0817070441762,-2.78149222407368,-1.77988154897761,0.0105111474956364,0.14559987528606,1.74198311934383,2.73372039531045,4.40358343155982,-34.7436083849478
"npe_median",5800,1.78262480656889,-2.51287936407223,-2.75620213324885,-0.619050959357156,2.1881058768618,-1.66557220197416,-1.67229247264377,0.0109270351693676,0.583412177936017,1.32647590337318,2.77453731139809,4.60370604224521,-33.4449210442111
"npe_median",5820,1.67543994818485,-2.49048394694037,-2.77778175377848,-0.662831742138463,2.25363560237022,-1.35364617150784,-1.79865710315019,-0.042980752151999,0.439419169844508,1.30056120508306,2.75401952438211,4.61333997150491,-32.3784697343675
"npe_median",5840,1.52384730854451,-2.47456783569778,-2.81072260798208,-0.590544129892038,2.38792566587371,-0.966955892425685,-1.76673268450488,-0.0464644415014692,0.37738431740734,1.22715036488061,3.17099093576942,4.62127509583943,-32.6023169242758
"npe_median",5860,1.82654674381396,-2.41010920655666,-2.89475881287398,-0.58030652815146,2.28093505946666,-1.39988902808724,-1.74076906840938,-0.095000935693484,0.0866194163195366,1.58761842508069,2.98209041224937,3.82101792475028,-32.005784369889
"npe_median",5880,1.75346956372055,-2.40394617669283,-2.79397662112456,-0.720525732787531,2.24262319722389,-1.68150093678112,-1.71836356399584,0.03278358248022,0.457701700090838,1.40141706683749,2.96887839678682,3.91208207690752,-35.7614488534623
"npe_median",5900,2.18771813046519,-2.34991563293206,-2.92779561904507,-0.602244932932491,2.12351054206125,-0.511165324800808,-1.86242018120042,0.0447737113380236,0.552884433496404,1.51900606341584,2.92212254133354,3.2872646287705,-45.6950165921395
"npe_median",5920,2.1057410526631,-2.40441042152264,-2.86958741139454,-0.558801750259627,2.23629304601662,-1.42530893556893,-1.858585503605,-0.153769535467932,0.600202368982349,1.56609916652069,2.93955372411028,3.63034328121459,-37.1269583051968
"npe_median",5940,1.85220414491497,-2.40490870203983,-2.87292938733853,-0.609499958594149,2.31320884093476,-2.32358960945655,-1.73567178634101,-0.062550599379174,0.197655661261255,1.43450266550259,3.03769092214604,4.45181135425664,-31.1182772035502
"npe_median",5960,1.91468619869539,-2.52593711952449,-2.78342768147699,-0.645027150592518,2.34945989067218,-1.11612053944962,-1.83161999476379,-0.00757884144289562,0.253077039418574,1.51882874596277,3.1290383825019,4.20075743623648,-31.5199688831837
"npe_median",5980,2.0057022543458,-2.51358890671189,-2.77952886715914,-0.631405175033927,2.24653462444124,-1.62113172664806,-1.67096780775237,-0.255686591279517,0.218887411487961,1.36620072412649,3.01134960296973,4.39474481792773,-34.2430534181848
"npe_median",6000,1.92299332739767,-2.45523269163759,-2.81456153443989,-0.590873005805342,2.18083597003374,-1.48421231295093,-1.84205324211641,-0.0808956738796104,0.46690171988239,1.32752952051226,2.6617072159415,5.00539370624549,-32.9556746117444
"npe_median",6020,1.79251536569954,-2.48885109287961,-2.79698205324658,-0.585351507360434,2.31342341518805,-1.16309120235876,-1.68269369661628,-0.0662752000115355,0.394125417049575,1.46233537470253,2.73679243801982,5.00821598275505,-30.8748397940343
"npe_median",6040,2.05932310206555,-2.50116118787549,-2.7786620962365,-0.592452675559311,2.22471414672508,-1.47455896562696,-1.76720672718648,-0.140587152770064,0.424573295690182,1.49669916400392,2.89158946246013,4.67716286721397,-29.1294887399433
"npe_median",6060,1.88283131006567,-2.43638905384922,-2.82438831934151,-0.627918070244214,2.16656991738683,-1.24357542920494,-1.54006709293284,-0.0180145921244167,0.131744631881889,1.64284721139322,2.85700184331934,4.23004168561,-33.1440177811214
"npe_median",6080,1.77606963710383,-2.47489066682243,-2.86578868656758,-0.535150826957171,2.22918109853107,-0.992682535236521,-1.75354925151255,-0.0207673905317145,-0.0673019743888093,1.58567430880771,3.13564873751363,4.45872536309163,-31.5770541678963
"npe_median",6100,1.61022322511458,-2.37138962578301,-2.90145920749246,-0.591020130932191,2.38498547333611,-1.18497018337503,-1.90586872713895,-0.121171786560738,0.0665865477394859,1.33025680090917,3.17537469563091,4.25753157513721,-34.4561071773431
"npe_median",6120,1.57303109478858,-2.53448271877014,-2.79599434302277,-0.5550347586366,2.27083178798753,-1.64571450071444,-1.93009049821508,-0.110863941046254,0.197590350339448,1.61115672486978,2.78810250456913,4.64008540074629,-31.428366232676
"npe_median",6140,1.45257962450987,-2.54528176224359,-2.79240575949859,-0.605978878248099,2.2433940537951,-1.41097756090974,-1.93257121249458,0.058684090401398,0.0521380839338769,1.77144557344015,2.8840262884475,4.19305345747489,-34.5557877822899
"npe_median",6160,1.44509948301088,-2.4195104230443,-2.90608999785899,-0.62491534380762,2.27033563454275,-2.26819418178086,-1.84703159799015,0.0360109794524615,-0.141964408641624,1.77501555670162,2.82043177927969,4.49436553119823,-34.5759967819387
"npe_median",6180,1.36426341420275,-2.47338128554448,-2.88205835591583,-0.544339379336647,2.24267647795604,-2.52087325430737,-1.82269911588275,-0.0596443256487121,0.015772616890149,1.91421694602267,2.83562764441326,4.27731947760808,-37.3131426046088
"npe_median",6200,1.3431738020259,-2.46853821637495,-2.84233757339884,-0.591818268836913,2.09451361483416,-1.1181218536516,-1.91680433398758,0.121752976018082,-0.103852587395862,1.62461570714149,2.86521231742268,4.74884589968704,-35.338621651526
"npe_median",6220,1.46787729349777,-2.38142711013605,-2.87345727082669,-0.597390877395527,2.26500498441569,-0.349945579799576,-1.64019533965305,0.0352198852301119,0.35238976374696,1.48466151063629,2.93187587605568,4.52898194251479,-34.533156497612
"npe_median",6240,1.58302637616725,-2.3056029060111,-2.94863151646099,-0.498683920934152,2.07663535612317,-0.862248975686902,-1.80419018311638,-0.0640542998600358,0.221541047472226,1.86029385620143,2.77777456514048,4.10853298380915,-35.0226557746868
"npe_median",6260,1.2282778004467,-2.3307856539508,-2.97370111732804,-0.444956072610366,2.21809051239037,-0.43960665206043,-1.76362788689271,-0.00692307250596711,0.183014190598602,1.83397252295137,2.95701628229827,4.53223951338447,-40.1407980831318
"npe_median",6280,1.56095445345495,-2.28165793218643,-2.94218329464571,-0.521459342497758,2.09489517556077,-0.773033063150286,-1.68435847500785,-0.154843292611803,0.335824266463344,1.94993658144452,2.67211820514023,4.77378846694406,-36.1985693564846
"npe_median",6300,1.63399641343374,-2.42824467877267,-2.86399534296775,-0.541275760620815,2.09072340010847,-1.26061761146014,-1.94115716712129,-0.171236833342311,0.360631971279218,1.86693815698818,2.64424236394792,4.61720711204365,-34.2255295584636
"npe_median",6320,1.84690305886775,-2.44898274931284,-2.87902991231377,-0.543778582973909,2.19178892999782,-1.08840794578584,-1.85806606674761,-0.0701293786220174,0.190403249042674,1.92256347841585,2.95519854315674,4.6648238155476,-32.728931905656
"npe_median",6340,1.50593772207238,-2.52424462282898,-2.82742605485102,-0.512200798918733,2.2018218929114,-0.858899642402664,-1.89549085714926,-0.0753511065451961,0.192574984522867,1.63874185922577,2.77949904758464,4.88241209142886,-32.6270262218116
"npe_median",6360,1.58173549281993,-2.47359381998983,-2.8446842387174,-0.539279369873458,2.30084892545484,-1.49106796209146,-1.84799750734326,-0.104092645812774,0.0325509957034762,1.77875296880971,2.8665568347909,4.73990629431161,-30.2349098335981
"npe_median",6380,1.85083718313559,-2.44662524088433,-2.89844307526483,-0.521878610425063,2.19689014000134,-1.94317811804219,-1.68255380328717,-0.0409255225222126,0.0355411023881414,1.7756612465883,2.88003249548306,4.6530122876956,-29.9335803034534
"npe_median",6400,2.06920415393604,-2.52320770927106,-2.83674615083225,-0.559296842061456,2.31232832699403,-1.94942613451461,-1.70060994033753,-0.17008922797296,0.393067256424965,1.47425881566331,2.716350247266,4.70555192861827,-32.741197393773
"npe_median",6420,1.96199890651656,-2.54558553482738,-2.83822684984661,-0.526376586203075,2.22023867316903,-0.603288462428259,-1.7863729501939,-0.18153161884151,0.0250937474872587,1.88001327116151,2.44750624242855,4.58087468055596,-34.8155373709895
"npe_median",6440,1.92641636742008,-2.46864115829173,-2.87003869452522,-0.570634986782093,2.22000407531622,-1.68757833533582,-1.81414352889717,0.0221991130122339,0.0309820904521237,1.43040521439573,2.88407097503556,4.80731144426972,-30.551673663942
"npe_median",6460,1.7222953690386,-2.48544828425741,-2.81038991741642,-0.530780377652919,2.11522015634938,-1.8772495782628,-1.75988096342696,-0.125892852223675,0.117538339685389,1.653974130684,2.8990092862375,4.57945509623442,-30.6728766355082
"npe_median",6480,1.99783657210095,-2.5587090389199,-2.71265007815741,-0.652891489965439,2.16673164766409,-1.94382732013829,-1.71579883435099,-0.0673433468398987,0.155815194410869,1.73824764207203,2.51603873036188,4.36176126214795,-33.3163113576971
"npe_median",6500,1.9964458175046,-2.56259265900604,-2.7589898236724,-0.578194888219286,2.09920039110126,-1.52359791650052,-1.69311211276419,-0.0105870967113704,0.107976218719227,1.59996988556576,2.69083758307539,4.65656107423855,-31.7804958116487
"npe_median",6520,1.74215119230367,-2.43778759672519,-2.82464605473726,-0.535486525741487,2.10778943274191,-1.33117704966054,-1.70120839680867,-0.121571919501229,0.191407130212891,1.86297745570144,2.6125291711787,4.88128327201498,-30.0509792219896
"npe_median",6540,1.6595272711828,-2.43203212068895,-2.8655151283001,-0.562920091269919,2.27071440962909,-1.78227617553176,-1.76621492454754,0.0643081428425986,0.119223907766246,1.5961584151225,2.92617404600152,4.83664572613636,-29.750389127953
"npe_median",6560,1.41016557547448,-2.43798874162838,-2.84499456308015,-0.573945427927725,2.15563616593019,-1.3743308105505,-1.72694135064814,0.046065938319533,0.13058322669411,1.79664325765245,2.57407250978458,4.90497435270279,-31.3409202793232
"npe_median",6580,1.32436308153382,-2.40874515741185,-2.75419182074448,-0.700495316844611,2.26662329653488,-1.63636579170727,-1.72250072349379,-0.0817869663716177,0.218897069885923,1.62769067627063,2.86068556961327,4.7284303588909,-32.843113605616
"npe_median",6600,1.57544029071059,-2.49312894292496,-2.7094391773598,-0.711093543478086,2.20672578726075,-1.50431145613957,-1.76035176105637,-0.131562317613487,0.170403983882044,1.61816675815797,2.82882161732909,4.28717716683187,-33.1487802256553
"npe_median",6620,1.80131318024079,-2.51310790555957,-2.8031456450569,-0.626312680646202,2.08837425195852,-1.49530469835704,-1.9325505231748,0.0625413320168055,0.0312379266917566,1.68089667264042,2.69233492602482,4.27016073667756,-32.9106685581537
"npe_median",6640,2.0138197155087,-2.56416155112319,-2.75878020374125,-0.602604354889182,2.0538742616605,-1.07194843062313,-1.85046984219373,-0.0663803560720015,0.0897719175703756,1.72626827514319,2.64277570151857,4.45334124730709,-31.5726873282826
"npe_median",6660,1.85001392367296,-2.49489304573387,-2.82517667770678,-0.584884208035686,2.21625216642606,-0.750525477209557,-1.94102238789566,-0.199330546648395,0.124336262060957,1.81009340391583,2.64532170894016,4.66651885908994,-32.9325239215872
"npe_median",6680,1.71114438608142,-2.45427336042505,-2.78155769005464,-0.614149990317028,2.17153625477221,-0.653317354906428,-1.89601298906384,-0.213799929991023,0.445704534900684,1.47948372799304,2.98766563168376,4.72239445926482,-33.7596738923162
"npe_median",6700,1.47983964682143,-2.30719552132623,-2.89366706133317,-0.627450531435197,2.21618121109102,-1.03546771208765,-2.06142124111331,-0.0166229208523249,0.200765268555188,1.57658678446091,2.97678605680267,4.46949004571935,-36.0879326037707
"npe_median",6720,1.46404436061609,-2.38075200279929,-2.91425020494829,-0.59110882610119,2.26640677184225,-1.4077986908504,-1.97235457699962,0.0580544677612906,0.0436096423942819,1.37130531054026,3.04745251813943,4.80491744272972,-33.9802627014341
"npe_median",6740,1.66194034721613,-2.4120710393128,-2.89383023229037,-0.597628785659857,2.25638306038959,-1.45713380873201,-1.97989346083418,0.0475806514673667,-0.008383612661189,1.50225457790121,3.00806493613403,4.80114588811039,-31.9948512599569
"npe_median",6760,1.75861748014671,-2.41516391525912,-2.87182321749817,-0.606150924991065,2.18404724167333,-2.1776518551578,-1.86581663751555,0.0656534861273553,0.0819723542038331,1.72666223736919,2.92937484846399,4.3427134303714,-31.5355992783412
"npe_median",6780,1.83239677682472,-2.43707115979595,-2.78372837295483,-0.692201345646169,2.3411508812727,-1.04888101020448,-1.81072479521784,-0.11241600688173,0.122701307100969,1.60767766809073,2.98575992389007,4.98983561316597,-31.8506886878089
"npe_median",6800,1.72806551823649,-2.45022192111735,-2.83168671963169,-0.608347508371177,2.35442818473711,-1.54931484199304,-1.86076538971224,0.0315001285053728,0.175900079985484,1.82753538957152,3.15248951053449,4.52651452364032,-33.9839679399424
"npe_median",6820,1.90116054331891,-2.53742004085596,-2.70576162655921,-0.644278787432383,2.20471495238493,-1.27470879485277,-1.9579618229437,-0.0670689813078853,0.271870410333483,1.72675172965807,2.95972921773727,4.40545361625501,-32.3487323900805
"npe_median",6840,1.70547243005201,-2.51203824310761,-2.76768481378723,-0.580575693790818,2.19561670625615,-0.517969827165691,-1.71018403089931,-0.0197165169776367,0.216361162695416,1.75016011136668,2.77055332828775,4.31831693761607,-32.814729391533
"npe_median",6860,1.98779747575899,-2.5507217418912,-2.79271968115737,-0.587866397357181,2.28138749625471,-1.03986232344854,-1.75898993593253,0.102471504178878,0.319997758319865,1.48734163156869,3.07982503380855,4.2911774653469,-33.0181436510981
"npe_median",6880,2.03005209847341,-2.59416593890742,-2.7865175050286,-0.578000437056681,2.2446900150221,-0.874042354124551,-1.77536309016485,0.0815757885483998,0.248273200085674,1.51920299267264,2.91629134911231,4.71595395246985,-31.959126428593
"npe_median",6900,1.92519005868327,-2.54770372630802,-2.85012321091091,-0.507575433936636,2.29962125703943,-1.16035635612704,-1.87295003014371,-0.03143959790771,0.301916188948353,1.38270213675791,3.15988474854492,4.62142293763827,-32.9805202745659
"npe_median",6920,1.35936590763928,-2.43079679891709,-2.87383533486122,-0.532473191963145,2.15564200790753,-1.52202913810097,-1.86573875578921,-0.0351232213923469,0.215353587064524,1.43828642111898,2.62233121169234,4.27934042941779,-35.3851121118396
"npe_median",6940,1.72307756215778,-2.42622319743127,-2.82557070945791,-0.66398638782778,2.31103388121214,-1.12252164732373,-1.78884225971083,0.0635239773119413,0.238577502963453,1.19871715589496,2.9857176732024,4.55085908184862,-31.8774633486238
"npe_median",6960,1.79811239413953,-2.49901666387297,-2.7573478713243,-0.627845895777976,2.06299663892125,-0.868570354431626,-1.73693060672268,-0.0379511473124498,0.49395386579099,1.48651994057368,2.65500183631073,4.71064109000166,-33.2507260950216
"npe_median",6980,1.72791634163267,-2.45731407601904,-2.82942140826926,-0.574483500830928,1.99639526331658,-0.741924952425417,-1.7457315129668,0.0556307438731409,0.177188665290493,2.02101439137387,2.25245449822483,4.80085184446141,-33.2743971332046
"npe_median",7000,1.53086951765174,-2.35728809537676,-2.801540473567,-0.602965020481156,1.98385051505688,-2.09156534459372,-1.9717228682838,-0.174635804412443,0.335705048200555,1.9849919157985,2.16378216587477,4.78602957439073,-36.7420731516405
"npe_median",7020,1.52834073629826,-2.49504019326309,-2.747564571511,-0.563270464205539,2.09198935877296,-2.2525621639887,-1.75448748306829,-0.231849654662637,0.396984477076752,1.88593485103619,2.3794428972587,4.77053562368004,-34.3502022233848
"npe_median",7040,1.71487835765046,-2.44945551464132,-2.83147136437128,-0.52742016723792,2.20134791951981,-1.59461307963038,-1.74669742192241,-0.150353108078653,0.553896866985857,1.39100570608782,3.22624038613052,4.75625927558834,-35.7536169017442
"npe_median",7060,1.55065561267468,-2.51341375471018,-2.69647189869177,-0.734246786575193,2.32226890264114,-2.04583041066974,-1.90106822020396,-0.0308631767377355,0.511825999482847,1.4978780042001,2.96503439477418,4.22283440421475,-35.9574009705584
"npe_median",7080,1.76541896348938,-2.52217981000445,-2.75081954680994,-0.660553400791502,2.14459650175323,-2.02430302137459,-1.91592894088488,-0.072100512124846,0.298115171092995,1.756211017954,2.44961484279661,3.89801777759922,-37.2995806136152
"npe_median",7100,1.9172803960225,-2.54240194443731,-2.81475999443156,-0.605283731761869,2.14247267262484,-0.898039056168557,-1.92470192338821,-0.15924172967206,0.226497038712727,1.91346889929498,2.31252314003213,4.21459236637602,-40.1087482289113
"npe_median",7120,1.92699022140362,-2.45488613811346,-2.9091449731197,-0.510772347797896,2.07274278645033,-1.75741674472813,-1.6976314178214,0.02116580046803,0.263516927231176,1.68945827996865,2.43781197502857,3.81484846414691,-37.3574446394869
"npe_median",7140,1.65186472841036,-2.46794275832144,-2.79614350289279,-0.553735477707849,2.04785355439644,-1.0137770232737,-1.86475610785246,-0.185105935447866,0.291091712194149,1.76506709751176,2.66237314781401,4.20352809836922,-31.7513244700326
"npe_median",7160,1.32216903165325,-2.43979559959439,-2.82102495033062,-0.55306399359062,2.20128094226187,-1.21203882399758,-1.93879493259095,-0.109993614919752,0.0426197521873782,1.71459718292689,2.82284333133291,4.77054156210492,-32.3558105745411
"npe_median",7180,1.53146389326737,-2.43694650074045,-2.90370295766504,-0.553795865807304,2.17146236610155,-1.92148713748892,-1.89441475935565,0.136516605428372,-0.182872843433647,1.81687512966699,2.8900272377143,4.5151152522601,-32.8895272416188
"npe_median",7200,1.86450462922424,-2.40407138930626,-2.93277151420983,-0.522201759616226,2.23816176462148,-1.39534253687103,-1.72699243773411,-0.10059310004447,0.312555945548477,1.57032062220719,2.85691899562182,4.33810562612529,-31.078788211806
"npe_median",7220,2.02301791945736,-2.43981809103134,-2.84207487313163,-0.58741139011006,2.2115852620308,-1.36450491412349,-1.81273091872386,-0.0567266004560723,0.286240539861081,1.4511153070421,2.99440065544823,4.73917370477182,-29.6114764241922
"npe_median",7240,2.02792448857858,-2.47684863606136,-2.8474395179756,-0.56604824750202,2.07764106684282,-1.87732120045331,-1.82413771319646,-0.034052290161596,0.164621214304848,1.7002147274768,2.63322996253414,4.61630371863998,-30.1523137404024
"npe_median",7260,1.88657103454523,-2.51135641362895,-2.74308344385269,-0.617513066113701,2.2411797852784,-2.12472945364791,-1.78586543144121,-0.259046847915765,0.30282814365891,1.61393597484073,2.97212917314241,4.65348062129533,-31.3828500939072
"npe_median",7280,1.64461203996552,-2.45034933923612,-2.77869925083955,-0.658246608825991,2.28891951659938,-1.78078969958687,-1.74964902636418,-0.0637732651961786,0.132113118573763,1.59797080020732,2.93589828803248,4.34318294233968,-30.2340090407144
"npe_median",7300,1.55947640501939,-2.46414003152296,-2.8505581053343,-0.553281243730302,2.25185377924268,-1.04146504010012,-1.74379823126888,-0.108084417862016,0.220769696459909,1.76758647392311,2.82588288465657,4.29967840845486,-31.2601032890089
"npe_median",7320,1.70739560242762,-2.53687605851031,-2.7851507395059,-0.582077532696058,2.13380458231603,-1.05672633349596,-1.81751919854368,-0.131549705122949,-0.155502576378474,1.86496849706203,2.82305564704411,4.59183303773402,-32.4689300532603
"npe_median",7340,1.78857343970389,-2.46783316610289,-2.89619673069955,-0.51496490482364,2.13964268347653,-1.60352806269725,-1.83006770105252,-0.143654553461302,-0.0250248497374073,1.7753238489603,2.79448012063711,4.22190410295761,-31.772593748201
"npe_median",7360,1.99867398059015,-2.51550095271847,-2.82039271193277,-0.581566446304218,2.28295909329408,-0.797653898361168,-1.89227006927682,-0.0868380093436015,0.18343587352443,1.58780263396959,3.12647455240255,4.23351546787442,-31.7696693970164
"npe_median",7380,1.54013284174152,-2.43105288398873,-2.92135929676587,-0.557325900895854,2.14247671387468,-0.473250905893247,-1.83808250778704,0.148219497119149,-0.0431713158657168,1.64886427148542,2.82360093950302,4.35642633323942,-33.9243246635869
"npe_median",7400,1.52979659425784,-2.44314664258866,-2.83109323124265,-0.551127760056444,2.10935258007434,-1.11198247874667,-1.90137274360043,-0.0519375916893252,0.213700371054605,1.42999740314983,2.95350300856121,4.03228149818909,-33.9374695078254
"npe_median",7420,1.47970206273904,-2.44938133607698,-2.82820311342982,-0.623871315840379,2.16387433462055,-1.53829580764074,-1.83090646495549,0.075303313828959,0.175432768414519,1.53835859786963,2.76259755389797,4.45544345613687,-31.8187070240803
"npe_median",7440,1.8093859989131,-2.53528473066826,-2.77809637720596,-0.612933269953273,2.37444061821599,-1.02149390737034,-1.84788068102026,0.0400807349587192,0.271249886747182,1.48740951898808,3.05177751141851,4.58280806830584,-31.1662089990914
"npe_median",7460,1.67608698210119,-2.4582558391561,-2.82202101510452,-0.573564538251745,2.33653239275802,-1.51262176248917,-1.78132190272851,-0.0702466772875875,0.242990777344417,1.41869001303535,3.05779471520742,4.48688930091363,-29.7481147058147
"npe_median",7480,1.94549969944985,-2.42532556106969,-2.83782584753843,-0.615715669708704,2.32866725097112,-1.42173527900806,-1.73215471618488,-0.113289151305318,0.124311596510105,1.92925764649453,2.92494305252203,4.426317868362,-32.7866431566742
"npe_median",7500,1.97656236784717,-2.4958012884941,-2.8899614694328,-0.55079002934755,2.39036201940138,-1.20847572629229,-1.73503073490972,-0.0389722303500665,0.016351866786681,1.61496810342553,3.04245691682276,4.83773135319862,-30.504383534757
"npe_median",7520,1.89173867282179,-2.51202058933211,-2.7562669211221,-0.595807530179171,2.13271296497831,-0.359171952444019,-1.95726615272312,-0.103303329292875,0.363189605195682,1.71270230252834,2.8576537333503,4.72398728225434,-32.9960269583982
"npe_median",7540,1.75238501464078,-2.51630952682507,-2.79241617698136,-0.578972764324992,2.33464272395643,-1.95833643758306,-1.79476893379401,0.176165157576428,0.362629494462929,1.43767639890616,2.8636777283354,4.53393094268092,-37.0432653689632
"npe_median",7560,1.72306532700347,-2.3585181624787,-2.87136586400712,-0.557215776304777,2.16127349918505,-1.73906210756655,-1.67299668046274,0.061269807007377,0.0574308293689132,1.83373709285822,3.01679619271556,4.11493310762617,-38.596010222858
"npe_median",7580,1.63986978325608,-2.4121619202395,-2.88187421554164,-0.537132686092116,2.18484596177449,-1.60942109371513,-1.871840629003,0.157391746357187,0.0786354776982487,1.81337189282854,3.03253736856903,4.45022573753046,-35.3737096036811
"npe_median",7600,1.73438434946441,-2.47328747988252,-2.84266994304499,-0.510628283839158,2.23778551722825,-2.27043481492359,-1.89124507443081,0.068415366960616,0.239910077915127,1.73634373680008,3.14288684246786,4.83666698007161,-36.5523632916028
"npe_median",7620,1.88313813847124,-2.32384191975093,-2.93343084172971,-0.552047599927344,2.26236801421136,-2.39366697711801,-1.8089147136755,0.04548548445259,0.124733751896427,1.70460411582541,2.88081201309062,4.85885083937523,-35.2719458908663
"npe_median",7640,2.11485578888467,-2.42373504814442,-2.8038528654408,-0.679804751998019,2.21922315896501,-1.00455511148294,-1.85059145529235,-0.0582626367356869,0.29875277445689,1.51265016356132,3.01641431626296,4.82114284573266,-33.4537352887919
"npe_median",7660,1.66252236570569,-2.38602389470492,-2.88359969246047,-0.509977616445153,2.17270584722318,-1.28236960366267,-2.01068817807763,-0.217000685791915,0.215514024294575,1.5707318808015,2.99279384792654,4.84339772340807,-34.6797187534069
"npe_median",7680,1.85822463014408,-2.3931430024487,-2.8997440232272,-0.589964205042842,2.27660200773204,-2.54188459603103,-1.78159121475287,0.115157898934637,0.0290871390704177,1.59502839779759,3.04163669475471,4.72811302067204,-33.8031957792669
"npe_median",7700,2.00509573489395,-2.52879593483062,-2.73197711690165,-0.628105354987838,2.1908533503152,-1.98439303182915,-1.7620982705493,-0.170894359772624,0.485082100485656,1.40618297320943,3.02259223333153,4.56594784682279,-32.0015493359896
"npe_median",7720,1.93390471767989,-2.4726184944272,-2.839228896994,-0.567609605226166,2.2589046509301,-1.7608791752977,-1.73985464771285,-0.0417694591811195,0.30344857804899,1.41152079368381,3.20985893364047,4.32391838550513,-31.4121175564571
"npe_median",7740,1.81916916559186,-2.46407522037875,-2.79464766368686,-0.579774561877357,2.29112765111674,-1.92900408315755,-1.67022524651409,-0.0582043943572996,0.421339330690636,1.51127822924797,3.09182119212563,4.3983842849864,-31.7527538514229
"npe_median",7760,1.88778710235377,-2.47276847901221,-2.84298393112809,-0.555139423006852,2.24542061735392,-2.23195170073513,-1.54532378010551,-0.143923691687521,0.187009086303211,1.59883473340205,2.6999737531832,4.88013727395709,-33.7299138427437
"npe_median",7780,2.25207880969942,-2.46861633777067,-2.90105647896456,-0.475541684089476,2.16365085087222,-1.39022538945369,-1.6300429233464,-0.0603711640886096,0.242510695937738,1.44442861011456,2.90117072006062,4.68096163109162,-35.1814930984693
"npe_median",7800,1.67789493904017,-2.36139202068191,-2.88025568024526,-0.518568356388427,2.21442697362611,-1.61843674706919,-1.69001682063701,-0.100156195121714,0.389007384253604,1.72793859620336,2.61658002316631,4.90485074691796,-31.8117530836881
"npe_median",7820,2.09857649435579,-2.40435542859446,-2.89191862316357,-0.474569965442733,2.17949583159989,-1.48652664347384,-1.93221511339783,-0.0258183868564739,0.257694473339272,1.55542619230007,2.67049954444144,4.91235700734537,-37.6264968909908
"npe_median",7840,1.59951866204374,-2.34786357318478,-2.9049580832456,-0.535832328573601,2.28167207312688,-1.22637235795915,-1.94149501214641,-0.0922336939530489,0.32634949433228,1.74525695801174,2.72259592686671,4.61830393469879,-31.8985692039266
"npe_median",7860,1.82069938577904,-2.45857978636759,-2.73856622942368,-0.634982378166559,2.33374743352812,-1.53931118879954,-1.79072844289599,-0.310645516952115,0.459091658038902,1.70029355845898,2.86539448943425,4.65402999992222,-31.8824909236085
"npe_median",7880,1.97675815054023,-2.54624880229836,-2.7031259656138,-0.590961362548432,2.14610253271855,-1.75568359235524,-1.80668645523413,-0.211130319040798,0.391089931534206,1.77766718928687,2.58268731286251,4.87528345201791,-32.2181501568154
"npe_median",7900,1.69042838553445,-2.40082303148001,-2.81714507531805,-0.602981064951213,2.27818689148702,-1.37352503530645,-1.64503881541204,-0.265574305993585,0.279076314306168,1.79438021155748,2.85022425447746,4.82935802212548,-32.192959420342
"npe_median",7920,1.54712463299901,-2.42534395404992,-2.87144595305544,-0.517678924658542,2.2367952652588,-1.262359800827,-1.714942373827,-0.142556933002347,0.21567101244948,1.76234408705568,2.65649584518654,5.07782653024617,-31.6361621859789
"npe_median",7940,1.55079153228316,-2.41766496681773,-2.8887176335012,-0.505968275628002,2.24022867231589,-1.87056550556017,-1.71307872562217,-0.195505289821226,0.203725968284749,1.7941024110704,2.75812653583929,4.89051180244396,-32.0920327543804
"npe_median",7960,1.43970194687803,-2.43230840292036,-2.90045646682788,-0.547638333862115,2.29163809388989,-1.53304769452192,-1.66104489534865,-0.0895339442379463,0.032258895165725,1.67565948322564,2.95215495916264,4.54555497687371,-31.9528613734041
"npe_median",7980,1.68794298924413,-2.43787326129174,-2.76384142572292,-0.671145401964337,2.31541884339803,-1.47844210199262,-1.87719934935528,-0.015237011986386,0.376005560949852,1.61925046229862,2.94248475305804,4.90037937944676,-30.8559043441899
"npe_median",8000,1.67104784986178,-2.38643409234087,-2.87423497008315,-0.571636488132355,2.26247386547513,-1.15096539150243,-1.90447598666031,-0.165116188132385,0.172430512902459,1.53556029651737,2.89456438515762,4.47364553616529,-30.4091545753896
"npe_median",8020,1.67378212499533,-2.43451915461979,-2.79599194148673,-0.649252155492352,2.26941780574516,-0.862976252516753,-1.78643443202912,0.00535246453241711,0.265709943094751,1.57232550207541,2.93924809607098,4.36181957516754,-30.2051251590225
"npe_median",8040,1.6106768059705,-2.42820984368512,-2.80152731724047,-0.611810881567072,2.06221266054244,-2.04987666045409,-1.85792062134436,-0.0655724818971669,0.125440925214671,2.07141293320939,2.42585858509813,4.83570228066099,-33.9280653233937
"npe_median",8060,1.93678645119066,-2.41104185455465,-2.89778168385553,-0.578850002716954,2.17632224264543,-2.62616884286632,-1.87021088131153,0.0113717978515672,-0.125938881992391,1.86054635047087,2.49282053636989,4.54490601833251,-34.8968456680397
"npe_median",8080,1.9999751188954,-2.44545014609568,-2.83044939221591,-0.557348550460486,2.12025031908902,-1.55867832116784,-1.69563283825979,-0.0487708667269351,0.323577289958135,1.78496495174036,2.41572370111516,4.83453930481788,-30.7335364269908
"npe_median",8100,1.68468088366652,-2.3561246079797,-2.89178534347684,-0.556013800903352,1.98609717107399,-1.06862788705608,-1.80280018746725,-0.0634092412174289,0.350464285009004,1.80793080053944,2.55767874221681,4.27448410628414,-33.0485888010673
"npe_median",8120,2.1615796712501,-2.51610421084357,-2.75120205606716,-0.586376642155094,2.03766002531441,-1.63779814844228,-1.6854575645361,-0.120447423844436,0.446125750102452,1.47769132637456,2.63779238497966,4.69191835190697,-34.3307033154144
"npe_median",8140,2.34727534706304,-2.55423925581858,-2.77803631656959,-0.576099799348888,2.06014717385944,-2.23494488463416,-1.94460457486918,-0.0879802770934392,0.457659414655986,1.69887774462016,2.45803472565252,4.47312614718964,-37.1949646360183
"npe_median",8160,2.23032565332404,-2.48360455441545,-2.86993476192257,-0.500093548263767,2.21702353778169,-1.66649560616774,-1.710072035897,-0.196999420932602,0.408393836562869,1.4039413562594,2.81183105789877,4.35419247878917,-34.5648065592678
"npe_median",8180,2.10386284910607,-2.40938243264382,-2.96211502456679,-0.50339832908873,2.27044911839514,-1.923604980508,-1.62750330529032,-0.187104460903374,0.239880123413491,1.60047820052797,2.96086054751892,4.36644377280771,-35.0221114275517
"npe_median",8200,1.71458080679372,-2.32574022510996,-2.88319608366847,-0.610458155196054,2.25398278961724,-2.07239646660113,-1.86604537751596,-0.00218021825216413,0.328803347626702,1.6720729804112,2.93206970515929,4.51270668403144,-32.2265243423692
"npe_median",8220,1.3826916434963,-2.42249601251865,-2.81720319195841,-0.600910939631882,2.39685890821098,-1.60578017371363,-1.75812124152588,-0.142804761547106,0.115656149045423,1.74818279427677,2.98271210802913,4.85212082467671,-32.5082570678469
"npe_median",8240,1.58800388158284,-2.41380066505834,-2.78568659608609,-0.654206221658987,2.23367108180979,-1.43744662864013,-1.7542481955932,-0.094251908898991,0.284350061195537,1.59218363125045,2.9150047296334,4.56303282599646,-29.5271800519522
"npe_median",8260,1.98561311035794,-2.49659343928535,-2.74992017299775,-0.657626237625699,2.30433397214197,-1.07954664629877,-1.62686094658243,-0.183559872998975,0.419280615945275,1.41125702005985,2.73791138442282,4.54674988922581,-32.4463447598963
"npe_median",8280,1.80405206441451,-2.45033064788545,-2.8533384587292,-0.556491777883616,2.21635342435261,-1.39316520794754,-1.64488554713004,0.0714310330694599,0.217122732288036,1.25995335116419,2.96072556764302,4.54731079871153,-33.4973830895885
"npe_median",8300,2.10414657608501,-2.52675447732185,-2.73248475948863,-0.651675720406083,2.16829014419827,-1.31846893780589,-1.70585480677146,-0.105821742240077,0.183556508093122,1.58709036680961,2.80043908473932,4.42347818167013,-31.5097617593408
"npe_median",8320,1.84102449002467,-2.48698339453944,-2.81488335702859,-0.59647400232846,2.22159929665236,-2.02740749736152,-1.84486625506203,-0.0475080676792744,0.275063627254506,1.57302570386937,2.8775348918793,4.45528607345631,-29.4135511188648
"npe_median",8340,1.73026766310372,-2.47803382619534,-2.84914636766791,-0.564028926444075,2.21620903781454,-1.37829872530568,-1.76985519282864,-0.105744362033725,-0.0934743507315693,1.75291146710084,2.67947617316642,4.83185257253019,-29.9188470150365
"npe_median",8360,1.80247881011389,-2.44606611006567,-2.89265360772342,-0.532747282566654,2.13600121960069,-1.50070192927659,-1.82196584130676,-0.100945593224688,-0.12954413264658,1.81729283899462,2.7169804839389,4.62742328652034,-30.0070723921086
"npe_median",8380,2.29292618642334,-2.52678898838472,-2.85301783104363,-0.626254036000456,2.31946627562032,-1.20482830858266,-1.87441909525986,0.109074757028965,0.0488915187938148,1.47116500777294,3.09860349693973,4.11361911818078,-35.0529067221637
"npe_median",8400,1.97415785898797,-2.51685325723255,-2.7163017156396,-0.662374007051203,2.3345851883371,-1.18413492671038,-1.83986370972252,-0.0391632539198382,0.551218387646601,1.48163916944213,2.8703886169944,4.98598634320319,-32.6102095926192
"npe_median",8420,1.47425620455913,-2.46624556891176,-2.75575382370619,-0.622634200013495,2.34405618064821,-1.51498960719496,-1.7728823412309,-0.263185964572662,0.347024028075836,1.60447588523971,2.81893776225366,5.14464365500734,-33.597192742918
"npe_median",8440,1.78442868949841,-2.41113047415842,-2.76800407543965,-0.675802135515801,2.35335593200756,-0.94082757547528,-1.77252344940805,-0.237852402903873,0.549225578089632,1.5278367054502,2.98610732252634,4.81995050648911,-32.5434732401755
"npe_median",8460,1.55832470942775,-2.48457677287844,-2.83655998438092,-0.530337416955802,2.0675665863028,-0.944702395991403,-1.74238279197751,-0.0776305722684114,0.407500963900232,1.79553735108234,2.44618777611871,4.79428807791058,-33.7930634106716
"npe_median",8480,1.75241942141462,-2.49191440190729,-2.87900911868427,-0.488428091856201,2.16438822283385,-0.608886406606753,-1.90703882429951,0.114922593116447,0.496566099656914,1.60093590166099,2.63196598865777,4.7382192709524,-37.3710482235597
"npe_median",8500,2.16583903157772,-2.44319340340404,-2.82782988177802,-0.552864613983585,2.11086080541294,-1.17214779237706,-1.84382862868248,0.00794453515707523,0.617855387672747,1.68014568465842,2.78329414165034,4.46241470587109,-35.2620272113407
"npe_median",8520,1.91512257224334,-2.53833598667441,-2.68503890486182,-0.63182584969925,2.0358076292673,-1.39165247238086,-1.84518842713671,-0.136182480873962,0.401606673272657,1.7068303695635,2.80795584180472,4.71571481911327,-32.954307810328
"npe_median",8540,2.175603473406,-2.5196123315797,-2.77562557305704,-0.634141257658477,2.38002960272696,-1.64956182104108,-2.04136377280759,-0.17297294482839,0.375197521943706,1.41367551501981,3.08644099470028,4.74034998452256,-34.5438128508885
"npe_median",8560,2.02231572664583,-2.41964392404364,-2.91084470102181,-0.533427400862238,2.37105409886038,-1.87277374315421,-1.86704775052498,-0.189614362263822,0.381903883502915,1.59098268139211,2.9110166568748,4.61947053139519,-32.6090777239935
"npe_median",8580,1.95685835814619,-2.45992254184504,-2.81050891390215,-0.597889031124124,2.19428749680505,-1.16775530937216,-1.77219833179287,-0.117852400236259,0.378415601059696,1.80867372237848,2.59513019425701,4.46470765694322,-29.98432757673
"npe_median",8600,1.98316167989179,-2.49354622526612,-2.772253920823,-0.570661742746113,2.0703751340849,-1.33874247734142,-1.68395238189119,-0.199016280836063,0.39597280183934,1.77523253555959,2.52061959236462,4.59752703153932,-30.6890845930772
"npe_median",8620,1.67740541392974,-2.42779007763755,-2.79927830177294,-0.663049449635141,2.07169026239506,-1.11430614376868,-1.75598707108226,0.00793244187921824,0.0723335644798064,1.90074461922966,2.45931573543796,4.48012109432872,-32.7360797723501
"npe_median",8640,1.47458127325959,-2.53229226523518,-2.72057507741713,-0.643440471117522,2.00307553086936,-0.560763667359572,-1.75504000814834,-0.11523934478846,0.203866332896058,1.7853098082408,2.29970818912958,4.74267108377697,-36.6085899433247
"npe_median",8660,1.62123657210961,-2.45743738864337,-2.73869692792666,-0.690766685855541,2.01643183243385,-1.61345271683641,-1.83077123026846,-0.0148735629667563,0.112940944548433,1.87606843040219,2.42541144252813,4.4763466464324,-34.5475068547101
"npe_median",8680,1.61142482436296,-2.40934369876435,-2.78277743054546,-0.650842388337486,2.00322384149693,-1.60673189734295,-1.69013478927166,-0.149237135268259,-0.0895848904339501,1.71419068417698,2.5143201400864,4.30285548077716,-38.7313880672849
"npe_median",8700,1.99580618238627,-2.65564615356978,-2.67176949102673,-0.678866124371719,2.10697284734387,-1.38941452117528,-1.8339754267371,-0.00444280731875348,-0.399173613589135,1.93087140247438,2.58282205751494,4.60561976106227,-38.7863968610763
"npe_median",8720,1.96469119760069,-2.65798063034043,-2.65453602403475,-0.631061680803906,2.12043123337548,-1.47593555306686,-1.7320689271366,-0.182468698779213,-0.0871524387551104,1.75045330594563,2.84146329379442,4.55745866390971,-37.2506185629456
"npe_median",8740,1.62858486092025,-2.42942503760338,-2.77218816788381,-0.722461008007836,2.28063768815913,-2.18416064509928,-1.9444651016202,-0.0369361827210175,0.299067161060449,1.3785019080196,3.04351798358851,4.29694179114152,-34.794385690788
"npe_median",8760,1.90243786177556,-2.4612355360162,-2.81180724091304,-0.700647717179932,2.3769048860843,-1.27830519948035,-1.72146200167254,-0.0267062540826243,0.250577571073365,1.07455780645355,3.07323113393022,4.680116593744,-33.1225181205762
"npe_median",8780,1.7890914628556,-2.35803882070109,-2.94050917814577,-0.496416496855718,2.14890308067607,-1.19189934390172,-1.77984794228877,-0.100262387236866,0.187219878985537,1.33812158656441,3.12846338218945,4.77493839461487,-35.7763649849173
"npe_median",8800,1.79196341982158,-2.28474091841546,-2.886957968512,-0.579217460338409,2.1636222018645,-1.32212751516345,-1.9035947891003,-0.0176964070545215,0.277469037999981,1.71793299866725,2.94894055501811,4.90062638900646,-36.2420613128932
"npe_median",8820,1.97050962997278,-2.37927223051674,-2.81338848660731,-0.544035604875753,2.19913897414378,-1.69572096980851,-1.87982194370005,-0.203487868612092,0.434606870322809,1.78184632340613,2.85080622740522,4.69251277222077,-33.982151440084
"npe_median",8840,1.84466711975615,-2.41335091893804,-2.81097219923096,-0.497206858203371,2.10241523167015,-1.74225825531226,-1.86171034353242,-0.326949109509548,0.484672772242298,1.89841622737302,2.73530369481888,4.76541248448211,-35.4152693610095
"npe_median",8860,1.82462747901643,-2.42649899591104,-2.80655684608647,-0.628069634047734,2.29992007212894,-1.08845348768556,-1.87292273698017,-0.257431394080756,0.285215788422114,1.61789623806936,2.75493708357497,4.76217600712211,-30.9633365651844
"npe_median",8880,1.99038224868762,-2.45033481114246,-2.82065241129023,-0.590416489137045,2.18732106903837,-1.05286520405177,-1.85257569224932,-0.0782215874135576,0.115352257834741,1.82695234179862,2.79005865102881,4.50620840040917,-29.4803053456297
"npe_median",8900,1.67490224262338,-2.39596500868103,-2.86429113530878,-0.562606827724309,2.21262697024259,-1.40416732018899,-1.83583505034249,-0.122243165239332,0.0825414734391347,1.67952066978874,2.70686714021726,4.5277388894469,-29.7254708763056
"npe_median",8920,1.91155891116028,-2.45317387960403,-2.9931695010472,-0.509824468383779,2.17321877679034,-1.54973667815055,-1.91638776916191,-0.0371182579826877,-0.271605925387824,1.7577880357887,2.62683254293432,4.72410684311328,-33.9801758164611
"npe_median",8940,1.84131556766677,-2.54104745675856,-2.84709893156659,-0.479518972557107,2.07894171289041,-1.72642045548655,-1.86403136426253,-0.0673779186008632,0.122730787010629,1.77561749366214,2.77841252750085,4.94225898650219,-33.2098158773774
"npe_median",8960,1.71327928238814,-2.45085176081344,-2.8513485372749,-0.528072500513254,2.22091638856842,-1.5061864270028,-1.93405441155417,-0.185711334855495,0.150887455292809,1.54640950724091,3.00502012595275,4.61190543211128,-31.2594271284245
"npe_median",8980,2.18437866798011,-2.48091454059508,-2.86788191951313,-0.562633038523701,2.2869445295017,-1.97589801911447,-2.01417414694488,-0.251552853576426,0.146644733083569,1.40279223979233,2.99020264612051,4.55697358386736,-37.6950982405793
"npe_median",9000,2.235648416988,-2.4297415084149,-2.87812307495284,-0.589252073462303,1.99068527594231,-2.33330047755271,-1.79501313478414,-0.0136080676557959,0.0460257096792157,1.95966881125075,2.60269992557716,4.54938211604098,-36.1288838751361
"npe_median",9020,2.12769488434212,-2.41396353884947,-2.88313863800784,-0.575111581938176,2.22462664825935,-1.88925462680363,-1.84186076477469,-0.207933844599274,0.0571133401947168,1.70057770573582,2.65693033873301,4.89068809799839,-33.2004699093831
"npe_median",9040,1.99065953953039,-2.37920970356878,-2.8870371461967,-0.593575469125798,2.01983116864653,-2.22061665677663,-1.82576167010281,-0.102617042033314,0.212232985178703,1.87259604800135,2.44819278294127,4.57848952575525,-34.4666528451386
"npe_median",9060,1.80735701570738,-2.36452812078443,-2.87014091305753,-0.654649042115101,2.38972636218794,-0.1625974312807,-1.8235771260518,-0.0740856328226617,0.206874608488252,1.61848864776194,3.04130078580808,4.65743542787473,-34.5260858296509
"npe_median",9080,1.73786516763734,-2.4009722403187,-2.86555300264984,-0.63203091126316,2.33853356810714,-1.65593511044282,-1.76691442778741,-0.111476059016935,-0.000624747923017976,1.57032985828747,2.91167418877332,4.11552465234434,-32.4894602627523
"npe_median",9100,2.17910962194397,-2.5020218671185,-2.81214444413199,-0.667855724819231,2.28677769258069,-1.56334232357558,-1.67543547492502,-0.0676199828184816,0.0101872628763152,1.36200237137146,3.18252758773233,3.70880846544816,-37.2415184957006
"npe_median",9120,2.00763886277516,-2.55623752444093,-2.75530562613139,-0.624660069804448,2.27635699456604,-1.30812492172622,-1.6116121234767,-0.226597320823327,0.459080233259306,1.21079376833856,3.11534592428907,4.13292986732776,-35.4475145439871
"npe_median",9140,1.85178715755498,-2.4741635767926,-2.86409992296274,-0.593806341829237,2.14273447974826,-1.04066909490732,-1.64709079419968,0.00947908446582023,0.13869466896731,1.57773743827791,2.81291118864374,4.39399823515138,-32.7478456033157
"npe_median",9160,1.86546188628823,-2.36743276182326,-2.81014120609693,-0.599059661194204,2.07289015985959,-1.36735635978382,-1.89834867647511,-0.170062550022204,0.292655884773195,1.88053936801508,3.08576114249122,3.81030970829964,-38.2446413937378
"npe_median",9180,1.80171600861693,-2.4303633639641,-2.75909788941194,-0.650405080905837,2.06989675792373,-1.3432349288853,-1.95329767742645,0.0499145297045821,0.246385489089324,1.55447253179605,2.96168741454959,4.26345409654289,-35.6786046572216
"npe_median",9200,1.49572580631909,-2.49837903535965,-2.78957300334827,-0.54588237060884,2.00229333153267,-1.6849956239626,-1.78698108742554,-0.111071737161125,-0.117472859078157,1.78355532847756,2.67562643996365,4.55206978984991,-34.2399401081804
"npe_median",9220,1.44907072351163,-2.42772940498123,-2.80380646507872,-0.533263062757899,1.91814867436129,-1.31196855553264,-1.71771517019546,-0.0827921076014485,0.15527195320033,2.00813756508427,2.59979647511949,4.69489277016912,-34.2902621078233
"npe_median",9240,1.34385809795493,-2.43844153421543,-2.70782889032946,-0.606341884618082,2.032546922046,-0.571542791579928,-1.85689625526611,-0.20598103754782,0.511531258415544,1.63787549743704,2.79745153766938,4.55739240776429,-36.7743282404716
"npe_median",9260,1.41478006731498,-2.38610635273969,-2.7886790542804,-0.555261489909926,2.07213851627116,-0.838590287750233,-1.7761796757875,-0.274410007510584,0.40435148179975,1.49972849236249,2.860015770112,4.65781947459782,-35.2843779991702
"npe_median",9280,1.56227478224932,-2.38562390141757,-2.86703779310285,-0.543546129275086,2.21671419619302,-1.54067191749622,-1.80849869062891,-0.0450949346194485,0.170558875966326,1.50290252004527,2.86151250721041,4.7305245381277,-30.5274012232514
"npe_median",9300,1.78288748068739,-2.38504720985277,-2.90636190399428,-0.554364337605172,2.29215781865513,-1.12762528110769,-1.77277582390788,0.00761850022579187,0.20276694384635,1.17559474098438,2.97006436920016,4.88743170491148,-33.1900052525912
"npe_median",9320,1.83752227783528,-2.40630218399874,-2.87700930787654,-0.511077674049241,2.26277943541738,-1.63381113810615,-1.79983386536693,0.0200935431156016,0.144630991834703,1.39933771830306,3.08898584494223,4.75143147301634,-34.7857614785319
"npe_median",9340,1.91779233796927,-2.47583318694123,-2.84480596074702,-0.612635232776338,2.26526476786032,-1.60570190147357,-1.83780569642882,-0.0403268522415673,-0.057923073052225,1.72881042831367,2.85131709757338,4.39407678028077,-29.471287250789
"npe_median",9360,1.80485691900625,-2.4713678828412,-2.84548971410889,-0.614549878186242,2.22780942558013,-1.38009573397716,-1.81016202756285,-0.0144049959972722,-0.170280215110037,1.74372652322785,2.92751202234682,4.54258340750113,-29.8523022786343
"npe_median",9380,1.70713716855373,-2.44177495761543,-2.84612951373771,-0.555515432240835,2.17816443495566,-1.85349168173149,-1.77772253192328,-0.171384834189112,0.0267069174613664,1.76992875054708,2.7302868548992,4.30396244474699,-30.9009989010823
"npe_median",9400,1.69684815404914,-2.38673576954681,-2.83868395194955,-0.597511532896886,2.32065975987116,-0.886066809753575,-1.64676338369056,-0.238947028056748,0.201735553635806,1.72872380912022,2.80517899726376,4.76950019000748,-31.8677231765677
"npe_median",9420,1.69958750642775,-2.40660600104227,-2.83412267129401,-0.576541677380944,2.42168037591782,-2.30109815663936,-1.56512223534716,-0.27205937916458,0.344771157108989,1.50741209906734,3.05622966437118,4.9235070425662,-36.3163356230557
"npe_median",9440,1.90019419740762,-2.41300927553965,-2.90173077882748,-0.526275663978162,2.29193621922475,-1.82541517776007,-1.63982864854401,-0.164391181767948,0.176654773794896,1.78357390865627,2.8521618614172,4.8960051362532,-31.5320277966063
"npe_median",9460,1.59303484052179,-2.34652292188425,-2.96999858741778,-0.524914413598239,2.37823538344077,-1.39324327616663,-1.67889297539429,-0.108232793853765,0.106546899674199,1.75450850444588,2.90072711618366,4.93256353140432,-32.9081674350102
"npe_median",9480,1.72952945325298,-2.3602130147716,-2.98739661622124,-0.492187158019745,2.33974679610814,-1.94883846732358,-1.67989493244856,-0.131099431988229,0.223616389989157,1.71115675671351,2.88899511674058,4.62506247031218,-33.6586761183828
"npe_median",9500,1.52343016474772,-2.39528717725656,-2.86474638742492,-0.563343767940935,2.4089250077442,-1.28073879148216,-1.92959741732829,-0.163890572017881,0.236665295609816,1.62758825731084,3.35278911122691,4.58591396987929,-37.1186337535768
"npe_median",9520,1.50125977949897,-2.47326569837234,-2.83719700110607,-0.553178526924235,2.32101976317841,-1.3777483271505,-1.88435671569839,-0.0990958054776873,0.167523254684867,1.52647651495939,3.3580918570939,4.62810048533758,-35.7128782189572
"npe_median",9540,1.40494043591343,-2.4760455119889,-2.73801579397907,-0.623359988165127,2.31627208763006,-0.700380583304156,-1.72790284163698,-0.212005630839051,0.467275597936155,1.31346366766596,2.79819376875416,4.89810653583277,-34.6725696057083
"npe_median",9560,1.77029541048573,-2.4641267305838,-2.9276814002551,-0.51983905565568,2.20099304832043,-1.5280000623603,-1.86612385210193,-0.0981580159357447,-0.118710668689924,1.72626810093146,2.80180512184212,3.94069789404889,-33.9296830319318
"npe_median",9580,2.05224265848104,-2.52147349633008,-2.84549647786805,-0.514474721691657,2.2176526301651,-1.77967776312314,-1.83550760878368,-0.206406986078193,0.323748122055072,1.45463511461534,2.61819981207713,4.36740693429873,-35.0585773541859
"npe_median",9600,2.25679483516339,-2.6012352462062,-2.88094419569288,-0.543712893930321,2.21786477422797,-0.709741749605443,-1.77542000464437,0.0402782440379646,-0.263020674290359,1.96719734880182,2.53855725646319,4.96056100850128,-36.6600578444678
"npe_median",9620,1.55992123207511,-2.41694496301322,-2.88791098390898,-0.612862887206245,2.31570260982226,-0.888761635733814,-1.93321846325631,-0.0443532865144987,0.171051755017664,1.71846147678648,2.92415972598918,4.7234098587224,-34.4900913053364
"npe_median",9640,1.16584071989986,-2.40039839249198,-2.78612812702364,-0.679635236563444,2.18652027253835,-0.830979887260352,-1.76591443140651,-0.000150704260818313,0.0430936896947617,1.79411601450315,2.92445796472179,4.51942821992478,-36.2550723691948
"npe_median",9660,1.61722338350881,-2.44053571986745,-2.86045900261406,-0.592471175239894,2.30093486721213,-0.657657653158941,-1.7303348174071,0.0652894032937155,0.266334817375934,1.61252702835894,2.80585704867693,4.83029353649842,-31.2741577630666
"npe_median",9680,1.43074601195014,-2.52064555581155,-2.80614334331266,-0.583694360975317,2.17093100833095,-1.18832956000152,-1.72694287241598,0.106743228841403,0.0704257937319889,1.97910958481588,2.54264847562887,4.64047642197515,-34.8906114683412
"npe_median",9700,1.69432262130715,-2.50168162898626,-2.74800291909285,-0.613411263693004,2.11497143400369,-1.92248411686534,-1.74526704133154,-0.105650026612602,0.53359250299699,1.53770451863557,2.58069521310851,4.3807951662073,-32.8049783681781
"npe_median",9720,1.66420878743722,-2.45636952901043,-2.77599489179086,-0.607437353339402,2.2723522040268,-0.756807531911968,-1.78128804849753,-0.0320381881737154,0.499347320643825,1.62685961378733,3.01845183834308,4.76626095065688,-32.1510972058227
"npe_median",9740,1.743620738198,-2.44108140867277,-2.7611322379771,-0.68000442718504,2.24687312711097,-1.25982315853186,-1.85540461516835,-0.0108891613293947,0.411870383124538,1.56838094181359,2.64881467106183,4.27549630433882,-32.3378513396817
"npe_median",9760,1.48857050323258,-2.47423476549148,-2.71728189436755,-0.739588516147277,2.3799853804953,-0.925108751027308,-1.85469582827255,0.0104708048742071,0.528022553893554,1.21478463578392,2.88989213716225,4.70129670388629,-34.9627619051181
"npe_median",9780,1.47115742047794,-2.47691722861866,-2.6941288469009,-0.768261492479351,2.40208210761587,-1.09910468914233,-1.88900027064809,-0.0281931697128083,0.503232498165666,1.29105077293663,2.94545190990925,4.82389091197631,-35.0648185693339
"npe_median",9800,1.46044543237326,-2.42868037118733,-2.79337144047229,-0.719947575529315,2.29302128480987,-1.18954137738038,-1.86984540183939,0.0694777511591814,0.327384878950525,1.21396663120909,3.05005946115623,4.72837035832596,-35.0379111506835
"npe_median",9820,1.75174962078574,-2.40972332041605,-2.82799406322218,-0.656702139657686,2.32672028543387,-1.25699585870881,-1.79938685291184,-0.0306557389153308,0.45520680840325,1.16954905402748,3.07747739677101,4.29329071850048,-31.8288346280539
"npe_median",9840,1.69634722159046,-2.40983468523856,-2.76936571755363,-0.685710454413455,2.29630835099458,-2.18088450810767,-1.87296720496134,-0.176317221541486,0.472044583479313,1.43729768131847,2.8145376266608,3.88811958369346,-35.8902096393119
"npe_median",9860,1.90286523480217,-2.4281804251267,-2.91555684982222,-0.542859492381978,2.29022076732038,-1.89535144349953,-1.87686863858263,-0.0176268788365488,0.159546034118844,1.49378935892089,2.79087917045598,4.45897609652609,-30.7177206893007
"npe_median",9880,1.83282389658161,-2.52357886048638,-2.76013153725507,-0.583650850244317,2.19426561728392,-1.67523149335238,-1.78763637330316,-0.255045494087217,0.376993638504883,1.87789500810726,2.50325169333774,4.99205996884759,-32.8881927438205
"npe_median",9900,1.73067508453164,-2.44533095765225,-2.7872206420962,-0.529294386184054,2.08615048080421,-0.829692997863327,-1.61199486491178,-0.327680650190962,0.564668647879017,1.89047546610649,2.31094207288688,4.98468839227613,-37.6460881627249
"npe_median",9920,1.96277008684775,-2.55568576609611,-2.83402023172302,-0.516391815166753,2.21701230591313,-1.82785292916657,-1.63959749063197,-0.125365429301389,0.623036074295737,1.6587528976173,2.58589065935253,4.63480702711825,-38.2821167674574
"npe_median",9940,2.193849986834,-2.5974729569005,-2.74656811058021,-0.652544054822774,2.20320354266872,-1.71772429924069,-1.89083858242519,0.0155845585803245,-0.0346108897567209,1.67092463678111,2.80202603986009,4.45548753479367,-33.0233167522822
"npe_median",9960,1.94233100861166,-2.53075583385135,-2.73058163099557,-0.664473041384521,2.2751919724542,-1.25622817838343,-1.7496102742436,-0.0638372722810308,0.559465089045263,1.45500491540511,2.81908955499431,4.37227041155468,-31.6913757084343
"npe_median",9980,1.68952073127916,-2.46126960605885,-2.81960740130982,-0.7555537886344,2.34042999344048,-1.32350934533176,-1.66539191627837,0.0744505563151963,0.24526289996278,1.32375477028061,2.63650953907861,4.84148497423144,-43.6052467325535
"npe_median",10000,1.63597961726815,-2.43642929379145,-2.96185203073453,-0.640198942840041,2.41884367047299,-1.1792085786342,-1.79438462204053,0.273257020084045,0.0442133392908877,1.18471282159763,3.15875383809551,4.6903855696593,-40.3485124555111
"npe_median",10020,1.83055169604567,-2.44641269438949,-2.94955049505969,-0.52049899175458,2.2853591939102,-1.16038275668662,-1.84111873711745,0.154050116827383,0.0198954237760989,1.41992816577173,3.27142694235688,4.69189451386552,-34.9719512495866
"npe_median",10040,1.94298167014366,-2.47125898916761,-2.88670581821976,-0.499098184622398,2.15896611234825,-1.4181967957323,-1.70490815888358,-0.0868420643309727,0.0942049424593435,1.5700939961976,2.92182564313706,4.7833117503759,-30.8350969929873
"npe_median",10060,1.66346124111888,-2.42422546290935,-3.01162271369173,-0.476664129504998,2.32807112508552,-1.24940516657026,-1.55186849088065,0.0474707657663031,-0.0707190901208604,1.64361816770732,2.86408996007354,4.59667568272483,-35.6248728692969
"npe_median",10080,1.92491507833566,-2.47126795630705,-2.92722887951853,-0.541963061573129,2.33659352845193,-1.81086738568903,-1.69432220757943,0.018196325258981,-0.0018121394397761,1.46742198182123,2.99168288208412,4.58779683485954,-30.9801494940602
"npe_median",10100,1.74445087436243,-2.3818357479456,-3.00999616460189,-0.481631165878349,2.29161688119084,-1.40119168001508,-1.79435864658234,0.0848377294960152,0.015036903668436,1.44909358614737,3.04438309400648,4.58157618326351,-32.3323664543088
"npe_median",10120,1.68271827861832,-2.42780995575741,-2.87935988452319,-0.469608212993666,2.19819895119145,-1.2207290500687,-1.70687231637317,-0.137536599675295,0.222740588818436,1.62386656973093,2.73131691813399,4.61225497288648,-32.2117497606352
"npe_median",10140,1.77450854707988,-2.37384859704628,-2.98300413433049,-0.480918022074721,2.27451182859735,-1.22942364862623,-1.5868310511736,-0.0306949066001082,0.123314953802278,1.56302978344786,2.98304520304994,4.55797585057861,-32.9451657643363
"npe_median",10160,1.95057425641043,-2.38995590762486,-2.93667465801851,-0.529279580903172,2.13000787786523,-0.524573850663909,-1.736662434751,-0.102470914938211,0.0406741696345012,1.60193389666805,2.74727343313566,4.73727703386381,-32.6722005848299
"npe_median",10180,1.98748338917744,-2.39842015535857,-2.88596154285401,-0.620546970149183,2.40994849168586,-0.825623366186738,-1.76337285452878,-0.100227628959671,0.0746348815780019,1.73031928902424,3.15400317985058,4.55834048890471,-33.9008630100613
"npe_median",10200,1.92636680364265,-2.39975877993282,-2.84708978684158,-0.626927357386022,2.37159584731753,-1.07130715999578,-1.79995166647775,-0.0378897004959586,0.0783030705806099,1.88967760266827,2.90983444337318,4.63821855863713,-33.3543463610523
"npe_median",10220,1.94285894675912,-2.37744619025521,-2.89153703914782,-0.616247773261396,2.33254041327,-1.1119490208353,-1.81753387605069,-0.0272715334926365,0.0629856084845885,1.73383332252013,2.80430106716973,4.60650615480015,-30.4799389472528
"npe_median",10240,2.02018455290775,-2.47179421184337,-2.866921747146,-0.546734618265548,2.31371693660306,-1.80393904131643,-1.81757313920244,-0.0786544934256814,-0.00378438463311677,1.84984561644249,2.69087097696702,4.93909893091238,-31.1907868623471
"npe_median",10260,1.72435969957174,-2.50293088988432,-2.780519349476,-0.589881814411217,2.33595412733272,-1.2872918218458,-1.88455094816055,-0.243830669024662,0.302733791501935,1.75527110403372,2.65015872247593,5.00865215562128,-32.385904776693
"npe_median",10280,1.89975724142484,-2.54511443117119,-2.76457444278547,-0.598551890202141,2.27443692906306,-1.10834224004923,-1.97495308229728,-0.231790630704553,0.260798318193769,1.72709811415757,2.63996461314932,4.96026906691342,-33.3881719330017
"npe_median",10300,1.84278553013912,-2.53495050152717,-2.84772941754842,-0.580308716881973,2.40445060509149,-1.12824529838466,-2.04110115295984,-0.0737178359130754,-0.06472989911767,1.41423810644595,3.0991116896309,4.48934597304918,-35.9381370761745
"npe_median",10320,1.74321352855538,-2.46666842864737,-2.81340047219807,-0.636763250946863,2.39531422661805,-0.459143304940545,-1.8082486951051,-0.131990277237571,0.0467347343832287,1.48005050089936,2.87325402710505,4.9185231151491,-32.7024663973527
"npe_median",10340,2.13264019898015,-2.57069438893293,-2.76288007513915,-0.671163276653206,2.2982471156634,-0.958458384675786,-1.970595966071,0.0563842135276128,-0.0378378667073582,1.69566450434486,2.86367098123919,4.71362042082302,-33.529986720578
"npe_median",10360,2.13406560946774,-2.55423835596033,-2.82515363424992,-0.584628210917788,2.32085019866395,-1.35572077754643,-1.97369349294436,-0.045480313552347,-0.140114482773707,1.82498726002965,2.87952527705485,4.79407241037252,-33.135842366571
"npe_median",10380,1.91754776490283,-2.42218503446211,-2.91031516453757,-0.600704040269492,2.23428866092508,-1.79174808552746,-1.81260970903215,0.118973639840527,-0.108862971149031,1.93285475925686,2.50633833175764,4.24860942553649,-34.8112847339546
"npe_median",10400,1.38550556149999,-2.48030118884658,-2.7769644308616,-0.640767738257186,2.2021832233098,-1.87632790752141,-1.76670337185248,0.0828067243137062,-0.101476116012907,1.89759120809947,2.71028606791288,4.74065615257433,-33.9650196756773
"npe_median",10420,1.05075083298335,-2.5147116814933,-2.72077397472592,-0.689717634937474,2.35203153902736,-1.01235902739186,-1.77091392208246,-0.0369835266174564,0.247325854101176,1.64610265483419,2.97188172150816,4.47675714970507,-37.0033413078803
"npe_median",10440,1.29051066627164,-2.53749160479058,-2.71105291496279,-0.621944601264162,2.20834544403709,-2.27324110794372,-1.7467634666205,-0.181814957018013,0.318800548727686,1.95000540446858,2.52987628194031,5.01893071129869,-38.5619353171035
"npe_median",10460,1.56322409501605,-2.49334948245288,-2.81675280515459,-0.545246763930731,2.27762799947839,-0.0942911345787703,-1.59340344915644,-0.185279055272527,0.296572483256423,1.8084610988492,2.90950927698897,4.80623088522026,-37.5749621122525
"npe_median",10480,1.88236725865488,-2.53833581696886,-2.82099626482163,-0.582451617582367,2.01295711119809,-1.42499635979017,-1.59044400185704,-0.12580615209359,-0.0425726507996698,1.95667367900579,2.15684325362247,4.84298582991173,-37.3626710064733
"npe_median",10500,1.78096342310653,-2.57522528503577,-2.80129228316444,-0.55063598723293,2.20543094234105,-1.42950195755928,-1.93654505222553,-0.0911742726180004,0.0883232169096001,1.97820440914288,2.48198600526523,4.85296557771301,-34.3651070443376
"npe_median",10520,1.96616041512837,-2.56654708681879,-2.80401792394221,-0.530402376981562,2.26849665564232,-1.22557461269984,-1.76994838508321,-0.0980448641841412,0.414260742522108,1.55269589820029,2.94725006321381,4.82461870725241,-31.2542065906135
"npe_median",10540,1.82986492876629,-2.52646097350218,-2.74276679163781,-0.615809078464638,2.1854597871347,-1.19705050099469,-1.86962350993442,-0.179082766261405,0.421923819397351,1.7233748615303,2.97284292537107,4.45689220502962,-32.0077826317777
"npe_median",10560,1.9050923812418,-2.46742385676039,-2.72933367160184,-0.661917357551133,1.99252209673351,-1.48296430944281,-1.90808158634243,-0.152315095436931,0.530812663109357,1.80904882130941,2.54378339070524,4.25889650690216,-35.5670354893507
"npe_median",10580,2.16912004198768,-2.50988051417068,-2.81348973060869,-0.626268657682403,2.27465927923713,-1.45533081686914,-1.9600280321374,0.00925120164181172,0.370821148997067,1.7135976936669,2.76533230570538,4.26123876585043,-34.1178136876247
"npe_median",10600,2.0591383671778,-2.58796256971288,-2.76702770825305,-0.579133535484523,2.22388555655496,-0.827180038743543,-1.73458801932947,-0.124095826532349,0.109377235857932,1.94065349419737,2.67041079660265,4.78314392039985,-32.3768684472797
"npe_median",10620,2.17646005029118,-2.47276654563851,-2.81670438143889,-0.613226134325961,2.17695542396814,-2.21409238548701,-1.70962666287862,-0.0585695549391446,0.103055851313531,1.7595273819913,2.84458407190137,5.00420936887795,-33.7258661879583
"npe_median",10640,1.91771870323439,-2.49932836187496,-2.76702390281328,-0.590594619297337,2.23942578498455,-1.23951155737056,-1.72828261781611,-0.140624469386369,0.372430638697305,1.67759157703091,2.91493926452113,5.2783959864628,-33.6475516227841
"npe_median",10660,1.8149325462358,-2.43004245938227,-2.95974568099255,-0.514535527964274,2.28475390130042,-1.75885483654468,-1.77854360850159,0.00166233634276298,0.115325981756898,1.65407214054773,3.01550096718303,4.18315476863323,-31.9924572308997
"npe_median",10680,1.65946634398452,-2.5317085924648,-2.85953545317102,-0.511441424160653,2.2564440349983,-0.982255520710646,-1.75956608045912,0.0315739158723771,0.0178661196195657,1.78733537380995,2.84715248023471,4.29940666823743,-33.1680311708828
"npe_median",10700,1.90495146110477,-2.51445019265133,-2.8153386585054,-0.587629245310119,2.19328537535492,-1.00120483388515,-1.8309354546084,-0.0318990884406733,0.04927642174938,1.89647710999076,2.6733836234097,4.09767168063376,-32.0266993893232
"npe_median",10720,1.908166153146,-2.47345965495102,-2.8070588960906,-0.557667480452224,2.26963930763265,-0.606031202616807,-1.8038270114126,-0.204929155150702,0.220699015262133,1.55101978564152,2.82510891647036,4.81813621939206,-30.8608897354841
"npe_median",10740,1.57270188508034,-2.44869351015186,-2.8261374765065,-0.529346371618675,2.140138013517,-0.938647545832502,-1.82076818826475,-0.0909131357803722,0.204466663959745,1.61327312926543,2.59859564321693,4.51395069263161,-31.882052128286
"npe_median",10760,1.80642783082559,-2.52438769792179,-2.73260322692503,-0.616721468728234,2.12848950313844,-1.64245177216663,-1.9229034949291,-0.0169026121527187,0.433510208161259,1.52680755665598,2.91036225640523,4.62976955746046,-31.991384506206
"npe_median",10780,2.04247673421878,-2.5887219497131,-2.72365612228322,-0.550009101723539,2.07655411547154,-1.50498876039851,-1.78991350938661,-0.1210035468386,0.522889697021791,1.65112835231655,2.85671134483854,4.53412921031421,-33.4199434399677
"npe_median",10800,1.54377559119865,-2.44087820006423,-2.81367516635114,-0.491064194107173,2.2025854699245,-1.08500311813582,-1.73646833504094,-0.155903163845456,0.416965645255688,1.80473316352585,2.85576054423944,5.058339656954,-34.7212430835099
"npe_median",10820,1.64952301133559,-2.3602225338927,-2.91280384511748,-0.501897475621324,2.1950799424753,-0.399014728469058,-1.87543768916489,-0.212239186640406,0.0196801664004781,1.72263405584361,2.8630830739775,4.80276500801148,-34.8940087806527
"npe_median",10840,1.8212587142101,-2.36773895797789,-2.98372612245294,-0.421284242359309,2.23313209119828,-0.843027598582125,-1.95292791578581,-0.173955842604371,0.20940765043231,1.78948514381228,2.89716295695273,4.54652231270333,-36.8014870992467
"npe_median",10860,1.74579153303549,-2.32185093653358,-2.98352058095695,-0.573161270953427,2.44643161690224,-2.1496898717929,-1.70219174871641,-0.0254815898493739,0.358175922376264,1.33411679686099,3.12427297294888,4.73933968774043,-36.2853562005257
"npe_median",10880,2.19871390413156,-2.5193791694236,-2.86604045792826,-0.529140301396385,2.27913976582559,-1.28859259642206,-1.93217737843264,0.0245922877223622,0.319214211666607,1.15201443169665,2.78175944945665,4.47197586011232,-37.7494007712037
"npe_median",10900,1.98940392495228,-2.47122283690387,-2.7666321744239,-0.683143327039979,2.34656347650956,-1.59099587254285,-1.98603661484842,-0.116281095691267,0.463541325167715,1.23773692024449,3.01127516313997,4.50726955823454,-32.6620308143297
"npe_median",10920,1.75228176902754,-2.43458507983345,-2.79487055857301,-0.595692555849171,2.2818556566102,-1.08580019962439,-1.90917309556913,-0.18455450686046,0.385944368274232,1.37502746672556,2.84558710575297,4.38464635709807,-31.9112976848234
"npe_median",10940,1.73107818731031,-2.39877081514209,-2.86844608478828,-0.581576158345377,2.2852415967089,-0.696909637704467,-1.76388215774976,-0.216062565629138,0.0477442598362404,1.92516146891749,2.77293311210161,4.67128964412506,-32.9523043926949
"npe_median",10960,1.87486676614294,-2.53527736843251,-2.77012789048875,-0.617539758548669,2.29690920805564,-0.918588747539025,-1.636417212965,-0.165347215573974,0.0633713107063479,1.58011829293745,3.01022119743381,4.85201616641125,-32.2109065018388
"npe_median",10980,1.9399956862634,-2.49571946178724,-2.76221567675543,-0.614556794358587,2.29732464552126,-1.39206535262964,-1.72376425319274,-0.180876500960124,0.2784012518941,1.44333511259491,3.01186696300365,4.69058454785902,-29.7565272947432
"npe_median",11000,1.77879767923303,-2.45723115402309,-2.77826298680938,-0.61137789200752,2.30110443227055,-1.53591965573559,-1.79533776852532,-0.170200523419317,0.515309195528908,1.31575446052159,3.11365748710774,4.55493992721471,-30.4795137851764
"npe_median",11020,1.74163188602012,-2.47626230551271,-2.73642236324779,-0.647330963857313,1.93321191032746,-1.67889275442526,-1.74931664803878,-0.000755632531518943,0.17397253142814,1.89327808204235,2.6445035446225,4.5074508989373,-34.5621672377524
"npe_median",11040,1.51880040715694,-2.54551325289382,-2.70937991561065,-0.627396994547405,2.14434834859726,-1.87338812426856,-1.92457009009739,0.0415522586375942,0.0631332623646356,1.57768153939751,2.89673828403855,4.27510121700644,-35.9710133836676
"npe_median",11060,1.52141861445006,-2.48417656912929,-2.78672929523808,-0.55306403950264,2.14016082612324,-1.74874004311318,-1.83782697488664,-0.0922254391534606,-0.0991039291311871,1.61342183426181,2.75692059606575,4.92988501235128,-35.3384457401715
"npe_median",11080,1.70057187455139,-2.4005677926784,-2.87132863280636,-0.590393288228606,2.24417623630805,-1.11738495082015,-1.86298104464441,-0.0244212190459674,0.121492201573516,1.76274914876201,2.73201046014205,4.92835071664048,-29.2173164066379
"npe_median",11100,1.77900729243724,-2.44954836463125,-2.87043435284192,-0.613536660904106,2.19536479963749,-1.14156372777151,-1.82797827277271,0.144459033587081,0.0158404517290173,1.57974916326145,2.86288397545928,4.66133690812094,-30.6991546184248
"npe_median",11120,1.77517889980009,-2.57897029362222,-2.74516461044676,-0.559421029998023,1.96035893932643,-1.22136338062655,-1.84958683996474,-0.0596709663519912,0.106089670756651,1.95674990116422,2.58572122840055,4.67156272546259,-33.0238167396824
"npe_median",11140,1.90534770525932,-2.52514819418932,-2.77079725468558,-0.600077885949415,2.15712392187251,-1.47188795572941,-1.79760699344548,-0.0862877761232853,0.164391645440743,1.82351896914615,2.73483871764482,4.86157757626081,-29.4480199933855
"npe_median",11160,1.94605754339951,-2.50654366622866,-2.85507932109409,-0.575909651927299,2.28981715992906,-1.19721522322737,-1.76041737198504,-0.0336767554076343,-0.0323806305150688,1.68294108758273,2.88775350434749,4.75750106180374,-28.8761565279499
"npe_median",11180,1.79846980485733,-2.46044631803039,-2.8484534666597,-0.52633056489087,2.28900582760949,-1.960821345378,-1.72867494230256,-0.0981662203779584,0.418849177423983,1.61556646801607,3.1100993904003,4.50316558424737,-31.9057480244678
"npe_median",11200,1.58172583642245,-2.3827297598978,-2.91926946549,-0.524827181337743,2.26730283725631,-1.46430976719889,-1.61594772737749,-0.0477688350073161,0.506097088870225,1.47630616343492,3.05859665163585,4.08888556688566,-36.330966875475
"npe_median",11220,1.47449150235,-2.41775233688261,-2.80654080814288,-0.512478891386331,2.10079433865717,-0.870311243578455,-1.62368296839515,-0.308509637279471,0.624254872703229,1.46423067494386,2.72198627380277,4.15352283909418,-39.1868235685588
"npe_median",11240,1.41662341774941,-2.44753550954746,-2.86537918965213,-0.498402450940781,2.13123474671697,-1.20498926217212,-1.64913403291714,-0.122307353092554,0.304256849547846,1.86455938889195,2.43535303564147,4.4432744149049,-35.0886560040685
"npe_median",11260,1.41662341774941,-2.44753550954746,-2.86537918965213,-0.498402450940781,2.13123474671697,-1.20498926217212,-1.64913403291714,-0.122307353092554,0.304256849547846,1.86455938889195,2.43535303564147,4.4432744149049,-35.0886560040685
"npe_median",11280,1.31862655432372,-2.40928741068587,-2.86822944477618,-0.562128450592004,2.37060923147084,-2.06056431254308,-1.79140969350286,-0.0457435697202043,0.42458569727707,1.70610347824548,2.9811314218497,4.90473975501646,-35.9570368452118
"npe_median",11300,1.48621613464064,-2.43374299834653,-2.87662639331617,-0.572436282885499,2.2625697259981,-2.29392196693714,-1.77543714046798,0.202432075328732,0.264405688016267,1.68264390472387,2.68605990370879,4.82873441993895,-36.0527336023315
"npe_median",11320,1.92395389654229,-2.46982256012379,-2.85554591810724,-0.548188112893484,2.35435889681265,-2.18526429772694,-1.98476619491346,0.0433955136244469,0.451121512820038,1.61698149630086,2.79202117290909,4.76507334333865,-35.0933848075155
"npe_median",11340,1.72335523941087,-2.51236718745473,-2.76852345459517,-0.552612521692312,2.19662937981479,-1.09517573488437,-1.84495136900944,-0.0974210240739176,0.421180458128411,1.85022319014933,2.45559274347713,4.97927590609338,-32.5292041761373
"npe_median",11360,1.87150462904556,-2.40958000340953,-2.87825794804961,-0.563775999560544,2.25387202236859,-1.02117530786353,-1.86881949398665,-0.11424162420145,0.337976414653805,1.3263939344032,2.8014807387571,4.77416700393121,-31.1594197230096
"npe_median",11380,1.95042137211103,-2.47099885232402,-2.76968343903503,-0.651534420270021,2.28235904572737,-0.623293486304197,-1.82540307435481,-0.0641577466705211,0.431563603617724,1.30879505001253,2.89954445305806,4.88439639410248,-31.2539372553267
"npe_median",11400,2.04530206042014,-2.40293868731204,-2.88508608123649,-0.584376566601675,2.28327939559681,-1.17018359039398,-1.73590236721083,-0.0726708114297132,0.387886257525639,1.56356109390639,2.67719701277765,4.98387018228713,-31.3744391094481
"npe_median",11420,1.69305548639368,-2.44941385060561,-2.88613066027613,-0.535424687707839,2.23166419614293,-1.81319578363195,-1.77928714027659,0.117858021265016,0.33919891452678,1.38538416269109,2.95134441343145,5.00024278088863,-33.9966320032851
"npe_median",11440,1.74593298318667,-2.29586586164119,-2.89746707352413,-0.663480752221888,2.24800304474471,-1.74384325742939,-1.66282933511829,0.0292588820252372,0.295265359418385,1.28978637503775,2.85270955207619,5.01763815195513,-37.7497240280694
"npe_median",11460,1.59571049861564,-2.2936240516622,-2.88468422860776,-0.652092147204039,2.12798848005014,-1.07695740310543,-1.68589004449773,0.122988198470038,0.339961229148657,1.46335329439191,2.89662228289444,4.93959341634648,-39.2855182521725
"npe_median",11480,2.19025602860933,-2.3683136037375,-2.89826070942112,-0.52795398801991,2.1642066125447,-1.40668963547081,-1.67452516510364,-0.0667678747533326,0.531579070058014,1.63766696613319,2.83018194107876,4.45241040823263,-35.3407618025569
"npe_median",11500,1.89834244669669,-2.4058696222056,-2.77854762527894,-0.682943889587814,2.43956438854098,-1.00585440415708,-1.67701250620548,-0.153553313837949,0.262001454862428,1.62908619245241,2.95077734543364,4.58422990539011,-34.2332873342309
"npe_median",11520,1.62311790702834,-2.38823471725194,-2.9369331417718,-0.488971496954527,2.40684293859319,-1.29911163091486,-1.71210320284199,-0.164271969531195,0.255042118969143,1.79279758190249,2.67152132770425,4.93277076308108,-35.3423154429967
"npe_median",11540,1.67511263215127,-2.39903798787703,-2.83730348834028,-0.607599078516288,2.20193502145804,-1.66289693748789,-1.83266591634075,-0.120558186045309,0.473853415030125,1.82330926196139,2.71665116535049,3.92022872513893,-35.1677129570587
"npe_median",11560,1.82469975763044,-2.42042487627731,-2.78186963460078,-0.678899712996115,2.24938964441059,-1.64489518214068,-1.81902969152414,-0.0974303307007164,0.357913562554379,1.96607332305077,2.70413231938263,4.2470671302077,-35.5536023102918
"npe_median",11580,1.83897087234231,-2.4705298653721,-2.81534794702529,-0.602115035577514,2.22012601300472,-0.592553129906952,-1.90259936972643,-0.0105270247778257,0.117181349098521,1.61166910314212,2.76891512705365,4.12736174895875,-32.7225440114478
"npe_median",11600,2.02993327633878,-2.49216896850466,-2.90692439560673,-0.573369314685872,2.26446280232712,0.0242398073923529,-1.77752455245392,0.0350217327529755,0.0421188259148178,1.52326629977702,2.6895161942579,4.79516604658967,-35.5856017414488
"npe_median",11620,1.57360188063031,-2.53255154091384,-2.79011090391694,-0.635701076822544,2.37285044882686,-1.04336237490836,-1.94804456458594,0.0326912612899097,0.288541293242244,1.47546363341401,2.82568851039593,4.9015360247971,-33.8872713664752
"npe_median",11640,1.48342359575385,-2.47455852549924,-2.77988598438999,-0.623125672227434,2.23019174827522,-2.13255465180395,-1.89420915834803,-0.107439783333189,0.283822411283187,1.9463815970736,2.70962479684558,4.32095216563927,-35.3066001734384
"npe_median",11660,1.63728018935292,-2.43624496376151,-2.78456271742166,-0.587679711913224,2.23393921781213,-1.45503632383053,-1.96481681356574,-0.263365187159953,0.207984093805619,1.60923705016294,2.87887625720826,4.39361307839909,-32.7388920300713
"npe_median",11680,1.37090840150099,-2.39524747598588,-2.78463239109112,-0.573135173248906,2.34013973171687,-0.398098453221963,-1.95727779131445,-0.355327442775559,0.371650320447388,1.59337127386195,2.7236536435962,4.52189525680818,-41.0419597111402
"npe_median",11700,1.55376722241155,-2.44305037000527,-2.79244084274703,-0.611419786169551,2.26720824320152,-0.550771716922274,-1.88115103094545,-0.0524260089484843,0.100256559114718,1.54293973600223,3.08817617702537,4.50494921505289,-32.7594473490168
"npe_median",11720,1.89573178801912,-2.42962154560493,-2.79197318133976,-0.622970656198247,2.22250763012125,-0.846329852468247,-1.7543704490892,-0.172367029454997,0.598466668264857,1.23001299795874,2.93966689443466,4.96702864677552,-33.5222049916408
"npe_median",11740,2.01513175085427,-2.4779404611302,-2.83568968546156,-0.565403889264076,2.12469075974402,-0.920716262717797,-1.90268474484977,-0.123226757362076,0.102833502179757,1.66028268084715,2.88375331860375,4.41402766803059,-31.0088854798127
"npe_median",11760,1.81413659034549,-2.42289055596636,-2.83716969495253,-0.606554897583528,2.26124926073379,-0.864488582582649,-1.91530646980082,-0.156266679230506,0.103700924141566,1.49092572449178,3.03132849892056,4.70988650188494,-31.4414087466723
"npe_median",11780,1.62666178098724,-2.42948779315945,-2.87223842916166,-0.588375552518589,2.30004285314294,-1.7615550104609,-1.88499482977034,0.0293976713774385,0.00894233894830318,1.44453049365605,3.02592594864673,4.77631025129537,-30.68544981615
"npe_median",11800,1.71148289436605,-2.47644221159243,-2.87256342192709,-0.582142747077957,2.26667640007915,-1.71759206030412,-1.63955465419853,-0.0468596614799354,-0.144508942522569,1.72660911439024,2.81758995509958,4.70726035893873,-31.1424554867164
"npe_median",11820,1.95620003263411,-2.52949457334432,-2.84109266991997,-0.62150765890332,2.27886155093189,-0.958645141047306,-1.69928319853672,0.150172864972082,-0.264134418995169,1.63623743518831,2.94913491958143,4.90537033062889,-32.8653693557434
"npe_median",11840,2.11808568570406,-2.53941598571555,-2.89572238625105,-0.521380025127024,2.22745751594773,-1.49770708979384,-1.61315286592745,0.0439569228469955,-0.278289107155408,1.55547249737212,2.98246026638333,4.60970818306866,-34.702134827661
"npe_median",11860,1.91019453627566,-2.50080744608949,-2.91977676713114,-0.531925336055091,2.27338521497656,-0.749132801886998,-1.80464385674079,0.123251001822431,-0.172094233820044,1.64421048463042,2.87608493161322,4.55147869125746,-31.792121423901
"npe_median",11880,1.86858648307793,-2.42586327657043,-2.88583940237847,-0.554891938463146,2.12786728809262,-1.26920354711334,-1.70707206759691,0.000720253268219576,0.0930899268046904,1.64625299722442,2.90663352224299,4.25813044093378,-30.1437484003187
"npe_median",11900,1.92620891918189,-2.48876340453312,-2.87854342181606,-0.52082200819803,2.10302938871557,-1.29914111146426,-1.81684233201824,-0.110577001200274,0.153094933003226,1.93920634855994,2.70612656110975,4.46081171412042,-31.8786598324777
"npe_median",11920,2.01833180435708,-2.54799677254452,-2.7761130902169,-0.58851104546157,2.15097169197288,-1.40828431135288,-1.83721955609859,-0.0339527573344679,0.177126474664893,1.83882536288069,2.73215368498723,4.73898059039861,-29.6228448313079
"npe_median",11940,2.04576347878015,-2.56000391329025,-2.81980228457802,-0.524284356633341,2.29834680872725,-0.769665340150647,-1.81135164716834,-0.145776643997565,0.358330635170739,1.73954421683542,2.8586235544572,4.63886018354349,-32.5685432664576
"npe_median",11960,1.65515934638366,-2.55054729665651,-2.8006973206337,-0.586158939502538,2.34550384749938,-1.71999182161749,-1.8262928287756,0.0201541937385167,0.217335401231073,1.62692622688671,2.76513717557342,4.66393850143656,-31.539879214717
"npe_median",11980,1.78306128976265,-2.57902496401076,-2.71447019410956,-0.654457570338986,2.42182425238926,-1.48489487671856,-1.9320022054407,0.000294481202452984,0.17347567785376,1.70064980777224,3.08171781095651,4.81700021219944,-34.8543695415297
"npe_median",12000,1.66357373366422,-2.60261410385968,-2.72070641934022,-0.631693858803522,2.3875041984938,-1.71978650607121,-1.78994461894381,0.0043307515364925,0.115975794523146,1.74776836956713,2.97898703060355,4.82810234350388,-33.9700993799773
"npe_median",12020,1.93539628133693,-2.41049073233362,-2.84164229744337,-0.607761138353042,2.27802353073369,-1.5859986902407,-1.81140936306822,-0.0504218957904392,0.170084804465998,1.77980673649875,2.91083721212889,4.72637585859656,-29.3135396421937
"npe_median",12040,1.96468630786904,-2.40630220833074,-2.9090317905247,-0.591560287918373,2.2162283148363,-0.817984088137175,-1.75247887608503,0.0211226707338959,0.153415999010547,1.6621976367742,2.81372593486027,4.43301355990063,-30.4201167032591
"npe_median",12060,2.02957027304224,-2.4903732704049,-2.90040800403847,-0.575802989404677,2.29143886420996,-0.799645151538098,-1.73718462812085,0.0683777501921437,-0.12076297147835,1.71101513120426,2.95774923654951,4.3706082235898,-31.4113576535222
"npe_median",12080,1.89618632758704,-2.57139907451864,-2.82343439550665,-0.610757926393431,2.26767924221063,-1.365674967358,-1.89873933679924,0.0891358918826246,-0.207162528129742,1.78316481506035,2.84966113832457,4.72601655874878,-32.2552962523319
"npe_median",12100,1.48077275388319,-2.42067483613416,-2.85321984673687,-0.610291619712336,2.29300087563934,-1.8644761543745,-1.92951278047283,0.0615205600625987,0.169525837645834,1.47091714569177,3.09722554459863,4.47717466009978,-32.1218547574344
"npe_median",12120,1.53422686281288,-2.47242206464716,-2.81396573322761,-0.63569618508118,2.3143224481886,-1.69073452339616,-1.97288741554709,0.0331104551278957,0.0899936424483081,1.62704052262224,3.04209079709472,4.82870233300423,-32.7126586712652
"npe_median",12140,1.96711797743508,-2.36036035422468,-2.90518640353832,-0.619658355782918,2.34416063489312,-1.04133571601814,-1.75200423444439,0.0342806622453263,0.41286266167442,1.46424773319129,2.93013129677889,4.62929697107094,-32.2060902372596
"npe_median",12160,1.77144934886082,-2.39737432752549,-2.8770160317004,-0.583766681936755,2.39658105140766,-1.52004010212026,-1.83505356032681,0.0758910596858307,0.333851506471557,1.37864405493225,3.16988270377297,4.83212956599559,-32.7797214570418
"npe_median",12180,1.63778875985311,-2.40467658074427,-2.85221016525751,-0.600612809383932,2.27542084925514,-2.03859518239311,-1.7519383068507,-0.160859394658748,0.339131542050179,1.40713704929347,2.79275226404884,4.46394426726224,-31.9756138671553
"npe_median",12200,1.97897198550383,-2.51080811013015,-2.89962282594117,-0.544765250378645,2.28577295691884,-1.84631851880083,-1.71286082343535,-0.00314286707775033,0.106110495797965,1.56808051717674,2.66812262911757,4.60957020634094,-32.3800668705765
"npe_median",12220,2.04448217219076,-2.49303051275161,-2.89301976390379,-0.531898541178299,2.45850242849765,-1.41512069052795,-1.78858956947719,-0.12163227585539,0.354802283997881,1.36926663640889,2.83505913647924,4.59918544904034,-34.4744999165346
"npe_median",12240,1.91150702787631,-2.4117223441189,-2.94505594249001,-0.544209370105165,2.26654410533928,-1.56848950010489,-1.88951797918885,-0.0370839060291385,-0.147378815398574,1.69487073125328,2.39145106120551,4.81432962352349,-34.7211010451947
"npe_median",12260,1.70717179246948,-2.43586649488097,-2.863756133613,-0.591865116602502,2.29226441777524,-1.40663917418292,-1.84530033659803,-0.0933648779147375,-0.034429506168142,1.76831566828509,2.58586948657276,5.02522544517911,-31.0025527620395
"npe_median",12280,1.73539846549326,-2.52822246782502,-2.78829306308732,-0.614327356320511,2.16016353370048,-1.32148760220753,-1.87739351053399,0.0969280629993669,0.0266625570037126,1.68371824778827,3.0161353565547,4.46654652812363,-32.0940353522694
"npe_median",12300,1.69569008484267,-2.5134112752086,-2.82508537475869,-0.576655210109191,2.27401362176433,-1.56239088055357,-1.9340762282923,-0.0790527275342221,0.189716608400554,1.8158389610153,2.68037556321504,4.30446299275003,-32.8514783350279
"npe_median",12320,1.51166571860565,-2.52425113238708,-2.78850372707511,-0.559217434497471,2.22532423495977,-1.9019370489878,-1.96291675914038,-0.117078448255689,0.037984885332043,1.75581929294448,2.97764591800634,4.3202619337969,-33.723623583701
"npe_median",12340,1.649165791826,-2.50344019654329,-2.79387612253355,-0.595190126982166,2.29736603808377,-1.75112584230301,-1.80724888173494,-0.018179270323279,0.240670759931468,1.16164653830587,3.16060056267076,4.53457399867438,-32.8746936893629
"npe_median",12360,1.79594556739637,-2.60627517901674,-2.72993840041589,-0.603878227895348,2.28590818336296,-1.33217808106562,-1.7075486388447,-0.0217832342350075,0.310125545011431,1.25974228251155,2.99813525619918,4.71259246005197,-33.3518095300752
"npe_median",12380,1.46259161486266,-2.42579796111363,-2.83095366442378,-0.558177963648395,2.31488438819265,-0.427227794573274,-1.68517114514642,-0.265207253544505,0.346537254972878,1.37692918903591,3.13443838724677,4.76068976937334,-35.6099082174938
"npe_median",12400,1.50108822238055,-2.42156162734558,-2.85336889547739,-0.591455471606322,2.2104641501314,-0.957840129964849,-1.62156172039253,-0.127065464394155,0.0568552755727031,1.53492007128444,3.03134602931717,4.36540508524387,-33.6733568289401
"npe_median",12420,1.68063093981697,-2.35469252009253,-2.86502273279254,-0.563909545092763,2.20416251717503,-1.17025350310313,-1.7119390227389,-0.228509778976609,0.291577044015969,1.50405551631835,2.83897363447856,4.21034978536474,-32.7404427666877
"npe_median",12440,1.76805891540738,-2.52554756089051,-2.85482430229665,-0.57674409349569,2.22520481646908,-1.41618947030812,-1.6036394101603,0.014484153221286,0.0590231441560472,1.55945782415368,3.07045702040325,3.76732414588747,-35.9309932823271
"npe_median",12460,1.65547424918125,-2.52557663451329,-2.81121623663122,-0.616469080831616,2.31622614149089,-2.51505818892875,-1.64786191803157,0.0514566142712449,0.0712240834037397,1.67286712942325,2.76381253382486,3.91520200435628,-38.0748741982569
"npe_median",12480,1.7023714159035,-2.40454245037857,-2.89454461212203,-0.461477180812362,2.19834109729956,-1.39328147682996,-1.6577585695307,-0.0837026007582974,0.242534067918778,1.68029967238185,2.99099794327314,4.51606473461093,-33.3612392182399
"npe_median",12500,1.74513851080096,-2.42286129211774,-2.89504176090108,-0.468668033454119,2.24631388812745,-1.77460459253229,-1.66405044966987,-0.144063226368329,0.322789319568066,1.36985315467519,3.01823516943233,4.71048279729578,-33.116411484535
"npe_median",12520,1.67437451244912,-2.37674184607106,-3.00051322343089,-0.466455017724211,2.29654695263284,-0.330682909250244,-1.71699319745158,-0.0680008123945908,-0.271469486438272,1.81614529551954,3.01339689133038,4.93577573030996,-38.9919843264855
"npe_median",12540,1.38386440148068,-2.39379829233803,-2.89802650082409,-0.587817773651479,2.17768506330754,-0.052623235841685,-1.7768375750136,0.134142111019239,-0.347620363083462,1.85271925211623,2.7948129263912,4.7087012585643,-39.6974168367609
"npe_median",12560,1.50860022278863,-2.38221829628871,-2.84831957935323,-0.594434368776009,2.12370124123662,-0.993923899808915,-1.8396045589747,0.10121113340448,-0.0320048428224332,1.38428063234917,3.07266371019042,4.50076893074177,-38.9570732295109
"npe_median",12580,1.49825797215793,-2.34793412432086,-2.95285809984104,-0.623725577670472,2.34308016181368,-0.742213257585501,-1.9250779109253,0.163201488360307,0.184254493585038,1.02906961893233,3.03942861017011,4.44369564221846,-38.8884271729143
"npe_median",12600,1.50195513130659,-2.34700654195384,-2.9265160966214,-0.609000111261443,2.3569527638368,-1.15096694455336,-1.89127795615601,0.165820594943444,0.336338330639343,1.19500439384348,2.94546519483806,4.98853691272832,-36.5156242024999
"npe_median",12620,1.92540630022946,-2.39371601874339,-2.95433581992513,-0.5529810943965,2.33745969536946,-1.99121082026736,-1.90859261294506,-0.0438360761756449,0.00876944342984501,1.58721262162358,2.96657538672229,4.69139842831013,-30.9621525940416
"npe_median",12640,1.64880529376996,-2.45604181967984,-2.88702189044622,-0.543859994150108,2.20121923502954,-1.76543937539171,-1.63013747098308,-0.0685149841108453,-0.0462560515377136,1.67201630559383,2.98469671010205,4.57567550088139,-31.9007795006179
"npe_median",12660,1.66658144013868,-2.48814319514186,-2.77109358511775,-0.634331638490758,2.2415354319207,-1.23272550893241,-1.73029713424209,-0.00539701743566219,0.394904230763308,1.54908278810154,3.06454893236852,4.2219488381794,-31.6506007655505
"npe_median",12680,1.73239174497145,-2.51051207553499,-2.80691462526865,-0.582410621802946,2.17695347398089,-1.6365781590722,-1.77550860179704,-0.044208983417229,0.132683918323972,1.61875807544864,2.81710598396287,3.98876286907852,-31.1467549887914
"npe_median",12700,2.07116308096175,-2.53252494656032,-2.75705383944089,-0.646534000709488,2.06939502938357,-1.16512167267997,-1.71891526470957,0.115789764836787,0.147522357599344,1.59254271183506,2.66232028091563,4.34672685766858,-34.3184156088175
"npe_median",12720,1.57455459411382,-2.46278583268758,-2.80613939666691,-0.602784812083447,2.14801660720935,-0.77522888275354,-1.83233091222853,-0.0337124829350555,0.0633880739212105,1.38546672009308,2.9046546259483,4.73207136712307,-33.6212696830325
"npe_median",12740,1.73424425828122,-2.51392842026407,-2.81631039997131,-0.625513855820031,2.24105840509517,-1.40676341492292,-1.75895483163168,0.0314289670337864,-0.0318512415416707,1.38136037531475,2.97376631466391,4.82924352939997,-32.5856402970808
"npe_median",12760,1.40645090171294,-2.49883339949476,-2.78390973618296,-0.575434742440581,2.03297781518563,-1.52285225186779,-1.8471272661134,-0.0685311439197192,0.388523192901659,1.59631749079465,2.51597249685163,4.64978872944688,-34.3477344786905
"npe_median",12780,1.53129244742201,-2.42307672778466,-2.85389327703828,-0.559168473804853,2.14925579137889,-1.17389161044104,-1.77349980893348,-0.0578396953633627,0.192164749773445,1.68361509364775,2.72893989254026,4.73316978519931,-29.1911242122634
"npe_median",12800,1.70202532707833,-2.53229981827522,-2.74568363662067,-0.595562071378005,1.90113341406514,-1.021059594672,-1.83778106657979,-0.0198497710455216,-0.0837637332283656,2.01412751457069,2.32213684845652,4.23776554563612,-35.8680862629697
"npe_median",12820,1.87184787549913,-2.40331902425935,-2.83793089105105,-0.538315155806041,2.12370216400375,-1.6763622487325,-1.89463924919357,-0.103435128916588,0.338342193862723,1.96708421011308,2.26706195905964,5.00674474875043,-33.934845228535
"npe_median",12840,1.74378159425755,-2.48286990361049,-2.79466892092596,-0.594108948166894,2.20071538795195,-1.19163051947669,-1.82675267302697,0.0269978360182998,0.11413542416656,1.80441513851267,2.47398319627751,4.91416146402165,-30.5475126587495
"npe_median",12860,1.7325457805747,-2.43911922352166,-2.83179541245634,-0.59100318110407,2.28798931438044,-1.27773450357346,-1.61034688142161,-0.0629782543949827,0.166342198607572,1.7039225327342,2.8402447444292,5.01793398289234,-30.6365160044822
"npe_median",12880,1.88350991106697,-2.34871402508368,-2.9662279707805,-0.527683968843135,2.27922473116924,-1.41413617904528,-1.63218465798496,0.0282012965714446,0.280330765008447,1.65882130583519,2.82870656615025,4.76437311428333,-32.1476685938153
"npe_median",12900,1.62058361198831,-2.3108645377405,-2.94642236101375,-0.547589124246769,2.30660274135843,-1.40281973285703,-1.87297769838601,0.00273606562459364,0.296823448125385,1.65153235616146,2.8652779142464,4.41652605811382,-32.5669312428265
"npe_median",12920,1.92386872797593,-2.48688722223384,-2.85447726575134,-0.534319267759114,2.22151755094698,-1.51396166402422,-1.74829738022786,0.0934955236349302,0.20300274718408,1.57975829663797,2.75898747723027,4.38145238126968,-31.7904621400438
"npe_median",12940,2.03108621928617,-2.48467763853,-2.78768383741595,-0.63418256104565,2.22990754410873,-1.42158530366998,-1.81480044847505,-0.0879908519647173,0.343311511243525,1.40076256043517,2.73124600259447,4.62677886544498,-30.1888113240574
"npe_median",12960,2.03702964720956,-2.49000216430256,-2.78487010053774,-0.66297930310364,2.26415811926744,-1.47333658473328,-1.78765868489098,-0.152498358817762,0.364457883337356,1.4359482791696,2.72871594962206,4.73388648864201,-31.7368250899254
"npe_median",12980,1.95804280565278,-2.53316956463692,-2.7052135544694,-0.660357235109358,2.20083093759339,-1.73763777591602,-1.83199441052462,-0.0253301042928925,0.324311938964973,1.56197741537319,2.8668625038261,4.52581217816703,-30.9623952282532
"npe_median",13000,1.66024700995493,-2.49585965121329,-2.86134951188236,-0.538068817017667,2.23787173671799,-1.66371110762082,-1.8510342540113,0.107083513248828,0.0659710869603188,1.59094387329082,2.87671872040077,4.63598627902892,-30.5989357868736
"npe_median",13020,1.9239452098966,-2.42753208771904,-2.95880219525505,-0.500529645401924,2.03878942933425,-2.52239827507285,-1.71381026976932,-0.0523860599117324,0.173022183352175,1.92375841641251,2.78598580369978,4.0141609252553,-39.2088855516391
"npe_median",13040,1.76523910459465,-2.43444386417124,-2.89407833166808,-0.483886056740854,1.94925768551724,-2.76916819357531,-1.80006685781719,-0.100156282170549,0.151087034625215,2.02928036423232,2.87872901737931,4.27505540673256,-40.1789918949293
"npe_median",13060,1.70475543621559,-2.45576433089901,-2.87188092608747,-0.482238574829306,2.09218595405965,-2.74544194255461,-1.79381782325224,-0.0680722724513298,0.359590800145621,2.12674987909837,2.92730564659006,4.48918745846818,-44.531732394267
"npe_median",13080,1.27808922140632,-2.49544771278965,-2.81837326227121,-0.542994118423104,2.27568471810989,-1.41935895829308,-1.74453906848951,-0.0912766811394758,0.222460561259946,1.73656280966701,2.88658449359745,4.57743689059543,-32.570720744224
"npe_median",13100,1.34728007482366,-2.50373127805419,-2.68240589952348,-0.704600857059626,2.03203246894393,-1.20942742094642,-1.76449710552961,0.00851336561371337,0.320620713158151,1.42805790378457,2.9634895442661,4.17017590494609,-39.9256506628345
"npe_median",13120,1.75423397099686,-2.51444696030646,-2.77071224200406,-0.607392320883469,2.25372435165051,-1.86298768885518,-1.64034288789063,-0.0920045865927236,0.317876949206662,1.45414322596313,2.93766312003946,4.61141693077839,-30.4937478348091
"npe_median",13140,1.7894845952936,-2.56902587768049,-2.76080174864051,-0.582303805815896,2.18738108183882,-1.6717121500741,-1.91228532281248,-0.123407232568558,0.246578010802612,1.55699886962784,2.78799970119029,4.73551696525139,-31.5055116425159
"npe_median",13160,1.4951964135797,-2.56709846531204,-2.725501430434,-0.611218358675297,2.19455599478561,-0.922055151175019,-1.80157581706069,-0.212054558393153,0.296687054191948,1.58402177756807,2.62142125098094,4.8592110920678,-34.656089332941
"npe_median",13180,1.79403257893855,-2.49867047059834,-2.81712381880687,-0.602025150214583,2.19818620146498,-0.832658641304798,-1.91882387213067,-0.0769059755766307,0.174233943762717,1.7550985810233,2.28443560266439,4.58795519989543,-33.8738949579809
"npe_median",13200,1.85962451556534,-2.47700233208678,-2.86247067702147,-0.59112562297553,2.25577251961575,-1.63938101726257,-1.59733769703069,0.0329474973798624,0.266861553366594,1.72109670031881,2.47441170238137,4.63107045780833,-33.9440214359668
"npe_median",13220,1.98187029727376,-2.5310422305233,-2.82796820116249,-0.586810015943665,2.2382509083622,-1.60300165105748,-1.61211403432615,-0.0630394404233322,0.336600618610845,1.42297884259262,2.79640442794858,4.66010029020235,-33.2103140284391
"npe_median",13240,1.83331684386463,-2.44071577299456,-2.77488638419187,-0.665361884858194,2.38154865533895,-0.730386240635381,-1.71323480139706,-0.253476652907955,0.427928488265653,1.26283433750733,3.13887289081197,4.87768925842383,-33.5542473583816
"npe_median",13260,2.16034906871616,-2.51305152665232,-2.74485278801885,-0.632931721832494,2.2200840062185,-1.08605608022969,-1.84615573793341,-0.280542019961154,0.382922707746655,1.61142892430526,2.74323348620929,4.84081574203836,-32.2945624165306
"npe_median",13280,1.76433328443167,-2.51950920836045,-2.76696449055941,-0.547029362794987,2.30037809804326,-2.07168028997678,-1.72391438328052,-0.251744645104188,0.310295572080516,1.51305643371788,2.89392767396227,4.80280581917725,-32.5590226360808
"npe_median",13300,1.76256979342116,-2.44711905872686,-2.83282775203087,-0.555331892490302,2.19099623082545,-2.43919906855366,-1.65021241240906,-0.225811875353314,0.127954578402769,1.69638471297888,2.57168699785795,4.74567848177882,-33.9282419243666
"npe_median",13320,1.6404442874546,-2.50225085746822,-2.77583916860593,-0.600187671931794,2.04667482853863,-0.79933724725695,-1.6636624247655,-0.063418143603198,0.0753115332821352,1.92432469002168,2.7288190346151,4.41817740087108,-33.2763179409232
"npe_median",13340,2.18734049310089,-2.57505040576201,-2.84711019999067,-0.539160642211798,2.22016040181436,-1.20842130604783,-1.71244943347911,-0.0060097840257371,0.137384322108501,1.6793839770062,3.0985083313461,4.33596019229579,-33.6823417803154
"npe_median",13360,1.82490985412155,-2.57982563566811,-2.7146014965477,-0.594168823631511,2.09009190968805,-1.53404367315746,-1.69871582766524,-0.159752916158494,0.199026686643633,1.76255474446197,3.11102855371246,4.67917288700954,-36.7962603467697
"npe_median",13380,1.59811947690752,-2.52790671120048,-2.80565974437778,-0.523223077819938,2.13072160535357,-1.62079296890068,-1.72742999271518,-0.0722304203253136,0.199217572935697,1.86170436929638,2.98210960767233,4.38040670741073,-33.4420985440788
"npe_median",13400,1.6932968606688,-2.3672027857788,-2.93063263824564,-0.505845391543953,1.97553496739146,-1.77355926224666,-1.92125258843782,0.000327591809708302,0.190574290932644,1.82130714457187,2.72658538403532,4.18011702527104,-33.6635837906108
"npe_median",13420,1.77067739193954,-2.5142765864482,-2.77838393241349,-0.552556119993694,2.01654707610424,-1.32476903215092,-2.01463620466519,-0.239026889318301,0.118982267934299,1.95766572373073,2.53498923039567,4.14493755398586,-36.4487134087482
"npe_median",13440,1.54463811215942,-2.33861645543754,-2.83194910685213,-0.673373261444903,2.09265973744877,-1.15089643470519,-1.97451060160275,-0.00260485071468987,-0.0556505448889611,1.94873463623228,2.58980902251946,4.15618282008732,-39.4520123919795
"npe_median",13460,1.96307897699794,-2.48522182317085,-2.77665579872107,-0.622155787253087,2.24622913517137,-2.17187389231693,-1.9936096927273,-0.171715482301525,0.21630867843732,1.7567017845587,2.82544909831082,4.4438675606393,-32.5201280779726
"npe_median",13480,1.88120532677014,-2.42686486799202,-2.76390706738296,-0.63400336979214,2.29932786728818,-2.0257136095642,-1.83139720030242,-0.120449911715249,0.328399892593297,1.8690796250082,2.88197747870017,4.82252199955289,-32.9859780845428
"npe_median",13500,2.01298726391667,-2.4140849377546,-2.85793038046478,-0.573491322340584,2.36060384080635,-0.9694979902169,-1.68437523276007,-0.107216063481071,0.59693332764962,1.5167789018428,2.87213095182628,4.85149879531984,-33.1388470148754
"npe_median",13520,2.09642913497961,-2.47007315337084,-2.84401630505828,-0.536968751874657,1.99361334141179,-1.68686305313016,-1.95078006057533,-0.143510253427557,0.288681779126925,1.75421302512679,2.3561455380166,4.55697251343542,-33.5411584813569
"npe_median",13540,2.16833330138469,-2.39481277370892,-2.8330062047098,-0.591540704933041,2.24318407559315,-1.44031309984804,-1.81624062388501,-0.331945225844683,0.588228683976374,1.46635884471724,2.74093634945122,4.84928151843135,-35.6664394884348
"npe_median",13560,1.92408604165194,-2.43605736217911,-2.89759616255208,-0.575067079650377,2.21081056592318,-0.511870250084843,-1.77810815805746,-0.124584575048347,0.249365815921952,1.69435845699932,2.70523898922459,4.67747321980091,-33.7488505675688
"npe_median",13580,1.79279327727993,-2.47713225575475,-2.91488726701688,-0.518972712782475,2.20911472358984,-1.28750347273285,-1.79943886827783,-0.0987440936768918,0.135190456803693,1.70480527110402,2.83308061983262,4.09666327708358,-33.2651734246563
"npe_median",13600,1.62027859184856,-2.50077998784693,-2.78583976061172,-0.553190786891914,2.20048906875081,-1.79747625045895,-1.803017747541,0.0237072940597364,0.540148019235726,1.40038926588927,3.24714093658964,4.52966503623313,-37.0162609337456
"npe_median",13620,1.7426451016231,-2.52799736473679,-2.74901802800348,-0.570536276214552,1.99217393884624,-1.76789137039306,-1.59830020405337,-0.0809183088954502,0.542659420644884,1.64623386469792,2.71021866713061,3.74701512012431,-38.1182047311015
"npe_median",13640,1.75818413377431,-2.58322930730137,-2.73131771746576,-0.612001447867984,2.06659020005538,-1.41253905449734,-1.68626821913604,-0.0882160429499313,0.375303826826668,1.72098132324965,2.73452087327239,3.89275792603477,-35.6799382423727
"npe_median",13660,1.68394934631022,-2.49825488566673,-2.81263858246081,-0.582718176795168,2.22292477664121,-0.485541943681576,-1.92692230969569,0.00943234235692401,0.200156925120783,1.5531571239357,2.90402635480913,4.39062558519221,-31.8909141834641
"npe_median",13680,1.72664563213746,-2.35419805138221,-2.84234150112104,-0.634007544184436,2.37947004191543,-0.71402032180477,-1.84841452111587,-0.0110809724538661,0.236910120047758,1.53378828649976,3.11612016697031,4.59550802796355,-34.2095965992313
"npe_median",13700,1.57708490481142,-2.4166184030398,-2.82860954158228,-0.60534318640285,2.31063281949251,-0.457349648404907,-1.79104118248034,-0.118769872642138,0.0815331822595928,1.83628690469047,2.75484007161496,4.78873794888208,-31.9309273324395
"npe_median",13720,1.77228345954521,-2.40942638527527,-2.89049780569118,-0.50042933744944,2.17784577389141,-1.37880728878826,-1.6959976808402,-0.0918302105531985,-0.00151769383279186,1.72404206269286,2.90067760710098,4.38878361242558,-32.3269253297871
"npe_median",13740,1.86060484642565,-2.45093623089095,-2.85764312355594,-0.54227046435099,2.05787404160382,-1.14337325002216,-1.78892502132217,-0.0367496489720044,0.0863998964237583,1.85323744420662,2.63011135996847,4.615268345327,-29.0363306070666
"npe_median",13760,1.8275696921643,-2.45908227253239,-2.8492444287815,-0.53062335806486,2.15531895135998,-1.99775374105794,-1.76617510449519,-0.149770416929916,0.0774108799132711,1.59781519201164,2.99337358228959,4.42389958620125,-31.2596001984853
"npe_median",13780,1.40295515993099,-2.45186481739576,-2.829391352717,-0.537922613079341,2.2546279787457,-1.45237940285856,-1.74967819704921,-0.130588465104022,0.252063473966387,1.42998709568709,2.84655592574664,4.71802040399692,-31.5132125332853
"npe_median",13800,1.94506491952431,-2.37077910906065,-2.88145474726185,-0.647935234134929,2.41051964010632,-1.7952466903419,-1.71405096077306,-0.129080701025913,0.352912499475213,1.34491604238842,3.02141477404629,4.89624178697654,-33.3678091962839
"npe_median",13820,2.03869536262494,-2.42037952265801,-2.82411934573986,-0.607727806971979,2.32376134966994,-1.21491438167719,-1.74813637239124,-0.218284682685246,0.408890684291162,1.54245095756987,3.0257405715996,4.83730576851666,-30.8595752853373
"npe_median",13840,2.36493814115046,-2.40698401250411,-2.87347184051646,-0.600801988532448,2.44149374674986,-1.88237728909086,-1.74512154225382,-0.234157856999646,0.45440383905663,1.38290198985516,2.84621803918791,4.7420654351635,-38.7485103084179
"npe_median",13860,2.44704213916525,-2.47078452164718,-2.90823231788853,-0.571045545670914,2.34557590436227,-2.05095971404601,-1.71941022003962,-0.165111514917631,0.105332017406274,1.51516270161319,2.62104580979652,4.71457470415169,-39.8359964970319
"npe_median",13880,2.15572726589831,-2.43787721128624,-2.80650048064169,-0.599745256017815,2.19082265558547,-2.10976917172253,-1.50210726844462,-0.339483322698242,0.546547791510216,1.81643380727016,2.4337190759519,4.6013776077808,-40.9874793617575
"npe_median",13900,2.01938167535767,-2.6027519263787,-2.72099103450658,-0.626916432518962,2.34902934924777,-1.66339188185941,-1.54598885800163,-0.365293480014506,0.461907154548582,1.5192691115613,2.90827257219221,4.56628906858179,-37.7707214451021
"npe_median",13920,2.21268341934439,-2.62643765773964,-2.77747197082797,-0.574787336845059,2.36906986109993,-1.88138545824256,-1.69215846999895,-0.063208947021707,0.235505525387438,1.7730680506032,3.00976586312495,4.60575338706677,-35.1237438942842
"npe_median",13940,2.24292262367808,-2.52057761326786,-2.84816144570362,-0.611320955214084,2.32415861627347,-1.90181916286544,-1.87238681936133,-0.0447278292017545,-0.170678911946171,1.68096404966308,3.06558304851795,4.62317707429165,-33.4795048904229
"npe_median",13960,2.34059533324336,-2.54622058569271,-2.85117992861037,-0.540053490284019,2.21913105515574,-1.49457551711294,-1.8509989624127,-0.047840211579969,-0.00168242757746848,1.63346839372253,2.93492364338115,4.69672861082612,-32.6742981427745
"npe_median",13980,2.03553306398827,-2.54157069432566,-2.78578630735213,-0.549526534577428,2.16150802328472,-1.53687965666539,-1.55656150945,-0.181856046781442,0.317595689558531,1.70741612393993,2.85720361414731,4.74542876609624,-32.7271519593773
"npe_median",14000,1.90888283615145,-2.41438745517122,-2.90216183656517,-0.535122398039924,2.21521230682878,-1.25812142714909,-1.65732040598306,-0.00772478290084182,0.196010778061457,1.70935827300227,2.90696081883002,4.59756329049552,-29.7190482255004
"npe_median",14020,1.88540314280762,-2.42546875224631,-2.84069860125216,-0.602736944756845,2.16236501831428,-1.43999509957521,-1.72301453208366,-0.00145648371978219,0.144161268554166,1.55836951835364,2.8977936152207,4.55125511428624,-29.4882130041153
"npe_median",14040,1.94906255640956,-2.4703258999614,-2.88630991564837,-0.506053025684436,2.13580029809983,-1.65453493931193,-1.80769102998758,-0.0779158724832268,0.224673395047316,1.67107263553882,2.65417038153803,4.52241905029139,-29.8311718292051
"npe_median",14060,1.52577945610262,-2.33287593124275,-2.90106238292923,-0.515975359936046,1.92999099318981,-1.79451804938308,-1.88663756745952,0.0389888041800373,0.492072583737381,1.77816954214296,2.30650112303602,4.68556305468496,-36.6891017342638
"npe_median",14080,1.81045600952031,-2.37227346126317,-2.83440774327279,-0.588648041879116,2.0297840493984,-1.89153620705588,-1.8098619523248,-0.114741808298548,0.441262186977881,1.97904199547654,2.14207312636695,4.42996697062356,-34.9347880454205
"npe_median",14100,1.7776970728475,-2.38362717078247,-2.86606526392508,-0.538596916173461,1.97968101066182,-1.95321449115028,-1.7529691989233,-0.118651523063358,0.298101698465413,2.06366609852661,1.9298692389336,4.70140832492555,-35.0578369448001
"npe_median",14120,1.92589955052071,-2.41341655672135,-2.79855215851182,-0.557008651779272,2.03344434733512,-1.7449288536887,-1.85705683012991,-0.0607415663233198,0.365181560695605,1.73335001630371,2.48384063389515,4.37669556965606,-34.2438840861415
"npe_median",14140,1.77811078113494,-2.46671945906008,-2.78487205515785,-0.578875822879589,2.12954237218689,-1.98258698415479,-1.70837208964033,-0.0865689419098016,0.450197393581355,1.48658607622635,2.71218171123437,4.60250258220188,-30.9710666882344
"npe_median",14160,1.8749879038764,-2.53145312360224,-2.87854817086381,-0.459254711166595,1.99883381872445,-1.51488650874658,-1.8617117655015,-0.0545770397012649,0.208649673212776,1.78855271282606,2.36971014433374,4.67624376060616,-34.1300829992015
"npe_median",14180,1.92214925129905,-2.45606336869164,-2.82227830972203,-0.528289945685579,1.87454130864794,-2.51917744544641,-1.80519941335861,-0.250342043789651,0.0277262338727081,2.02913865928465,2.01793420308177,4.69926402576973,-38.5639253184338
"npe_median",14200,1.9274630998166,-2.40625833461701,-2.84839793941689,-0.543880950622895,2.03483118660837,-2.53669862553091,-1.77573663748692,-0.18678674754478,0.110045891827203,1.9493820207892,2.01356761948283,5.11956852306928,-38.9660206285476
"npe_median",14220,1.77650407366801,-2.51910240720358,-2.78136573443527,-0.634366047850758,2.05818289773957,-2.35610513844475,-1.77599076856,0.115038896781371,0.00607030128389592,1.94303919788768,2.13147161642697,4.82608991653535,-36.1676229042102
"npe_median",14240,1.4112368884041,-2.55392694622611,-2.72592248051429,-0.616857739756175,2.32583582776586,-2.06654266069357,-1.71267399483727,-0.0333388088936536,0.532925787374518,1.65898995688362,2.93260719428196,4.82892202213195,-36.9461074511864
"npe_median",14260,1.43540680963613,-2.52897933000323,-2.70145316016095,-0.650910400917394,2.31148452503426,-1.56543341845789,-1.91260488161029,-0.0875767642780004,0.277113764982157,1.76513414244034,2.9994603166474,4.88028557438522,-34.351115893109
"npe_median",14280,1.51639800277935,-2.47622542755286,-2.76992899293705,-0.638529873027225,2.27150270591656,-1.50885974509029,-1.81514556066793,-0.127539907120447,0.482562861338205,1.72678181832066,2.77061547957928,4.63233889850747,-32.7686879648552
"npe_median",14300,2.08204117790427,-2.43999719480905,-2.85919814924108,-0.603464532843475,2.20662825436646,-0.859751444692072,-1.90426723213604,-0.151416995267463,0.206587224021301,1.67008137957631,2.92652747074023,4.18109598141788,-33.0476397622942
"npe_median",14320,1.68940949929314,-2.50242591667701,-2.71963864422584,-0.658119366792667,2.20939076116151,-0.712286883296795,-1.77958006269444,-0.170801006211735,0.557697835560526,1.41884812619152,2.92150237458747,4.55571274165695,-32.2235891367576
"npe_median",14340,1.76571483873962,-2.44183046765075,-2.84350941776416,-0.606432005803833,2.14332258545845,-0.181479183546365,-1.88628406146682,0.0492312159430654,-0.00346662553194818,1.68806495553284,2.84928357976952,4.70668341795457,-32.8718364942869
"npe_median",14360,1.63862349879986,-2.378013033411,-2.89676221462463,-0.560705042235323,2.16043115241126,-1.0741413306602,-1.93168306738762,0.0236466108786721,0.13750217146059,1.46185677642396,3.04153642164846,4.4916831357995,-32.5127201507325
"npe_median",14380,1.7286042919649,-2.51996512209676,-2.76867799333653,-0.545731637877767,2.10452488203847,-1.87445302277379,-1.95431745177542,0.00961279397620451,0.261336942862389,1.63804277594511,2.72581490127861,4.99554731073853,-33.8609047667784
"npe_median",14400,1.82172010435613,-2.48250892143866,-2.70566588584683,-0.663010015539543,2.20998992501176,-1.97511998480548,-1.8651874722222,-0.0519407084410898,0.30531600407727,1.71265376980048,2.94507738874314,4.72018402874366,-32.4778503445292
"npe_median",14420,1.6310415803499,-2.46931949244414,-2.84641971753527,-0.52788949576621,2.31745183408231,-1.09333703568636,-1.86797239532646,-0.141265226261816,0.259304026356009,1.70212099446395,2.87328037686116,4.89791942490034,-30.5392632717917
"npe_median",14440,1.76981844430824,-2.45706344357156,-2.78982965088171,-0.625140015044452,2.17530915075884,-1.26308823758395,-1.83542359563011,-0.0581895584045527,0.136759628711675,1.76954274796166,2.86602412484369,4.55511086931434,-29.022582816082
"npe_median",14460,1.67048607427534,-2.5358304925754,-2.70667191053991,-0.621814054418323,2.21881532244599,-1.95275102638139,-1.70926229801414,-0.191003348461585,0.314780687015282,1.74593598332231,2.8205577066421,4.40864029429734,-31.9575709900119
"npe_median",14480,1.68462871702043,-2.38498927903968,-2.89579798977527,-0.545143722658705,2.26529007101096,-1.42504712124606,-1.76862490854045,-0.172320570384866,0.219484050520371,1.56573622142769,2.77989423494994,4.57532527017788,-29.8331440968534
"npe_median",14500,1.79461265342033,-2.41974811987451,-2.86129682298765,-0.55236930076998,2.152929622124,-1.3548609440849,-1.8507911976267,-0.092126888411488,0.137203207616948,1.64392008714577,2.61518063850338,4.71357564684446,-29.3025628972601
"npe_median",14520,1.74090312304576,-2.3609799266918,-2.93680846773532,-0.553320137335034,2.32051270990929,-1.07870354178888,-1.71280362328287,-0.0598574592582422,0.300084640822211,1.2989815185341,3.07713030834507,4.83523932117131,-32.1257459178184
"npe_median",14540,1.72709997410115,-2.38110478737371,-2.89836469562767,-0.567803270173132,2.23091637488539,-1.7017876435883,-1.81644790580611,-0.000423618159818853,0.331990552334988,1.54670252694646,2.8161327329586,4.56116575204344,-29.53784556975
"npe_median",14560,1.66662437424324,-2.39765496638497,-2.90381538522043,-0.533024457885576,2.21768397556066,-1.10383582139134,-1.83554291843537,0.0106083966813494,0.0608907862500287,1.66610930524186,2.86540983356311,4.66465467098507,-29.3610624546089
"npe_median",14580,1.66622879384165,-2.34360852146355,-2.94993986392008,-0.512437047718703,2.22803540340581,-1.58217263115379,-1.80398704130973,-0.00827505854290825,0.274506843603139,1.45455695291908,2.92812251090201,4.58426466858476,-30.8363972297343
"npe_median",14600,1.7927313417833,-2.37553326812988,-2.97063526374541,-0.502094091057251,2.15520040068603,-1.05470931998819,-1.83407570398341,0.0301830798370894,0.150802508535904,1.68808518958848,2.79544475045,4.50985849810484,-30.4219488795931
"npe_median",14620,1.77547320998194,-2.42502120275107,-2.89855716951133,-0.548347676257071,2.19637774233669,-1.17231085600956,-1.80572792084572,-0.0111587626110477,0.153362684124769,1.72623269685758,2.71755783686983,4.63989816699237,-28.4911348676024
"npe_median",14640,1.74810263953986,-2.38833102936016,-2.85617926334037,-0.591083519687724,2.01219711203679,-1.47943741304933,-1.93356692496055,-0.0777346003762155,0.248051523187987,1.73913009971511,2.64374351441544,4.53852297791699,-32.6444255333141
"npe_median",14660,1.96394707896429,-2.40534270440177,-2.95220660844012,-0.534436209081183,2.04440856165087,-0.887480906591698,-1.76950349325794,-0.0591435005884091,0.107616871405856,1.80114563619593,2.64954208054412,4.70266372250357,-33.8002139952446
"npe_median",14680,1.87683745073138,-2.4390272553262,-2.8419321094177,-0.571439494985369,2.17913613930672,-0.666161360589216,-1.83100664774235,-0.191532239197903,0.323888773720372,1.69323786585902,2.7837309396534,5.00581913165946,-32.4706685123773
"npe_median",14700,2.01531457525369,-2.48334161575616,-2.80332221027146,-0.581133635501112,2.16036585076125,-0.989828242412106,-1.82628016747941,-0.189929144475816,0.359530332134458,1.72808242576744,2.84379020320338,4.26727257388462,-30.801780998198
"npe_median",14720,2.02637507615171,-2.50196806850417,-2.82591465010137,-0.577785367822597,2.27024584241301,-1.31899559547682,-1.87881154592831,-0.149671332852399,0.0288181931857906,1.72683222890765,2.89354194956436,4.81879525251881,-29.9330665569289
"npe_median",14740,1.73070397682206,-2.3797032087173,-2.90700314435849,-0.542369406973049,2.21438224126978,-2.00416872111267,-1.74123484499048,-0.0453792657300027,0.101102311960907,1.63607453407378,2.91154117727595,4.55370372247152,-29.7560517261547
"npe_median",14760,1.63056075718193,-2.3773555774755,-2.91605397281144,-0.537966886136171,2.29882857833505,-1.12849838151208,-1.97625307332925,-0.132117220159453,0.141411159298561,1.68900899040617,2.91719854433264,4.68528831793634,-31.3292361234738
"npe_median",14780,1.91373230583384,-2.45669790694785,-2.83663285790919,-0.586043215984069,2.29369928097827,-2.09851257087012,-1.92343123348631,-0.140507555048406,0.137634386184458,1.51375216934135,2.88874462459296,4.86503606812135,-31.0604241543
"npe_median",14800,1.92490832925117,-2.49355636363975,-2.78451469437038,-0.623508467716273,2.33842575427768,-1.72562375989545,-1.81111048915832,-0.14913756615666,0.299484159226675,1.54650314123635,3.01399404380244,4.76084519486517,-29.0918740868947
"npe_median",14820,1.64160728974111,-2.4341740776042,-2.82284034125566,-0.608251192521502,2.2674687507187,-2.09083088472179,-1.77873672320641,-0.0690558032680186,0.0304890830333388,1.70417125526035,2.98889816307707,4.61793555640746,-30.1812069210082
"npe_median",14840,1.69325439044231,-2.41082424793979,-2.83325127153981,-0.611745298992499,2.32643503265043,-1.7251103818299,-1.7172609835227,-0.180969384777624,0.0766290750922348,1.77071213208021,2.99096487942026,4.36956405183248,-31.7141888854744
"npe_median",14860,1.75647988390005,-2.48251343170491,-2.80619099662373,-0.604776017499344,2.26588394851248,-0.387687088745188,-1.72519240558766,-0.157446101093145,-0.188616285378041,1.76330585407253,3.0149543697579,4.86842813916817,-35.0512112872675
"npe_median",14880,1.59861637576798,-2.30937929080894,-2.91006352202896,-0.552778038483426,2.25387662536635,-2.28088336390486,-1.62311292981798,-0.103035703931525,0.0150546705071902,1.83669391296068,2.93002004791991,4.37168899973543,-38.6341875292299
"npe_median",14900,2.03556728589471,-2.3661247869635,-2.92545814893511,-0.589725883691402,2.36435103774814,-2.03679155532104,-1.81402492416092,0.055768496927798,0.0132927308792159,1.40381009176678,3.22943603863062,4.69175936971082,-36.5366584637629
"npe_median",14920,1.59363789727128,-2.4461351522681,-2.76140427379248,-0.698970281010642,2.31613838749093,-1.28840420164075,-1.82004217060332,0.00634845992971995,0.260007053093944,1.49941056581515,2.98701575685048,4.83784842304163,-30.8591516638756
"npe_median",14940,2.03343215610921,-2.44247110053452,-2.85750158814158,-0.523359937664331,2.26255810867244,-1.9964979090075,-1.71807153211351,-0.0501743017413734,0.392457689783953,1.65507758813232,2.64229835013081,4.69249525120308,-32.5000584373122
"npe_median",14960,2.00652602735828,-2.40848651350093,-2.83189866357466,-0.60650591525357,2.28962684659972,-1.56704675998794,-1.59890921635273,-0.100792135610392,0.288255558448609,1.72750596079787,2.82173488678988,4.68873260347449,-31.2762359521219
"npe_median",14980,1.82859255770723,-2.35637646026586,-2.81803446410595,-0.588708603503241,2.14898656677485,-1.26520023163878,-1.69610243397521,-0.280371699925491,0.318351771442092,1.77413448911767,2.67430656232338,4.57594424384686,-32.4002859142632
"npe_median",15000,1.85458799907813,-2.53986883830202,-2.75481788857128,-0.622709524534965,2.26899802529372,-1.72197774117992,-1.68016860509818,-0.15429356539227,0.145852779456339,1.63079402775058,2.83821894119831,4.21905281145328,-31.5023317370826
"npe_median",15020,1.81080261319183,-2.51404545275946,-2.80421877153182,-0.559426242986715,2.23393008162267,-0.568305242331931,-1.72055570003919,-0.162835886994976,0.406481156486919,1.54913695500026,2.72388352373048,4.45189293744054,-32.0970235787407
"npe_median",15040,1.74490827982249,-2.4729889524387,-2.80039352627719,-0.59939105172088,2.29859409904952,-1.3761033786281,-1.79621965450715,-0.0898380849609709,0.138144557026516,1.4089268933276,3.1011928753297,4.34331719004702,-30.4852146964425
"npe_median",15060,2.07035091290846,-2.49921876566467,-2.82348388357785,-0.555075807281323,2.20412782347224,-0.886101558008991,-2.01079086073639,-0.110344007355029,0.0745616976633571,1.54297548179552,2.94645009062993,4.44709725538986,-33.4375637748404
"npe_median",15080,1.76331082572706,-2.42311189766315,-2.82698685211434,-0.544854148055327,2.25143317150648,-1.37417330606253,-1.8814101655266,-0.322626496637764,0.451135823938368,1.50430365894083,3.04554019318813,3.99941525006745,-34.2773216424139
"npe_median",15100,1.93020488278286,-2.4435530724421,-2.8015925425457,-0.588192890549867,2.23959063935487,-1.70260170980091,-1.72683444273736,0.014129536270488,0.285827774429635,1.55520747539969,3.15570675515316,4.08350763007932,-34.0907159832556
"npe_median",15120,1.93373220823394,-2.45712482561351,-2.79787753540709,-0.624652524494575,2.12038335585084,-1.33498785576372,-1.74221631562941,-0.0703433948762196,0.359414598517372,1.53444456190208,2.91600844152815,3.68837945773673,-33.1277641650218
"npe_median",15140,1.31971425587848,-2.42966697786538,-2.79505582917183,-0.633590042005762,2.38404272656678,-1.99937861024047,-1.86275335093281,-0.0447152762360911,0.237994791118936,1.58936577709788,2.78051296765754,4.72942812770059,-32.7905030977072
"npe_median",15160,1.53669521389106,-2.47674692270854,-2.8019437693296,-0.643694973877455,2.30786079924451,-1.36416456448592,-1.80822358254471,0.0037775192720439,-0.0650784504457767,1.78807527705479,2.88181630921074,4.59594813641248,-30.8577328251909
"npe_median",15180,1.97637508172374,-2.43339099273575,-2.79870075609033,-0.644663079523742,2.09838180149342,-1.6228155416148,-1.93245069298103,0.0597782060348365,0.378446501398514,1.66112877288789,2.94002188145381,4.17411914673508,-34.6923456478932
"npe_median",15200,2.26831556246087,-2.48577252874553,-2.76546272966772,-0.631369336013087,2.23638320719462,-1.51587674679905,-1.92214717971514,-0.0589312303425245,0.520232861034144,1.46395721759658,2.98474774952919,4.39150906442448,-34.3424180880986
"npe_median",15220,1.54453868622538,-2.43273757596612,-2.80543893452859,-0.588306690428508,2.1725198758751,-1.07939306693727,-1.85128707799363,-0.0420984569803633,0.185956123110337,1.8832470718034,2.64811488308515,4.55342003933102,-30.4560303369017
"npe_median",15240,1.72108450248434,-2.36677213682404,-2.87139246910136,-0.533215526057116,2.01014184285852,-1.29982828996908,-1.84442909931611,0.00200394392859663,0.22609546312842,1.59425631928718,2.85297540272331,4.39222604646824,-33.3773783659284
"npe_median",15260,1.1254762216646,-2.32491615236752,-2.86033850993993,-0.594751023104433,2.1222345308282,-0.682165730141113,-1.9562776094129,-0.0445085341327694,0.187846235095044,1.75487241123989,2.65487054897068,4.97032093612167,-36.7498534353369
"npe_median",15280,1.46705226557712,-2.48369862188452,-2.85549408062287,-0.511067563007524,2.23957167297977,-1.35454889523634,-1.88494171040746,-0.112481255290061,0.203281221565509,1.8590792065447,2.45967927558041,5.13934035324727,-35.2491426618485
"npe_median",15300,1.90763991647573,-2.53047483591265,-2.78292057141543,-0.49800554276233,2.11211175682432,-1.18155952762156,-1.92209135642245,-0.0707566636218728,0.269100137173829,1.70390234664754,2.71487865917285,4.94602285094757,-33.2409083631875
"npe_median",15320,1.61312072581806,-2.36309551576149,-2.95650951241459,-0.48772870942823,2.14074854557563,-1.29734840715028,-1.82110205211991,0.0908455149540135,0.215207819671317,1.61284911105714,2.65739350665417,4.78174094215703,-32.4578966021286
"npe_median",15340,1.76308837642571,-2.41949726043398,-2.90689671123734,-0.513448479375256,2.29694719992524,-0.894621583890564,-1.93855836197123,-0.0683899426719705,0.241431081265507,1.6287185243352,2.85120431643376,4.91885518561906,-30.8006709415166
"npe_median",15360,1.80442692500499,-2.41314199629572,-2.9769958641463,-0.507748057894487,2.32363192615095,-1.30132697957732,-1.82353642016122,-0.054943046960131,-0.179553120177208,1.82013207542506,2.94179596968911,4.7649880135037,-31.6769752145254
"npe_median",15380,1.83272073691472,-2.43802274955463,-2.93892682173207,-0.55725480199468,2.38651330243469,-1.67849264634128,-1.74970336522989,0.0289464714787311,-0.142396573006635,1.28742434844132,3.3005512083176,5.0118573653378,-36.4817789127443
"npe_median",15400,1.62599340797129,-2.47847506933173,-2.72721019806654,-0.738744718237307,2.40950075323701,-1.28908311580451,-1.89887205408602,-0.0473785972103506,0.439220048287392,1.25936014438818,2.96533747487516,5.00545923467275,-33.6094758302463
"npe_median",15420,2.21837275017567,-2.57473502188282,-2.7541723828099,-0.666989978985179,2.36480065001488,-2.08571873396691,-1.9950040294795,-0.043859028137798,0.393044429381336,1.26556960362902,2.89328209049976,4.84284160083794,-35.959646766811
"npe_median",15440,1.85839843879582,-2.50199673634139,-2.7994126164741,-0.534823597026652,2.15803170712969,-2.15451967307839,-1.88468079547392,-0.105941137828687,0.254551335778636,1.61703935134679,2.73973778534203,4.96829508431626,-31.6708093996993
"npe_median",15460,2.15208908770299,-2.43911839121783,-2.87303749308754,-0.516333564710049,2.06800983783125,-2.28409391661645,-1.81332489216831,-0.123291870781348,0.324470347889002,1.6969102496765,2.63347192120156,4.82254488058814,-33.0699278348204
"npe_median",15480,1.907192739428,-2.51026451672831,-2.80406504547706,-0.50472776346423,1.95188406808625,-2.30021933536937,-1.84339521380497,-0.123142431425633,0.353365560192175,1.8681410570573,2.48688789489664,4.89417004053758,-34.0970714803264
"npe_median",15500,1.73244201877072,-2.37322116705578,-2.84653494259085,-0.559674863689731,1.9951117350745,-2.01089253102761,-1.78804301596451,-0.217089943630336,0.291477555151243,1.85241944476175,2.34498175990044,4.78998101392971,-33.0586217248
"npe_median",15520,1.30667863464085,-2.36300133788829,-2.85939509503359,-0.547848169172555,2.06620611395701,-0.548728028950273,-1.83323406053768,-0.139663152643022,0.0705771813606126,1.82348395265979,2.6618559662127,4.97164805589967,-34.8939105976788
"npe_median",15540,1.62097033741367,-2.38295874792772,-2.89712321159636,-0.50418551735049,2.24077660963279,-1.67802750368237,-1.84040074396729,-0.00996706275294629,-0.00730446720204417,1.70971413091783,2.75442564306397,4.5738156829337,-35.4536916753683
"npe_median",15560,1.56885340168397,-2.50607137949484,-2.71568775380243,-0.617578878852704,2.2545160123722,-0.850477315458363,-1.8682508234829,-0.188161828303352,0.309808878800064,1.47447619096903,2.75712080499633,4.84264126751288,-33.1048295116548
"npe_median",15580,1.60126753335361,-2.41841319733419,-2.78184450559952,-0.620882992400691,2.34726844455416,-0.829351306017326,-1.85208265733533,-0.127837171817086,0.488863238259657,1.14627026856648,3.00805125381214,4.88481663097415,-33.4809661487161
"npe_median",15600,1.45670298727264,-2.36865479774174,-2.76660755166898,-0.641374791273297,2.20081744732098,-0.523732587786329,-1.84736751368955,-0.238390733548487,0.434998510605167,1.67713882936767,2.86357789518537,4.71560814585061,-33.8850235378409
"npe_median",15620,1.73806165820089,-2.38224792527672,-2.86567487549917,-0.585414817041031,2.35398950591913,-0.579627702589686,-1.76216763686297,-0.199319765435883,0.243893719012146,1.79327885585118,2.89708268922879,5.00437179834262,-32.993410325856
"npe_median",15640,1.96473520823321,-2.51507036366083,-2.75245942849844,-0.659958622776528,2.27127823491076,-0.281775363509907,-1.62381392131224,-0.170064547721088,0.307858426415786,1.32295210104467,2.90454859973348,4.80595748948722,-34.802455402541
"npe_median",15660,2.13957445176843,-2.53791047066922,-2.81718237516586,-0.600336653186693,2.18077904411523,-0.704346260450763,-1.63674831118406,0.00632316190066556,0.0402440515940328,1.7956258291436,2.77224889669318,4.60685916596398,-32.0854145226741
"npe_median",15680,1.7743312719283,-2.52199256724112,-2.8362931670132,-0.559091812104682,1.92946751096629,-0.641345060357143,-1.67716750201839,0.18498369749238,0.021121917717994,1.8706232549442,2.26560699982064,4.20604462969034,-38.6770095954618
"npe_median",15700,1.53582517366593,-2.37708754732211,-2.86997756391756,-0.578760754612854,2.0073042445458,-1.40708225555414,-1.66810698662398,0.147435200335535,0.404404912609839,1.77020342218225,2.68775369302842,3.89834818516711,-38.8394878146908
"npe_median",15720,1.81927065333385,-2.45683489123047,-2.81360000159466,-0.537187614260977,1.8395327013399,-2.02487287533486,-1.79342547053365,-0.163391234058896,0.217973262993716,2.08333270436155,2.05691690663321,4.83774400290848,-34.5084097327946
"npe_median",15740,1.72914004755899,-2.4822141699937,-2.79908246215579,-0.584990388193985,1.931151697948,-0.798411750341213,-1.75045687987738,-0.0879299187666071,0.186648283631658,1.93852187658088,2.61792825544347,4.76112452019979,-35.2559300872815
"npe_median",15760,1.96923220563872,-2.53430739893165,-2.73860365778344,-0.645300699880728,2.33600277147377,-1.42309606367882,-1.82876082925766,-0.1579413536382,0.339875633255481,1.52262279573594,3.08834447476254,4.48161027221403,-30.2396620517763
"npe_median",15780,1.74056493548608,-2.50954546400461,-2.79691906869781,-0.603568582428655,2.36466155285316,-1.18110128349834,-1.70476221180257,-0.155347117759155,0.242781728039698,1.41862452929094,2.93932225681983,4.77836324027951,-30.3917087734265
"npe_median",15800,1.53445573407299,-2.39985361112457,-2.80587327844772,-0.575845281637408,2.11009410955642,-0.639541448347565,-1.91111976415556,-0.136380629343031,0.126934290741827,1.67238899095267,2.63343102059391,4.41289710681066,-34.6446544377611
"npe_median",15820,1.44833093756653,-2.37859239878108,-2.83891987471522,-0.576764569604205,2.18255853418566,-0.877035876702278,-1.90868618188761,-0.0450506741320638,0.228118763882533,1.94847691588866,2.42403787701571,4.52510979214856,-34.7320626489471
"npe_median",15840,1.6019365702665,-2.42602241740292,-2.78260225048423,-0.62372637994821,2.35534282760657,-1.01892059392293,-1.90946698812895,-0.218449366532532,0.268220064904116,1.79168919360417,2.77916772813912,4.74937080188058,-32.0931350524309
"npe_median",15860,1.6019365702665,-2.42602241740292,-2.78260225048423,-0.62372637994821,2.35534282760657,-1.01892059392293,-1.90946698812895,-0.218449366532532,0.268220064904116,1.79168919360417,2.77916772813912,4.74937080188058,-32.0931350524309
"npe_median",15880,1.59654074031135,-2.39753243262629,-2.9057095520991,-0.591137902355185,2.33110169802524,-1.56187001268102,-1.84336098422216,-0.0600466733598059,0.227455085468731,1.59825866425064,2.85857593886348,4.42942876783638,-31.3620451666238
"npe_median",15900,1.7469830774596,-2.35224802901541,-2.94875149948998,-0.54491501681737,2.38022587506086,-1.30106499663485,-1.73258466099881,-0.116032872690414,0.375601906946797,1.56268118566968,3.08662257428815,4.32615159146092,-33.7453263812927
"npe_median",15920,2.01192742445177,-2.39210212066829,-2.98718510255458,-0.543879222807366,2.23875538344736,-2.24083199125592,-1.72525335085256,0.0724127662018031,-0.0111902777235112,1.69552467830125,2.90051916213651,4.66144437230013,-32.1582077105789
"npe_median",15940,1.85389183358895,-2.41002273951256,-2.9734790724652,-0.550311343795568,2.3118145023961,-2.25745458874098,-1.74412928926663,0.0601536865986859,-0.0666134712504509,1.73891445155688,2.86533083037998,4.69623722943489,-31.5834481345398
"npe_median",15960,2.09137651719552,-2.5703730920904,-2.84063912569885,-0.569294092160747,2.29957552653713,-1.65445225238478,-1.73532090155965,0.0242030091811585,-0.072338353035844,1.62097655349952,3.18296950513591,4.78170116657163,-33.3658334630622
"npe_median",15980,1.66681323693184,-2.43082352870395,-2.78733624302334,-0.662281912726185,2.03850509743048,-1.69430497003447,-1.90988418749463,-0.074088143425085,0.0331126705591007,1.72297470655921,2.83785418549746,4.26743536636449,-35.5488528970377
"npe_median",16000,1.92703049783859,-2.45412654535361,-2.79351020938283,-0.571069944601199,2.19290766207439,-1.48812718952851,-1.87661744013793,-0.235195498993101,0.209695595559741,1.82304431966304,2.49494597081212,4.30945285187268,-33.8065373877959
"npe_median",16020,1.9244522621577,-2.58664328497951,-2.82665481738152,-0.573592644410221,2.24723182151523,-1.07634744588214,-1.89362923194977,0.0355307205853096,-0.32054984246687,1.58458810362618,2.69557489051764,4.60239167298944,-34.9513998827325
"npe_median",16040,1.84211404342019,-2.51905360057904,-2.84567990849821,-0.610875276826112,2.28633182696452,-1.04716255044799,-1.85948686611548,-0.0018982669331699,-0.241314399262856,1.66339363335674,3.00998542607829,4.41965755552093,-31.6343283614608
"npe_median",16060,1.93892572980408,-2.47579427346597,-2.96621479537266,-0.500017653253575,2.09627648033576,-1.53313679987916,-1.80911176862714,0.176895057279044,-0.234963130381027,1.77148366844738,2.80868813712751,4.45188111010258,-32.8055012848559
"npe_median",16080,1.808430479817,-2.4835928014018,-2.8801437649713,-0.606984418540969,2.30926446393131,-1.42759346842679,-1.62970571313743,-0.0363471028257758,-0.133354302205579,1.47753057380286,2.98534061762424,4.94143408511005,-34.4308922338848
"npe_median",16100,1.87852204514095,-2.42444720065094,-2.96315217044303,-0.602312602670622,2.24158615920204,-1.03307014919389,-1.74362789570857,0.185867155951166,-0.0129999611307782,1.58435365213351,2.84607072063522,4.4163799185471,-34.1618219921344
"npe_median",16120,1.91121498769945,-2.39166561572449,-2.9500554917082,-0.604537322458453,2.19020690220033,-0.756431151146333,-1.86580628341731,0.107862404686029,-0.0964326675663899,1.59017579455615,2.60820289244077,4.73210410486096,-33.3747764194792
"npe_median",16140,2.13305211165193,-2.45989524643224,-2.83167320874349,-0.618801178902356,2.2833046060674,-1.1059538400941,-1.87500507006601,-0.110216239719425,0.0991154945769919,1.47824310235044,3.09308946006377,4.3669061339593,-31.8075432413853
"npe_median",16160,1.86125066403133,-2.45503061794516,-2.85765103717383,-0.602345378276856,2.37157423972131,-1.05946140061152,-1.80000509073126,-0.00114440768853581,0.24772733684808,1.60039835639424,3.01530698490908,4.80822399758287,-29.7955122269617
"npe_median",16180,1.69851000821284,-2.38328381216845,-2.86175126464829,-0.582584016824297,2.34094498224437,-0.915717236617468,-1.69788598545899,-0.0646012395970616,0.344616110115166,1.56947813826345,3.01159393247625,4.79452113639343,-30.3504674589333
"npe_median",16200,1.58848491639166,-2.40836697402533,-2.87714301735209,-0.55771426199728,2.27232093800967,-1.04949309613595,-1.74828084154845,-0.0121727633851944,0.237352432698791,1.69656315610295,2.60510392626917,5.03337472258529,-30.7359999174183
"npe_median",16220,1.93268754008716,-2.45307772582548,-2.90732807639014,-0.562651434515912,2.33829756751328,-0.872838727854045,-1.86169863505381,0.0244795498946958,0.0825479873239716,1.65898119039865,2.80577891140747,4.81167540501974,-29.8099541630072
"npe_median",16240,1.78239110658599,-2.43809008403664,-2.88701915342359,-0.55780921016517,2.28378725148086,-1.39339169798794,-1.80395370935996,-0.0424427727925891,0.0285213951760947,1.55113133115977,2.94829798378902,4.50937809347965,-28.722604866179
"npe_median",16260,1.95315291360146,-2.4108145770803,-2.81863106316309,-0.637637552633104,2.17439449304606,-1.57262791339656,-1.87211815529485,-0.027318499515334,0.141467539312668,1.51613974941795,2.89404030791161,4.61085033856921,-31.0390205832875
"npe_median",16280,2.17971781794167,-2.54035370228543,-2.74337291949873,-0.570254942567243,2.13006219482639,-1.51078499008368,-1.753424233721,-0.0953564459556407,0.541279614176381,1.71727867297319,2.85517044463175,4.83969863437606,-33.6498388802953
"npe_median",16300,1.79253492305127,-2.47481013407409,-2.84662609762716,-0.592016499925682,2.29878292000695,-1.00798980759812,-1.86993331293539,-0.0716124943020644,0.274097049158758,1.51769613154553,3.19527962594132,4.62566028604419,-32.9168217571115
"npe_median",16320,1.66771790602245,-2.53426029702117,-2.84396109962024,-0.556284042379104,2.27533671254761,-1.7710897443023,-1.54914662146198,-0.0623417059564155,-0.033193764729866,1.83965395624268,3.068833294093,4.88703919865659,-38.1059430501984
"npe_median",16340,1.88589266754959,-2.54587672819005,-2.81759171657282,-0.609037871571517,2.31910109963573,-1.24330770552195,-1.67865802202648,-0.143182375261758,0.120034351226513,1.78970349896743,2.62260038732845,4.82211256680812,-34.3378711040587
"npe_median",16360,1.43043231661737,-2.41116078380702,-2.80851377321612,-0.626471895776926,2.31066750653677,-0.999010176312486,-1.83191517665125,-0.103539175352699,0.191786360322451,1.58721147737236,2.54174188406193,4.93309894301176,-32.7003121329778
"npe_median",16380,1.58693114474487,-2.52636744812798,-2.74388521283637,-0.615843364611737,2.22012023153003,-1.7585934547302,-1.79282372424319,-0.142066057786593,0.448416192283925,1.2226945608409,2.76855298513437,4.3460349551494,-34.7454768992993
"npe_median",16400,1.48116261137276,-2.4571975650362,-2.8614135741822,-0.508406469685606,2.26192354668728,-1.74099941442494,-1.91248022544622,-0.307459187456289,0.00389216549432414,1.69417042958318,2.99948820685769,4.55458680490963,-36.5775417022948
"npe_median",16420,1.78060282991042,-2.33178385863126,-2.96287316217737,-0.505007739952439,2.07714781126485,-1.28572173810423,-1.79812795249466,-0.205112463731618,0.0716710923295356,1.87400921499119,2.70417416444508,4.24958328426156,-33.7339294194161
"npe_median",16440,1.83923986765853,-2.35415471222591,-2.89412985362619,-0.448159425377412,2.14194531634338,-1.48601225949863,-1.93412281128333,-0.295389992455235,0.554684158503344,1.84939597950281,3.06754902760824,4.58534882813825,-41.3479831343437
"npe_median",16460,2.00414868125872,-2.40800655594498,-2.94962435978466,-0.547605667504491,2.32864779517989,-1.69295193487017,-1.89187882714073,-0.0905695920369064,-0.120091512344926,1.59384071510334,3.11284051584844,4.27349452025643,-33.2054019290557
"npe_median",16480,1.97233436459463,-2.52541481908278,-2.80398983042006,-0.639201732324902,2.41214279885868,-0.961946869214875,-1.84224319911454,-0.098337817895944,-0.0284473803505745,1.54539729968078,2.95785929710481,4.4601307684252,-32.2942938674127
"npe_median",16500,1.86478644332577,-2.46226103032685,-2.83398213035046,-0.570975766016684,2.25033404529754,-1.18132167935053,-1.57013936381003,-0.0825577277062595,0.0125999632152501,1.723796740177,2.8107124715695,4.51868052613369,-31.7601581980519
"npe_median",16520,1.72787350609137,-2.34333574962756,-2.81841747239384,-0.653019261441346,2.28759357614994,-1.54293621315042,-1.7154054197072,-0.108443043987622,0.2067251799804,1.48942824719328,2.96288548184779,4.57606617731116,-32.5757357083555
"npe_median",16540,2.02289977681815,-2.450615589444,-2.82106461758738,-0.616643665707456,2.23053427382147,-1.24197343594233,-1.58984440592975,-0.111762582526706,0.142542030425698,1.54799058481131,2.80233022440717,4.48486975624305,-31.6804139833115
"npe_median",16560,1.724985117289,-2.43792918117703,-2.81620077008476,-0.598183487710344,2.21504300870098,-1.95643769180181,-1.78419040717095,0.0237850343908898,0.276709762612439,1.55194440004507,2.87862380735042,4.01136687793299,-31.8938699761884
"npe_median",16580,1.89161835981358,-2.47336453239701,-2.75182749088744,-0.654184975238392,2.11220815399688,-1.26119017503725,-1.59321656512663,-0.0955956660510692,0.31512204043082,1.84166871447255,2.72877362851077,4.40848349583907,-33.1567342441321
"npe_median",16600,1.91020210290654,-2.40063772381816,-2.86990089417964,-0.617648944595031,2.17650460150577,-1.05816718531332,-1.79630139802649,0.0193297378472637,0.294069900698652,1.61844171084766,2.97685337996334,4.03913828661117,-32.4940012832225
"npe_median",16620,1.61249011349297,-2.40292173669148,-2.98143608923336,-0.502556365601598,2.07463347982679,-1.36083331697576,-1.86418897855012,0.180327053081622,-0.122448926190542,1.72914154448591,2.96913258248584,4.1914433804368,-35.081125157659
"npe_median",16640,1.30872847373112,-2.48127695477312,-2.92775899687091,-0.497516943987648,2.30977800356492,-2.0610673121937,-1.7695582319345,-0.01676903307561,-0.0488027327169461,1.59411167342132,3.06061746690396,4.31406085332169,-36.3596999586224
"npe_median",16660,1.09646457545639,-2.36173748452128,-2.91115776238715,-0.510051512268601,2.26231409854055,-1.75754550791154,-1.72677359903894,-0.0260009148717998,0.123898768477975,1.48833520050854,2.94223303361394,4.53791698101123,-35.5182782616964
"npe_median",16680,1.77505899019647,-2.46939521977436,-2.81702182720412,-0.58539648678059,2.14796503001216,-0.872244382965911,-1.80755483622567,0.113210154691368,-0.069469984471334,1.7788625109542,2.82323774453236,4.92178540767768,-32.5958192283745
"npe_median",16700,1.62561533676995,-2.45638145330484,-2.8204005081194,-0.635021389992362,2.39980407421086,-1.30931313569085,-1.81034050666266,0.0779443278845351,0.0867412347348595,1.65367391497672,2.84293874833162,5.03640467760963,-31.5867526019132
"npe_median",16720,1.82930640293187,-2.54537758676738,-2.72882240595618,-0.649909541737173,2.31490567503742,-1.78741107299611,-1.87304013329673,0.065359676688743,0.26148170469372,1.56022774392849,2.88512484256576,4.61115377596358,-31.8198491338599
"npe_median",16740,1.71568653668131,-2.45720908736908,-2.84434914374408,-0.583522386042189,2.22604595997003,-1.27394268447151,-1.73306324802057,-0.105051393471455,0.244014508186249,1.59420631685603,2.45368264460094,4.77760164081031,-31.6701842758238
"npe_median",16760,1.78154009198934,-2.49003429703506,-2.79558012872438,-0.570752818650535,2.26776669514946,-1.70831006744274,-1.80395516767211,-0.106678341926366,0.53121181921964,1.57978541873951,2.63035975002405,4.70698477854465,-30.8797794744801
"npe_median",16780,1.57779107066748,-2.43819008257875,-2.85449638718774,-0.580821359148366,2.20221552194568,-0.710956582660087,-1.7999609101032,-0.152364440845376,0.181821057933965,1.5736251272557,2.93979776676043,4.59106175218963,-32.4796685280588
"npe_median",16800,1.5476596732298,-2.40769298536276,-2.92377419287993,-0.5337447610757,2.1612111366966,-0.397791195894285,-1.72025938433177,-0.00693130374399383,0.0411741262315359,1.81639266527688,2.70906916623816,4.70009436792868,-32.1756561047667
"npe_median",16820,1.22455163703041,-2.40939392270098,-2.93065930243002,-0.544334339872369,2.23145528274416,-1.10232996346488,-1.75723197183115,0.068278754940377,-0.201657681469333,1.68273127897689,2.77265312328229,4.77631089893426,-33.333542550045
"npe_median",16840,1.52713554663693,-2.40841544286675,-2.87134622553786,-0.558255974702694,2.20100006594067,-1.694744385905,-1.80224845703808,-0.147316427743913,0.0400618908396494,1.92579640794261,2.96132030808402,4.40585418581682,-32.7959021304088
"npe_median",16860,1.72315486739997,-2.44807952588333,-2.89014288555008,-0.528527478726696,2.31425947170125,-1.80480439974923,-1.69580086537946,-0.0388763331337132,0.208613650441359,1.58804101031021,2.88544630666067,4.23116700198617,-31.4583140461775
"npe_median",16880,1.84473269023836,-2.58112957230339,-2.71799800197452,-0.565232132583458,2.05251491587625,-1.67482919195152,-1.74236297070193,-0.0384521160848788,0.34678248204266,1.79907305720561,2.55795625039254,4.38059248045175,-33.3795774709185
"npe_median",16900,1.67908711885865,-2.45008033719741,-2.77893118262397,-0.68222625863553,2.28230359913292,-2.01468321849567,-1.84020362842201,0.123109410806402,0.296154077656677,1.59302327497781,3.01199643890121,4.62199797960988,-33.1987612755636
"npe_median",16920,1.5479588613981,-2.52857606597942,-2.74683765472903,-0.571833460765026,2.16458208359832,-1.95098568756021,-1.90731176679007,0.00866089578768872,0.290294479868265,1.80917145014035,2.76096383100747,5.03608938985656,-34.2991537853395
"npe_median",16940,1.73402767116613,-2.54353750398604,-2.77231171971268,-0.616770467588429,2.37295378303032,-1.47879354587014,-2.01940549438234,-0.0103010771198439,0.356955314857631,1.73905909479815,2.56583788481008,4.88820379202558,-35.5831558358982
"npe_median",16960,1.38630034099243,-2.44236833812419,-2.88957151655931,-0.590223001855195,2.35672040171079,-0.852948746750446,-1.92628932706213,0.100168826083117,0.252871389568752,1.63952596684263,2.79788118354102,4.62803360002309,-35.7126760109274
"npe_median",16980,1.98388284386186,-2.41220344500342,-2.91092440784583,-0.617556522250959,2.20982386245924,-2.15441392039444,-1.96895896027271,0.164615856142479,0.0132394701355475,1.75437127914501,2.62542140546028,4.77945788112113,-34.4869823163908
"npe_median",17000,1.89320766712497,-2.41274239188401,-2.9412427760444,-0.53817077882644,2.2241718320951,-1.80760051117036,-1.78269963019311,0.0251450140386984,0.0835453896325956,1.86470453278812,2.63168058635553,4.89373701932563,-30.6296573837541
"npe_median",17020,1.93230319231395,-2.49712897435985,-2.85217633975215,-0.568218411456946,2.03626008816101,-1.57024240273594,-1.94437248991686,-0.0571446252306756,-0.115256268442477,1.93838081335385,2.47705192100808,4.66311302851775,-32.4188985662546
"npe_median",17040,1.76964205759462,-2.43920518345054,-2.8382310576352,-0.61149179428801,2.17919603135259,-1.43196637029476,-1.88340250661221,0.0444594679694995,-0.0348272104528478,1.80526794935324,2.51973061658702,4.57649165923678,-30.8073292172486
"npe_median",17060,1.87361671061302,-2.51843806036509,-2.8271197297311,-0.592893934872616,2.27574913686634,-1.34286946396128,-1.83934506839829,0.0785813604746547,-0.0202424724744757,1.61238439457437,2.74967703118766,4.92044350620213,-30.0516426716907
"npe_median",17080,1.77835447911367,-2.45546665107215,-2.82616924517455,-0.621592440349731,2.25745983029493,-1.19890130137064,-1.96119944637923,0.0734839163264758,-0.0399146730876059,1.75621403377315,2.82171130310049,4.16911675686849,-33.4788471047148
"npe_median",17100,1.88033109608005,-2.45930497663047,-2.82111546455531,-0.702173516436109,2.08942203215146,-1.10886026894113,-1.90837289034992,0.149611191069618,-0.00478912741827484,1.76207530334753,2.57128007495168,4.59093855701193,-37.1600424848549
"npe_median",17120,2.1329741649791,-2.49870862651038,-2.80142740674674,-0.77445226687041,2.43036906173587,-1.34159251042503,-1.77161996777794,0.0887715026020924,0.22691875006364,1.30963114608439,3.03147648097733,4.59088850082761,-37.6019374534082
"npe_median",17140,2.02292973754342,-2.4898137430901,-2.82676933253494,-0.622837630549982,2.3928895732464,-1.07113191866218,-1.83284117697071,-0.131874465923118,0.396394618889335,1.62492263196277,3.06409994871418,4.718519284376,-33.4670508348676
"npe_median",17160,1.79179426297311,-2.48832319350645,-2.8212749786584,-0.643538894640656,2.53814024355139,-1.84186434931519,-1.80571673975876,-0.130956432071714,0.364415763724796,1.38913499140982,3.0557307087206,4.88799925754935,-34.5988227941282
"npe_median",17180,2.04473709470878,-2.47175640341986,-2.93733788636617,-0.576287335174018,2.37764927233042,-1.23126157985997,-1.83124115984944,0.199064533324437,0.186097702625693,1.3511468851504,2.96593031292514,4.49431122284364,-34.7280931988566
"npe_median",17200,1.88639185007085,-2.38963385139002,-3.03059552041135,-0.49791353456511,2.39162817348261,-1.45515234222664,-1.63225677495767,0.150958240637689,0.128652505607552,1.38411394264773,3.11211241309211,4.78174403066561,-36.00650651253
"npe_median",17220,1.97225114218037,-2.44529752501818,-2.97679534636823,-0.515073771525564,2.28711405429004,-0.998275370456368,-1.69938394031975,0.0590399747306387,-0.0568714321189871,1.79816985733979,2.86491320048054,4.73905981852247,-31.5911441754082
"npe_median",17240,1.95699825905526,-2.38175279273641,-2.9917196893186,-0.512626417248711,2.33616159808396,-1.14498402152339,-1.73017277288604,-0.0295433541385772,-0.0154651505309383,1.77529719256886,3.0199428022636,4.74614236876069,-32.0241799886543
"npe_median",17260,2.01903281918819,-2.41928817199795,-2.96772459579551,-0.467395325994125,2.14118265490501,-1.24618654862613,-1.76956852097376,-0.00312311750211218,0.11712569610605,1.87581919051384,2.77411106079386,4.25940163802321,-32.8744552812959
"npe_median",17280,1.81851301904108,-2.36169294623661,-2.86106660090115,-0.607771469144499,2.28372164517473,-1.24429999234154,-1.89194944743303,-0.173035623882258,0.116726539291383,1.77984420080682,2.66978669645463,4.32333519463659,-33.1629944671455
"npe_median",17300,1.72684389871443,-2.31953607633455,-2.92889388439685,-0.56928301073053,2.30849498272284,-1.88772672400162,-1.78214995199402,-0.0383775153167325,0.181586447533918,1.68898220450817,2.55030965241088,4.3399421318396,-35.749350034654
"npe_median",17320,1.52420118867611,-2.25931839708243,-2.94729454133982,-0.550588423027921,2.26965978983382,-1.31820637646739,-1.73360241855424,-0.11704155989925,0.295765405644024,1.52775702702453,2.71951028766626,4.31915954273803,-36.235070045117
"npe_median",17340,1.53530879615263,-2.40725966982639,-2.84388475304011,-0.550961642645192,2.29994745926087,-1.22831950609222,-1.75218706342138,-0.0585780871687123,0.456611032682761,1.66193126437895,2.83030119499746,4.402411513446,-32.1465374252197
"npe_median",17360,1.6110245512987,-2.51040841461792,-2.75106963002321,-0.61909356911037,2.1724841160964,-1.93587180193273,-1.89873264595324,-0.157050228491478,0.509429444549343,1.5906926783042,2.49715573857276,4.51792356695284,-33.9871942026709
"npe_median",17380,1.86905770896696,-2.33444808783006,-2.90744059632784,-0.63490438235175,2.3374936774991,-1.37310236869442,-1.9062710889936,-0.154306296694959,0.13191862462683,1.69407782577596,2.55028234116335,5.06701121506673,-35.5537512259786
"npe_median",17400,1.67980818124376,-2.27515548744956,-3.00071457130325,-0.486222811823308,2.18210729397418,-1.92941711934004,-1.84699873658683,0.0686154791648323,0.393734405489809,1.52129522228289,2.96179698032233,4.68453703546423,-36.4021216351196
"npe_median",17420,1.49036192436101,-2.39335285878135,-2.80987077473515,-0.599705595650628,2.1101510972878,-1.80483641386831,-1.67746259814145,-0.0940459810377128,0.109937242290149,1.72264220029175,2.76525025945314,4.48718315053753,-31.990316871745
"npe_median",17440,1.09277025031327,-2.49756320145403,-2.74958407013499,-0.631908604822348,2.22761999881735,-1.80858060961719,-1.71890295878368,-0.0558745707819148,0.258575577302001,1.4407771549199,2.86055845373853,4.54785688691372,-35.065500483922
"npe_median",17460,1.27147185988529,-2.4228726216518,-2.84856710236415,-0.61109335359041,2.21198605106141,-1.90710123777776,-1.8210641034823,0.0121396191402771,0.0412348092597529,1.75313114883797,2.62748755442433,4.82293501040174,-32.5715690177907
"npe_median",17480,1.91144957309533,-2.36548204277048,-2.98769020783483,-0.467609712996022,2.21551079297978,-1.87443998733252,-1.93902919250882,-0.115078093837447,0.32555809531533,1.60351376518163,2.56418897282817,4.39675076845309,-36.3207144003908
"npe_median",17500,2.17255416381979,-2.41322286023029,-2.94757772265845,-0.497551919263521,2.1755955796777,-1.61615748494398,-1.90807640752685,-0.0511065321478218,0.361479777483926,1.61232571129351,2.58972489507227,4.65219703100463,-33.6713197703163
"npe_median",17520,2.07075370513471,-2.4032089413186,-2.88012282531103,-0.606195798777545,2.10348798667789,-1.67711103514006,-1.97148478404755,-0.0962485741699027,0.0679976935569568,1.78394777205475,2.55958991253767,4.35079340984182,-33.9587378941589
"npe_median",17540,1.85235212127249,-2.34805760780046,-2.88940192811275,-0.620606051310194,2.3088329930675,-0.935486760246823,-1.77534795933426,-0.206099776289206,0.205011043376885,1.38971253504918,3.01953493509775,4.83640495560267,-33.6206936039849
"npe_median",17560,1.97609541301455,-2.44190677631093,-2.91660837737416,-0.563941979832002,2.33818785791109,-2.20234052906301,-1.71117870631428,-0.117247258631998,-0.0782282230994113,1.56466113150146,3.01036262014275,4.51587078568442,-32.4042245802347
"npe_median",17580,2.17809919320749,-2.46512329324198,-2.92429906431615,-0.559419924728017,2.38434541057569,-2.33854986271385,-1.66027039510538,0.0330721379800072,0.0679345616243473,1.52159037773284,3.23103997544649,4.49220642147411,-35.7800186165955
"npe_median",17600,2.21546340353945,-2.49123227394858,-2.85342535065606,-0.578786260783289,2.42119623061317,-1.29534213979313,-1.84109193345158,-0.276379998059755,0.116428963742453,1.63702468587748,3.02549640102015,4.4909728762977,-35.1256366854443
"npe_median",17620,2.05972814104296,-2.46295656245002,-2.81911168305953,-0.607204782384369,2.41123910579607,-0.909152816990163,-1.80544991776464,-0.26806740758978,0.241126710318422,1.72499449707766,2.8274242533444,4.61120993883616,-33.1381760643724
"npe_median",17640,1.54396630527582,-2.40413634505961,-2.81410476056993,-0.602787491938393,2.28755325918085,-1.13400595539643,-1.74648951400488,-0.198393592482963,0.380979924654454,1.82014483443248,3.0188830629131,4.49241003847499,-33.3534716696228
"npe_median",17660,1.44972303823612,-2.39708358472423,-2.84814202517894,-0.603395005585448,2.28714877398542,-0.918908235220019,-1.87165167571395,-0.0635113614303974,0.299139424576637,1.44054263284899,2.98065172132454,4.31914680956962,-31.2904465040152
"npe_median",17680,2.03882995233671,-2.42096564778475,-2.92315335027425,-0.471267947754818,2.21780757546947,-1.20601728696041,-1.879118655329,-0.057902624111313,0.383762999490954,1.72676703243125,2.79908992640342,4.61221450255388,-32.3097175147453
"npe_median",17700,1.69726281241349,-2.55904484559542,-2.78405652020601,-0.505651206416695,2.1213715913528,-1.30133306055097,-1.77568849785788,-0.0620785596966694,0.260055880736924,1.83904599206338,2.41269528942104,4.92910365540976,-33.4171126728566
"npe_median",17720,1.99741506935272,-2.49803649019485,-2.85824700034978,-0.599689140962262,2.31559961412699,-1.05282662162156,-1.93375705956655,0.0666081068128902,0.112988610619729,1.50735089253947,2.87866598280408,4.62439271815642,-30.6164578985998
"npe_median",17740,1.9137059954102,-2.5248999412642,-2.85997459185036,-0.585940129369551,2.27863233928661,-1.36061273239264,-1.88335166789455,0.0695284653567718,0.0678720719052161,1.72401009981748,2.70011559459996,4.60896245216421,-31.0924538016103
"npe_median",17760,1.88063447802678,-2.47116728196186,-2.85439369780033,-0.555539564208023,2.18662955075128,-0.969704117355953,-1.94935062807082,-0.111326208104425,0.106393247470231,1.87922272324909,2.52832889830253,4.64523261502009,-31.0330027689611
"npe_median",17780,1.65191140118654,-2.4713117192509,-2.83874629022906,-0.635214136478557,2.21286166468561,-1.90811707605397,-2.00779011965597,0.0226414408863146,-0.113508010965382,1.63730535118162,2.94291698758443,4.35968735533806,-34.0222754343217
"npe_median",17800,2.00678747218685,-2.44565871212197,-2.87559692950062,-0.558165881410643,2.28879834675672,-1.61105512131703,-1.91046175981054,-0.167434131562915,0.00759071451701773,1.69053093968479,2.77825160629988,4.43342802028748,-31.7269077289766
"npe_median",17820,2.25295844859721,-2.48227682531675,-2.87018232340769,-0.535580869823154,2.24358015125921,-1.65558692116404,-1.91686904454785,-0.198368220949449,0.0802980129654438,1.69409465771971,2.79734525953089,4.20815840104217,-34.8416232384948
"npe_median",17840,1.96235615034934,-2.44054175723645,-2.85329713293904,-0.57375586408395,2.26474238130852,-1.52689689927757,-1.90791929008983,-0.0732620112752425,0.290269199313411,1.21838329571311,2.93367693281342,4.79287841013674,-31.8699515570756
"npe_median",17860,1.87424800748466,-2.40488929479833,-2.87120193370714,-0.582090780984116,2.31098201560622,-1.19824677604985,-1.92647548127592,-0.15083924393378,0.354925019070175,1.11055279692916,3.2572444319021,4.77320940920424,-35.2263093353659
"npe_median",17880,2.0670717477053,-2.55469680290363,-2.81626530647339,-0.508893160442211,2.29123154410992,-1.40555445017343,-1.66291976060339,-0.14788313607814,0.296302370449599,1.58017667485874,2.97004970309293,4.71903079050042,-31.6448841824543
"npe_median",17900,1.83172124224089,-2.49769498040204,-2.85265456589109,-0.515222405610472,2.20324567466352,-1.09923087515916,-1.85694034259334,-0.0120381834831254,0.254046601170565,1.9425978727642,2.70889041039434,4.31649306954047,-33.5139244611536
"npe_median",17920,2.0775108521713,-2.39653427941745,-2.92102604735101,-0.564072784956354,2.26900797807163,-1.81827269625857,-1.58633112073038,0.0275293764585685,0.190350199186774,1.72951284758294,2.69661605614413,4.60366327756479,-33.1246480866454
"npe_median",17940,1.89867339457901,-2.40332267181246,-2.80862070546579,-0.638801313653249,2.14962410920567,-1.22850161364171,-1.77444399121153,-0.104625111064505,0.382145493363287,1.90189145123015,2.57618935133831,4.96424024246491,-33.1853120686401
"npe_median",17960,2.04927979459523,-2.42217004195209,-2.87965698937968,-0.534072604968523,2.22818555036225,-1.00469148964844,-1.83840523385729,-0.103548274707439,0.514781172329343,1.68865392300991,2.66591314620773,4.45123353721701,-32.5422439561171
"npe_median",17980,2.01407060000131,-2.42977953101368,-2.86316128289313,-0.534336839038843,2.21448671982122,-1.7105829080652,-1.85235641995469,-0.0168140659974432,0.39057496948476,1.27854520464989,2.89531024968982,4.54779026569757,-32.4709592261122
"npe_median",18000,1.70754430778609,-2.46942901936477,-2.84054737931772,-0.55115272973192,2.16804543732251,-1.93823269398907,-1.95036400266442,0.0248823035315717,0.374111212633677,1.64128185555211,2.81554375951043,4.24099219341777,-32.5147518823604
"npe_median",18020,2.02460439808227,-2.38388734506703,-2.79464808830961,-0.646187963593547,2.16745077831798,-1.36195779924565,-1.83438535500926,-0.0180169216488299,0.352310880834266,1.76341481492047,2.81765065638301,4.33504380262933,-33.4947706561673
"npe_median",18040,1.68734142614989,-2.37938789204635,-2.85581562264241,-0.590575601898368,2.09891380755542,-0.146488755973177,-1.74444337592156,0.0465880257094765,0.394480155793426,1.68722942879865,2.83778680153032,4.6623739787766,-35.2254383829149
"npe_median",18060,1.89425403201821,-2.38298586281059,-2.89145023122938,-0.579927252896753,2.14433562765982,-0.710916914254862,-1.60701087405297,0.0756784980197927,0.31988620908701,1.721882407804,2.83078030065,4.93302035170729,-35.2263734280116
"npe_median",18080,1.75645940785176,-2.39351677092417,-2.87697061817258,-0.580631656558616,2.19733297336738,-0.924119453609033,-1.76719434770272,0.0364397169968046,0.393385265175021,1.5711535880971,2.89930343881987,4.58587772629265,-30.8234891663774
"npe_median",18100,1.65868239165337,-2.46246407832204,-2.95090726850969,-0.490647283765772,2.27893465967162,-1.15760326318311,-1.74383950679052,0.0263857178976229,-0.119794299841011,1.92478888871616,2.84166134191045,4.49538257602475,-33.812598262737
"npe_median",18120,1.34060659144548,-2.39210533380764,-2.93107891438992,-0.572598653831033,2.22862170531982,-1.46362430013472,-1.77645186112967,0.0344311805012662,-0.0914144949747816,1.75135918331798,2.57350327678403,4.76616864548737,-32.2153008230987
"npe_median",18140,1.67853888622839,-2.42204064976512,-2.90375271224168,-0.472111598920478,2.13201214131029,-1.81930697430846,-1.6892018303246,-0.131460352046678,0.240649006399216,1.49186417644286,2.89383618196789,4.33484268974752,-33.0272962255653
"npe_median",18160,1.45698271329379,-2.35953926654172,-2.91379341652273,-0.542845616016326,2.30188426684506,-1.21410345374735,-1.79234177907868,-0.168136385026383,0.0889656623442029,1.48608379452743,2.96556167200847,4.90758064071839,-32.4480659521652
"npe_median",18180,1.90561855991466,-2.53148918171339,-2.70670949914303,-0.60986068975331,2.22959981057427,-1.32924362734404,-1.74301782280126,-0.237967362201253,0.243036156985304,1.6698098051327,2.85029516264279,4.28421858825967,-33.1503432857946
"npe_median",18200,1.85169619584409,-2.502831593031,-2.7109680328051,-0.66129842492905,2.27770423348561,-1.40416938786991,-1.59411316381352,-0.215317299974881,0.184125856790051,1.66190246763811,2.8740066622875,4.48055669916236,-33.3594038101344
"npe_median",18220,1.70149754431287,-2.44629574198612,-2.79642397898783,-0.566108758121319,2.05018399557225,-1.38967382624264,-1.56305424562199,-0.0525774788314193,0.346012710749633,1.67731932756462,2.76339363874161,4.86846555317783,-33.5518331242758
"npe_median",18240,1.89362098431977,-2.34681553937202,-2.97226662692532,-0.578939978800623,2.19632375420548,-1.33615886470634,-1.63718235544383,-0.0252840549083046,-0.120917147310953,1.55766146709227,2.99054314718229,4.52925541065678,-33.856792897156
"npe_median",18260,2.05466535517678,-2.38774434420536,-3.02114563160293,-0.527283434571126,2.21888888951879,-1.39937459730048,-1.64743576677025,0.00941772538089167,-0.226053973746653,1.64053210647376,2.9656999342638,4.79569696042083,-33.6777542890741
"npe_median",18280,1.97768108727593,-2.45770260696207,-2.97875919852595,-0.506770631431701,2.29591416914861,-0.868013081210692,-1.61464163532804,0.0366013985629835,-0.152893295857602,1.53572771419197,2.9828122345142,4.48875265069066,-33.6719672216566
"npe_median",18300,2.07329154573445,-2.42949130271464,-2.96935857868375,-0.555097991255883,2.38428253698789,-0.843897508201051,-1.89770476405008,0.0162358764267229,0.130181889441505,1.78806463816372,2.84410483694759,4.57452566565936,-34.8224256224382
"npe_median",18320,2.21220420122101,-2.43770905373759,-2.92507033249389,-0.505621392122585,2.22651531505426,-0.973909795306224,-1.96359559912191,0.0259147454429542,0.222490890941601,1.83773882903899,2.80854279986779,4.28995384370886,-36.2719136838603
"npe_median",18340,1.73369965196861,-2.41688107556355,-2.95992617229747,-0.479835048229613,2.2249046127831,-1.16203709112437,-1.91778159520081,0.19475386842272,0.188529717263205,1.5160286649912,2.89366239340555,4.32605136020501,-35.9944405520456
"npe_median",18360,1.2616194056471,-2.44633358974243,-2.7490724224021,-0.665512880867545,2.31893992551578,-1.32699142276012,-1.80240080573127,0.0958694705901735,0.405019682532026,1.35658104331475,2.95966160751067,4.7684080660258,-35.6613323474764
"npe_median",18380,1.18399243812159,-2.26535640075065,-2.89469959186926,-0.566741614933567,2.21831523776822,-1.41351788044401,-1.89463839408015,-0.121766215065102,0.403753095688155,1.84788679972609,2.41086585625108,4.8906990396004,-37.7319755847479
"npe_median",18400,1.52972739388271,-2.39344516049365,-2.8501596347056,-0.627437629876817,2.16737928450702,-0.824068568150123,-1.98084297047981,-0.0422758778731527,0.336770362754313,1.53843865920413,2.57948675449875,4.65879595023429,-35.024845480454
"npe_median",18420,1.91750590707821,-2.4250337754724,-2.8583568842272,-0.493090593685127,2.18508905586992,-0.793341579891961,-1.94445072141527,-0.0700447597245554,0.398319698987508,1.50119316686178,2.79004212232273,4.98042440193854,-33.7970546124602
"npe_median",18440,2.06458063297809,-2.3782828050055,-2.93993808959235,-0.559367724205404,2.19841544883007,-1.01275091121784,-1.85510765325621,0.0641042647090308,0.180298370035584,1.6365759781714,2.67048868128444,4.35846325485919,-32.5774602188123
"npe_median",18460,1.78295433000155,-2.48318298422421,-2.80549688431783,-0.53413147255595,2.06241202277172,-1.35954456430303,-1.88272759351719,-0.0122242502521659,0.100141383767242,1.88466198122023,2.53219269605514,4.569708711383,-31.5834472044379
"npe_median",18480,1.8664023616332,-2.43357542830385,-2.75617299380861,-0.642274702984667,2.20494555101675,-1.31910356928997,-1.92692436224715,-0.117757523249406,0.310427865621917,1.58215262492984,2.85361977475544,5.04073058764878,-31.9600039943932
"npe_median",18500,1.96185682629117,-2.44423031441893,-2.8486675129196,-0.574473780912902,2.17283608221005,-1.49863032548525,-1.86432505244791,-0.112028269407667,-0.0553493309728534,1.91142254271555,2.8578074572074,4.57126887523274,-30.8967772151375
"npe_median",18520,1.95076081107629,-2.52523358308607,-2.7874438757336,-0.528259524350309,2.14519766250797,-0.685470236218717,-1.76406175290774,-0.226883226589704,0.210175132421547,1.7313637391547,3.006560270906,4.16509447616018,-33.6251976415965
"npe_median",18540,1.52470466873042,-2.44908330382093,-2.84298082786675,-0.48648167982712,2.19490027197906,-1.00708532647109,-1.83650511319055,-0.239002421329022,0.2576808172751,1.45708174117232,3.01009668597372,4.71065088851595,-33.9255018143042
"npe_median",18560,1.9548256694155,-2.49184133973324,-2.78963350647831,-0.573010774009065,2.00525962512862,-2.09304080084209,-1.88360430145041,-0.119003283744872,0.285678959921812,1.84449379814529,2.60851827478963,4.38393397990999,-31.8455103216441
"npe_median",18580,1.86693167158737,-2.50442240181009,-2.7776388179516,-0.529285571276265,1.94347704783962,-0.808611678142064,-1.82719300412153,-0.176343824016153,0.168354080242897,2.00027544648469,2.29570493301357,4.59866749413617,-33.4851591560107
"npe_median",18600,2.00367928200538,-2.46332965364076,-2.79951562354489,-0.554510605623736,1.9530167039106,-0.424603549699372,-1.76887666975683,-0.247917417684468,0.249667729180292,1.95440780292571,2.14086036909899,4.73581546403382,-34.9436075325373
"npe_median",18620,1.87549387894979,-2.36168027537733,-2.8726301473051,-0.559802833238891,1.96454867501304,-1.78832923146193,-1.88592568818312,-0.0665134435455342,0.529177232721036,1.88522818664375,2.19593649275268,4.70838058147385,-35.6260326901637
"npe_median",18640,1.82130670187734,-2.42950625315022,-2.89546264178876,-0.573212647699032,2.20020138571065,-1.01019132505143,-1.79857166856437,0.0120475065404007,0.149044819342955,1.8249567630432,2.12311903642753,5.20948251174415,-35.8233295081347
"npe_median",18660,1.66524572116912,-2.37108114841389,-2.89745136204383,-0.502969980496435,2.11641630715049,-1.58076039942817,-1.7630541199023,-0.111823193570994,0.319105228548304,1.90150062265417,2.06545780364221,5.04973516033335,-35.5545998505393
"npe_median",18680,1.61130078785852,-2.38733497909421,-2.88547511803722,-0.492192583059062,2.19632208751623,-1.66267119988214,-1.77492603144503,-0.137534054183769,0.353971320927729,1.92447585068187,2.21635215339139,5.07053130712564,-36.2586172314014
"npe_median",18700,2.31881623721823,-2.50203865166732,-2.77926678938491,-0.564027577159519,2.23883082907367,-1.11947071648405,-1.73333283874482,-0.253597382113082,0.28024158342183,2.00125308163553,2.72017935319067,4.73402898171249,-37.7330508377086
"npe_median",18720,1.81145569805194,-2.4282547580224,-2.82303882657928,-0.571759869045829,2.30580634222442,-1.70472253793862,-1.77795553653463,-0.198914873787417,0.498570979749617,1.67302651896154,2.67000835913877,4.93888549116097,-30.9564611828522
"npe_median",18740,1.75717357488421,-2.42877426133511,-2.90497145516636,-0.547263846072506,2.1987081832875,-0.7320049387953,-1.83376754870695,0.0652605244324565,0.0591715069083346,2.05470101406567,2.55158753967259,4.96245474849877,-34.186216962742
"npe_median",18760,2.13694147609481,-2.4720617536272,-2.95606569219684,-0.554916657063735,2.1498505376651,-0.966460338282446,-1.80958421437509,0.158973653489834,-0.153554561406388,2.01282728811704,2.46750874057586,4.5869990696578,-34.9450060165387
"npe_median",18780,1.6436781323678,-2.52237525060607,-2.86776542069759,-0.54965164259198,1.9713354038295,-1.17973007368487,-1.84183554195521,0.0895301995570587,-0.0396564620617883,1.91718672096064,1.98838640563569,4.5770493618477,-36.851100018339
"npe_median",18800,1.86774810329661,-2.51152039704927,-2.82689997280849,-0.53027621689439,1.86394651782392,-1.6219477584933,-1.80402038828708,0.132481878881397,0.253666861535703,2.00211425669582,1.7902178836189,4.94005958074748,-37.9217226612126
"npe_median",18820,1.94146739619631,-2.5803873606454,-2.72621571494064,-0.589817735484152,2.12184057136897,-0.858475847705832,-1.84066586606369,-0.14259669913495,0.342781754687013,1.73981198696987,1.94734318157201,5.06506154883631,-38.4101841985804
"npe_median",18840,1.98950880107884,-2.45944589748107,-2.85652356473466,-0.472226241996842,2.04568152765595,-0.723464086396166,-1.92844918288047,-0.220959136928379,0.403506338529553,1.81234956536155,2.3396736105689,4.44446948746219,-36.687225990667
"npe_median",18860,1.83118765930461,-2.40772583634522,-2.90497079769924,-0.463945544638882,2.07377785185903,-1.39896541548422,-1.66365427131523,-0.108127905062535,0.277223246810435,1.84455223974153,2.81124621886247,4.76846620006605,-32.5551268613645
"npe_median",18880,2.10191365262307,-2.40028881311768,-2.89280941550233,-0.585024961006951,2.12141080010175,-0.911465103071236,-1.96688261242935,0.00877391470488408,0.132922404801625,1.7196369748945,2.79396598514576,4.58672855983243,-32.5318821280913
"npe_median",18900,2.01041730351148,-2.4943265869201,-2.76530587244028,-0.58126600218205,2.07036084778796,-1.03250012746625,-1.79157978420515,-0.232332449798245,0.219635556568467,1.64889650503715,2.69164275952473,4.35507441978246,-32.3528623104928
"npe_median",18920,2.01041730351148,-2.4943265869201,-2.76530587244028,-0.58126600218205,2.07036084778796,-1.03250012746625,-1.79157978420515,-0.232332449798245,0.219635556568467,1.64889650503715,2.69164275952473,4.35507441978246,-32.3528623104928
"npe_median",18940,1.62744437498157,-2.55845676099554,-2.76762649364757,-0.506578149084342,2.08136004559264,-1.35680528500997,-1.72916797041929,-0.178617419784694,0.0627278928695896,1.91224051032734,2.68001935636161,5.00766142765858,-34.884312752442
"npe_median",18960,1.79941460791529,-2.51391568903116,-2.84008736703832,-0.551545114671533,2.09802117892997,-1.21444181650007,-1.85167611479366,0.0170750078315733,-0.0976207858726255,1.73001491070063,2.97946978639311,4.38796709107265,-31.7415781505795
"npe_median",18980,1.69242302033012,-2.35647276173343,-2.824329527339,-0.606350047938323,2.10595721388082,-1.59285643304685,-1.78590734226073,-0.149367307783939,0.36373845342317,1.79683171442367,2.68509538572485,4.47314606306088,-30.8711867996828
"npe_median",19000,1.45957840117215,-2.34676028170532,-2.87289676638169,-0.57791551736616,1.96523779122796,-1.58327702043534,-1.78381504586546,-0.0525822209827638,0.204819155016927,1.88337263615076,2.69079127309883,4.34193801520183,-34.1654476654069
"npe_median",19020,1.8520965431981,-2.38606428391448,-2.75699336326723,-0.681289489518763,2.14036705598342,-1.62141677592265,-1.74623693297195,-0.300945403399151,0.234791470295292,1.79507807917705,2.55839933520266,4.65240667588838,-35.4013535299372
"npe_median",19040,1.70143171755184,-2.49152911232577,-2.72982735817075,-0.64435764755082,2.26638174050455,-1.92373663598722,-1.74947381310652,-0.188775465159143,0.43035349007782,1.49341278165659,2.63102616244866,4.89720410911746,-31.8878566215662
"npe_median",19060,1.70143171755184,-2.49152911232577,-2.72982735817075,-0.64435764755082,2.26638174050455,-1.92373663598722,-1.74947381310652,-0.188775465159143,0.43035349007782,1.49341278165659,2.63102616244866,4.89720410911746,-31.8878566215662
"npe_median",19080,2.07200738122325,-2.45220876005154,-2.8341346238361,-0.633439128633039,2.29109252144469,-1.32023829324124,-1.92532936348889,0.0407984041713794,0.350598114091653,1.64653026570625,2.79437370946427,4.47491566676782,-31.6024602232787
"npe_median",19100,1.99846126647515,-2.47426279978039,-2.79202689298936,-0.597839754293028,2.12365017659274,-1.09747688073993,-1.83331727444787,-0.107337906057374,0.286543645802939,1.66305094299839,2.54437072902613,4.59333712972597,-29.688925491299
"npe_median",19120,2.21001070851414,-2.58609372371823,-2.74590575085184,-0.652174573624097,2.35499341037319,-0.846853649054623,-1.90878259130754,-0.134196670928949,-0.0418191268232585,1.53375148887294,3.10470130086522,4.50921610402356,-35.6717124414373
"npe_median",19140,1.87573917328092,-2.50562581639054,-2.72116538460226,-0.591655464245218,2.17059605211123,-0.856993977290529,-1.68318568010396,-0.0320693223599498,0.0936530158910876,1.78153626639621,2.77528402169839,4.75910872648201,-36.1894960874518
"npe_median",19160,1.98309321052654,-2.42247895710108,-2.82243521722207,-0.533334267114199,2.19975404572517,-1.44951313202018,-2.05683848547476,-0.0144899189280986,0.257429371660727,1.67582116651297,2.67422111531348,5.02705433848302,-38.0730953339767
"npe_median",19180,2.11148293995718,-2.51757615066223,-2.87945669850555,-0.553682413537201,2.23144379296264,-0.669135854493373,-1.95362943559726,0.152198424333215,0.11030368696565,1.27728092413013,3.02007172235483,4.43698072821582,-36.4059244008624
"npe_median",19200,2.11867454046876,-2.38961017924985,-2.95553009021643,-0.510268770410248,2.21761340253323,-0.803917390251746,-1.71720234208111,0.0649725697029622,0.160292101499158,1.38996120338484,2.96355117328462,4.42479900960686,-35.2407519279558
"npe_median",19220,1.91617737664098,-2.47934645215607,-2.89643947382735,-0.598161742875891,2.37282739792029,-1.59379704705589,-1.7083328701786,0.061270576534054,-0.0933407909009179,1.51366861910942,2.82998128176937,4.67841007341157,-31.1285538717249
"npe_median",19240,1.80402582026171,-2.4542662417493,-2.87258634748886,-0.580279041270802,2.27086517774539,-1.829965958123,-1.81367929726409,-0.00242215357740404,0.0374540521458125,1.7082027438174,2.53804256668816,4.73281887867309,-30.0677857511862
"npe_median",19260,1.59710826431074,-2.38766365930426,-2.90023741555622,-0.559338766702245,2.18626103740692,-1.18313056892911,-1.93198399082656,-0.125295275670193,-0.237227905227482,1.73594789890597,2.83165531629387,4.71027923678242,-33.7282827466287
"npe_median",19280,1.77438930050497,-2.43333109176504,-2.85545705198664,-0.590172319057891,2.21674945586661,-0.81218131834899,-2.0248323897765,-0.167291954976757,-0.140842229845453,1.85240610869636,2.58226000045384,4.78081830574422,-35.0240671160954
"npe_median",19300,1.57595741940358,-2.3254485057749,-2.93097745526507,-0.611104346102373,2.17049947675535,-1.17072502840817,-1.88414495347156,-0.0914110472703422,-0.120735633855728,2.1126224695297,2.40092276811678,4.5299237408314,-37.1946112643189
"npe_median",19320,1.59598557122726,-2.40656913020493,-2.8074824185304,-0.686537057477424,2.14503115758405,-1.75860400370118,-1.87566485804909,-0.0608073493236245,0.0569205545862875,1.88741927924847,2.53174253935908,4.45257275123752,-34.7183094654599
"npe_median",19340,1.6617160077737,-2.4397503990874,-2.82838458417449,-0.648958876524439,2.21577200413419,-1.5683698865299,-1.86502135784751,-0.0820529802429377,0.0462951372719471,1.88561821560025,2.83654339612495,4.21405052774464,-33.6434626568281
"npe_median",19360,1.93192999525773,-2.35322362437492,-2.89568098018876,-0.613123157128432,2.3223611215481,-1.3571532634576,-1.74750733741926,-0.133561223461986,0.236724267068283,1.71130904034398,2.72483518383011,4.89368391466143,-31.1380477349936
"npe_median",19380,1.87408945700272,-2.37713690631207,-2.87793193600683,-0.621044758532446,2.27760600974871,-1.7702756362032,-1.74123679380427,-0.079082139218245,0.158585407635614,1.79453142701973,2.65531901515954,4.67917066656245,-30.3058838997799
"npe_median",19400,1.5098751990595,-2.4200524648225,-2.82595732397222,-0.61244703282085,2.24030151696836,-1.29896250925751,-1.64255581097276,0.00821437690637326,0.292419187074086,1.47739397960683,2.67676862191766,4.89161918424825,-32.0707380692056
"npe_median",19420,1.96881860672222,-2.45135769807875,-2.73546412909822,-0.678123271056813,2.14563482470262,-1.6422212214012,-1.77617569657241,0.010242284459376,0.209432629900188,1.55566069460821,2.77924271354102,4.51009980600635,-33.6510477762473
"npe_median",19440,2.03001916011436,-2.39598541999993,-2.80718067937065,-0.616735117743862,2.24917433144825,-1.48109955102869,-1.74194272491323,-0.0701804839227949,0.252792893011747,1.83476493894625,3.04792836923161,4.18997017083816,-35.4544042186939
"npe_median",19460,1.94477446717863,-2.54227398919967,-2.7298141528657,-0.656859995640061,2.1773587381148,-0.701111174027862,-1.70471139994906,-0.135983437473878,-0.0276105505867276,1.72922077199573,2.73782922839322,4.44987339285547,-33.3278980294567
"npe_median",19480,1.81242346125721,-2.44395233822105,-2.80958035131428,-0.627602418988852,2.30529542879536,-1.67324375096998,-1.90922764334539,-0.120687557365833,0.238078245878698,1.66648784168234,2.75973089726132,4.95313508159751,-29.8851048568005
"npe_median",19500,1.92399405939453,-2.5133648574936,-2.79079325140522,-0.647436286645564,2.2589608507339,-1.36187189702238,-1.71850841697916,-0.0901631708473937,0.114102232409946,1.5896144383824,2.93210706473712,4.76092369281472,-30.7318180811978
"npe_median",19520,1.93226450304935,-2.4833074685723,-2.86598328220911,-0.54754670000635,2.3387113147899,-1.43027017635286,-1.84636993093384,-0.050591550395281,-0.160171428794974,1.66888307691121,2.90581237067035,4.34399067111137,-33.4385028363522
"npe_median",19540,1.93825389816888,-2.59530640285652,-2.76814548735646,-0.58544791272294,2.23917473202748,-1.37280314376849,-1.77479458848797,-0.00456946525488312,-0.0639705374870389,1.74817937695108,2.61920654397182,4.69980421125848,-31.4446256291345
"npe_median",19560,2.03059769281073,-2.43058698388207,-2.85637732901751,-0.607645014794067,2.3076231914339,-0.987699820878502,-1.74568131413777,0.0463533812021714,0.239792092395498,1.40440133751816,2.8778047152264,4.38460038084006,-31.922652926548
"npe_median",19580,1.9437784388678,-2.50074990697523,-2.8320455736008,-0.524448859340288,2.20084564398508,-1.42484868158445,-1.74994983434153,-0.00612599366939674,0.2748273176213,1.43590922092131,2.87614373674652,4.81687542593928,-30.4849854701835
"npe_median",19600,2.18750908700055,-2.62163143778552,-2.75836171596441,-0.51895854025373,2.25076763120555,-0.866700619973117,-1.82616634015124,-0.198034745228952,0.388312284727767,1.56951012573534,2.8898401512111,5.1015038182434,-35.6737779424725
"npe_median",19620,2.20410331681068,-2.58725874852583,-2.74759422381976,-0.528544108601865,2.11510309678063,-1.08075298375906,-1.80711342340992,-0.26463208548329,0.4851458750564,1.8496932432108,2.56817137631879,4.87172112391848,-35.0188403636924
"npe_median",19640,2.10246821314922,-2.52277708130893,-2.84810646852984,-0.512715944561824,1.8740988936075,-1.20737936932986,-1.78620069820004,-0.0178082086909493,0.170034187294158,1.92516773519719,2.5912497016677,4.46155080050832,-34.0110813352331
"npe_median",19660,1.6508105928265,-2.43954702842732,-2.82670839363161,-0.549963568557122,1.91739993637362,-0.977782729935271,-1.83229980205247,-0.0434439268173087,0.168655117843191,1.89363803049268,2.74219595910076,4.53501846867761,-33.359564861337
"npe_median",19680,1.57250411044536,-2.48217999527757,-2.79112643236995,-0.54721694583073,2.05601630098183,-1.4312534637935,-1.86325169894318,0.0246262020996996,0.227935378637779,1.53717702514561,2.80929611671811,4.57232002431878,-32.5965056668518
"npe_median",19700,1.99963879106456,-2.42124779876378,-2.90970606519531,-0.557009524599462,2.23946952950301,-1.94787365318522,-1.90565312914682,-0.0131139790193934,0.262701099003654,1.41978349367111,3.22459787673644,4.39104973141242,-34.1537153419228
"npe_median",19720,1.84745964329081,-2.46759127006496,-2.83155772268793,-0.59886973028238,2.25515995505331,-1.12131473965609,-1.87599065764793,-0.153221989845427,0.0943408028892818,1.94819270217628,2.50588263020177,4.77006751302369,-31.70971763863
"npe_median",19740,1.77064326985607,-2.48754617661512,-2.83023725960603,-0.501696665461509,2.16526449119976,-0.277400703127063,-1.78275745033175,-0.081697453406931,0.274827264231591,1.79554710258356,2.66349264753119,5.12942846980341,-33.7585419351943
"npe_median",19760,1.6758124252216,-2.58063731187466,-2.73167295720929,-0.637983396892649,2.30837248961931,-0.533102427199161,-1.68106820643357,-0.037473188109003,0.19666538108298,1.58252448705107,2.87160293341832,4.83797407353858,-32.8789332743931
"npe_median",19780,1.98290284274313,-2.53612909429399,-2.74656438680808,-0.670227370631002,2.27850919424822,-1.17131849113961,-1.81721145790364,0.00978835883101275,0.503217918839305,1.14588237228544,3.07145550602878,4.91645707308695,-33.7067431174252
"npe_median",19800,1.97632822445046,-2.48167047177607,-2.74735318995141,-0.663082312274455,2.13690393892343,-0.44619914575061,-1.880654591641,-0.00998623252959267,0.315237750531868,1.83113728800111,2.72909043455731,4.58230936134436,-33.3953394882135
"npe_median",19820,2.16767221745672,-2.47023332497624,-2.88090588056539,-0.558797455377021,2.26891532175999,-2.52195253711687,-1.83200722474631,-0.00949898303031294,0.264368139162049,1.58832019697089,2.92558911856898,4.51493194794631,-32.4559077440006
"npe_median",19840,2.02658015042283,-2.47277829485711,-2.86645540056935,-0.576989126646188,2.22287120356218,-2.41043068640654,-1.78314988809427,-0.00332292974150264,0.053290916444527,1.77758874659746,2.74614204921118,4.80362194721044,-30.8330535820295
"npe_median",19860,1.97672584353861,-2.58493294943719,-2.79163920308841,-0.607187644456259,2.19451484217127,-1.46332319074954,-1.89342391786784,-0.0189460716728198,-0.121211885568011,1.66592158169988,2.81921298704784,4.85235175829619,-32.7855475231683
"npe_median",19880,1.8944702618387,-2.47855731691484,-2.85578394808234,-0.6176187408691,2.17577592505035,-2.06699207365421,-1.78271174454547,0.0561030511548923,-0.0965791815967151,1.73572712406362,3.03732376984514,4.64333643105193,-33.3671370021465
"npe_median",19900,1.94126961515614,-2.4576742265698,-2.82757751426007,-0.635025667210456,2.18956611026653,-1.62362973620905,-1.79408978342163,-0.0277639630025853,0.209867572277097,1.60421628983971,3.00910447026399,4.88768614617345,-33.2149596108929
"npe_median",19920,1.98585124743218,-2.47222735865396,-2.85020260852153,-0.619698448071805,2.30295041037311,-1.23884496544162,-1.86663602515719,-0.0103823949763719,0.0194819001916031,1.81240208927871,2.82146019857455,4.67735111796244,-29.8046799268391
"npe_median",19940,1.7323765216772,-2.45902856139235,-2.79786880584822,-0.647943844452359,2.29923856294372,-1.33662959528203,-1.91988231081854,-0.082895645959069,0.390778455968341,1.47211756069827,2.98541492277734,4.63303404766186,-30.6173719643048
"npe_median",19960,1.68259394256679,-2.36112159203189,-2.92987649582767,-0.536133540890697,2.16993415782696,-1.8190821342879,-1.68898614418855,-0.0954676153482147,0.13435207586343,1.51821609264678,2.89026375076082,4.27335365405955,-32.1131493214859
"npe_median",19980,1.8115303204588,-2.41821920511452,-2.83146154586803,-0.59498069960516,2.2079890383027,-0.866681710205291,-1.84433120430808,-0.0642361220323279,0.598897490729841,1.50429145737241,2.8665897441743,4.54005810059989,-32.0637106741379
"npe_median",20000,2.02853420388417,-2.44390508382051,-2.83901830155366,-0.575114325651573,2.03605454464597,-1.84666223537499,-1.64941518125703,-0.106453581113843,0.310708222374706,1.62743475392375,2.73071994964112,4.23144849318986,-33.1543553102996
"npe_median",20020,2.0214094904194,-2.39257454199582,-2.85105306611978,-0.547418751359608,2.18554955172168,-0.790778481213999,-1.80551584609244,-0.186454565470268,0.536098002518631,1.66086786216085,2.8712131992414,4.29749888029722,-33.0128523098822
"npe_median",20040,1.54825175444115,-2.50273200707488,-2.79949438040158,-0.541785096186682,2.13535415360456,-1.32310741962228,-1.82250475387953,-0.183436811977075,0.519917149251983,1.60015715292114,2.85117414663759,4.71431062931664,-33.9673695418606
"npe_median",20060,2.06395299091322,-2.49160784835347,-2.86634662962954,-0.5839042264325,2.1390125394403,-1.74574509361658,-1.7153637343697,0.00475955077050658,0.0302285878090574,1.70325417275985,2.76853118239049,4.49502571056621,-30.7003332487437
"npe_median",20080,1.92225884471748,-2.4400526937773,-2.90394841874751,-0.507742859895029,2.27989237908104,-1.52334941322921,-1.71050704299104,0.0180373801818347,0.161116925840607,1.61523518648972,2.85371082364773,4.70637747196632,-30.1519454054884
"npe_median",20100,1.56166884138525,-2.40901378796793,-2.91156570530265,-0.511333799303898,2.26767721865148,-2.1267966870281,-1.58511639955252,-0.0913428082498668,0.305370482257644,1.61445160419289,2.79683115765058,4.87601959243816,-34.1711049455163
"npe_median",20120,1.86928590491645,-2.57873343836539,-2.82634297870193,-0.508524149287147,2.22736054386847,-1.51668077622636,-1.76336834434824,-0.145950320371903,0.203167510926263,1.46409848670776,3.0028224333171,4.20234120820071,-33.7939229690267
"npe_median",20140,1.6138195958933,-2.41353192069172,-2.83690720344461,-0.660416317669505,2.2573536308238,-1.34115396847066,-1.84097158243616,0.0918332272407788,0.169665064592495,1.60128238798474,2.74786396791376,3.95486943651709,-34.0605171660193
"npe_median",20160,1.64641008962903,-2.46196706008701,-2.82674666792497,-0.568974874963823,2.15089908413818,-1.63237655880362,-1.65409429710376,-0.14235941720115,0.303985455644822,1.41818362451808,2.77455839741868,4.33813955807806,-33.0013729452527
"npe_median",20180,1.78118595055654,-2.43806275376861,-2.84579952255618,-0.600932846540773,2.23714992392139,-1.03493399339472,-1.87353897818529,0.038495711175431,0.146071066397679,1.13575497929401,2.96812974036795,4.44369126541095,-34.5978720076463
"npe_median",20200,1.38123261758202,-2.52569271304636,-2.79428566319653,-0.593283872229711,2.20982682524165,-1.71869771263161,-1.93739000361584,0.0862653232238974,0.0626691214387765,1.2702930638321,3.14497850804965,4.64233792831429,-37.6823941313394
"npe_median",20220,1.55378702950559,-2.60698048016478,-2.68671311503425,-0.593636012551344,2.17831196205599,-1.45644751035697,-1.84115549638695,-0.169680188224224,0.310489653596394,1.25815952044125,2.9922867565056,4.88253735089646,-38.5553011915346
"npe_median",20240,1.73379673192126,-2.5942256209498,-2.7230056704642,-0.650456970650796,2.17637095151847,-1.35651666132211,-1.92235303264487,0.0142689061879605,0.094840906554074,1.5880507902206,2.9551842140269,4.33411538927629,-33.5901242149709
"npe_median",20260,1.92229127177979,-2.56608480722153,-2.79090455700461,-0.611002435967403,2.30465385599604,-1.12457197896418,-1.94016025610317,0.0465695002314148,0.0895143575164689,1.68020459823342,2.95275966554137,4.29247236044643,-32.2503530979942
"npe_median",20280,1.87692595603659,-2.47110105299158,-2.77693944117034,-0.612743612563545,2.23127443294055,-1.53547363239183,-1.91086266636528,-0.153389633914558,0.34839707921003,1.81936597797041,2.60877923881554,4.86368348743277,-30.1709909548892
"npe_median",20300,1.75690746541038,-2.39775943128541,-2.78808863171614,-0.610163065557158,2.19540019128387,-0.918197665097237,-1.87645632880654,0.000486048744678919,0.569601607560621,1.61717385115395,2.82464797777204,4.42046304293042,-33.7496949996841
"npe_median",20320,1.85336095440954,-2.39061453778354,-2.76900780034571,-0.617043544741969,2.14558172763096,-0.659505841182518,-1.71550440472628,-0.0792666234774425,0.636045673543895,1.45151971899978,3.04662788549484,4.61495900301034,-36.2872496954877
"npe_median",20340,2.17765284480081,-2.39611617613276,-2.89417078616319,-0.605193659299768,2.20958811652114,-1.09596565098517,-1.81387975458967,0.0148792297441073,0.378536561749583,1.75191831988954,2.79691421508001,4.20347293722983,-34.5740940085304
"npe_median",20360,1.8309575829901,-2.40407844482358,-2.79455163095927,-0.66283162808255,2.20921877633864,-1.2841179607827,-1.83864579482345,-0.0582131898083309,0.186022239876812,1.65077884414,2.88031016955874,4.57326067660501,-29.9040969103702
"npe_median",20380,1.74247535783317,-2.43283928486151,-2.86554762909881,-0.574164781786869,2.20066138941592,-1.60473777050555,-1.89156694324496,0.0344157024698619,0.13205966010647,1.74243849079153,2.68247766755437,4.90592893940107,-29.4039511787223
"npe_median",20400,1.60979181993993,-2.46103436268502,-2.78436423218969,-0.593928870822064,2.29902571572746,-1.18702686493886,-1.78024576622433,-0.0559202300912449,0.312708374156317,1.58239808112815,2.88732391511156,4.94204252159194,-29.4918599873273
"npe_median",20420,1.62176677511236,-2.42029170783382,-2.89755030673187,-0.524083632643779,2.23944520773904,-1.31642366541761,-1.78390042081933,0.0502889976183746,0.106169418162587,1.77532950420381,2.69894528025302,4.75594445370881,-30.2201815976846
"npe_median",20440,1.37912137649055,-2.52565083104223,-2.77872398735653,-0.558869880928091,2.0519919717773,-1.45252754229485,-1.8508248522218,-0.0950685938744968,0.113203830516731,1.75512137405181,2.4062832141242,4.92105928999092,-34.4884386964843
"npe_median",20460,1.68334214585053,-2.40186249514425,-2.79191334472847,-0.612735910470747,2.12559904879237,-0.999780807465826,-1.93481765519394,-0.145739996192111,0.40993328508874,1.77649363221653,2.71630286983675,4.68682135782894,-31.3155088757363
"npe_median",20480,2.18838726246587,-2.52272169860851,-2.78677553725615,-0.585206960747838,2.22439724964052,-1.57441879513855,-1.79619051059319,-0.136333712933523,0.521396995881094,1.59434140128389,2.94950429896198,4.73718296790777,-31.7478566811151
"npe_median",20500,1.69880496779452,-2.51687466515012,-2.77548340095857,-0.537109669974391,2.20288225776268,-1.51474531796566,-1.76495410708835,-0.145858140996341,0.402898372171817,1.67631132775457,2.77895245989865,5.00168892208597,-30.9918588370571
"npe_median",20520,2.0001312484341,-2.49836917752063,-2.81479699464778,-0.547105216689803,2.07137106024445,-1.51322062118713,-1.89537546121804,-0.0657813530659325,0.27836988239257,1.68727646312512,2.69143097179218,4.65115853036625,-29.8319179378293
"npe_median",20540,1.72358410997211,-2.51827178943509,-2.78624303735516,-0.553333620483303,2.11192373884027,-1.05658514698522,-1.79172258464561,-0.254441257142051,0.199052632974039,1.73201366810255,2.83901270213778,4.47646510580948,-32.3169158019803
"npe_median",20560,1.67694302430034,-2.36468490358392,-2.90790885724497,-0.665335083897782,2.4089292625967,-2.1556758656755,-1.77539204881546,0.0347199507938079,0.0396219463759412,1.43416750051801,3.05855046178082,4.19672667163565,-34.6988256238277
"npe_median",20580,2.17801511448646,-2.39058511521045,-3.01270937829754,-0.534399192095266,2.12719419729969,-1.94169872457563,-1.87151310585592,-0.0506846089318896,-0.0682170011329964,1.96198072764562,2.46600182898194,4.57237836760297,-35.5578101163708
"npe_median",20600,2.28107335232453,-2.4703647246678,-2.99750162727846,-0.525532219818692,2.09409484412392,-2.0335826849581,-1.84770263550217,0.146280536278713,-0.197557591424295,1.86857615591412,2.70115087351936,4.80124224596082,-36.4417701200264
"npe_median",20620,1.92469815680676,-2.38476557067385,-2.93980376540942,-0.571565745432968,2.12232530178326,-1.81485531938693,-1.69150879134047,0.00261658710701017,-0.0697941799058567,1.8208390646558,2.62007526251683,5.18700343136351,-35.2940429342517
"npe_median",20640,1.81498392008155,-2.50983131274942,-2.84089944488249,-0.572967310443085,2.2916775647074,-1.20900536242891,-1.71868534507645,0.0794397788429347,0.116072197248692,1.6001548703897,3.12465708202799,4.51966293931656,-31.1045890316461
"npe_median",20660,1.65809108869223,-2.4512913661324,-2.82939269491702,-0.550621632803995,2.14555931166897,-0.727045550956919,-1.75789338104511,-0.0290933356781121,0.206649103523351,1.6828194971242,2.8081830134466,4.57987306403851,-29.5799469344536
"npe_median",20680,1.73608916459369,-2.44375856164369,-2.84793696677438,-0.535137889813541,2.21351726590454,-0.70431387995868,-1.67479749245281,-0.113853132423493,0.264582483187285,1.72898533223093,2.88811281033103,4.4774907642761,-30.5056834575467
"npe_median",20700,1.88477810809426,-2.42522043018983,-2.95985114721022,-0.471971892274552,2.14873834951096,-0.926782826802278,-1.70808336356601,-0.0317028783831146,0.0297523180136563,1.65839503667064,2.658642589543,4.58945172489284,-31.8488245865245
"npe_median",20720,2.17808005138507,-2.45196330619929,-2.88107347138469,-0.576420602609311,2.16199792652786,-1.60193172047835,-1.7878976473707,-0.0386813082549225,0.160435136224936,1.54938660977929,2.62355969975808,4.5558735663514,-31.6982363660898
"npe_median",20740,2.05434070709765,-2.50343902827635,-2.76765950836272,-0.583163986768578,2.19831858933633,-2.28727004573442,-1.7266432937415,-0.251640573043231,0.296829339676838,1.69662329623264,2.60937469569914,4.68571376465178,-32.3924782633367
"npe_median",20760,2.15428304975311,-2.39971780658149,-2.86609353283315,-0.648075184357616,2.17059359905605,-1.8741636982364,-1.69568048117703,-0.0331809183809478,0.121230782023904,1.76755401444696,2.68453963633114,4.5534436755436,-33.3454570530562
"npe_median",20780,1.79261099315119,-2.54329093032508,-2.7585252520091,-0.628826912909815,2.31811272121968,-0.99556469358138,-1.78185730196251,-0.173735032380624,0.13028272305973,1.49447053070002,2.98764328454489,4.60854998195925,-30.9284726962831
"npe_median",20800,1.60369298097206,-2.54030215361045,-2.77648638967105,-0.599985107856994,2.21715046769322,-1.10812228000145,-1.71323552124731,-0.0981825268020695,0.0368498649347477,1.62941541202567,2.94001203568191,4.80852253507182,-31.9386839192516
"npe_median",20820,1.54489181955455,-2.57163661171862,-2.83024785125244,-0.57761055740263,2.2527101936105,-1.60886925940688,-1.70247107888279,0.0508368974948313,0.0758463852992896,1.54122013095186,2.91936382585241,4.55796678014246,-35.5488714074717
"npe_median",20840,2.03614214348997,-2.43944563768278,-2.78304060924848,-0.667619931864662,2.36036446461743,-1.92513559539121,-1.61584204960853,0.0111853949877438,0.25401682143708,1.49110635988866,3.01479967181019,4.51615282727347,-34.8033079226999
"npe_median",20860,1.48803878619049,-2.37999717322722,-2.80369431118221,-0.662974797392963,2.16838369845501,-1.46585691999022,-1.65100214231931,-0.0928941526296841,0.316122689450551,1.68454983044458,2.50910284790033,4.81572788038317,-33.6293171799488
"npe_median",20880,1.72562669404008,-2.42258553105773,-2.77163813775183,-0.685872067573376,2.27141204561394,-1.18681210492073,-1.89446705105736,-0.0657199540792505,0.463299783096666,1.34668819187138,2.77872219094286,4.58458666894249,-31.3871213737359
"npe_median",20900,1.56512045114554,-2.45440963628847,-2.76812764459075,-0.699663551928777,2.39884681804512,-1.34075582804422,-1.75412169714263,-0.0549552237223446,0.270560054437819,1.30617274571854,3.08587466843264,5.01083866490063,-32.5818588978491
"npe_median",20920,1.65262443879343,-2.45730729985636,-2.75752475427446,-0.722301012422485,2.28253570484574,-1.37905952667257,-1.77307879779254,-0.0570898775556475,0.237371132181692,1.4324042713235,2.91963356309391,4.79411269448869,-32.162666394176
"npe_median",20940,1.7634052964489,-2.47904982049678,-2.74330115449892,-0.694485881790397,2.25432268710597,-1.46736787303167,-1.77560301218848,-0.0427104171770518,0.474460240071088,1.34470263987105,3.01667173137094,4.82164985686039,-31.8987283532309
"npe_median",20960,1.90468321995416,-2.49827537511851,-2.76788181919248,-0.705085272726732,2.24739906974576,-1.66006681453239,-1.78086663161119,0.00131901434960655,0.204176842613643,1.41904038343201,2.8652918549857,4.91515203268546,-33.2159407253501
"npe_median",20980,1.78213121447531,-2.45665144165045,-2.7950067657431,-0.705732376601114,2.30195695393926,-1.37740002460179,-1.81019237125508,0.0646871920005176,0.215906002627379,1.56240084337627,2.73783939677479,4.86385539718427,-31.9646703569728
"npe_median",21000,1.7999967342407,-2.49045467640984,-2.74688653016279,-0.643057597165794,2.19922530825347,-1.1653483543989,-1.86447872678467,0.0155621786046363,0.1893390874785,1.66303710520541,2.9112107869861,4.53103185862252,-30.1826166409034
"npe_median",21020,1.90983041794322,-2.52710478162808,-2.79836191812042,-0.601997061801991,2.22708329841945,-1.27679837947519,-1.94251903472663,0.0797503127195393,0.015717170278777,1.63648513740393,3.08252990195074,4.50903443263368,-31.8533668815772
"npe_median",21040,1.87678508401443,-2.4394654679836,-2.87339583313916,-0.520423725021157,2.24222133357604,-0.875991276830869,-1.82853906991318,-0.0470041708720211,0.259021422753201,1.73728127704335,2.70759234626959,5.00720152850181,-30.1008522794793
"npe_median",21060,1.99452641647381,-2.50201110900571,-2.79304533177448,-0.522349021937287,2.10469829874453,-0.624500204546594,-1.92682034390597,0.0843309023298882,0.20015347804502,1.80158919645694,2.74529867466331,4.50432274940232,-37.8036742294947
"npe_median",21080,2.09878733070397,-2.42472392730003,-2.78334041491162,-0.575573574957809,2.48720729291832,-1.20964598323441,-1.67039210118816,-0.303034401788687,0.384728880429788,1.54498375340462,3.02966407172386,4.8150474448548,-42.8357478386532
"npe_median",21100,2.06555986857058,-2.48621939662843,-2.82865792359564,-0.533080831076938,2.14695801435384,-1.27142331543957,-1.77768755356559,-0.0108516087305035,0.193441967426018,1.69397474681787,2.66949521024118,4.69246176782633,-30.2133749673159
"npe_median",21120,2.0223867009265,-2.5240965615332,-2.77880221141015,-0.581727355284475,2.1370420249055,-1.35662057876233,-1.86865801838291,0.00505713557959864,0.205098048231288,1.67143596906279,2.53643738411727,4.68882074878103,-30.6913542229914
"npe_median",21140,2.06899969556027,-2.50324786344868,-2.8543059162315,-0.560399722488224,2.23020743433698,-1.64781799538384,-1.75333215034318,-0.105392833748194,0.0791265334297442,1.74058878126815,2.45363149915434,5.02612383718474,-32.0793748748889
"npe_median",21160,1.65263405294628,-2.44881636805977,-2.94953754325902,-0.46550031236153,2.25841007746107,-1.16294556326684,-1.81558614948492,-0.136614544700075,-0.112616754419582,1.8897232414154,2.54413201020151,4.74626860760354,-35.1585217812757
"npe_median",21180,1.94235676002631,-2.44789293389532,-2.79577733470799,-0.636250401996403,2.26620310721957,-1.09367776609644,-1.86252569015269,-0.00387321216695184,0.197674518854841,1.6055631388021,2.88614910394615,4.9376299906161,-29.7584036569437
"npe_median",21200,1.9419983134801,-2.39942742987942,-2.87620083006299,-0.535092481801921,2.17474798833905,-0.937223709815856,-1.90000881099949,-0.122034016054833,0.324820596730397,1.6441137347492,2.73005342139986,4.6647371693845,-29.8863402188558
"npe_median",21220,1.89866053647481,-2.38671451399492,-2.88539903482623,-0.546156119082502,2.1458696781093,-1.28904464333543,-1.88737410576897,-0.0795394671334378,0.331680578539351,1.45831885418674,2.75767070941024,4.66974343636928,-30.7673191322368
"npe_median",21240,1.60943316708004,-2.35660415115707,-2.83056253412791,-0.591620491064693,2.14837951826693,-1.39251737957351,-1.91328201616988,-0.0712413199305262,0.389785526592642,1.40724866479242,3.03135175355075,4.484188758905,-32.9475268538267
"npe_median",21260,1.72466018413341,-2.53162162599704,-2.79906179633081,-0.601028885077787,2.35585704945501,-1.48518270640129,-1.93548381768274,0.00882531122776481,0.116685799552251,1.53225095190078,3.08108778430529,4.64545755428313,-30.967188145639
"npe_median",21280,1.54136515986445,-2.39342964911937,-2.90635412306219,-0.53814604334103,2.09609851413388,-2.17469056690845,-1.92547097426775,0.0463144247736703,0.0996135142234172,1.85600538725808,2.78721039266344,4.48751655530362,-32.908642219093
"npe_median",21300,1.34288153454438,-2.41416138715209,-2.88240050288327,-0.630404446583982,2.31793145816015,-1.85691392214221,-1.83148059006358,-0.0425165613890536,-0.146145563243423,1.50648433947231,3.13443098493611,3.99202049083152,-36.064214749434
"npe_median",21320,1.61464984153347,-2.39450343019103,-2.85462288904683,-0.567343686422443,2.07122014897048,-1.55476628472132,-1.94477979964428,-0.133697158566307,0.167206763004791,1.85990760842558,2.783214269704,4.57549545732172,-32.1447197905763
"npe_median",21340,1.74918347703804,-2.3773085181867,-2.86161588605665,-0.558564261957658,2.13965234523875,-2.23340540920118,-1.8662437727558,-0.230952823536838,0.448126706763219,1.6086601153815,2.78342935928961,4.35355850934934,-33.5191065964056
"npe_median",21360,1.82621955772748,-2.3866254568359,-2.84641330935239,-0.654042499731298,2.31092760862345,-1.85868810054036,-1.7455678683145,-0.137206121225305,0.431715110276979,1.60387198867731,2.69686408456659,4.70353029149293,-33.2083785052653
"npe_median",21380,1.76140527686251,-2.47283125927839,-2.83431940648925,-0.581458906986725,2.28501892545641,-1.37776541934901,-1.85760700652468,-0.121273504148707,0.106519419772832,1.53547473143638,2.92902936368137,4.6001124869244,-28.9414115925343
"npe_median",21400,2.21156614586137,-2.61371988731248,-2.76078074957343,-0.622714564422013,2.19581272089588,-0.851622713439236,-1.75994202530759,-0.0217482363778432,0.0858324353163188,1.7086804552636,2.88998732173745,4.37590044454616,-32.9128856121453
"npe_median",21420,1.66192074126544,-2.5263949760782,-2.76836048171308,-0.615253000544874,2.19772309909664,-1.27581070735857,-1.86977040429503,-0.0482018327646101,-0.0832360098094798,1.55285420503203,2.92760610179021,4.79167711737995,-32.1442447795523
"npe_median",21440,1.40721522291,-2.46675215739861,-2.76712220593336,-0.667488713512886,2.0763800422793,-1.06189973768657,-1.70033508525624,-0.0649797916268521,-0.0846216082495332,1.68130577215996,2.66597712267582,4.55510933635935,-36.1963115176212
"npe_median",21460,1.51972858268113,-2.43195506216227,-2.89970915226255,-0.536161449316667,2.07849108768688,-0.993067787553686,-1.7241257200712,-0.033874471195275,0.157975916836799,1.88835757209169,2.62627532154476,4.39346176870416,-33.2369436124871
"npe_median",21480,1.71757125563874,-2.47444011076101,-2.84606143702636,-0.556086456483682,2.07558830289586,-1.1883888206465,-1.64849785038797,-0.256667166391239,0.124215895329031,1.81131062779841,2.79110224023335,4.2328815420732,-36.7854376671899
"npe_median",21500,2.09337130203575,-2.50765192481673,-2.78400379317842,-0.653512368697985,2.12536805666027,-0.765436898002231,-1.73777697448105,-0.00576126864603135,0.154568311580522,1.73531217652153,2.58630362120242,4.64648197426809,-31.9438345944403
"npe_median",21520,1.84218245130804,-2.51525468690899,-2.78870211254927,-0.607012409105119,2.18713302276932,-0.819842954908893,-1.82537132358929,0.0192383331457138,0.152163281633237,1.63502519459808,2.48232755648917,4.98722362667267,-31.6208703926648
"npe_median",21540,1.47040287482913,-2.47312621751698,-2.8015391199444,-0.55464026887155,2.13244044534394,-0.906543408247541,-1.70089657236418,-0.0726261201111943,0.120942609859207,1.54434805425511,2.80343031039339,4.74782203020037,-32.2781169910049
"npe_median",21560,2.06025843833198,-2.52602050491491,-2.77514002021854,-0.654595581506219,2.37518022968003,-0.697072061766048,-1.69670800651322,-0.0712919915956482,0.299023486501908,1.23366323815352,3.00336939106352,4.93503663486122,-32.6641996740373
"npe_median",21580,2.05724303437136,-2.52921017959346,-2.81743344482472,-0.620869555073069,2.29794699070536,-0.243962001874463,-1.80875434777961,-0.119375500744784,0.152524671221284,1.56391176921886,2.93320182247825,4.58051561435892,-33.5049325910412
"npe_median",21600,1.83805552055772,-2.41634426458646,-2.78517608182624,-0.608766779694466,2.17566914384762,-2.09942803141659,-1.87221243885236,-0.271680096007107,0.482285787081603,1.7074955075425,2.78466879634095,4.60846562903962,-32.2963675244939
"npe_median",21620,1.58476232612603,-2.44638042804253,-2.85333506906337,-0.541467846762669,2.31804301724146,-1.55305843429167,-1.87017356139082,-0.0625260078805769,0.288435189060516,1.61372170633521,3.09592412495275,4.95240998655706,-31.5902660261918
"npe_median",21640,1.78644763825665,-2.40611484191743,-2.95506475974027,-0.508605607470942,2.24285667264625,-1.48624803631381,-1.7264982328601,0.0315624979556933,0.207868603258665,1.72249771462364,2.8415642103388,4.63567618529473,-30.5806511237276
"npe_median",21660,1.6991053822259,-2.42847080438369,-2.91149741017576,-0.48334533466125,2.07456058579035,-0.54222836128596,-1.74910076936165,0.0109132934056475,0.209554596349767,1.70993026358327,2.55858064348591,4.89766895410975,-32.5453227203782
"npe_median",21680,1.91275239060942,-2.40903341354885,-2.76911438365861,-0.622753990182369,2.1554089170368,-1.77502462501972,-1.80922647039774,-0.282737844845172,0.459171625944718,1.76868917852139,2.6228223668335,4.50571801748701,-32.1047536986837
"npe_median",21700,1.6804245786835,-2.40002597169498,-2.80629263253367,-0.655506283392702,2.35704380892905,-1.86059928937019,-1.77619813345591,-0.182668262539146,0.355121351136159,1.45855321675419,2.86642303535695,4.53573281521073,-30.7794893629316
"npe_median",21720,1.63933919556034,-2.38051187352855,-2.84641860058067,-0.559697919226871,2.13838396506615,-0.845474376058132,-1.81000953367134,-0.042774716008713,0.323071411685403,1.72467321836855,2.80823849205652,5.01705377501065,-31.4499313330435
"npe_median",21740,1.51427448672876,-2.39572640623785,-2.83990892623943,-0.591560051783633,2.34693262877558,-1.26381137295275,-1.78638176332634,-0.077112475342303,0.193685676722931,1.53975676614854,3.10596185968933,4.97838572534802,-31.2047326097169
"npe_median",21760,1.60554657540672,-2.42488337272425,-2.76527119901471,-0.658686892742853,2.13152646492673,-1.15854481303998,-1.8511491585665,-0.0120620285475787,0.18392692011798,1.62332188184079,2.73649069815676,4.57380089455285,-31.2834088343622
"npe_median",21780,1.44255234689108,-2.43837828626364,-2.80931707868093,-0.541513461246387,2.13604331601096,-1.5360148527309,-1.83290807230995,-0.232644411233714,0.214956120008274,1.74116654897582,2.53537032370283,5.07151469453851,-33.591192931549
"npe_median",21800,1.8396061489563,-2.47021988583494,-2.90387532312804,-0.503496898161227,1.83140868158017,-1.14078192215442,-1.84432153265664,-0.0582823718825245,-0.109219913176681,1.90072179324315,1.993415252283,4.65686948763411,-35.9628392658056
"npe_median",21820,1.713654166577,-2.44435524806584,-2.87206660873188,-0.499624709386083,1.95526338661023,-0.741215918536658,-1.86156524930246,-0.105350681587159,0.0717534186156491,2.01714377561026,1.80162734450834,4.55553168580386,-38.5377180747428
"npe_median",21840,1.40352992418154,-2.35746778300487,-2.86169415312831,-0.621720441245069,2.13002275787957,-0.266650894686266,-1.87070453115689,-0.0542291526302361,0.0889087101438718,1.9500178877347,1.9181590126191,4.58894973385254,-40.3256589716191
"npe_median",21860,1.17334211484781,-2.42208854014966,-2.81141991857967,-0.615447960893417,2.34994951270607,-1.16645963605503,-1.88858852727823,-0.190641501052678,0.54248836754642,1.44870480545187,2.44072716777309,4.66150900632221,-39.8602758678714
"npe_median",21880,1.82537262353754,-2.44737716535893,-2.9124333247465,-0.529335719980136,2.28221736799876,-1.25786856286346,-1.86604017412004,-0.145223267241023,0.0278104496512424,1.75543352048144,2.33816555424293,4.61685093751039,-35.0449883112845
"npe_median",21900,2.1259893475574,-2.53498622608076,-2.79594735266576,-0.565452680874663,2.07173079463985,-1.69569407114139,-1.9420206232223,-0.171469109251997,5.2520891569971e-05,1.99514995701303,2.29915583621544,4.56827199478608,-34.8636452017706
"npe_median",21920,1.83679213405795,-2.58643243401914,-2.77342384974362,-0.551835590571892,2.2385601826668,-1.35709318890157,-1.98628085383099,-0.0610515049763416,0.345605798345087,1.69413395878211,2.77599179495287,4.78183868281096,-32.8675610620293
"npe_median",21940,1.92590371262981,-2.44824761629632,-2.8546697169757,-0.549399069996004,2.20179999780629,-1.22774182542948,-1.81070432778931,-0.081876093091888,0.30254640773311,1.67807615148831,2.60252112510772,5.03622949083888,-29.8045098645083
"npe_median",21960,2.14183733611997,-2.44452691731611,-2.82342269884273,-0.57206530780354,2.1805000949824,-1.33248779211027,-1.9201229026581,0.00372318847722455,0.496694955334012,1.71311299617476,2.53628378859097,5.06241156730656,-34.4035887213566
"npe_median",21980,1.94753181877681,-2.44524376811722,-2.93563149244124,-0.547053279697418,2.34548693099816,-1.53796492553437,-1.750173559446,0.124339052993664,-0.0196254907934157,1.70879381663416,2.53519638981942,4.97613946440863,-33.4677360014032
"npe_median",22000,2.12980197661595,-2.42528908980459,-2.92484649020236,-0.544091887010401,2.23742027010609,-2.16586411198507,-1.67702752722277,-0.0185787352158279,-0.0202429543510056,1.58580390704063,2.43719342654535,4.77657352525975,-37.2056379445515
"npe_median",22020,1.5881308049274,-2.44746521658613,-2.87117580670342,-0.490250351681367,1.88332795994713,-2.48340123646035,-1.69971375092331,0.0507299360500146,0.168641838516636,1.95432151379341,1.98895028381802,4.69702218916654,-38.6183561601203
"npe_median",22040,1.65911251046671,-2.49056755389613,-2.82896773864447,-0.561104839279569,1.93710693561967,-2.04148104972931,-1.98592295151818,0.0779264952793599,0.191100189337273,1.61454277300246,2.02808356131169,4.8508487432224,-41.4112801131713
"npe_median",22060,1.43245433880687,-2.40666608222969,-2.81236161703091,-0.635742168986646,2.06883735454213,-1.10547365733118,-1.70114499122934,0.0408031977728992,0.314185320679638,1.91877509383275,2.46570375003353,4.62321451675203,-35.0690085455302
"npe_median",22080,1.84893473357535,-2.39855913238665,-2.90518654004878,-0.611208616494187,2.27680597668039,-1.52579401311621,-1.68906481658162,0.124707889784491,0.107352404974441,1.8413580774777,2.7764513185159,4.78523366977574,-32.344895228678
"npe_median",22100,1.93651457616945,-2.46988089293061,-2.81942445268499,-0.538001475679907,2.10733139896927,-1.86442179260328,-1.72777374321676,-0.0684203454137112,0.232194188945506,1.80950943254002,2.55934807934689,4.85961770020541,-30.0792118948045
"npe_median",22120,2.09013146228723,-2.42563504550561,-2.84187255440782,-0.604589905285033,2.29629079380527,-1.36304778125219,-1.68524502717963,-0.0899209581000983,0.147976456524583,1.67859450150203,2.70671167150494,4.69511969464163,-30.7971779679657
"npe_median",22140,1.83012080476576,-2.45041984453031,-2.84295259568689,-0.603115490252844,2.33892590804935,-2.21051939613336,-1.74903968736649,-0.0149764189273311,0.0703743945828135,1.56929642654737,2.99262745621943,4.5124087976168,-30.2233058138458
"npe_median",22160,1.80733839935433,-2.39800762336882,-2.88001962733623,-0.622877518899178,2.28911332243675,-2.16028916013584,-1.71006319222511,0.0299479857594407,-0.0973906476000336,1.58575867945895,2.96914735699675,4.6300089178027,-31.9346993611735
"npe_median",22180,2.00344023125989,-2.47340096062217,-2.80189492066566,-0.570422964393935,2.29365093718592,-1.42770475847224,-1.55117659743765,-0.166568482215596,0.129836499651764,1.56879555429759,2.88961625706551,4.85451009111411,-33.6972197640994
"npe_median",22200,1.86714627908629,-2.34566189136711,-2.86224063379235,-0.565569543134924,2.02495667515254,-0.735691213937573,-1.96220634244719,-0.0743215858494152,0.395113711020984,1.66335941792889,2.63275851438971,4.71899989055251,-33.9892491655867
"npe_median",22220,1.77427990012468,-2.39689227739863,-2.93953328573027,-0.5315047415042,2.28632756013444,-1.5438751290649,-1.82013623495415,0.0684943284372565,0.218707876596493,1.43381657464219,3.01502488136304,4.40435919802541,-30.7255040952626
"npe_median",22240,1.74857413419423,-2.41540062553582,-2.8600109781626,-0.540200460789674,2.34745707489326,-1.83141049987941,-1.82333664201142,-0.0355179763610812,0.418105545171854,1.46436511016654,3.04196534720545,4.7493035625667,-30.965303053773
"npe_median",22260,2.04197161372705,-2.42024529962839,-2.86424995005582,-0.497445756930758,2.0768639264844,-1.94545976042823,-1.85807225835373,-0.174362454854326,0.344996179833104,1.65344310427951,2.78445836128465,4.64300406402133,-32.0153805938731
"npe_median",22280,1.85870643283375,-2.40725691614826,-2.87137957292761,-0.538430977485584,2.21691214769667,-1.81110113033924,-1.8640172584392,-0.228290280176333,0.404671038655293,1.63027397090309,2.76305670858668,4.63927646510859,-30.8802782267424
"npe_median",22300,1.77263368123188,-2.3389476421692,-2.90283837612277,-0.484761244940712,2.09621666687019,-0.843687293520493,-1.81035050912381,-0.142729148680764,0.481789446568692,1.5254029000929,2.6550012673103,4.58888711280897,-34.0094275213642
"npe_median",22320,1.4452419713472,-2.39039701969544,-2.88485512791632,-0.46865415756267,2.10147197159997,-1.73578574074776,-1.87017799983325,-0.085791993041741,0.264186945631873,1.55558367621294,2.83996648089625,4.65620667177823,-33.4491793092616
"npe_median",22340,1.69938959282101,-2.37837952430616,-2.85359203875565,-0.512083581627458,2.23848948934997,-1.3018022520845,-2.02462427640382,-0.150432986784888,0.355219894496115,1.53901854758092,2.70529784388489,5.03529926439933,-35.6499907531812
"npe_median",22360,1.59912579477002,-2.36850107115263,-2.91824613710333,-0.486103351774453,2.31156362488014,-2.24723967883228,-1.83160209674464,-0.17898161876115,0.352538232865796,1.59049508619973,3.14006237577894,4.6194928026595,-34.4934505518001
"npe_median",22380,1.95724446385832,-2.43014676984735,-2.80442238391037,-0.65037215356326,2.23346379958511,-2.33388277024963,-1.68613771999559,-0.144107198287048,0.0771025149898122,1.61902403759937,3.03078166118458,4.85343902621697,-34.4843144952608
"npe_median",22400,1.80602493504484,-2.55349430454703,-2.74229233772844,-0.637626072686624,2.19764540489027,-1.25802357142756,-1.76761466102393,-0.127339875090116,0.132048840228278,1.85702047188403,2.55143407993686,4.93882362651824,-32.032195449549
"npe_median",22420,2.01657534203696,-2.50976724670492,-2.86219684039025,-0.531914331031922,2.24168937433763,-1.11102883207003,-1.83489663812427,-0.0811091352647255,0.0172854508202889,1.65652874974388,2.94346956322918,4.53984684298427,-29.59810126931
"npe_median",22440,1.79216612997634,-2.49716566608546,-2.82378673930234,-0.554190579019206,2.09855455723692,-1.19976853019625,-1.81092288043272,-0.10337475413214,-0.0552834928026272,1.95987660495383,2.59724761301918,4.72731888540061,-30.41233048008
"npe_median",22460,2.02692260427736,-2.47135474066531,-2.88249569355092,-0.519563660478327,2.27079767811593,-1.11319816410275,-1.89542733938639,-0.106771696238516,0.0689234725615407,1.7822831762975,2.970504979897,4.60864443788439,-30.7255463680887
"npe_median",22480,1.64477281617695,-2.48375157136452,-2.89472805457071,-0.534073880831962,2.28595362987707,-1.28090573489718,-1.84107667841265,0.033075621146337,0.0520329991542638,1.73200401798722,2.88245945056853,4.65109759622281,-30.3950441049838
"npe_median",22500,1.97093374813881,-2.43046865864515,-2.9594071894376,-0.55893249654132,2.30464408847886,-1.16945329872379,-1.82203916905777,0.0284516769518287,-0.218880707272741,1.63358610581511,2.90578277613267,4.61553282685358,-30.401411996972
"npe_median",22520,1.5868075389869,-2.44560482193998,-2.87879372138759,-0.54239640973033,2.21582843687886,-0.742749219126937,-1.70840676441915,-0.0605044853119527,0.257504742857605,1.65212453692541,2.82000287047805,4.56429284032763,-31.1664058230863
"npe_median",22540,1.96543384230635,-2.52691228164141,-2.86672295155786,-0.537606461610359,2.20599325176147,-1.5394180380963,-1.69359300397464,-0.052312852125947,0.14331598131809,1.56422396141451,2.73555126150687,4.23318312689877,-32.2858214512427
"npe_median",22560,1.59152269560003,-2.42567211541549,-2.78263219866069,-0.601482219410923,2.15941156421106,-1.24239008252718,-1.70654982853036,-0.198304700804935,0.47557537146372,1.66670937565093,2.61619349484131,4.38081701901657,-31.4264819255806
"npe_median",22580,1.73622653204667,-2.50735729724353,-2.72701414657538,-0.601328083520899,2.1749423316916,-1.21794329095708,-1.85493282212123,-0.294384128598013,0.574892136567769,1.72043292236396,2.62707341541021,4.67412305431084,-32.6806731057095
"npe_median",22600,2.03346480584053,-2.49200002762143,-2.7713046827341,-0.585572018751464,2.1339521347093,-1.84758097606939,-1.79335661520852,-0.131531266059325,0.557085778748146,1.52648345110034,2.5568914815876,4.56053875604744,-32.0651379527207
"npe_median",22620,1.96964624936692,-2.43961411140772,-2.89126952044651,-0.498370763677859,1.92616077956736,-1.45196028424603,-1.88594307745508,-0.0607816188528292,0.0910873566739045,1.89406013247454,2.35360803841029,4.59325432377517,-31.9863189183375
"npe_median",22640,1.91585695653217,-2.40749908658948,-2.85156105582624,-0.613131185846121,2.18729351857688,-1.72692291414256,-1.83550173976673,-0.0757404539539497,-0.0325923648631249,1.71701826188702,2.79844344044263,4.88147477539602,-30.8244038410314
"npe_median",22660,1.75521757039186,-2.43222978601788,-2.83422504308109,-0.527150325251759,2.12019847440979,-1.47916515167802,-1.78488200494174,-0.328063960882295,0.344783056467097,1.74411839933898,2.44669793024871,4.75280880390877,-33.0609608171156
"npe_median",22680,1.05260054547052,-2.33537098871469,-3.03599206561117,-0.551984256457323,2.30762136779908,-1.9237372206909,-1.79728039291579,0.106709290045764,-0.394994601451112,1.6527030895068,2.93949480887152,4.54755292621134,-38.0281519191477
"npe_median",22700,1.74319785800475,-2.47199237138083,-2.77907168635942,-0.632439303560568,2.15422837294127,-0.292039758326416,-1.80357899249236,-0.118105182043205,0.0337441384108739,1.56937004039111,2.85131551197082,4.63058031179449,-33.393469559696
"npe_median",22720,1.77040804730008,-2.39639402237749,-2.80933499704436,-0.601739774416345,2.0902593831195,-1.25726551410807,-1.64569824628995,-0.173477579122338,0.194882581739316,1.78294395348512,2.74272826563353,4.57810391075827,-31.347242238766
"npe_median",22740,1.63674621744164,-2.48044485123608,-2.79289661790056,-0.614682212040988,2.20500042560318,-0.992858517434549,-1.7400920344532,-0.0953203464328368,0.15488411592308,1.69899382522892,2.76010922550178,4.62103870619499,-29.3625126667653
"npe_median",22760,1.49042230915386,-2.42791679946047,-2.83979282451663,-0.595326991658976,2.24757542256436,-1.78850132890666,-1.88606835528662,-0.0122743653397356,0.169589913196265,1.73407774592644,2.88863441494949,4.82031236113601,-30.4333449364442
"npe_median",22780,1.64929610497407,-2.4242883805239,-2.83429767484899,-0.575154741655351,2.24108943467504,-1.17911178998653,-1.87471717164021,-0.081063194107753,0.224250998064943,1.7293129284957,2.99292939013907,5.1222577359088,-32.1428525759738
"npe_median",22800,1.62980688714678,-2.49564793943209,-2.69623925545786,-0.64986382665797,2.26427831087389,-0.753434594844356,-1.85222404858304,-0.175254546296072,0.336988702326394,1.65961453211245,2.87701110673044,4.70610556855998,-32.0371989192874
"npe_median",22820,1.78486777214064,-2.41194198064589,-2.7399083781938,-0.726257396748083,2.15625510389134,-0.930374698401418,-1.86865354786426,0.0699864185098128,0.482515086437744,1.56048245929777,2.65847849908388,4.87662763593182,-35.6871882906199
"npe_median",22840,1.80535556069072,-2.35694827993903,-2.94132897100346,-0.655577556389678,2.16264758953372,-1.30557039933002,-1.63032518668788,0.171515971158827,-0.179294489494143,1.96771448558297,2.26463114612659,4.94152648501123,-38.7053102686963
"npe_median",22860,1.66346929744695,-2.31172850359885,-2.98637848891958,-0.61982618043678,2.08644647289703,-1.81818649800209,-1.72358241726343,-0.037116308289785,-0.0951594439460731,2.05152693815839,2.189359734339,4.45924987730882,-39.5914361715627
"npe_median",22880,1.4699172962647,-2.31164585012956,-2.99075428612707,-0.63395227415327,2.28552376319146,-1.6313590011065,-1.74388563486703,-0.0540225057774333,-0.0420324904047928,1.71378900072569,2.31929165279091,4.68054306011793,-41.1724535484047
"npe_median",22900,1.35611536877919,-2.48769769680104,-2.76629616868498,-0.672381055615349,2.31421396787142,-1.3496568477788,-1.78302672918727,-0.144867437144149,0.0214595285969554,1.64616022992345,2.94501093461233,4.57835966713807,-33.8430274374443
"npe_median",22920,1.75528934470369,-2.50189127375806,-2.83000870754331,-0.596117785948096,2.2796519901386,-1.51168243244571,-1.79710756139588,-0.0461839911816176,-0.18869512614537,1.72626561294778,3.05753381017225,4.80562880547265,-31.2280626409878
"npe_median",22940,1.35675139262529,-2.49050097853979,-2.83681042949714,-0.570825575034247,2.28357701061636,-0.78747799998803,-1.86721824037871,-0.047452440345462,-0.160164577053912,1.70078257663606,3.09072626351762,4.46641211067133,-34.3369582272745
"npe_median",22960,1.61942344601772,-2.42479025713697,-2.88809315680685,-0.607848011775587,2.40937851630684,-2.06911971108532,-1.59690230397747,0.102545632595791,-0.144889512999444,1.62497980830406,2.951055736571,4.90323496889271,-35.3671624883138
"npe_median",22980,1.30826070077186,-2.41772265170164,-2.8403211757865,-0.573291025737978,2.25855853684481,-2.14167162096072,-1.8217773616345,-0.117052906766545,0.0685412910736689,1.7604624881929,2.77521905672445,4.76268024749219,-31.9678346192979
"npe_median",23000,1.663393442403,-2.41634326472399,-2.84275122412611,-0.596453198441457,2.31441590460632,-1.75804929395535,-1.61425004365118,-0.206211920446477,0.143347447967001,1.41635878488787,3.15437654353289,4.395332422033,-33.6788370382528
"npe_median",23020,1.7444533378485,-2.59527614399421,-2.74072538949338,-0.661815996981585,2.29856809357076,-1.80097067760811,-1.62152607683014,-0.0982739181736179,-0.1127359703693,1.73780500804923,2.88739391854187,4.40477814743127,-35.8445614839744
"npe_median",23040,1.59192299213831,-2.49879602687472,-2.81484609595619,-0.597763149584297,2.22746922781945,-1.451842345124,-1.67129110963918,-0.0962713609783656,0.0736192954010854,1.68828465996745,2.9426510967194,3.79145807968895,-33.7252053613234
"npe_median",23060,1.62914726234575,-2.51403778191191,-2.78693435258008,-0.56057349796218,2.07685719205276,-1.54336486049028,-1.71092522767887,-0.154191649131488,-0.0682361485927146,1.81781094606659,2.86704534312328,4.16836484485353,-33.6217768476316
"npe_median",23080,1.72139794376061,-2.43653723886191,-2.80943461802798,-0.612424841176407,2.21096724296794,-1.72155896208707,-1.8514092563198,-0.117582123611187,-0.0206363169639291,1.56328449755373,2.70302231564873,4.58399740640164,-32.3040309426315
"npe_median",23100,1.98863694965903,-2.51001638405754,-2.73540925027426,-0.641590263386886,2.33913823025579,-1.64453948336768,-1.90234724957119,-0.228554535277375,0.438021585125002,1.41467597084255,2.86779420459208,4.79277388886959,-31.3801189005717
"npe_median",23120,1.62005254747442,-2.53665450422786,-2.76236880633461,-0.583968485299171,2.31527062097419,-1.52080747623361,-1.85415284488476,-0.0242315550748772,0.377328504449738,1.571319407203,2.79935616406543,4.62288931349368,-31.3469008507153
"npe_median",23140,1.75864058999422,-2.41013664794808,-2.78038829481449,-0.645337789453386,2.21998557087747,-1.49260246226075,-1.9045096285278,0.0108905490332593,0.437045489123051,1.60265906324068,2.85245845666942,4.62072583232403,-30.9858691323752
"npe_median",23160,2.00449440909741,-2.40617885584351,-2.91052341692478,-0.551696384498987,2.29041259715984,-1.34468405300822,-1.94981876858204,0.00528253355732468,0.340147802738211,1.39358012013835,3.00072755887622,4.36845279467227,-31.8790917077592
"npe_median",23180,1.84719953218073,-2.42457220327117,-2.81251308177213,-0.538473368389602,2.17789346174115,-1.27901569936254,-1.88824562023866,-0.268724046481706,0.509000275416405,1.63963185029636,2.98087622446519,4.55411675151518,-32.1013764716519
"npe_median",23200,1.56962072593039,-2.44240333604009,-2.87346107784797,-0.514925551691539,2.29293653903633,-1.78469838974308,-1.95693021309476,-0.00397010703788078,0.355018551529596,1.55648647021846,3.18928732623604,4.42827792969281,-34.5092358858542
"npe_median",23220,1.81876507099291,-2.44093502959329,-2.85993232366804,-0.512942136495298,2.29397205992189,-1.45237030116255,-1.96256115164077,-0.0727524116983767,0.370466987451876,1.72331627541598,2.97463728714029,4.84855601052773,-32.229117631548
"npe_median",23240,1.29944450843728,-2.30612328836753,-2.98834552619244,-0.506824313477841,2.1780007165514,-1.34604169332608,-1.69116735950974,-0.0212835136571295,0.148715843410254,1.79410149391052,2.98813500024636,4.72676152415494,-35.4985170912031
"npe_median",23260,1.69999594518209,-2.35700320702856,-2.91180438746083,-0.614455991194116,2.3168645270197,-1.95510328197401,-1.70969612947756,0.0480792754560632,0.153849733312032,1.73390047386138,2.72286823587643,5.01744859686121,-32.5968916454589
"npe_median",23280,1.82577210754232,-2.34609594849198,-2.94226241150951,-0.561441376786,2.21321195202738,-1.25267869960355,-1.69618737131142,-0.107956106400567,0.144191641965385,1.71785350990015,2.65103768096283,4.92996995139003,-31.4500103155983
"npe_median",23300,1.38675714416428,-2.30287558175285,-2.9319985285376,-0.580529632104882,2.28072483304789,-1.60440706796591,-1.54824498128254,-0.11581126978822,0.187168668141629,1.71509479832439,2.77228762577846,4.96231897640418,-36.1453058297056
"npe_median",23320,1.68899994612662,-2.40105428202108,-2.90886068800537,-0.59299210737309,2.3665624794062,-1.0805895872101,-1.62318383045918,0.138071813771075,0.139700935623377,1.55531550094055,2.85770164090092,4.65566682606301,-33.1494378918392
"npe_median",23340,1.76704622335911,-2.35669096951582,-2.93459207648239,-0.499079764098915,2.20857502284836,-1.28344713852674,-1.7345257695224,0.11298571915171,0.34266060259312,1.50342549669038,2.9983564156658,4.50775741926939,-34.4677517539386
"npe_median",23360,1.64461428935583,-2.51793618481446,-2.77405755490569,-0.589958293662408,2.23279301047301,-0.59334625397885,-1.66885285880312,-0.00692484831084061,0.204153584847045,1.43473898122108,2.90652088968811,4.43096327324685,-33.0245670795813
"npe_median",23380,1.76612094909272,-2.51320356690955,-2.84080614166297,-0.511453060684963,2.08348502567638,-1.29782850915682,-1.71779193415125,0.0577189362388182,0.215024501014792,1.73765048768495,2.54507279923087,4.7547429959224,-31.4277446110325
"npe_median",23400,1.41855249542446,-2.49523886824456,-2.72527336196374,-0.617794616625776,2.16931751287338,-2.12108931712979,-1.7925314862624,0.019294094045371,0.527799465775527,1.51206196980052,2.80214271799552,4.68050676487823,-34.8264851010265
"npe_median",23420,1.23609666460071,-2.47749281967339,-2.80252065451061,-0.538098568188909,2.18433242971925,-1.40275359763451,-1.77717429355587,-0.125581401112857,0.310353124566475,1.61175696429145,2.7227247150109,4.68042255309151,-32.3080921515309
"npe_median",23440,1.5694323662364,-2.55610728246444,-2.76151164020264,-0.568552722749896,2.24326257432144,-2.0320810636351,-1.82398394004389,-0.168103139749301,0.107814240553289,1.74228351161433,2.89488621254794,4.64784600729012,-32.2702024257266
"npe_median",23460,1.61848874202815,-2.54442827903113,-2.73880005165652,-0.603785443803938,2.15368250665224,-1.43140307776451,-1.81968695602606,-0.0831830640822478,0.136498452932535,1.50138021107862,2.88721949796358,4.49501855077845,-31.7361364570182
"npe_median",23480,1.53498754421411,-2.49398508280305,-2.83965895402528,-0.510251765560066,2.10909686638141,-1.2031525268788,-1.65085156391104,-0.204615652693721,0.100429388780294,1.832067172429,2.69242279427864,4.88896186797457,-34.2366827691195
"npe_median",23500,1.41395363285765,-2.48546049471944,-2.81174794676464,-0.611729247815261,2.13935289947908,-1.53164377024893,-1.68267991361614,0.0820161370996764,0.00854348393245059,1.79204860951367,2.65188671391281,4.51794007744974,-32.6184265483255
"npe_median",23520,1.73444549237493,-2.48842906186247,-2.83452432743054,-0.570819080448035,2.22644330653727,-1.45167056954885,-1.75683851886949,0.193286438928861,-0.0245679043036963,1.62489159134305,2.72708436462326,4.81920007175553,-33.5809577527904
"npe_median",23540,1.89482574654992,-2.46454806774745,-2.86850628501602,-0.549284738710908,2.23699448943071,-1.2736584651393,-1.7550661693983,0.0719065243843178,-0.088130601166411,1.68485967310474,2.79263083152647,4.8272317674253,-30.7211311282822
"npe_median",23560,1.89482574654992,-2.46454806774745,-2.86850628501602,-0.549284738710908,2.23699448943071,-1.2736584651393,-1.7550661693983,0.0719065243843178,-0.088130601166411,1.68485967310474,2.79263083152647,4.8272317674253,-30.7211311282822
"npe_median",23580,1.8655481192162,-2.37071908327599,-2.9729902709399,-0.574160781090299,2.24871986241642,-1.43857780051356,-1.75361398912528,-0.013740383096416,-0.140057992546365,1.71113583867831,3.14392689157608,4.17336513820889,-33.2258154186745
"npe_median",23600,2.11404344937695,-2.42062522966658,-2.88635933391947,-0.570520663301588,2.10028696275086,-1.09881593930432,-1.6653283482651,-0.0735329841065417,0.0400567652878613,1.6826709460964,2.93747626267917,4.34196439933354,-32.9770671443639
"npe_median",23620,2.03878502699056,-2.4839901127266,-2.73010908212242,-0.711324144951626,2.32661085094162,-0.830162228819952,-1.83139529715301,-0.0522908046915972,0.171419979598002,1.60787253557165,3.06647736824059,4.48665085236232,-33.2913435865748
"npe_median",23640,1.99692104797005,-2.4100078738381,-2.84764004575311,-0.580907049338058,2.3383349298624,-1.17949709141366,-1.75610688696528,-0.0800863647402884,0.367847590192519,1.57191987243464,3.11405258563771,4.76909025308964,-30.8436694038199
"npe_median",23660,2.08749569373381,-2.50487031635178,-2.79783469687151,-0.567749810631347,2.24321812350008,-0.691506246914592,-1.84551108964955,-0.108649219371079,0.237016088540023,1.69630831203891,2.99391550984254,4.69487080006171,-30.6316725599206
"npe_median",23680,1.99151243274454,-2.50255260085103,-2.86474992438922,-0.527403887611518,2.16135730198259,-1.38930182388006,-1.67837127718358,-0.0568273028856936,0.165957610788865,1.68493500215895,2.92608998842344,4.32153233060598,-30.5332286154935
"npe_median",23700,1.87422614118475,-2.4153589871578,-2.8529647966678,-0.581826013804989,2.29502326241369,-0.934340861466863,-1.53211631179083,-0.113590248112563,0.352773365086625,1.71984456522325,2.59870567243066,4.77871527570503,-33.3437655087207
"npe_median",23720,2.05100130878455,-2.51679155793075,-2.76885137130526,-0.565229141346828,2.14957857422213,-1.62121359258992,-1.59796937489542,-0.112471755186879,0.257351432076336,1.51034618483077,2.87511504919709,4.45202106327597,-33.1297305332748
"npe_median",23740,1.98420753933547,-2.55647376939283,-2.77344605401288,-0.629420033177166,2.20302087218377,-2.00655837990581,-1.68493720955736,-0.084932319122836,-0.119872920141321,1.75068189594851,2.59009968923404,4.64856964693239,-32.9752502779512
"npe_median",23760,2.05694543541075,-2.50021969017651,-2.90767589927538,-0.566571520766281,2.25955744615367,-1.48127248431214,-1.76233278896342,-0.0183446066590437,-0.382090833405134,1.89402265731091,2.95764504920542,4.65494636831761,-32.8505048885006
"npe_median",23780,2.12261025231139,-2.54833855590205,-2.86378488610728,-0.557209594625326,2.25560943888584,-0.814808416119361,-1.80356768215093,0.137542604040792,-0.101360952848033,1.75931313538396,2.96312463307622,4.89740879318064,-33.1435241787141
"npe_median",23800,1.63996452823982,-2.47473769897951,-2.80694005042031,-0.613693719482114,2.3031780835308,-1.43196949902696,-1.58768025477818,0.0358134694557358,0.364278962704679,1.55881529266518,2.88780744737059,4.52969342218184,-32.2762673262773
"npe_median",23820,1.85713483360318,-2.52380862700795,-2.84639080773912,-0.554654787330271,2.25879070490265,-1.30579666275297,-1.70788324965138,-0.0673052831415783,-0.0157929026722467,1.8703874994504,2.69279898543761,4.66460387780793,-30.41773503172
"npe_median",23840,1.75270832983713,-2.46288870395936,-2.91822511811223,-0.513417621098075,2.13369159304513,-1.38287337540823,-1.75052961841762,-0.0493839104932459,-0.176521886152364,1.79356907234144,2.81157139291384,4.57322871714147,-30.646472965583
"npe_median",23860,1.7763956041761,-2.46343403787905,-2.92037460326461,-0.455800819658607,2.11658439882553,-1.83448062678899,-1.80916231880909,-0.125951649629421,-0.0246952088833423,1.71102065425548,2.94021209618763,4.19852295608795,-33.6991943357257
"npe_median",23880,1.79887181535129,-2.5206963817102,-2.84288744492783,-0.602590566479343,2.4186943173816,-2.00489013942531,-1.81530562328125,0.00617028933030787,-0.0755804155230484,1.5316614415264,2.98787126608354,4.6770329977783,-31.555994688839
"npe_median",23900,1.89733659812582,-2.43463667402447,-2.80713413680396,-0.609487465193853,2.34283252531374,-1.81225265698681,-1.75983847812027,-0.145905263690477,0.304168883368113,1.34195590948726,2.81340583982701,4.39418877863764,-33.1076705564511
"npe_median",23920,2.02564619135541,-2.44438486249583,-2.81294733467361,-0.613104540822573,2.23372101651351,-0.800236877256445,-1.75400689287983,-0.0895926958327068,0.437653687692382,1.4782047085817,2.9936701857372,3.94092198603319,-32.526457573126
"npe_median",23940,2.20179887937185,-2.5456046890755,-2.85328086614306,-0.476259851705811,2.09439998795996,-1.15554334646754,-1.75119341856235,-0.0723039504459125,0.180161072100968,1.80723762793364,2.83943480955842,3.8396606342065,-35.7306008864311
"npe_median",23960,1.78854870039618,-2.51952225950616,-2.86137976522951,-0.518754434846826,2.13324429077834,-0.697575820779966,-1.89845159334861,0.126845324995339,-0.0236519987808557,1.87570070112561,2.47650902893622,4.22822691307734,-37.2856231716596
"npe_median",23980,1.69953397713958,-2.45959299035022,-2.8790974264466,-0.579395370028933,2.21981592671404,-1.47217873395169,-1.73411878301445,0.0581315759085288,0.206888359761055,1.45901487087238,2.48748646016904,3.97290971668072,-38.4567515855815
"npe_median",24000,2.05985077039845,-2.56858006838828,-2.77024432275356,-0.600806851291009,2.21553770579223,-0.86520621184397,-1.63629707307993,-0.0592125250121483,0.371384136238845,1.54546700601579,3.02390742406191,3.63023911398888,-35.8021424501687
"npe_median",24020,1.90917783569567,-2.44574037538254,-2.87126453560724,-0.51780677987578,2.26219844613839,-1.22373570194926,-1.72186882541294,-0.108813680125973,0.602953473870258,1.65227042662861,3.06080305337291,4.06997023289663,-36.3993587655039
"npe_median",24040,2.08612870455508,-2.41874866187613,-2.86939618560564,-0.567328226673769,2.25789789699594,-1.95917644417042,-1.82178055175156,-0.257965776028582,0.410675875211401,1.93416981439194,2.55007414615643,4.37692433930124,-36.714253191337
"npe_median",24060,1.9739019302343,-2.47769885161104,-2.77694001369505,-0.627190177745338,2.19136947307169,-1.72108854315945,-1.86599650986596,-0.0531233853363957,0.389509481030735,1.64933293301823,2.82692906425817,3.95484142042075,-31.7114150260579
"npe_median",24080,1.95457601471646,-2.43737972580844,-2.8663774484123,-0.599998202805807,2.23841430867751,-1.80531853204307,-1.86046207050728,0.00718427464054097,0.23001027273991,1.72576193472898,2.79118152907092,3.96254511468027,-32.0367983408202
"npe_median",24100,2.03836156062899,-2.50527527697818,-2.75258622165123,-0.634333905337491,2.19255066984523,-1.66850713556184,-1.69680757306567,-0.0622236396463867,0.4529589832311,1.53746096672694,2.93519604723157,4.34484075153337,-30.9311740845714
"npe_median",24120,1.96025546202347,-2.49450797432542,-2.79894748121967,-0.584005014483579,2.1646704399453,-1.79544149305169,-1.74761535078368,0.00771235133279408,0.320497426218259,1.69473179819101,2.8945576857826,3.9691508610248,-31.6729446418511
"npe_median",24140,1.67786168201138,-2.42363850194523,-2.76235756366527,-0.637997409883972,2.29673020371888,-1.18470342764233,-1.8015857401096,-0.129749187038049,0.462641043004676,1.62322638701399,2.92062062060688,4.51474188670573,-30.2666724416213
"npe_median",24160,2.09187078417694,-2.46824929572301,-2.85162610698945,-0.56825124015437,2.14389306202386,-1.88981486219604,-1.9547295828434,0.0989078799360393,0.134288608977055,1.99127560276798,2.86079130175118,4.84965328657065,-36.5066513447979
"npe_median",24180,2.17501805843917,-2.47552099294309,-2.89527144721953,-0.565374460235837,2.35448896007556,-0.835769280031093,-1.71577656054406,0.0295689312857124,-0.00115995304039804,1.59148273662044,3.21606825723269,4.59874662180638,-33.8513123441024
"npe_median",24200,1.96138621353939,-2.50244321486185,-2.73791845919179,-0.621153956009103,2.28487630762765,-1.11106329533332,-1.72532912395376,-0.142384517149758,0.170112630687974,1.86195439778082,2.90731114678033,4.68617286920877,-32.1768225163962
"npe_median",24220,1.82817908612242,-2.37649477573781,-2.85309433080647,-0.649495045509996,2.25920092039642,-1.43015441667421,-1.79201081730763,-0.0614571363824396,0.0816895302176555,1.76897027698043,2.85003316618135,4.18302234253985,-31.5812815231702
"npe_median",24240,1.98834004360851,-2.45179237219147,-2.90586756125036,-0.607819372925117,2.23729912271426,-2.24719003043064,-1.88261764111127,0.0358631117022256,-0.215427160733152,1.9206478554975,2.61492549709018,4.72933935309731,-33.1084191573786
"npe_median",24260,1.88947820177935,-2.48186179507434,-2.86475759899025,-0.620883162562913,2.39222061101009,-1.07217350934941,-1.8766908674798,0.0285057802394031,0.215731323039143,1.36399060425441,3.12470168868733,4.63260840769405,-31.9673005978022
"npe_median",24280,1.99969633286604,-2.50400680153563,-2.82924510845162,-0.518220383048163,2.313554175656,-1.15144496604341,-1.85506480716541,-0.10736372846805,0.418954397854365,1.53080713360681,2.96018205540142,4.75727011503812,-30.6786256515319
"npe_median",24300,2.21808818921836,-2.57071177024987,-2.81097688643743,-0.558914548886547,2.2100254043585,-1.62872394916546,-1.68446399657821,-0.0275091610502594,-0.0403963686138991,2.00102984075967,2.55559229940799,4.75440238165208,-34.1354252706003
"npe_median",24320,1.52599644483052,-2.42963605956228,-2.78664601862804,-0.597033614884869,2.22045125819605,-0.92154632061787,-1.79499551979117,-0.15010145383308,0.131006811987117,1.83896260002047,2.92132100787855,4.77452548559687,-31.4332583490124
"npe_median",24340,1.85538396902495,-2.50228972447566,-2.74458705403142,-0.6581909090822,2.32903487450999,-2.10834913137412,-1.64463991818495,-0.195583909261609,0.491580862018849,1.36796384663866,2.92778739289837,4.89324821856055,-32.819929484092
"npe_median",24360,1.88831467480691,-2.46715953344627,-2.79958720636424,-0.58278681998804,2.24170067088234,-1.49351463040236,-1.58740387888569,-0.139280561697364,0.112516567566628,1.74637635504502,2.64652917869972,4.67549038562108,-31.7450234258093
"npe_median",24380,1.96266600915507,-2.48204453021336,-2.86470440710457,-0.576640010522084,2.25139486789267,-1.47148302862795,-1.624649220248,-0.0848541469865975,-0.162913621274168,1.66284725513057,2.6948121250409,4.49643111859275,-32.7415699711122
"npe_median",24400,1.97189248210078,-2.37736940588583,-2.96165836677933,-0.600643014044419,2.28193210205771,-1.15789402973519,-1.78564530342863,-0.0532521202568866,-0.151443728789898,1.68260797598977,2.6965440529789,4.32962711105102,-33.32593808679
"npe_median",24420,1.97189248210078,-2.37736940588583,-2.96165836677933,-0.600643014044419,2.28193210205771,-1.15789402973519,-1.78564530342863,-0.0532521202568866,-0.151443728789898,1.68260797598977,2.6965440529789,4.32962711105102,-33.32593808679
"npe_median",24440,1.76024203114011,-2.37721142780811,-2.92910708869043,-0.554234524665313,2.29564713679943,-0.579021988809665,-1.70673778595856,-0.100544357953687,0.014847419926899,1.8492586648585,2.74052649556208,4.41448364534898,-33.1781022846536
"npe_median",24460,2.20965550156328,-2.51560061814367,-2.85234912225671,-0.549283267498817,2.24164468526945,-1.16987582809595,-1.70260063764523,-0.052288514819805,-0.0146283655099982,1.66706821440048,2.94378424419708,4.16196195001246,-32.8768224173913
"npe_median",24480,2.10790064035609,-2.54560062662855,-2.80544632461444,-0.609497218187932,2.39298422962797,-2.00152654031874,-1.68842893700111,-0.0665864586199396,0.230772962017439,1.27186483534064,3.0041528090829,4.72237517647715,-32.4886641718764
"npe_median",24500,2.16331348448578,-2.52686431007362,-2.76698470752598,-0.608042035485691,2.32523419106204,-1.30103143305286,-1.72111379358317,-0.0774582173804037,0.284140307391184,1.7442078136555,2.64269168080731,4.97196331814361,-31.8299834530245
"npe_median",24520,2.07871089947777,-2.48521590555718,-2.85597496563926,-0.501972160495146,2.19041767258423,-1.67480033631498,-1.87630638323719,-0.0665989495923096,0.366983588492572,1.54535533686806,2.79416046389563,4.86441301145373,-31.0387966207486
"npe_median",24540,1.95445467277147,-2.4831113817988,-2.87183672782324,-0.536085702984623,1.94243750353068,-1.17139663426584,-1.72100165799795,0.0892363775108593,0.000971157078448748,1.87928122552905,2.45271987291111,4.44962340130283,-32.2952026439658
"npe_median",24560,1.57658321779321,-2.46717571128548,-2.89475091569518,-0.545520440472066,2.07071212367898,-2.14407785782208,-1.70978872401706,0.082775506119512,0.0216656967054654,1.76260681796855,2.47764247415512,4.63266531674729,-33.9294817666378
"npe_median",24580,1.85846824558727,-2.45801590622838,-2.8855524629971,-0.489381401679113,1.86392321904906,-0.903922221083319,-1.82908810264081,0.00781435376454583,0.0691311525731886,1.93182307149598,2.42093963441535,4.68162859675196,-32.671989161903
"npe_median",24600,1.70767072482465,-2.45282094621573,-2.8563198225382,-0.52389376917439,2.03530416681963,-1.23951851767526,-1.73282355301426,-0.159890873988829,0.0840634426670161,1.63094458362272,2.57154766708394,4.56249705137752,-32.8064459437993
"npe_median",24620,1.69693381186634,-2.44336946821445,-2.79483760706343,-0.655066145212554,2.33460846423853,0.231584532841085,-1.78811202532993,-0.0459389688932117,0.357210933570757,1.46487603874035,2.7979836857807,4.88841574340397,-34.7490670704068
"npe_median",24640,1.88229374029453,-2.54275938627081,-2.76442843537776,-0.667581028318813,2.09229311530187,-0.072148639712252,-1.84397870815118,0.026509280932048,0.15308575500296,1.81805273401347,2.38765750103347,4.44689294515092,-38.1541544257274
"npe_median",24660,2.02711293738062,-2.55887650408786,-2.7783138825476,-0.537979169244249,2.04068019247244,-1.56781062627635,-1.86291208586899,-0.0867466967991653,0.273925080993671,1.78230412327794,2.87144691361674,4.06104411811107,-32.9128931919481
"npe_median",24680,1.69197005102687,-2.46585294319622,-2.74667798801784,-0.631021884818964,2.28539617173837,-1.65559619620593,-1.83925082102187,-0.198859784137166,0.428926744909723,1.66838978038163,2.88767426703359,4.18303588554121,-31.5444832060305
"npe_median",24700,1.57128406503136,-2.48959856232307,-2.80988014494836,-0.540027123402197,2.19805951330739,-2.02015171230465,-1.86113665138253,-0.156504639226884,0.541718294305344,1.39305523263212,2.71064769955586,4.6824279243089,-33.8645448082685
"npe_median",24720,2.08355187340843,-2.43428378550881,-2.88475763063211,-0.51396742993841,2.14919257500068,-1.15448560387036,-1.85542288354258,-0.0843884430334717,0.257689266131032,1.79748147683433,2.70782419461845,4.78033808168181,-30.0162908743037
"npe_median",24740,1.58863994279428,-2.48990681795423,-2.76923182092976,-0.613898472929651,2.30029106814466,-1.48177560211028,-1.83447025847822,-0.134836516096428,0.526618567242812,1.75197511810948,2.65179516728899,5.038115449847,-33.8571067391126
"npe_median",24760,1.64363444817551,-2.47192638424501,-2.8454264683213,-0.56587549965783,2.2753170641835,-1.65470053168011,-1.66905472541237,-0.0686977389993331,0.117456063959566,1.87738449369442,2.53300199456845,4.93010888106752,-31.6787572890196
"npe_median",24780,1.80858668508305,-2.42205217986701,-2.91148882344775,-0.556923174997522,2.16779456681515,-1.32228165669566,-1.65206455432957,0.0127939381761249,-0.152554297878385,1.93110231005094,2.76132646877539,5.01061355178206,-32.4670754893123
"npe_median",24800,1.66540058856556,-2.40275295683495,-2.88918353175067,-0.613661101969631,2.33571015557413,-1.25096110279042,-1.71392035421353,0.105707848648037,-0.134063800256285,1.80029617203659,2.88229505555878,4.7623570203419,-32.4479208493076
"npe_median",24820,1.72043304151563,-2.34868369504548,-2.91742438765689,-0.567057636088164,2.34098571958215,-0.687963122374508,-1.77239770731864,-0.0310641644599353,0.240327638283955,1.7345377420134,2.72587417250764,4.77014072773511,-31.5880539745701
"npe_median",24840,1.98903912360033,-2.42939341310826,-2.9005581550545,-0.559168758645385,2.40840197314977,-1.96417500554294,-1.75273772671672,-0.0828154965351129,0.226388183619123,1.42896872794916,2.75867157786778,4.65490456670856,-32.6308643469701
"npe_median",24860,2.12314080662528,-2.49729914962503,-2.86593618575239,-0.515133128297049,2.26386217390964,-1.50967600908626,-1.63893110314475,-0.0992909711091112,0.305974031208055,1.60008627286196,2.70711251223078,4.98747285120382,-32.0948646548727
"npe_median",24880,1.73444740224968,-2.45869343233085,-2.81472818911055,-0.665878249001221,2.39379953936453,-1.02155060763452,-1.72886302805515,-4.64525263489252e-05,0.335146154280489,1.32483123808208,2.82219298523165,4.56116187213314,-31.9794918887825
"npe_median",24900,1.64959208068373,-2.519531010338,-2.7099556708474,-0.632161752792294,2.24558182793029,-1.39927777652418,-1.73469089509726,-0.111667792825335,0.413392195750678,1.62863444187209,2.64716225047842,4.59059053132815,-31.4220571840875
"npe_median",24920,1.85993672110134,-2.57731041660461,-2.79319731444947,-0.551256241295648,2.28183833521942,-1.47378976541577,-1.63938077222207,0.0137358072724554,0.169231841718423,1.60294582216948,2.83794996430982,4.60313659197825,-31.7285680446698
"npe_median",24940,1.59836087669898,-2.45758077758708,-2.86469622650138,-0.586817193084991,2.3599377656809,-1.61469474215319,-1.63275160844781,0.0643766827203858,0.105152012627052,1.54209449163469,3.13979800816666,4.5738100991253,-32.3600741793701
"npe_median",24960,1.69754860965985,-2.34272533602802,-2.89327770483139,-0.504066079844792,2.19609942977655,-1.4518560897361,-1.91509342156091,-0.0250817597955702,0.402084132201878,1.83538071740348,2.79930998439216,4.79513729641365,-34.5025128426597
"npe_median",24980,2.00805555879142,-2.4774432771577,-2.8155862307998,-0.585164783501282,2.32838801011586,-1.32572324330067,-1.86046668205295,-0.0702935680840069,0.0708565792967518,2.01318587793202,2.59600247420517,4.69261015018428,-34.5188697561605
"npe_median",25000,2.04595259682936,-2.57692625399273,-2.7443900221259,-0.609220645174329,2.30658404724884,-1.8543219294732,-1.6132391778667,-0.0385544977518539,0.409502998301413,1.64768816904581,2.5414304060112,4.68534005240717,-34.7024340069955
"npe_median",25020,1.57521671134531,-2.46029228262716,-2.86189544884054,-0.538088743194563,2.33273901560447,-1.626843625651,-1.85006656552554,-0.103467299497311,0.187705465591084,1.3908358246773,3.02149313298887,4.23543916371575,-32.1179522847818
"npe_median",25040,1.55093732991625,-2.48388284808754,-2.81820541684859,-0.597355523485915,2.25408774649349,-2.14422928369834,-1.77474625834461,-0.060795447191249,0.067023520369604,1.78375651040232,2.7140242521586,4.50019812373194,-31.0618569768766
"npe_median",25060,1.68940692590596,-2.48808291366627,-2.76136349410985,-0.648240145767626,2.20897923318328,-2.47466678304021,-1.86340911468022,-0.186101793567429,0.249121972772639,1.66490966292104,2.99225872370926,4.47626825931238,-34.7669579237111
"npe_median",25080,1.74215253061874,-2.56102848831171,-2.78380269275199,-0.562666522737118,2.12116672358812,-1.72605830854613,-1.82711496120903,-0.0980036979317968,0.302901654710771,1.71692645991032,2.73138611251575,4.33434998555357,-32.1457059881117
"npe_median",25100,1.68694001501523,-2.51727775981745,-2.75287228269091,-0.568180898762145,2.27159215053433,-2.1857862573907,-1.74986710118501,-0.229978607183354,0.404949971864124,1.73638093898715,2.93782086777918,4.52726905520817,-32.63124493577
"npe_median",25120,1.6586832590297,-2.41608432243393,-2.86557136430191,-0.570575138182507,2.37399017367028,-2.01059901292781,-1.67755295179728,-0.103090913099835,0.248259900545219,1.30053355120497,3.1614355571689,4.66236539625684,-32.1689272586561
"npe_median",25140,2.36448117223338,-2.50670198846473,-2.80300726785275,-0.610556392181618,2.18855740227059,-0.347495748542874,-1.59404299749864,-0.0677878774907477,0.290526474520651,1.50746013088521,3.00115726898442,4.63511687651387,-37.4395848889637
"npe_median",25160,2.10448907796847,-2.50431292553061,-2.83162399211941,-0.534656006129073,2.17102691692705,-0.304160916407549,-1.68119641812589,-0.161559207739589,0.180314334139324,1.59013024908724,2.94415677635372,4.78008120216763,-33.4203230035377
"npe_median",25180,2.27270045222836,-2.53074715812225,-2.78450188212207,-0.539791075718367,2.14351385284526,-0.951531135694521,-1.92601217741343,-0.0647130697588522,0.386961024476728,1.58752401193811,2.79239298534148,4.75991402725924,-34.0799451509255
"npe_median",25200,1.80581501380626,-2.50936146193042,-2.80349502685623,-0.622445347436468,2.25434017739369,-1.14501447416393,-1.65398146171821,-0.0355558675702553,0.363416610253083,1.24912951497275,3.01751763556422,4.610055796626,-32.6921578652073
"npe_median",25220,1.81807284177716,-2.53577640357095,-2.75384671775636,-0.634099067849448,2.23099339789142,-1.24687502049167,-1.64194942042616,-0.070981330237581,0.34971028035397,1.38761748187104,2.76309512271377,4.851590810142,-32.0108361893709
"npe_median",25240,2.06916707939957,-2.54323060195876,-2.76653640499706,-0.602321084882621,2.03671602279204,-1.28694123281351,-1.83329353245579,0.104202059583725,0.0214208800594095,1.71016751951443,2.65749086059653,4.6116729247976,-33.0334517755471
"npe_median",25260,1.7877670891032,-2.47845588664635,-2.8483232740959,-0.513084419799353,2.22596355618862,-1.08348643551379,-1.81272964779356,-0.2061752669234,0.321376755455075,1.74201777525213,2.9386122759088,4.25026854264816,-31.8303807328076
"npe_median",25280,1.86196937164977,-2.49761288774814,-2.82255570748918,-0.585553661256561,2.36618282055465,-1.64066321423879,-1.75849467656109,-0.186223702745331,0.0486589991054305,1.72849428609052,2.95813639920238,4.71556035016152,-30.5731121812519
"npe_median",25300,1.99062963025956,-2.50435324664845,-2.73860842052938,-0.602596740453378,2.33186514607965,-1.7859093673258,-1.84566172818458,-0.161171394429157,0.440038839470039,1.56269110302345,2.97063601753927,4.67644178972406,-31.6949310787635
"npe_median",25320,1.62361929820772,-2.38229899382543,-2.85482894774259,-0.533619030324908,2.03429260623386,-1.95569271989517,-1.78639281584624,-0.0478478124054325,0.229785981129231,1.7199459663323,2.61692219791527,4.60714081839143,-31.4046163502381
"npe_median",25340,1.76993202420335,-2.41366051934936,-2.85668680861565,-0.57424843769005,2.15534766754753,-1.11352782281676,-1.76199953864504,0.0197675134381219,-0.0645604939864329,1.652205583279,2.96900145432369,3.91634151605602,-34.2784062700688
"npe_median",25360,2.06321962656302,-2.49023057987844,-2.87894973722586,-0.554787097854658,2.32987563296082,-1.79468785031403,-1.81285512140424,-0.0267337936270893,-0.0699660559782327,1.78116361153112,2.8683744507676,4.12604813975059,-33.4583859808446
"npe_median",25380,1.93322704081777,-2.426580185684,-2.90777845385668,-0.520863849479037,2.13223538883787,-1.28575078796942,-1.59610815749455,-0.114574482902898,0.12759737828715,1.81276878879273,2.62629375083163,4.5888446087455,-31.2874164476051
"npe_median",25400,2.04562044939772,-2.41960011220383,-2.92616682942515,-0.497206293640768,2.07605449083838,-0.986802764997829,-1.81528439267642,-0.0413017522876199,0.184665259117077,1.92040894471671,2.73036045511405,4.58527895426322,-31.692929726895
"npe_median",25420,2.17367996590065,-2.51408596245189,-2.82557863777071,-0.533485246282875,2.27920665686736,-1.00149433294775,-1.80625165532626,-0.1994192779468,0.448492378067432,1.47233671339409,2.96429356483201,4.52990923261197,-31.723880752274
"npe_median",25440,1.86495422896283,-2.43099209392832,-2.78195550167483,-0.588606747907989,2.08557827068709,-0.643223979447704,-1.80561864558043,-0.103668365261382,0.410009586185545,1.65642441226645,2.59698957505759,4.76230445215584,-30.967868770651
"npe_median",25460,1.91311842113569,-2.31604598231247,-2.8606013795301,-0.673798738044824,2.27423185850207,-0.778574180347634,-1.80529222428789,-0.0303815791341985,0.354518397413209,1.65307400676839,2.76910355900586,4.59895035170214,-33.8117992873804
"npe_median",25480,1.64580920096023,-2.32878829000253,-2.88243892960266,-0.592250951876738,2.14909152575389,-1.2892290376524,-1.83091004927536,-0.0478999657367538,0.23017971165167,1.68143949123143,2.54319954067693,4.9798314853767,-31.8197436837905
"npe_median",25500,1.8629920733542,-2.40058417386357,-2.87650523508156,-0.551346256592634,2.22368288753633,-0.878957316007166,-1.83424199550252,-0.0784477287322253,0.155119668266041,1.73566255140924,2.83136020885199,4.80604230378948,-28.9947211267906
"npe_median",25520,1.77332824974007,-2.45111496077531,-2.84214785183927,-0.593252726174757,2.31646975055039,-0.743245344535956,-1.75621246679539,0.00568817880071408,0.0703558589272396,1.75156267521083,2.92103376657813,4.91568898449623,-30.0978655444882
"npe_median",25540,1.77332824974007,-2.45111496077531,-2.84214785183927,-0.593252726174757,2.31646975055039,-0.743245344535956,-1.75621246679539,0.00568817880071408,0.0703558589272396,1.75156267521083,2.92103376657813,4.91568898449623,-30.0978655444882
"npe_median",25560,2.06162379389388,-2.51776644248192,-2.83808549740011,-0.579674978883013,2.23975809974332,-0.681513712216916,-1.79720170788553,-0.108917863171399,0.00143245670774214,1.92522265676251,2.47920378109881,4.77909786977057,-32.279079217827
"npe_median",25580,1.88920536380048,-2.44257999185849,-2.84073750718814,-0.570588544063073,2.32983385910784,-1.38727699925732,-1.76806471196482,-0.153731299499889,0.317901550182739,1.47625328957433,2.74103345567618,4.83807298014273,-29.6125768696136
"npe_median",25600,2.15568815209665,-2.49898621298547,-2.87607928201905,-0.563361143373981,2.33643341643726,-1.50108190981608,-1.64923887357985,-0.00784766642442664,0.135536512669316,1.41406451220291,3.03454999785493,4.79553035897252,-31.5072045662682
"npe_median",25620,2.03969140721627,-2.41167433888353,-2.87276830481762,-0.568750263431314,2.29672903969575,-1.36976415301881,-1.74077416701956,-0.051735620815111,0.28655162206224,1.41248694595426,3.01649385661555,4.86394575906604,-30.22187432353
"npe_median",25640,1.88806322318308,-2.45923443504324,-2.82322858841522,-0.571199694136755,2.11065670357874,-1.79413318111723,-1.8273381259703,0.0882415699924869,0.302121666844816,1.43253968117561,2.71714455286843,4.70630186499081,-32.5471800048025
"npe_median",25660,2.15926015541253,-2.49204125374381,-2.83945126716449,-0.524130934735885,2.14905001873344,-1.53279718200211,-1.64367990989956,-0.185961538244633,0.462063924189848,1.56567793820571,2.96716503576909,4.71110043706634,-33.7323196946658
"npe_median",25680,1.88013720212709,-2.40962013155356,-2.89213068311447,-0.526811110359085,2.25111396436362,-2.50976726403796,-1.878119157058,-0.186009807512286,0.119973884623914,1.59525159063745,3.16238244056531,4.69492910021035,-34.8428090416739
"npe_median",25700,1.87313234058258,-2.42784090720685,-2.84800265814886,-0.590412584869521,2.32336359688798,-2.07707905951583,-1.75785132670317,-0.231965669162505,-0.0258018579823283,1.61682728877145,2.9433564918051,5.11548955027783,-34.8593780543112
"npe_median",25720,1.84840106726827,-2.42457114628038,-2.83182390189775,-0.576768593189671,2.19364689670119,-1.55258798562548,-1.6155946149075,-0.0838588877996976,0.242270973888115,1.59311916674747,2.8801656649853,4.98797589957632,-31.1892369969291
"npe_median",25740,1.9419700217102,-2.44273365483964,-2.88936003064126,-0.548086296628772,2.22335067410372,-1.33415267010076,-1.76812090011271,-0.0523645665642758,0.0701999618649059,1.50162737083929,3.12388507884964,4.68126139431821,-30.6974401563754
"npe_median",25760,1.85509908215953,-2.41697492269411,-2.86786303958209,-0.543520699874448,2.13945733999562,-1.32271018298536,-1.79363921950026,-0.0709273534981604,0.0125020770910903,1.87875224418824,2.87090459256268,4.69591184363677,-30.1749903991972
"npe_median",25780,1.64594485090843,-2.34169198960929,-2.93174217205212,-0.552303261680395,2.18068226849384,-1.45866421643628,-1.7527084394795,-0.0815485793597586,0.0143695375261685,1.83613590702957,2.86492204886092,4.6077007798231,-30.6274888262791
"npe_median",25800,1.74302506628191,-2.41108853868612,-2.89287675399957,-0.54081008617593,2.34279800825533,-1.52825249085891,-1.76641999871294,0.0188644462836221,0.122924771237651,1.48812193969405,3.20407227267635,4.80517921394518,-31.9402330427879
"npe_median",25820,1.63419144612682,-2.39643253164739,-2.91054789654079,-0.53635702043764,2.07600053677019,-1.46350589131227,-1.84393164154591,-0.04117931337436,-0.0771116065756139,1.81237017118947,2.76356384048987,4.54073240703284,-30.4920313198714
"npe_median",25840,1.28281796472704,-2.34664409739704,-2.88407719127471,-0.568730186615462,2.18934475550503,-1.25205026770022,-1.77855675711003,-0.105667052062186,0.021166105525859,1.80710898384908,2.97536529704062,4.8878845084773,-33.9877152564046
"npe_median",25860,1.85795552023436,-2.34936886391019,-2.93071817168781,-0.579461261346334,2.3351558435604,-1.28614067032647,-1.7367754206153,-0.0815842896265221,0.242979181529166,1.52079373026509,2.90716737272862,4.7075363929234,-29.9943108173213
"npe_median",25880,2.18472431844619,-2.51792526845398,-2.77292970375754,-0.559561998171089,2.16244995792878,-1.98498573771171,-1.84472252106605,-0.102648451610954,0.300506182629614,1.69285116913648,2.91159852861545,4.7572277873231,-32.0533554237664
"npe_median",25900,1.78364682969904,-2.45007699831381,-2.87421654872568,-0.472397535450444,2.14911618574504,-0.914077300276909,-1.7540658644709,-0.107986532887411,0.410317781212365,1.6650054429752,2.79205433974987,4.82644150497309,-31.3728778725168
"npe_median",25920,2.07538052919324,-2.44802483976421,-2.8671624579316,-0.53372404736024,2.12219427410891,-1.44994508253026,-1.82494795288688,-0.029580077124635,0.3173268238282,1.78083060203892,2.70912909180742,4.79488334574762,-29.968156492785
"npe_median",25940,2.0620333677526,-2.45037352115642,-2.83205703512978,-0.605057913363936,2.31619878566235,-1.99187307479835,-1.76628751113301,-0.0448273868420931,0.552371019805328,1.34810343426657,2.83127759325669,4.82740252738724,-32.0198302612566
"npe_median",25960,1.9050239971239,-2.41560449038133,-2.95243992368168,-0.626263373166045,2.42458146044704,-1.93769416911753,-1.71143423011155,0.0304348250336937,-0.0434063373350709,1.64528388895216,2.6235248972432,4.62351051538075,-35.6367847877298
"npe_median",25980,1.63181214401818,-2.47487958377752,-2.91583215182433,-0.599968506208783,2.3116095615668,-1.15431173402957,-1.71105146673825,0.212547691006366,-0.0375077785487252,1.58879571886581,2.80268263257533,4.38886784584667,-34.9879631940224
"npe_median",26000,1.75437857593355,-2.48819850793543,-2.86100807144214,-0.556778103593515,2.41939328396576,-1.15107436568971,-1.86946115932241,0.0445363632738948,0.118081425564311,1.67414427153919,2.90573448079573,4.82126189134677,-31.6267295353069
"npe_median",26020,2.04367114374588,-2.65825638777797,-2.67293350104491,-0.618366747090183,2.33644741649265,-0.739014663653799,-1.72404707467249,-0.297134086597403,0.596895069088244,1.60089916666828,2.84671953612555,4.19110610583169,-40.7792446712396
"npe_median",26040,2.19721977801651,-2.66189978469044,-2.76870911902136,-0.519634943653103,2.32003472172928,-2.24177690251729,-1.83868788888758,-0.00567198949103902,0.113903434303304,1.80230153536616,2.84707816488046,4.61896062632123,-38.5352180162093
"npe_median",26060,2.00129694260799,-2.65628119299646,-2.77825466868792,-0.542393416790225,2.32826433829471,-1.91353046774938,-1.83022835134574,0.086599735252363,-0.134772457579004,1.92873319255949,2.85265994207247,4.61367317598695,-38.8355780279452
"npe_median",26080,1.71626865055766,-2.52196507210653,-2.79593941480598,-0.59937822561213,2.08053540758174,-2.28801056123295,-1.84444383388668,-0.0982145820221999,-0.0524343371954046,1.68000888135037,2.72856737525345,4.24561915815407,-34.9064491719325
"npe_median",26100,1.61492306398429,-2.42896767731716,-2.91330482278985,-0.51717192298374,2.0431819235451,-1.4132643160365,-1.82227578473009,-0.0405006699360732,-0.0399507883988268,1.9880398341463,2.49546492614165,4.30150910699237,-32.2730025636515
"npe_median",26120,2.08600326080203,-2.4715561040373,-2.84059647197336,-0.551608871141676,2.00774265825556,-1.72969967707364,-1.77566599761987,-0.181079501532973,0.0172564239104436,1.66901403023276,2.66336430895379,4.31502409737192,-34.5569100688192
"npe_median",26140,2.07259157423591,-2.50669426076651,-2.81243335247809,-0.487098264662359,1.9656208898415,-0.466707335176514,-1.99367188856067,-0.0542675188983751,0.405553109621892,1.67138125368054,2.32594891994593,4.54718836169091,-39.6728497561812
"npe_median",26160,1.3699264216592,-2.4502853484665,-2.8760647851969,-0.414315702773309,2.06184347399581,-2.09388253370226,-1.87916975024895,-0.0767299393450187,0.381486304100883,1.52356924653056,2.7902800682131,4.32526128787927,-39.0419483351052
"npe_median",26180,1.80757719108865,-2.4876969987112,-2.72631248650273,-0.58075771381922,1.88720359249545,-1.22788283927541,-1.77604309672864,-0.190716396239413,0.448220122204423,1.86283107871083,2.6123979298357,4.53675974167901,-33.9092441137693
"npe_median",26200,2.07960720256679,-2.45884068269686,-2.90053797567047,-0.515657146036446,2.0809297624013,-1.39005034591087,-1.76267740642523,-0.251017783446411,-0.017527141464968,1.83071020901675,2.68048535515717,4.63473432720599,-34.0108578904018
"npe_median",26220,1.93215736902774,-2.41513801020809,-2.83220683244361,-0.620843851839333,2.26982173928498,-1.45257699829029,-1.63422669380394,-0.190402731233483,0.483841967336386,1.47369141427769,2.77038686682364,4.41358711457534,-32.510820748336
"npe_median",26240,1.74446136127442,-2.43790512988975,-2.75153517529124,-0.632245356640272,2.42134770182553,-1.8148468298884,-1.70575447199428,-0.305023657688865,0.466692233907267,1.61790239980617,2.96835765483433,4.69676513048797,-33.9418398961054
"npe_median",26260,1.66222062463988,-2.46739559005453,-2.77972981861276,-0.612503514613355,2.39810048824282,-1.66318839487907,-1.77255512791907,-0.248240896001709,0.15771491993398,1.65531925150414,3.00891217349178,4.7476082962529,-31.7484178568037
"npe_median",26280,1.81828777557842,-2.46042526586,-2.78073955456121,-0.656036353723086,2.39724890260414,-0.973380542510168,-1.71439380995326,-0.156998026162294,0.199801488364009,1.28092599999291,3.10194238852326,5.15090693781117,-34.2529583771306
"npe_median",26300,1.65678556337328,-2.551298047871,-2.71640420934012,-0.644382740002709,2.36604812682134,-0.910472823084091,-1.8380992550633,-0.0927144367271058,0.347576830274756,1.53767053675408,2.6331049008637,4.8815883079563,-33.1617618050557
"npe_median",26320,1.76415626416411,-2.43679944478099,-2.85335808308177,-0.559439585694684,2.19420662971281,-1.40637760383562,-1.90325219322628,-0.1462797302164,0.00241163278993389,1.81111766021411,2.63506251093802,4.88206659366014,-30.2721648292136
"npe_median",26340,1.73413594985532,-2.3604803374561,-2.98488726038837,-0.537508373028358,2.19639817179995,-1.57702606720072,-1.7860982654218,-0.0370562725426077,-0.162934816620724,1.98157533617673,2.5411620823125,4.97861787453775,-32.6634058233229
"npe_median",26360,1.80647191873158,-2.49877805125743,-2.84345691798618,-0.530237295584153,2.11300172271852,-1.47464357539043,-1.95154658878773,-0.121898711029733,0.191712727963437,1.72490953026878,2.45175069886437,4.60789056475048,-32.1822538402257
"npe_median",26380,1.8102297613612,-2.43112302175249,-2.83066146900606,-0.546027887353439,2.14064636674636,-1.03106806784147,-1.87805666910349,-0.163400409197486,0.617229620340873,1.51854690713364,2.79006617877924,4.63249830690027,-32.2499604216929
"npe_median",26400,2.05866510509464,-2.54073136737593,-2.74468304137183,-0.563750895219547,2.05736271616899,-0.989387912075459,-1.77518594518552,-0.305463083429365,0.607417597320511,1.57267618458995,2.7693926186983,4.55319786726053,-34.7838195073027
"npe_median",26420,1.68631985081674,-2.48474907439665,-2.81557415349542,-0.501415608090278,2.02112617195895,-1.33756041747407,-1.84000070911541,-0.227653729444314,0.334215973827282,1.82590351221855,2.59353587343784,4.52071148159088,-31.9718851820942
"npe_median",26440,2.00621709879647,-2.51190715515216,-2.86956738704404,-0.523415018719598,2.00159902925821,-0.701282477315327,-1.71137931049931,-0.0134756280526208,-0.0203850621536443,2.03128466909448,2.41622698846339,4.69588114973023,-33.0229566076624
"npe_median",26460,2.13463499236607,-2.52818246900845,-2.83540883540268,-0.553985305709531,2.11254501212112,-1.09670626951364,-1.72740585865082,-0.00776005958370521,0.0799970801098943,1.53201143887344,2.87109354379813,4.38102080363381,-31.9369443777544
"npe_median",26480,1.67403569399232,-2.41274466862061,-2.90962554220414,-0.539084474453342,2.18006189847169,-0.910584784632684,-1.8063259630359,0.0588450141028231,0.215351214534504,1.45388911965795,2.77157561507189,4.46754664111108,-31.3951255131948
"npe_median",26500,1.74932785443759,-2.36462062697752,-2.90956788938761,-0.57259931002621,2.16840136012183,-1.24985108727564,-1.73976564597506,0.101483660520346,0.289180479099769,1.5894889664273,2.7979226369391,4.65227790494337,-31.112351701688
"npe_median",26520,1.59360991254209,-2.32772315430364,-2.92055140532581,-0.510053532279332,2.26939611794514,-0.885690035992994,-1.79850508969477,0.0125942436824379,0.451323711682821,1.29518941377352,2.83207235551333,4.64857099034153,-35.7270579146645
"npe_median",26540,1.89359582945243,-2.36834774390778,-2.8967344020778,-0.559196915277101,2.12080004476835,-1.49953454579415,-1.82466907543947,0.0227100524834717,0.459348889501497,1.5201088237316,2.619107245803,4.94315049427152,-33.2171594943547
"npe_median",26560,1.99858913507798,-2.46174550631587,-2.86337484422177,-0.543846035976339,2.17208769351786,-1.48818227578664,-1.87300289556305,0.102445983401734,0.388131812699183,1.4168505201066,2.88690587098995,4.61649187146845,-32.1116876593368
"npe_median",26580,1.56049420290928,-2.40425275913792,-2.85190896778437,-0.583292782778484,2.15973701870312,-1.75046534840384,-1.76894261167548,-0.00661414866700831,0.221549230362803,1.466855309317,2.84244587336639,4.87046466842626,-31.3950841900037
"npe_median",26600,2.01355383897283,-2.37293997247455,-2.98586678458422,-0.504504288282933,2.23338547820145,-2.06347230341433,-1.73338778405901,0.000869756498530914,0.253788465759637,1.64924020845989,2.84602999297606,4.67937069384186,-32.2323432051843
"npe_median",26620,1.81323323203984,-2.39334447464894,-2.95252229874149,-0.507794890342503,2.08003787318968,-1.3723457429798,-1.69842798684043,0.0229615341715316,0.150653173819152,1.8134330970198,2.71747575749398,4.86871948356453,-32.0287850263762
"npe_median",26640,1.65313900878499,-2.37261862656154,-2.93923280016742,-0.575092682473596,2.27459450032703,-1.96552901848673,-1.78412892949254,-0.00397903255142975,-0.145785209426451,1.48773507757736,2.95119945897908,4.78979803142543,-32.3132313867148
"npe_median",26660,1.34499334144919,-2.41719328134254,-2.82017518731963,-0.681205673648842,2.4018913602582,-0.973807871701927,-1.67344460331491,0.0502188892677357,-0.030931689725311,1.42867096940821,2.83821947490287,5.18332708071806,-37.7473497488372
"npe_median",26680,1.69594166951721,-2.51114172856925,-2.86741933823415,-0.582247239922346,2.31109968609295,-1.59775715904608,-1.51263648015323,0.0526024602604457,-0.21299745505974,1.6975451015964,2.56869771314452,4.78197700223392,-36.5783639959037
"npe_median",26700,1.66165153315001,-2.49576505469138,-2.86369268601559,-0.603598080435311,2.33010399461001,-2.78461981019167,-1.71808288976071,0.0681922540049334,0.0211909685954939,1.51966804880526,2.68575455166194,4.8783872424058,-36.7054361573375
"npe_median",26720,1.78867889649498,-2.42253413229677,-2.76620393827686,-0.68479145489636,2.29397150220083,-2.73060853817474,-1.85243096748743,-0.0462297399321424,0.406902669936085,1.65927876532106,2.66321828911516,4.72480961980691,-34.2546878626662
"npe_median",26740,1.82703869297987,-2.485780302095,-2.87934540135739,-0.511929244964756,2.28477916034578,-2.51896691559999,-1.77361356945686,-0.0656259275810703,0.360758321881226,1.59651095447764,2.77117814465335,5.05213330381333,-34.8903488163539
"npe_median",26760,1.99196895654823,-2.49636536940317,-2.89120062863158,-0.55454172417557,2.11919736426338,-1.70933522504831,-1.77330993769716,0.0822452315185599,-0.0692708678354639,1.98412773814415,2.32044811333004,4.9468765126657,-32.8280414154131
"npe_median",26780,1.72800842931797,-2.41052684808714,-2.83134513910977,-0.548348719070493,2.17129999921526,-1.51925979480482,-1.58887720546565,-0.111928026905564,0.596888971474708,1.55122877179622,2.76864578688956,4.5132836061685,-33.2108241060695
"npe_median",26800,1.5929920855127,-2.40694826474623,-2.81587437031743,-0.575309337358571,2.19544295567846,-0.892643990979343,-1.660950801271,-0.169723628135117,0.410424827446775,1.91935560467819,2.67318759838973,4.55781340434732,-33.1218774033806
"npe_median",26820,1.56433220955629,-2.34509471485449,-2.83710435369116,-0.618315280106065,2.28265227350144,-1.55038746001951,-1.8287569042404,-0.246426230002591,0.409463387020528,1.63192646414746,2.69567813369049,4.86996405137956,-32.3110681088505
"npe_median",26840,1.70344184482784,-2.38922821712876,-2.9350992075638,-0.530863634271402,2.11021129157086,-1.40077281209041,-1.92261654122299,-0.045231651293886,0.18401528932951,2.00522469761666,2.217437141802,4.61516496268329,-34.2661477651035
"npe_median",26860,1.58280977461329,-2.32981333602496,-3.03704086581173,-0.502224892319385,2.16819006421658,-1.64293708791066,-1.76443467068638,0.00945471386468062,0.172359127785196,1.98266769250914,2.20640277370215,4.87926362919857,-38.1278195850132
"npe_median",26880,1.47727634184208,-2.41612485137134,-2.89370864517976,-0.516284270313368,2.0715327453435,-0.320981888757559,-1.55821569604717,-0.144036402219493,0.275979593141419,1.70974286190614,2.38040999501372,4.23951706881881,-40.7598206615417
"npe_median",26900,1.54039172983168,-2.51975830528387,-2.83834843825355,-0.669375461032904,2.45989345512656,-2.11991129758594,-1.77053366245459,0.181346691802645,-0.225548076727593,1.65288938676122,2.8986349780621,4.80356983184503,-37.1399158934147
"npe_median",26920,1.90702463691412,-2.3746026180688,-2.93741474125058,-0.5838311101611,2.27485477569378,-1.64517628115911,-1.74640850134576,-0.0389023011773686,0.0420390174175578,1.48778969262405,2.70354951256658,4.61737208253206,-31.7164630681791
"npe_median",26940,1.80440535775623,-2.38677562664578,-3.01114909374381,-0.533381824169969,2.23871899660723,-1.14452123024223,-1.75578160619109,0.115537413264106,0.107828879198539,1.30736130339816,3.05023106995268,4.26258230456136,-35.3241634809098
"npe_median",26960,1.65313944463874,-2.43315401917439,-2.7634713856127,-0.529234197558253,1.89870772738226,-0.716529757584412,-1.91846905109553,-0.187033808700594,0.558993633720026,1.6027805268817,2.40163846085507,4.50413757056319,-38.2819782350521
"npe_median",26980,1.7842721293719,-2.45641025410623,-2.83097080108567,-0.551635333253073,2.02478685543305,-0.339605850193851,-1.92712579177741,0.0360060949253738,0.226182046448051,1.85776829281169,2.71376553984887,3.84566488136429,-36.721324707697
"npe_median",27000,1.52654753999695,-2.41733673302777,-2.90888320656674,-0.52723529441609,2.00574059037403,-0.217841257062128,-1.84780474253386,0.134572779693454,-0.068561822450543,1.83920510063762,2.40936563249339,4.34922712100261,-38.0463623809313
"npe_median",27020,1.43886357516435,-2.44987951403669,-2.87360385267414,-0.55347323065229,1.89964845104965,-1.27590833224427,-1.71571272052761,0.119255694556363,0.0182435592977905,1.83015887505378,2.24967827811248,4.53554291690435,-35.7660010266014
"npe_median",27040,1.77636155318585,-2.46294338178759,-2.84183118709258,-0.555844722903557,1.85373933219038,-2.26388844887757,-1.73257951264898,-0.101041550653292,-0.0787627071410393,2.19577219978067,2.26278507620657,4.34551919263377,-37.5756151242204
"npe_median",27060,1.60012537868976,-2.4276484318568,-2.85794761824611,-0.530762924782157,2.07890073604438,-0.596464938216775,-1.78105855673773,-0.151219677574373,0.339586791538778,1.82506577816186,3.00208807904896,4.35921013836953,-36.3034455588604
"npe_median",27080,1.45537303223418,-2.35352150594856,-2.96239289210453,-0.490799221081499,2.16038160123188,-1.10492805589965,-1.68634608321192,-0.134557864168716,0.235279231758426,1.64674188534913,2.81739783715448,4.51696538684842,-33.6498398912677
"npe_median",27100,1.98424906330655,-2.47667639856665,-2.83194477769036,-0.57360725549303,2.13041157421908,-1.1224389981026,-1.88575544277121,0.0485454069420143,0.314597442841997,1.53375885360573,3.16678591853907,4.69179563953029,-35.2744656027939
"npe_median",27120,2.11602875650047,-2.5205938778432,-2.76180799061117,-0.636460582150107,2.17068876695757,-1.00321585493673,-2.03942795598632,0.0528390714521056,0.445462831610467,1.33249959104054,2.93712713071849,4.83045175721308,-36.6491939774321
"npe_median",27140,1.90785467676916,-2.48307208178352,-2.72187666576047,-0.699407687109706,2.25532905892672,-0.828859502162951,-1.81737116757021,-0.0258284946395194,-0.00848501547836011,1.7175935388144,2.93117465763591,5.06118133643583,-35.0568179396804
"npe_median",27160,1.74773733572855,-2.45171818969564,-2.80437852108393,-0.636399203612825,2.30245019445013,-1.29230978404731,-1.78567542279862,-0.0866709491186209,-0.138809738669174,1.78843528788112,2.88083603029665,4.3080487936663,-32.7252907850292
"npe_median",27180,1.7782347238317,-2.47194023704887,-2.75890883072671,-0.58970747093087,2.0618967617173,-1.09146880239072,-1.76292927185179,-0.138322779801212,0.0793343731617512,1.88887637633242,2.59248241393664,4.58502954670842,-31.300789540972
"npe_median",27200,1.31280446205083,-2.35897745498079,-2.92058443266862,-0.51564879936205,2.16516634473166,-1.91305421128868,-1.70686750990016,0.0137168491910383,0.26589346802431,1.66790928449493,2.91915063716927,4.87699649723392,-34.2582000356228
"npe_median",27220,1.41845741631583,-2.46707663103817,-2.77439401977771,-0.585598975884475,2.18085702065583,-1.18340269363902,-1.59930537823844,-0.334561828512303,0.051720497482963,1.89004048585843,2.87054607055901,4.50930733538005,-37.9235290303377
"npe_median",27240,1.52778782573943,-2.56747014783307,-2.75006287645854,-0.537336274456212,2.24800335227406,-1.26720455893303,-1.69068530536926,-0.235896151666216,-0.0209200238350804,1.80183008509562,2.97304568662594,4.99566906918197,-37.1940130988237
"npe_median",27260,1.60816148626935,-2.4124099121319,-2.79272784262974,-0.552234579157194,2.12427338836889,-1.75717063072937,-1.8414383004119,-0.0681904682552639,0.332099611281847,1.72815068333095,3.07281872081437,5.12152876217344,-37.0487934807573
"npe_median",27280,1.63080037686036,-2.5094641073724,-2.71911093056813,-0.67092324652135,2.14338559400131,-1.36170956270144,-1.83416898077852,-0.0498046904528258,0.110547500767479,1.83430464595069,2.64928724695162,4.77799414439248,-31.6125572430842
"npe_median",27300,1.69378890105158,-2.44183715346567,-2.81102396199492,-0.615680516818174,2.15354444266655,-1.43714794734208,-1.79514757575566,-0.00573486945579216,0.141510796168821,1.8734523498357,2.65028753299554,4.90698708436468,-30.047424239143
"npe_median",27320,1.81520004919348,-2.39070617545322,-2.92878082597475,-0.525447391233899,2.13144700467149,-1.50549582121913,-1.64889034039544,0.0233630351245727,0.0645973278203595,1.76670101005714,2.74051427680724,4.85138199638851,-30.757681004307
"npe_median",27340,1.85935675041585,-2.51985056195381,-2.81394570830959,-0.57127006314909,2.15469660906071,-1.10395043661038,-1.62562197599412,0.0330969873640385,0.101893200420278,1.93247816528785,2.75734169348925,4.71093638950696,-32.2147853619675
"npe_median",27360,2.00260695837871,-2.47121278979391,-2.83151857748507,-0.582760823343176,2.2050740121353,-1.20247921809598,-1.80128268596566,-0.0398954349584588,-0.105409198101152,1.65566788959495,2.90972665668816,4.70042588085192,-30.5639764362249
"npe_median",27380,2.1570799274027,-2.48059443838266,-2.80078604722465,-0.617988263824921,2.19634685001395,-1.2402395892457,-1.80618276508187,-0.0858950010774781,0.0181233609345739,1.57423366751363,2.799821544573,4.69664214822302,-31.7138123650286
"npe_median",27400,1.8824913489669,-2.41581517316211,-2.8417893366627,-0.566345543587937,2.24110882766928,-1.77793398201265,-1.91077552120532,-0.108544745616818,0.146608798963881,1.76338424259655,2.9648098076211,4.40439878639387,-30.7817108700466
"npe_median",27420,1.86000852044661,-2.49781313987627,-2.78796166532081,-0.568023420356134,2.24913229309203,-1.33722525219113,-1.76800855415366,-0.10511182764815,0.263302089910019,1.7161010894551,2.83094420130061,4.35017917906915,-29.5331352612948
"npe_median",27440,2.06343856925667,-2.41864267846659,-2.80899409871807,-0.63833671913701,2.3115597404271,-1.42260630868497,-1.66994702264395,-0.15026187461319,0.347581353085019,1.44933433622933,2.9764462294351,4.54979457393106,-30.9005361017994
"npe_median",27460,1.84092078746128,-2.46697494956047,-2.85551397860602,-0.544548927150373,2.27404374768683,-1.42821280701615,-1.53480764262287,-0.0787466743227906,0.217997991874162,1.70621168077377,2.97473068359277,4.6352727733481,-31.9931644316587
"npe_median",27480,1.9267628458698,-2.50822338269341,-2.80723393759653,-0.655256808191314,2.05332616976294,-1.89645131049278,-1.74884870077672,0.0730799476484065,-0.23539092165054,1.84989995655036,2.7545403822992,3.9330381234981,-36.1099655696779
"npe_median",27500,1.87782361372885,-2.43478875719628,-2.81469874777239,-0.604869772537068,1.9418343729472,-1.05822938808645,-1.74862749724203,0.0427663250834178,0.187169356332709,1.84371524702986,2.54746474764771,4.09537536436361,-33.7147993368094
"npe_median",27520,1.68625212191612,-2.44416637843046,-2.82822136599511,-0.507337661392741,2.08769340609225,-1.6029699998386,-1.79357381139999,-0.043089371640305,0.487863722269361,1.89242402837752,2.80703678775567,4.55606331123852,-33.8658186216512
"npe_median",27540,1.51876482578813,-2.43516187090842,-2.84980246566955,-0.520802513197426,2.20799167936809,-1.27261870117708,-1.88775291711705,-0.137622260123606,0.499246233746599,1.54831713614583,2.9469857965741,4.53278903880562,-32.1206816873039
"npe_median",27560,1.86351105920842,-2.51306604298098,-2.81044669747826,-0.604256617661493,2.32053505646315,-1.86005361589559,-1.89297061180685,0.0603034100705608,0.048151461697784,1.6352842295995,3.00174176741405,4.62985408374254,-30.2922441933958
"npe_median",27580,1.87179463648301,-2.41789643710616,-2.84183777500568,-0.630789795393197,2.34102353974753,-2.23306617264972,-1.80785593150471,-0.0605677326239644,0.34499036930189,1.29569515100725,2.8061632010819,4.56496368722966,-32.1267943938001
"npe_median",27600,1.42408742768246,-2.28414129147084,-2.97573335891596,-0.60277851195087,2.38800599167088,-1.18776424966934,-1.80716546096306,-0.163703680291416,-0.077099377952806,1.69102710583741,2.64375286916435,4.52073441695895,-38.2501919637829
"npe_median",27620,1.82538829656209,-2.36143409643764,-3.07650654918231,-0.573434463853067,2.39702312308432,-0.863418503798301,-1.89103637728697,0.112918365379153,-0.433044711896998,1.67602662565187,2.82587322937761,4.65244778318947,-35.5397152954734
"npe_median",27640,1.6421548104418,-2.38619317264083,-2.98131336733539,-0.511957156391836,2.32309297187017,-0.897186338415392,-1.90425936523703,-0.075845796397693,-0.0579936914750988,1.80175208964453,2.78821077884678,4.72670395765668,-32.5304243967889
"npe_median",27660,1.73197892709865,-2.33944475648426,-2.98183629001548,-0.526321328587103,2.2549353779457,-1.17139962055746,-1.93512570976028,-0.0533589756816366,-0.0379475497067158,1.73691830859388,2.97528999895478,4.68237723091375,-31.8129960073611
"npe_median",27680,1.56303932644596,-2.38326726180791,-2.84143590037011,-0.606296030583472,2.34181916196503,-1.57535079796018,-1.87878751547404,0.0157132599457198,0.199346008224116,1.77831660622335,2.77833152543202,4.84135118835426,-31.8536301775976
"npe_median",27700,2.05101884878744,-2.57987201242843,-2.72233487158496,-0.617386754978487,2.26737343414172,-0.657081112098588,-1.77263273838047,-0.222766890758118,0.375734856845955,1.74529545683067,2.82958011384199,4.53408525367763,-32.5395673567954
"npe_median",27720,2.12035643887125,-2.56203920523728,-2.77487281981624,-0.628646194569182,2.30102953665605,-0.764370477218538,-1.73416420434262,-0.137832556231311,0.179637694656024,1.82536810019608,2.67474841224373,4.64396144902542,-32.4870089920704
"npe_median",27740,2.07381757400905,-2.53894744821199,-2.85051077320814,-0.555411086848132,2.3324634432988,-0.658553810031318,-1.54620270538892,-0.0231841655326174,-0.00878757797579588,1.67320786909461,2.8978538398362,4.82118063721735,-33.9646989027483
"npe_median",27760,1.6947178316367,-2.3681102416114,-2.99956376734843,-0.433441482695889,2.28294099542596,-1.74639582608246,-1.72817279178572,-0.159150407881276,0.0384094979302574,1.79626489926953,2.91936116336701,4.73199435306257,-34.9930122165833
"npe_median",27780,1.6785580227402,-2.37399146473236,-3.03893488367719,-0.409597376924596,2.09615425979913,-1.98785248760137,-1.71354500828516,-0.0688290186423617,-0.0117183045100815,1.7157535722003,2.69543544865676,4.38887042329314,-36.3202123208243
"npe_median",27800,2.14205912206522,-2.47575360141885,-2.91824928054483,-0.564377157193236,2.1312761626634,-1.90008107094085,-1.89109920994296,0.0428525509717214,0.0657181564028825,1.48543096836819,2.84498324475977,4.71013965967304,-35.6766839780371
"npe_median",27820,1.76414029165513,-2.4168154594085,-2.82510748712202,-0.585607685872054,2.1543307318105,-1.71834788655783,-1.6075621252345,-0.137514735247887,0.43967771220931,1.59219693835613,2.7977045978325,4.69512667685827,-31.6058785122779
"npe_median",27840,1.84087487980734,-2.42173554705779,-2.84618819412836,-0.580119712453743,2.16387151855977,-1.35051213480211,-1.81887643456802,-0.00394522460296348,0.380073942595545,1.65426751889837,2.60872517784012,4.72534645867567,-29.2693548077748
"npe_median",27860,1.9913380804037,-2.50450788912949,-2.81129038606982,-0.534451218049694,2.12661962379869,-1.04591084378318,-1.8863574933327,0.00678233840862465,0.41547924721622,1.67895743182421,2.79252705178046,4.64734860583834,-31.0944025155076
"npe_median",27880,2.01870292227805,-2.52807183412824,-2.78844701326854,-0.561820262594872,2.21576805152517,-1.38620270998284,-1.92657618887842,0.0542722698612579,0.340822499064175,1.55563284501422,2.86669457262524,4.68109182765911,-31.577756042531
"npe_median",27900,1.84199941325925,-2.56097416938549,-2.76614146604335,-0.563312107005471,2.16655658284201,-1.4240915788185,-1.85847943999982,-0.0651270562848295,0.408485505343699,1.62652119264393,2.72349571790501,4.8039244094778,-30.6206520744044
"npe_median",27920,2.12094475525904,-2.5616535449297,-2.77343804512192,-0.515531357408675,2.16491535960826,-1.15676656202785,-1.95470250208525,-0.288688187596113,0.310511327061874,1.72708084054626,2.74999867112575,4.81240899932389,-34.3764506785825
"npe_median",27940,1.88818222932723,-2.55641458091062,-2.87435731210197,-0.461105899744276,2.23238045241357,-0.940301871547473,-1.96959962894868,0.032071612161073,-0.0437173132126361,1.69926591181008,2.91075462415867,4.97311120425861,-35.6359999833338
"npe_median",27960,2.27867187417919,-2.50675374179058,-2.88168500834613,-0.55653855451581,2.27352193140272,-1.32720851790083,-2.03474801887892,0.00925387486748079,-0.145717614366502,1.80501430767907,2.87287391219498,4.42541552973453,-36.3365691940843
"npe_median",27980,1.95792159571831,-2.39519800272796,-2.94782891961817,-0.585772622380851,2.24122572638642,-0.454720992219409,-1.69731317398606,0.0586716009573001,-0.107212080049547,1.58972020774892,2.53775231427181,4.79159605137651,-34.8668124755546
"npe_median",28000,2.22618070831954,-2.37542419074665,-3.03086270769589,-0.523743836619275,2.25214013665867,-0.616689104689368,-1.75142719590999,0.0474135389554602,-0.147337617159897,1.71636815718667,2.69919825648873,4.84627965705254,-35.6935650699973
"npe_median",28020,1.89617724965452,-2.46085782464251,-2.87650597991582,-0.59204427336953,2.16966805614368,-1.40641354929739,-1.79970424825266,0.13184087773912,0.119037442444822,1.80024809130664,2.59525349754932,4.70602348983362,-30.8439899750534
"npe_median",28040,1.80906293925579,-2.36779126125417,-2.89370409401213,-0.561721333317506,2.1879099475012,-2.30660738185663,-1.80003801395816,0.0956047418135336,0.242551185288923,1.86073495152514,2.71538492622961,4.29035563078402,-35.3646997811141
"npe_median",28060,1.73510267239973,-2.4316923919969,-2.81175017553822,-0.633091505030204,2.3049677380736,-2.36015505139543,-1.72952639675489,0.0778538496033874,0.174350116184132,1.64542121401185,3.04246792190484,4.5776633020125,-32.9704025745484
"npe_median",28080,1.45816634520699,-2.4551371992643,-2.79405975268139,-0.634644821713458,2.22071036983158,-1.39448788382703,-1.63480039848873,0.0391185845090067,0.268983186924864,1.81671408452737,2.82490581388308,4.55097527924817,-33.5281173853527
"npe_median",28100,1.60206118756982,-2.45663557756326,-2.79876114424957,-0.586444045390669,2.25955516450384,-1.69234494886462,-1.68559587197921,-0.0771733503575502,0.361832772669421,1.71992396654831,2.96677666486543,4.58180878002913,-30.5333872730769
"npe_median",28120,1.61218012827733,-2.38289915673359,-2.84199009490468,-0.561836478587533,2.109209909948,-1.16605887624904,-1.67707111174825,-0.0640698053830072,0.177354303305593,1.93007382730354,2.70004845322418,4.92768205916768,-32.1381622974209
"npe_median",28140,2.02640851648785,-2.46616102293525,-2.75879923918943,-0.584820920201281,2.15029572050288,-1.23526339706611,-1.71185399931803,-0.065912196880906,0.380004893339893,1.77707449283352,2.75551491631452,4.93365702668016,-32.2786712559726
"npe_median",28160,1.85282591012286,-2.37279679744373,-2.74266609804086,-0.693572556336867,2.14856875438,-1.18794303922586,-1.76971076412768,-0.0999212192810169,0.470294418833038,1.54282553089517,2.81996271162138,4.90564029836297,-34.3789959839163
"npe_median",28180,1.73102262868979,-2.33700910787837,-2.91882552696738,-0.629710590066779,2.30931711980398,-1.50518281290571,-1.80748543537806,0.0144108071637049,-0.158668789591054,1.74507846164034,2.87914319735014,4.5429609370276,-33.1721307848609
"npe_median",28200,1.94049944391084,-2.38233679688077,-2.91798995399779,-0.58882610164817,2.33990549190572,-1.48558007021821,-1.78496862246617,0.0567058564788105,0.0206850735834582,1.63128335182494,3.02186024322447,4.62214661023979,-30.8986906771636
"npe_median",28220,1.83151992255999,-2.35989470510324,-2.85077534427854,-0.562624951416952,2.16112059479918,-0.964476110784215,-1.85304184857177,-0.227950780664138,0.342704693051188,1.72033672033703,2.60175539725843,4.66963656768351,-31.1404519048094
"npe_median",28240,1.6351646494918,-2.34483143307052,-2.84487332918024,-0.538184650473177,2.09131464246902,-1.09990075426357,-1.67240841792085,-0.236069671000834,0.627492471307375,1.49516415447801,2.67679688421924,4.8610975859615,-35.2773253925404
"npe_median",28260,1.53219862500242,-2.34552733667992,-2.78373627382052,-0.658525949359628,2.3213636205961,-1.31661914438754,-1.78388787184089,-0.248656385116062,0.560644469345898,1.45116336262782,2.98529270081346,5.14103310222366,-35.5002436802545
"npe_median",28280,1.80191235987881,-2.33671872307054,-2.8633933587747,-0.620263332669118,2.25146558607341,-1.88961529415149,-1.66700794228081,-0.0999140173398562,0.358961698891447,1.64039993226195,2.80855540867879,4.72572634508959,-31.4228643259785
"npe_median",28300,1.42616694945868,-2.34317475677528,-2.87639788067631,-0.605992514989573,2.31414685136171,-1.80379372009516,-1.64140015369123,-0.167813178210109,0.0766601771641092,1.771124879375,2.82819554383281,4.83092397141871,-33.4968171399883
"npe_median",28320,1.53920115708505,-2.37725727469148,-2.88644778403411,-0.57020268869093,2.25082461373905,-1.34843750551012,-1.61440952527252,-0.124937668572295,0.124094287785335,1.83925663055074,2.69976790829902,4.71915894578351,-31.6103714605863
"npe_median",28340,1.85264016760493,-2.44259240979888,-2.79753867550947,-0.57503735298901,2.21432769257666,-1.02052880056997,-1.65176763450927,-0.19507059016983,0.505095415234444,1.71112732567815,2.83936679381606,4.53727796840707,-31.2017441510803
"npe_median",28360,1.83855113068261,-2.41397556222403,-2.86707647687141,-0.51670215970028,2.28767058289667,-1.53641278698896,-1.81544790209064,-0.189065046830887,0.226085945264801,1.56187351605497,2.99275638669003,4.9798677905309,-30.9401473379848
"npe_median",28380,1.80355236966873,-2.45113533515865,-2.81517465426868,-0.603325072879694,2.28806699835831,-1.22967661676509,-1.74312115174949,-0.14836402873194,0.445096140085131,1.55777759316467,3.04775273682292,4.10046892711008,-31.3678251923179
"npe_median",28400,1.83526609087826,-2.46237486885234,-2.76878572294527,-0.675485402254164,2.26463421009683,-1.5662347847404,-1.70480171597886,-0.10014238896055,0.307018543315954,1.51719928402373,2.71769320695604,4.86850089432347,-30.550375830051
"npe_median",28420,1.89738645478459,-2.42708871578698,-2.79463616502054,-0.662853133029716,2.23794701767623,-1.2733867288365,-1.8005239564963,-0.139918278715142,0.200558129064762,1.62101451828863,2.64434676486396,4.73144516797799,-30.2540576060436
"npe_median",28440,1.79030631433216,-2.4527721866262,-2.85295739071072,-0.569221593191854,2.18492697860443,-1.83969098103839,-1.80686577617486,-0.0185038467816051,0.14000471581634,1.63014228943856,2.91973773897846,4.46999570039115,-28.7585891782368
"npe_median",28460,1.99819607196584,-2.50801542969141,-2.82887943562804,-0.534154623287341,2.08993453647818,-1.35956926917667,-1.78302382898967,-0.0834924631705884,0.0774498858557569,1.78057204598457,2.74584199765834,4.58675683224727,-29.2798783051453
"npe_median",28480,1.8046017156957,-2.46816230105853,-2.70801316876238,-0.616202222841072,2.17937171823347,-1.99293003930322,-1.81000092054291,-0.0918409723307228,0.515210133035454,1.60544388308681,2.70391162585512,5.05933914738825,-35.1828174084041
"npe_median",28500,1.69270562811484,-2.33520841874627,-2.95366228182797,-0.547469758898066,2.25922481915763,-1.49738629273698,-1.68561804331735,-0.172509250894715,-0.0252241614568775,1.8226381868206,2.66532109688853,4.67045838354586,-32.5775789509977
"npe_median",28520,1.59982042457819,-2.34758712265582,-2.91164655067888,-0.481970055625343,2.34074373065197,-1.47058355539989,-1.70408499910244,-0.204938627096885,0.670840611386644,1.52249360004203,2.9745194595618,4.65992268812854,-37.2914540532272
"npe_median",28540,1.65023305881299,-2.4390448493743,-2.79715277422556,-0.577798515603852,2.33805046707771,-1.43053758904768,-1.70327453981287,-0.239945676671653,0.237312986567348,1.72738535504824,2.99231686897342,4.64953542616954,-31.3766278953984
"npe_median",28560,1.74838300056708,-2.43226784730978,-2.74072092699904,-0.698065975023149,2.16762741787857,-1.68280177511168,-1.74484989027844,-0.0509648088310479,0.126952724551702,1.72686330757997,2.71798479922637,4.24111979422035,-33.3582999418133
"npe_median",28580,2.0802107872168,-2.51299934748876,-2.82960909858776,-0.588382275349135,2.14824703514232,-1.66138457460017,-1.79027633386133,0.0543762011015649,0.122614452819632,1.50721514984343,2.9017543019907,4.37701917166423,-31.026928826845
"npe_median",28600,1.72567122601554,-2.5322160628413,-2.81753044961807,-0.589220074089353,2.31492878256491,-2.64374559989192,-1.71309121151991,-0.0987297795390064,-0.000981610913141723,1.72264780202942,2.93657620294024,4.54797578356607,-34.0271686935699
"npe_median",28620,1.87024766142375,-2.57494979109172,-2.78918076246031,-0.592549582295615,2.16902821837791,-1.30630127601937,-1.78353831332825,0.118127837807872,0.371110782294711,1.56215090667333,2.76469358323121,4.84593986251837,-34.5532401548263
"npe_median",28640,1.73768306594775,-2.42963064623742,-2.88087621350436,-0.520347404915688,2.08141369688683,-1.63321783557975,-1.73512208093701,-0.0434091213057292,0.178104606767098,1.78617568814911,2.81594734029257,4.69978793894233,-30.0865643381571
"npe_median",28660,1.4869023668084,-2.43815909449354,-2.86329469448693,-0.573341885012657,2.18534766189129,-1.45360839754121,-1.62628917594202,0.0729015500940204,0.176553682636012,1.39066672170902,3.02410012123217,4.31640727506306,-33.9064080986917
"npe_median",28680,1.23424187980365,-2.44901424720105,-2.72350314340505,-0.675063305788338,2.45059031667348,-1.03370787739513,-1.72186830624858,-0.136717128404477,0.698723121159914,1.38755618027699,2.99433258645543,4.44089676058355,-40.4385853862353
"npe_median",28700,1.23184096262365,-2.39121865140733,-2.81590763294349,-0.530876399421513,2.11472301989515,-1.28913350339389,-1.78923797760054,-0.282667382300997,0.263947290954178,1.966152735134,2.36768231272187,3.5573554799009,-46.1016969654843
"npe_median",28720,1.43569528513667,-2.470410238463,-2.78900275299136,-0.584123038569677,2.12817115838287,-1.68322232628345,-1.6181616864387,-0.159637322869483,0.21219860793697,2.1366868605981,1.91228026339835,4.32642441805369,-42.3100556716325
"npe_median",28740,1.69085952398047,-2.61506955451047,-2.76717986266459,-0.581055230891156,2.07360598373616,-1.46916132501297,-1.92479694360891,-0.0340386816884082,0.091532674009574,2.00836378718972,1.76789831731082,4.48943901314251,-41.9475747700304
"npe_median",28760,1.62553390236346,-2.57790501924776,-2.75157380172601,-0.641663261919598,2.26610330420074,-1.56493661941468,-1.84337452501058,0.0820805788837386,0.428274776359696,1.81171883317681,2.31492086396501,4.47903994681078,-40.0411332876419
"npe_median",28780,2.07855637024271,-2.4643896056792,-2.77761225613923,-0.602556916448513,2.18765271292555,-0.880104297565249,-1.81724670940944,-0.102740847292325,0.460802419163784,1.59701767360792,2.54979696845732,4.59085186097926,-31.8964117655607
"npe_median",28800,2.0930722751068,-2.45553397857006,-2.82396038008207,-0.589560608134084,2.23215745137083,-1.20648749481402,-1.69047049935873,-0.0780279426123432,0.413353975005418,1.51953956018718,2.80864042270266,4.54050894729038,-29.912737039513
"npe_median",28820,1.75310878916972,-2.45111783927908,-2.83226232759222,-0.571227269150341,2.21952345412981,-0.34329481323333,-1.75667650821605,-0.131891061127442,0.310491868879696,1.84451354345692,2.56758536542379,4.39098147220213,-33.2383080905352
"npe_median",28840,1.67920358608559,-2.51477903645194,-2.72555392980946,-0.675105689763663,2.30871241177617,-0.517566887013817,-1.76064427437546,-0.102191350382675,0.260931916105971,1.58767862450995,2.99047896018749,4.63912653778351,-31.6180261819547
"npe_median",28860,1.87246999211901,-2.39736020371631,-2.84518035184671,-0.634648615247226,2.11425309022844,-1.56573204298843,-1.71563632890847,-0.0263052883268194,0.199428682489738,1.61969076671461,2.63573226129028,4.47339530071544,-31.3753759668158
"npe_median",28880,1.70077775107007,-2.47462656433541,-2.78881593183989,-0.604590816242632,1.98705095232366,-0.980537857677085,-1.69087044310046,-0.0295987381228142,0.234121993506575,1.66382536925505,2.37301485336971,4.57097333286836,-33.3517893493406
"npe_median",28900,1.76729049441766,-2.42628806554426,-2.92213058179513,-0.547519735174198,2.2606703777218,-0.480956642861129,-1.74330335505027,0.01658550918018,0.0280032407798414,1.39345916516473,3.04556189611262,4.43683146576379,-32.5590563821019
"npe_median",28920,1.62641806115976,-2.4317397123251,-2.79315377322753,-0.658880329465159,2.3855894644746,-0.516680509668296,-1.69756035993586,-0.00498674552098292,0.185364682173207,1.71812396287569,2.75071761807795,4.95801295125082,-33.1758658155592
"npe_median",28940,1.61546164121427,-2.47671207708701,-2.82186532083616,-0.595881904854102,2.20583219000114,-2.31560431267442,-1.60515074732462,-0.0283642092395945,0.200193508589335,1.89366039724712,2.69489991909897,4.65128209508384,-34.5118056963777
"npe_median",28960,1.94282391728915,-2.54222176055351,-2.7397919277493,-0.661685852433318,2.15796730780049,-1.57364223299146,-1.60481416860092,0.0220599524025503,0.193762530101473,1.63753213788191,2.95685298339372,4.54259794906267,-33.2811923127132
"npe_median",28980,1.81105144743181,-2.47550724771423,-2.91632416555555,-0.520560215342479,2.1117827466777,-1.44469522300761,-1.78697293968759,-0.0330025860918947,-0.30141855815626,2.06219802339951,2.51884682401074,4.83243450459522,-33.0260118334766
"npe_median",29000,1.30137817766209,-2.47034307456301,-2.74800772099251,-0.603425247514905,2.21351130118964,-1.54733122991183,-1.77378175568192,-0.122062217740352,0.248723986731844,1.48306638825427,2.76808469222528,4.67371661791173,-32.9204894748629
"npe_median",29020,1.3306897686204,-2.52031925640814,-2.75736169782817,-0.624238322406604,2.28014896574756,-1.23572201631455,-1.84684229987009,-0.000959533130647741,0.200900198597051,1.3147952959607,2.94886080672244,4.65828877556641,-33.4449418415306
"npe_median",29040,1.56258475243121,-2.53444801970971,-2.75277279282651,-0.670804123247293,2.37505192886204,-1.7454296567144,-1.87642240718735,-0.0129339447849195,-0.0471819255092826,1.33766953014968,3.02733661105499,4.75859938990274,-34.2882784999345
"npe_median",29060,1.68071285150117,-2.46615070509609,-2.88382326933515,-0.595203962386452,2.37808034576331,-1.58019621584119,-1.74402476313356,0.0761296463541455,-0.209858136516114,1.32594499038121,2.92139157355748,4.51465227919242,-35.3155696351155
"npe_median",29080,2.13650240250016,-2.56399175071534,-2.80581320343639,-0.633788994875093,2.23992672027972,-2.05331587126174,-1.80701659516618,0.145241267189917,-0.126810750790766,1.41181286312454,2.86800963135332,4.3065629922948,-35.9983185305009
"npe_median",29100,1.82244454277562,-2.5776031929037,-2.78351096232703,-0.569338916237983,2.21396227308394,-2.00862086028202,-1.83652045588358,-0.00159802279441122,-0.026192210826317,1.5896029895145,2.82590169798034,4.7490979260063,-31.6019159377783
"npe_median",29120,1.57893861034162,-2.49247522250735,-2.85392274268585,-0.547362441066701,2.09623110331673,-1.08206412187224,-1.90123144953687,0.0738155605364131,-0.00364534761734395,1.76167167244504,2.56861265632869,4.71934960869875,-31.5633262108206
"npe_median",29140,1.45803114561158,-2.51595848012304,-2.76779710907543,-0.596325109495174,2.0868016382717,-1.47977659519072,-1.81402052646877,0.0870594629931119,0.0734583784441815,1.76822819095054,2.9376026065165,4.19183717754328,-34.1182046705563
"npe_median",29160,1.29007932454193,-2.47944954305568,-2.82578281040779,-0.496043746709999,1.96174812033864,-1.51290823740328,-1.79039029704194,0.0545053633013257,0.126715189821508,1.86498656161456,2.84061561945198,3.99953116703712,-37.7846090148765
"npe_median",29180,1.73559283317229,-2.51267125058682,-2.82102455268954,-0.556156198089228,2.23052333741507,-1.49573189714338,-1.68999578624029,0.0541144014609789,0.0739685813230394,1.73944027085742,2.88890862547803,3.96066177438586,-33.3333599199903
"npe_median",29200,1.56761778904312,-2.40103818903243,-2.74097751254658,-0.650544921363591,2.38765519069358,-1.77122893663932,-1.91816610150158,-0.311573636194432,0.341310678144448,1.74219651038256,2.8460461538595,4.48979962896908,-37.0082515294559
"npe_median",29220,1.84443194046282,-2.49467670643501,-2.77873222825456,-0.599304495278979,2.38807884071959,-1.05159604063993,-1.7668542484875,-0.351162338778809,0.0954535335874854,1.53859039193758,2.70755973897152,4.83371277831075,-36.8941744755649
"npe_median",29240,1.38258606114455,-2.45508351385033,-2.81542365536519,-0.577600294646993,2.23755938259387,-1.52781847495204,-1.82686284577904,0.0438012960670103,0.0548575638369398,1.66647400453406,2.73942650029653,4.69240513288821,-31.6000120339465
"npe_median",29260,2.161447822551,-2.4908290957631,-2.90789410132439,-0.556443137348333,2.43858583716763,-1.96608640241932,-1.81827969514742,-0.135101565127065,0.0347453073493146,1.64007500509704,2.81681704068445,4.97800614581594,-34.2675026848573
"npe_median",29280,1.91137238865331,-2.42979518361745,-2.88726279473958,-0.533696899991623,2.31265870781612,-1.76845951691456,-1.78479555174743,-0.13269576207787,0.244292315714327,1.5589793065083,3.02196599582465,4.98478066343975,-30.4855874826963
"npe_median",29300,1.85378691561652,-2.37654888260996,-2.89181892249452,-0.6087725565383,2.17783311740034,-1.34278783960631,-1.77487013585308,0.0851837835365863,0.187605705140128,1.56803230614464,2.97344692120378,4.86926780543065,-32.2634943387974
"npe_median",29320,1.91593893068062,-2.46334739530483,-2.82250317462188,-0.578040988877117,2.26772490650905,-1.46548795656523,-1.59564424732196,-0.140132329405815,0.0424591145932222,1.54456163295859,2.7859081568004,4.94062208032087,-32.7841243798501
"npe_median",29340,1.68616624723338,-2.43162425083569,-2.7771450204039,-0.588376330111875,2.2943292617789,-1.00786189672855,-1.69973208333121,-0.107049051148336,0.3139483298352,1.57404300370903,2.85234818513466,5.08245439910986,-32.2867743893091
"npe_median",29360,1.63352356152222,-2.44107164079078,-2.77060365416782,-0.652851730312515,2.38890800073385,-1.40324770774543,-1.94321239933338,-0.137487937859941,0.292740341376591,1.52241170111149,2.92378990083373,4.62520954995162,-31.1102599332085
"npe_median",29380,1.64339411564216,-2.45851541754784,-2.73110698408163,-0.722229748596897,2.24424321996486,-1.49249424328377,-1.85501103667053,-0.0951975356526551,0.110640569888897,2.03684007774587,2.50834112018177,4.63240584737207,-36.933272306337
"npe_median",29400,1.5228362215149,-2.50657400036896,-2.83440859437058,-0.509327115272234,2.28183504486099,-1.02864998348549,-1.80809778471562,0.0377640945808371,0.164792230269148,1.71548981818655,2.90343712828093,4.2469272570847,-34.9946819560417
"npe_median",29420,1.92584400249599,-2.58097667151363,-2.77776495155147,-0.490251950733302,1.9199982636877,-0.566207485803732,-1.90438496628752,-0.116272485532695,0.421561066258602,1.88601057694512,2.67673615473393,4.19329825800644,-38.1766078265189
"npe_median",29440,2.21387521298552,-2.46612130334922,-2.95421597875831,-0.524546691495112,2.3365127131263,-1.38272094444453,-1.87786442936845,0.0606868783531478,0.256255386784627,1.56093418300583,2.86184250396213,4.79531482733557,-33.5870103808654
"npe_median",29460,2.08674781654715,-2.44090801648942,-2.8567562237629,-0.597359200835157,2.2081978015021,-1.27270612379051,-1.71377212769968,0.0202030661359806,0.0547636949038572,1.92029200960978,2.57280881136561,4.79961464939888,-31.2474793592895
"npe_median",29480,1.94317990660622,-2.51958551630179,-2.82587893954993,-0.515201927293198,2.12923993180261,-1.76564157310775,-1.71265773747837,-0.126184526291656,0.228843358658627,1.58494646434793,2.79908666233425,4.65528598007569,-30.5540576435725
"npe_median",29500,2.23640004893428,-2.55691821856747,-2.71304173523202,-0.630874804139918,2.1899250016707,-1.3601138802397,-1.72207797313725,-0.222018084481955,0.416380173016314,1.56025404914222,2.96434809553635,4.4430313205771,-33.0117348295609
"npe_median",29520,2.141622744042,-2.59761340951411,-2.77590054876006,-0.617962763742987,2.24633513114193,-1.69010046031871,-1.69860580120212,0.101963458596361,0.142249323264728,1.6450149418759,2.64939485897864,4.78898842913111,-32.7908010070363
"npe_median",29540,1.68834598845837,-2.44850286357422,-2.78340554487333,-0.613271580705957,2.16424525951634,-2.18208092789076,-1.82849712130354,-0.121843517459913,0.355853945801341,1.4407319985434,2.79333999712105,4.64857511385448,-31.2541090631321
"npe_median",29560,1.64371601777347,-2.48523911415562,-2.80631046518273,-0.618942797746342,2.21441464402131,-1.44302253789362,-1.72282598497977,-0.0155027059713758,0.27241320781529,1.67835876693364,2.90664090033603,3.97939366899086,-32.2901564771218
"npe_median",29580,2.20965505141012,-2.57084515683319,-2.83557814958145,-0.569295722536501,2.2603290350598,-1.66833513931648,-1.771715665232,-0.0477411139937923,0.0621385880800351,1.49376843729086,3.21620967837765,4.14540352588114,-34.4423389544315
"npe_median",29600,2.07972122461212,-2.55255043040508,-2.73041134416294,-0.647459157283073,2.18257799258805,-1.12379397772423,-1.78824514862695,-0.0549979906289308,0.474246264024459,1.42090422210402,3.0057443930426,4.68818409827486,-32.2861263122476
"npe_median",29620,1.88407448686374,-2.44455077326134,-2.84161684058052,-0.592373118204447,2.35568933329984,-1.84029272338308,-1.71459658101118,-0.230453700819283,0.368024898008668,1.47730232532093,3.05457592625324,4.73183925924608,-31.6692601987474
"npe_median",29640,1.99081132821935,-2.55388513100848,-2.74343132769672,-0.610685414483308,2.3129716369218,-1.84239960930118,-1.70983436672766,-0.234053627998369,0.507309315321397,1.52133126656627,2.95256542976895,4.67557666799701,-31.6389283948868
"npe_median",29660,1.93557263339634,-2.5440769217894,-2.76546099234402,-0.606904320010447,2.2239926072012,-1.55135095884746,-1.75960317785823,-0.143998648711146,0.491364760740679,1.52216093131174,2.77043944906848,4.71785412027386,-30.8335463134602
"npe_median",29680,2.05838054968566,-2.52785700785395,-2.83644950473773,-0.477680893352126,1.95903230261986,-1.34667033622093,-1.83178006153307,-0.279166838970191,0.395375393317819,1.80499294496603,2.47292466986027,4.14340582765042,-36.9125844359609
"npe_median",29700,2.00110072573762,-2.46047028756302,-2.7639487576325,-0.643841454630704,2.18613240467239,-1.58997161360406,-1.77694745116501,-0.135519191973544,0.457969783949745,1.54315865801652,3.01151353632314,4.16633544829262,-31.3773323846852
"npe_median",29720,1.68658559156105,-2.45086450532537,-2.87213733678286,-0.543350031598497,2.33375614460908,-1.67616865472021,-1.74294641986182,-0.0599550367362241,0.172725314007832,1.83159083803307,2.91097903836532,4.94415462133127,-31.2841389002259
"npe_median",29740,1.58539990957282,-2.408455455498,-2.91681967466638,-0.555624979038955,2.16913678929788,-0.913860098853069,-1.86557633320709,0.016842228353023,0.115053934664136,1.87587567020925,2.75612836547609,4.67350950836608,-32.0590445009008
"npe_median",29760,1.42480607700814,-2.35023348222662,-2.98097037145739,-0.495345529617576,2.1553236430992,-1.10441027242312,-1.68428717988469,-0.0190549813667558,-0.0712223538763501,1.99754244324302,2.42886104020811,5.10224319157609,-36.1612890694321
"npe_median",29780,1.51408761689846,-2.43820940958474,-2.86977992346432,-0.576801880942271,2.22955904275718,-1.21315693803542,-1.59659817572683,0.10433369679924,0.214594547081689,1.76693545427823,2.59210695991952,4.96223338273066,-34.4571981889496
"npe_median",29800,1.90238447210838,-2.45544809391094,-2.87375219027148,-0.562528042139373,2.28989272480843,-1.28862730071833,-1.75786170963134,0.201655326225388,0.10585395874412,1.68251436340794,2.84082732736355,4.8672186317771,-33.3354912712787
"npe_median",29820,1.62909098269175,-2.41632931272247,-2.91508360612845,-0.519646963165216,2.09434461225097,-2.21225200974059,-1.74653406307165,-0.000590337637973407,0.0644557389102272,1.90484399904871,2.42663299533347,5.06715015358383,-33.8097406574629
"npe_median",29840,1.95243577943593,-2.51746440947819,-2.74519409838463,-0.591216728080441,2.15586874254346,-1.86444634644701,-1.78290771970523,-0.14731889456475,0.391774093796976,1.8425943164937,2.57039534210181,5.0699579262435,-31.9560369550879
"npe_median",29860,1.97186256818774,-2.51432769485099,-2.81015840067222,-0.589570797231802,2.24147265829736,-0.916708801610796,-1.68084742146955,0.0757196665009386,0.179784458402204,1.46455998674878,2.91898938175044,4.8041551243917,-31.0395190767246
"npe_median",29880,1.86139083121987,-2.4646687036334,-2.86855745644474,-0.576488435869,2.25275844704374,-0.598679895494992,-1.72746015495859,0.116850598655257,-0.0124363873385988,1.52836947879671,2.75126964064186,5.03263027537981,-32.9312565343312
"npe_median",29900,1.82197269984118,-2.40280683322391,-2.80781069711804,-0.610475848458617,2.15391028101657,-0.956694606364139,-1.83152417145476,-0.0483856439311318,0.454244579382476,1.39888502977698,2.70131416931694,4.91244006073512,-31.9644438380855
"npe_median",29920,1.47506940625665,-2.42738941557525,-2.85965967618563,-0.598167544947329,2.26684955809906,-1.8947223080284,-1.71299722376265,0.0235848664540938,-0.139626147342202,1.6616293534523,2.69534654384841,4.82606966744958,-32.3760981427049
"npe_median",29940,1.53143848388172,-2.50545822070426,-2.82363842839063,-0.539808935956309,2.21100441643751,-1.62501764750541,-1.71757292794734,0.0259029446535086,-0.144691427521665,1.84055942759026,2.70277736094318,4.48541599003513,-33.883782001805
"npe_median",29960,1.99137166711168,-2.42517662156169,-2.75961167691481,-0.631013275088305,2.25461183335134,-1.58655461539437,-1.98097987731323,-0.103019226158916,0.255556347423278,1.73833528755082,2.62273283074429,4.60806536747866,-35.4712445650123
"npe_median",29980,1.84495633403151,-2.44781118057253,-2.75699730196565,-0.675675469006558,2.32171778064517,-1.93525913765831,-1.73673260270083,0.082360615416011,0.239290757634827,1.74253024387417,2.83600661322877,4.88386471594088,-33.9492895478469
"npe_median",30000,1.70718014808258,-2.39037705358455,-2.83560618304069,-0.603063272429221,2.43025171159048,-1.40105476920102,-1.76929357075859,-0.00582092256064919,0.305847154087273,1.71173219077595,3.06474279957535,5.22427871560512,-35.8186483622133
"plausible_anchor",5020,1.90654691840801,-2.45284120030925,-2.81972750441333,-0.667480252693251,2.45982921444015,-0.927115858744821,-1.63599951383622,-0.0117472263616613,0.413945002171149,1.37706421232272,2.96831509750932,4.62022591750776,-33.4266179840865
"plausible_anchor",5040,1.61315083489798,-2.31031142585239,-2.95052460287292,-0.591587064027334,2.41229377892488,-0.958196735843403,-1.79851134751893,0.0571684916115373,0.375528173108358,1.39591456495825,2.86686037924145,4.84316911646778,-34.1756286436965
"plausible_anchor",5060,1.6222963471011,-2.53034189949422,-2.83851243889466,-0.531269508480274,2.27459025953603,-1.34773432412382,-1.75057415048988,-0.146857064611763,0.0451269014877541,1.66871698818682,2.69276424654854,4.44176122843953,-33.0057526164669
"plausible_anchor",5080,1.66753435261318,-2.47409740779184,-2.91061475647113,-0.529766913143746,2.3776943812335,-2.40643179010741,-1.81034254598738,-0.0922170111125437,0.146356358586624,1.49441417067334,2.9981754357144,4.4897777565386,-34.3463233129329
"plausible_anchor",5100,1.90396400423958,-2.41893771694936,-2.90954755897414,-0.617260074494637,2.30271236979751,-1.57695070085548,-1.6532665723918,-0.0668529170847151,0.0805314759246704,1.13645226100782,3.10513518577857,4.74391517670486,-36.7318391260079
"plausible_anchor",5120,1.88126568555694,-2.4240515588247,-2.90186556018956,-0.572282341051884,2.36179351122685,-0.802529170175108,-1.74061558703103,-0.0759690511595274,0.0553888507167737,1.47090192906405,3.21139014531705,4.65580411511278,-31.8079598270562
"plausible_anchor",5140,1.68365570210629,-2.42146778763387,-2.86071633764976,-0.581569822372919,2.19416668144814,-1.2862432492327,-1.72132174174591,-0.00630737951707717,0.0931526994909943,1.64913721170182,2.94607403266772,4.73314252850959,-29.23517688117
"plausible_anchor",5160,1.80888055005708,-2.51520983682257,-2.82064444977102,-0.6726731369515,2.21992280579157,-0.881394080659934,-1.80057999591522,0.0708254544607144,-0.145623964684351,1.65429709761528,2.74839733690737,4.80591845638591,-34.2247889928767
"plausible_anchor",5180,2.22283900406751,-2.45481181255877,-2.92106394574286,-0.515368753236674,2.05506493665493,-1.02899244801597,-1.82998905686393,-0.0824411992641084,-0.127834304601535,1.96464667431467,2.61566795971755,4.86697525767592,-33.9051242692814
"plausible_anchor",5200,1.99580735772443,-2.45562886318195,-2.94978788275929,-0.50538380345089,2.18376559083547,-1.47218287216916,-1.73331605033746,-0.0319978974067092,0.098477304536343,1.83182027605509,2.87078747636929,4.38280009744425,-32.1171719417396
"plausible_anchor",5220,1.95803773372837,-2.49487680099093,-2.78900727089576,-0.58542400373461,2.35016778924133,-1.78289247950004,-1.72925276283226,-0.154454092250002,0.340776090234263,1.66025715206878,3.07403164509728,4.89293299455689,-30.9838358657892
"plausible_anchor",5240,1.99270031842472,-2.43739278813397,-2.85509674832713,-0.544820152116858,2.28546577521436,-1.57392607335281,-1.70923719770531,-0.147775155999329,0.345692231069981,1.5932484946966,2.95034816185281,4.86829337608177,-29.5904409360077
"plausible_anchor",5260,1.85836939255918,-2.36921124720526,-2.95375367796867,-0.509948322339607,2.20573092669543,-1.60368352211965,-1.55595475455675,-0.0523626184828409,0.274781414375227,1.51196216988349,2.64236619349065,5.10698573032452,-36.4686503057922
"plausible_anchor",5280,1.98579617278526,-2.38551433129236,-2.86806246401022,-0.563279537878077,2.35132102741319,-1.8410715171026,-1.70917755610502,-0.318915876053582,0.271209009856969,1.56089063355615,3.04962655183676,5.27380068281677,-38.1557532450341
"plausible_anchor",5300,1.6961511798208,-2.38558153280888,-2.8049321695103,-0.589938483241095,2.21594062654666,-1.49621953849543,-1.88997423463914,-0.316189215901136,0.194301847953374,1.86810066995725,2.79712937249788,4.66483175409465,-33.2517035649721
"plausible_anchor",5320,1.42657480121462,-2.32719531273768,-2.85920342175816,-0.559674458106213,2.31068897199238,-2.03097019278279,-1.90401114046309,-0.244233246449027,0.294403999078663,1.79334969947452,2.88005049920479,4.66319675893997,-34.8647484294805
"plausible_anchor",5340,1.95924999883778,-2.52970928994708,-2.8104231903821,-0.562715463344621,2.23054446777483,-1.50397156368377,-1.71718333394188,-0.0111060683543993,0.196695835184946,1.61132742098943,2.74054906262663,4.36426302119164,-30.1994245146282
"plausible_anchor",5360,1.99220609254622,-2.57486776092559,-2.73329762589628,-0.610488040050441,2.20210029331507,-1.12066333236195,-1.71018049191384,-0.150706083450829,0.110573500298016,1.68967688665486,2.90624992961391,4.32137468322498,-31.3718836290907
"plausible_anchor",5380,1.87375195288229,-2.52769284285962,-2.77271053924456,-0.596214035910007,1.99837914837037,-0.745752328921415,-1.81929206141392,-0.0861999757562938,-0.0993078870439014,1.92091321979513,2.79886055947148,4.20657245557775,-34.723246382403
"plausible_anchor",5400,1.64677884308284,-2.50533192580741,-2.71646060195084,-0.68256999870275,2.24534520252534,-1.81064064810837,-1.92276595410065,0.00293252004680551,0.247639518060701,1.58616300894962,2.75959153303393,4.70784682432558,-31.683908573349
"plausible_anchor",5420,1.83586429901157,-2.55776145538792,-2.77819565596559,-0.587852841703827,2.09458157016092,-1.68314637261957,-1.91295203251574,0.0318979235439969,-0.037674268482998,1.95758011938742,2.61406447277683,4.21708014640666,-33.3694641303053
"plausible_anchor",5440,1.85921271326835,-2.46977459302826,-2.88733545777218,-0.596707430194341,2.16499682804667,-0.397171840343129,-1.86885977833237,0.148423999001444,-0.0649811377402794,1.83617286884516,2.71999974633294,3.96760858265913,-36.0723593756898
"plausible_anchor",5460,1.82273970896507,-2.44122337647483,-2.82424215011311,-0.675534964292818,2.24644870704184,-1.37011534991656,-1.8055427314739,0.0283471344460999,0.177666267150684,1.65729379750845,2.72850293086707,3.87128277080051,-33.8538086973575
"plausible_anchor",5480,1.83192967929347,-2.4681334911176,-2.82002691593084,-0.587130799509205,2.14655149036324,-1.18610745812352,-1.78119361157272,0.0428107563015884,0.174740220518152,1.52098415100572,2.74562438066002,4.39455678162505,-30.3801425612204
"plausible_anchor",5500,1.70050205472046,-2.4933615034271,-2.76883384953692,-0.556187570583955,2.14400247573858,-1.14008951620934,-1.79175875611238,-0.0577775393416374,0.27655978233806,1.61048877967078,2.70317046548209,4.47989850032676,-31.1796486630811
"plausible_anchor",5520,1.84330228614087,-2.55027141834775,-2.81348774048146,-0.522514189198923,2.30537689644904,-1.76392768353547,-1.95894724475634,-0.0417931205232269,0.37307165634478,1.64296010623647,2.7930836357094,4.25755889281557,-35.1743241402943
"plausible_anchor",5540,1.82450112356675,-2.42516658531562,-2.76390989471682,-0.682956575999369,2.2974470609379,-1.61856905453914,-1.77637617134211,-0.117794448411386,0.408486659557579,1.6915059073662,2.48132108568038,4.25348908846067,-34.4636879211032
"plausible_anchor",5560,1.9745800777725,-2.47768677675317,-2.77129413914993,-0.594019657953142,2.01472342887319,-0.953995409261556,-1.83939031875649,-0.128120116434989,0.28610195880581,1.54464456398536,2.5837283873671,4.36868425913956,-33.4376136859972
"plausible_anchor",5580,1.89050180040114,-2.37722141143161,-2.82028028528954,-0.616631311266598,2.22201041198131,-1.96032037815672,-1.98679600318797,-0.198806647377447,0.257519781492389,1.64162864482155,2.78626730113092,4.81659719267781,-32.802373836493
"plausible_anchor",5600,1.88907792508683,-2.5406874063099,-2.70893722952771,-0.645985048933244,2.27877483543814,-0.948197015491839,-1.84790344505929,-0.0629205683124446,0.297275761647598,1.72114992278896,2.63490797051091,5.0398005872619,-31.811767404734
"plausible_anchor",5620,1.85051264620095,-2.39069643997059,-2.85585846984027,-0.632370959319201,2.43453063089066,-1.3842514431873,-1.84964111627912,0.0142790829022525,0.211737519410907,1.60663825291206,2.93224614316439,5.00325477316152,-31.6420756409392
"plausible_anchor",5640,1.77905908035634,-2.44352956403502,-2.85299169051134,-0.583053869667319,2.31999108206389,-1.14645653348256,-1.73082622127698,0.0109282864883799,0.320154994842567,1.55350073187468,2.98698627787489,4.51610426264446,-29.4416156056651
"plausible_anchor",5660,1.88074464866367,-2.37177901496612,-2.87117512370968,-0.63214434059445,2.19740606442427,-0.949750491434834,-1.67716524687115,0.0557277182183475,0.180938074529225,1.75893556302164,2.64695558934284,4.70563796090286,-31.7012663002791
"plausible_anchor",5680,1.64958812901837,-2.37425864314376,-2.89654309389665,-0.567950075612241,2.25109092817668,-1.67799058343958,-1.7870825941045,-0.00589359465432565,0.177407396484165,1.6893362056626,2.92686551411882,4.52504024479109,-29.1767517653321
"plausible_anchor",5700,1.77119079638923,-2.42350014999819,-2.82653733443292,-0.628980317885348,2.26541741291242,-1.06199219208405,-1.71307694811611,-0.0123727740503055,0.227108331034662,1.52431187794121,2.7501708722481,4.63491623752115,-29.357417928427
"plausible_anchor",5720,1.71886561238721,-2.50995190289315,-2.76958443989926,-0.673337638534083,2.38628578324501,-1.19103799811454,-1.92309576960807,0.0277834459601911,0.0529469184424285,1.40361396139923,2.83693896069279,4.59484767574546,-33.3467017821294
"plausible_anchor",5740,1.98434849793972,-2.53160424329287,-2.74115120296579,-0.623597194748561,2.39805282397817,-1.48358072998663,-1.9008432222108,-0.344745461779043,0.368325947308612,1.51484624662345,2.90305969640391,4.5530783829718,-34.2338735796948
"plausible_anchor",5760,1.84644861019654,-2.57547373494861,-2.79067768253801,-0.502098938199289,2.28775268632865,-1.98870789930631,-1.72110549614377,-0.343408292089251,0.539814395139911,1.47543933939785,2.93915970286541,4.51550013492001,-37.1681981057223
"plausible_anchor",5780,1.69324868282146,-2.57310256591757,-2.70395127980358,-0.626983520387552,2.28081911689069,-1.69568701029175,-1.82126529447508,-0.122700880221206,0.37375897880111,1.54179918781695,2.83247304806879,5.05825372573004,-32.3667521821124
"plausible_anchor",5800,1.63025876213164,-2.39582625494935,-2.86696376407158,-0.541218557425466,2.25494690774533,-1.15336918515039,-1.55716665365282,-0.0703349558578805,0.401183682889931,1.78148526443169,2.75376799166338,4.82756329207787,-33.4649559312095
"plausible_anchor",5820,1.63439666576628,-2.35139567443453,-2.91468056884678,-0.59325531783356,2.38724799255243,-1.96257654311026,-1.7381397951418,0.0896343614518352,0.278458824111032,1.58239941214131,2.74152941436781,4.89242394594426,-33.4427566467682
"plausible_anchor",5840,1.75368189465466,-2.3881541068499,-2.94895755596966,-0.471280415140238,2.25486040421102,-1.54144658176718,-1.68978129798868,-0.062154570009095,0.182535127406766,1.81657146240307,2.66692333594893,5.10934512400119,-33.4230941550898
"plausible_anchor",5860,1.94524548709756,-2.48639751540946,-2.87103105558256,-0.526195096537455,2.26359131342267,-1.62137131025161,-1.67508563258108,-0.132011618089678,0.264245310727665,1.62982265828558,2.79741692953625,4.9920762114137,-31.3498011177573
"plausible_anchor",5880,1.83261066174414,-2.45391659606086,-2.8640681151869,-0.591259426074105,2.13518884120929,-0.921895499084223,-1.81097034663984,0.013448317982907,-0.0606069340657011,2.02745467093454,2.56187078632162,4.65268151633993,-31.5362271728238
"plausible_anchor",5900,1.62511238638768,-2.27917484299869,-3.0023534806039,-0.564587156411155,2.17303378913022,-1.06064429405456,-1.75921105220041,0.0365660253973717,-0.0714282730844556,1.79389523122557,2.41316022463386,4.98229270748173,-35.5881803445394
"plausible_anchor",5920,1.4825204988882,-2.30237818594359,-2.96659965625905,-0.582193895790202,2.18008382136738,-1.56038238539122,-1.85258819351761,0.0521172384984501,0.108039404437536,1.44299689257698,3.03981166367973,4.54194753715135,-34.6400252702083
"plausible_anchor",5940,1.56397414183595,-2.36232846906767,-2.87547428815963,-0.61609907224466,2.19353173329755,-0.774649794675351,-1.84725218104286,-0.0310805367772847,0.0999226139556571,1.50726320433235,2.98476244497152,4.06776417250866,-33.313894223428
"plausible_anchor",5960,1.80486955010982,-2.48556982017765,-2.79364568996344,-0.582083130206143,2.07880703432192,-0.651616932783378,-1.85874508440139,-0.0568567106200396,0.116023789216616,1.66884411842201,2.71672905793333,4.05933327480874,-32.8778610553848
"plausible_anchor",5980,1.71089899436738,-2.40620060351419,-2.88218935164659,-0.493125781212044,2.18402564748615,-1.18720325231724,-1.79442513080813,-0.143584774860656,0.201641578841452,1.62795952091387,2.98743648391396,4.16995996824966,-31.7623502375482
"plausible_anchor",6000,1.75214513270803,-2.44319043259652,-2.7925917806243,-0.522804800126018,2.28713811445914,-1.28830869371137,-1.82048257510491,-0.295369113362857,0.406950878032522,1.63603933835245,2.91437740950668,4.91430367877715,-32.8571846742623
"plausible_anchor",6020,2.1394855304865,-2.48727791779643,-2.85427948729548,-0.554857662454304,2.18661121322259,-1.90800210938605,-1.7564384965005,-0.0866075630190843,0.214973788133057,1.78040979992182,2.69008454416794,4.94914115423632,-30.8899441700674
"plausible_anchor",6040,1.99103779529761,-2.56287896035069,-2.73596435768736,-0.556925500077718,2.08955775229707,-1.5964079619717,-1.90495065511386,-0.178603984503792,0.349167896215388,1.58867279214375,2.70991461568335,4.44384759963344,-32.6414787925195
"plausible_anchor",6060,1.67257367536539,-2.47436318876566,-2.8347124709674,-0.624429116029643,2.22207203375226,-1.44332958338683,-2.03392025079103,0.0449784266915971,0.197673183930255,1.38175469800725,2.82511668637873,4.5200132326639,-34.422643363523
"plausible_anchor",6080,1.80013107574892,-2.45367239054846,-2.83077544772246,-0.574582022580269,2.21886640780793,-1.79215425006763,-1.79001171845352,-0.0855332965579289,0.262839693901825,1.40247286141903,2.76161841985063,4.5943331337946,-30.0533613718795
"plausible_anchor",6100,1.89846881557859,-2.40996240364958,-2.90620858320875,-0.514385541174152,2.28492452032037,-1.86150493037319,-1.83957060573281,-0.11641160298103,0.57115748462562,1.54589556996628,2.79269895903179,4.68399492553577,-33.2363477210005
"plausible_anchor",6120,1.77609166313688,-2.43773389995384,-2.88445107156223,-0.493091349985847,2.25793560653051,-1.99414215783657,-1.833497927793,-0.189878443241435,0.439494537804248,1.70527932220801,2.91178787272253,4.70955343874893,-32.7321137155774
"plausible_anchor",6140,1.71525328547722,-2.41965658786003,-2.88175203841613,-0.45570887620466,2.13699767471581,-2.16657591451797,-1.8362944578617,-0.177396210305104,0.466213773614602,1.73053608856648,2.97380604685534,4.63586697161042,-35.0001290433657
"plausible_anchor",6160,2.11523150760678,-2.51735142071997,-2.86634326260745,-0.526258123650679,2.23543820304011,-1.50739491415428,-1.85001238690596,-0.13060637095277,0.247416801374883,1.62711151937911,3.07210491640432,4.4102613643707,-32.1839455208802
"plausible_anchor",6180,2.02548589446588,-2.50425379659846,-2.80253280714369,-0.630900394759067,2.48066420060556,-0.680701889900637,-1.71042214502858,-0.0631345570843624,0.163907336471211,1.564386246909,3.07138357782377,4.63055635525388,-33.7128910285493
"plausible_anchor",6200,1.92873780042797,-2.51333154806522,-2.73601753729449,-0.690406848350831,2.40336717091836,-1.52865431532929,-1.77304139747265,-0.169887181589705,0.206701379807234,1.39195203805747,3.22872453460248,4.77390039073387,-32.9400835571418
"plausible_anchor",6220,2.00476853957863,-2.41549347453768,-2.92088423999314,-0.551057780265009,2.22629168526232,-1.45819235492544,-1.77236978039247,-0.132691915070338,-0.0378800704284934,1.67069488613116,2.90006880218193,4.71404350114278,-30.4133475388621
"plausible_anchor",6240,1.86167774575117,-2.50579618546352,-2.79055362343459,-0.539591101542102,1.94435894915492,-1.33086078887158,-1.67662157861658,-0.0417209533341327,0.236025755384866,1.77318755864306,2.62302015389173,4.34225001770228,-32.1088224400323
"plausible_anchor",6260,1.93298932755564,-2.51304351252436,-2.82882464306147,-0.512899670860944,2.09075164200038,-2.0369976748806,-1.83134853767002,-0.0951345619671794,0.230142679225505,1.62514508233552,2.95361874260816,4.34803167733277,-31.8845069090347
"plausible_anchor",6280,1.67512217808339,-2.40595317984292,-2.85308786964542,-0.499364893487434,2.15413655205828,-1.1564469207393,-1.89309530114481,-0.105423215438433,0.446910847380064,1.49354903745903,2.96258698436752,4.64771762745498,-31.8369931637313
"plausible_anchor",6300,1.6887339350613,-2.38177284435848,-2.89743827791201,-0.521082700591181,2.30227041255118,-1.76623119024243,-1.77975271972858,-0.0676732938615617,0.231171385708847,1.42574578130268,3.01195464514364,4.92912792039602,-31.2593061688727
"plausible_anchor",6320,1.51190275075738,-2.41305280822121,-2.85288281616091,-0.515677533697765,2.16887619651859,-1.14258570101071,-1.79677026377931,0.0047074277611219,0.399232932597777,1.36697305312172,2.92301316723419,4.98203457759138,-33.800371782204
"plausible_anchor",6340,1.75348872518347,-2.48264720723654,-2.81480322903093,-0.597247136195128,2.30819258106506,-1.36100188417186,-1.84217011630651,0.0570187769693697,0.286066101981661,1.36679118087598,3.07543617284572,4.72640085999156,-30.2002917584715
"plausible_anchor",6360,1.7834023448714,-2.50429286760598,-2.81982430128509,-0.52396534930644,2.13200600571151,-1.94678106088246,-1.90779099679158,-0.0442173275891369,0.190520096221673,1.8147597893263,2.84952835165524,4.47930672880241,-30.9462151755167
"plausible_anchor",6380,1.70058976551505,-2.45566786013178,-2.78810597411076,-0.600005350516442,2.1924363753123,-1.43301497987561,-1.853301704739,0.00809932506912851,0.420787220420542,1.67815576317215,2.85867118231521,4.7101232337871,-30.0097583340541
"plausible_anchor",6400,1.73681845555012,-2.50372872055874,-2.75571335509031,-0.581946508164583,2.18302091119877,-1.12606664062996,-1.83668696550203,-0.145709017535641,0.350753301028702,1.42513108953346,3.02003166445968,4.68806199338176,-30.9362104368861
"plausible_anchor",6420,1.72319477488866,-2.35474065591893,-2.85645715569549,-0.591921246682697,2.20730328010567,-0.610953265597778,-1.86155474868828,-0.0562844386759535,0.447805658648224,1.43886915779518,2.91379900130852,4.71932207249375,-31.725785140608
"plausible_anchor",6440,1.73531159628086,-2.39176420509265,-2.81465036191384,-0.62116626864133,2.21365445430324,-0.221946659647327,-1.83114631948268,0.00341613610044189,0.369743410556683,1.42846131637346,2.80927610465486,4.52881981141071,-33.8539396953317
"plausible_anchor",6460,1.73180895421067,-2.41577851026375,-2.77320525762547,-0.610523923832782,2.30419624020141,-0.61638940984591,-1.94941754209921,-0.239810355285449,0.521270925273623,1.64144491297278,2.96000475596694,5.052501895738,-34.6431026537486
"plausible_anchor",6480,1.673820749015,-2.52117412471666,-2.6946707493708,-0.70282491534906,2.2445256092549,-0.631015601493488,-1.82264160700834,0.00632307419114353,0.18919144727046,1.65008746311442,2.81975011907795,4.87829430442033,-32.8561536952666
"plausible_anchor",6500,1.66539745397139,-2.53920826347459,-2.83237870415222,-0.581228726671822,2.31118875038091,-1.48708492932443,-1.85609912657451,0.187756612979741,-0.169508928106648,1.65147806361199,2.87483049483085,4.84240358457028,-33.2481426885863
"plausible_anchor",6520,1.94364960678723,-2.48971918494436,-2.87494361032359,-0.573232018894741,2.17590381630288,-1.38342189015173,-1.91614444710122,0.0961972662658696,-0.318948811367701,1.55493522027616,2.85701543692165,4.6006443546739,-33.6992233496617
"plausible_anchor",6540,1.84805868270365,-2.43589360768568,-2.89454444285381,-0.604137856915486,2.30992616098449,-1.56786536432862,-1.76561931894976,0.122351757056642,-0.0877872217631191,1.35062664354179,2.89031651928817,4.82971533163865,-32.7362136266463
"plausible_anchor",6560,2.09577508257564,-2.36495051727962,-2.94226244341469,-0.638576693092434,1.80170383537962,-1.12675204088911,-1.73406960809211,0.0606696815871521,-0.416338664031074,1.97026631902687,2.30529976648136,4.36383836766581,-44.4518158983053
"plausible_anchor",6580,2.03034868640704,-2.37282934574104,-3.00088594625182,-0.594181924862928,2.04424459083674,-0.704531726392297,-1.67077321969828,0.188879968486203,-0.36187285895887,1.87846892303328,2.51836601769946,4.64026966741419,-37.6916557689395
"plausible_anchor",6600,1.77998932594594,-2.47014012120994,-2.8255847223122,-0.6575395174327,2.33594289091086,-1.18010221145912,-1.79103618184033,0.0457432960988615,0.514729223430643,1.56208694145336,2.8369240612619,4.71621966892339,-36.106796425088
"plausible_anchor",6620,1.79350205660173,-2.3858763256748,-2.86433630295485,-0.601735296734478,2.19232203694388,-0.271873402921309,-1.85306673316033,-0.0101409321728634,0.312054775363884,1.61928076941184,2.80871647394854,4.52488384820017,-31.8928387246173
"plausible_anchor",6640,1.84387709460639,-2.36906477217553,-2.89509933120053,-0.575666151492918,2.24724209915261,-1.71547144307247,-1.83640151379991,0.0236646483559936,0.433296671812848,1.68025724729008,2.79880385991342,4.65100522646282,-31.2409773832951
"plausible_anchor",6660,1.84967904305392,-2.45289834215283,-2.85195894614435,-0.59273633469534,2.21708922998075,-1.53607070838138,-1.97576529650424,-0.00632949683861955,0.0661300765545099,1.55206762257477,2.85825103709359,4.89276561820459,-30.9713044518276
"plausible_anchor",6680,1.91959684685392,-2.51047787089327,-2.81129046015932,-0.60239408457374,2.24397409612758,-1.00981226951259,-1.91154745127201,-0.156457439464077,0.00419582325499955,1.64484300638954,2.80443356873811,4.74080993355951,-31.2745943598996
"plausible_anchor",6700,1.70104691970895,-2.44972503683702,-2.85404662050439,-0.570117652762095,2.3023027352187,-1.17845069958563,-1.79763980721903,-0.0971896337591114,0.30942783095332,1.50531448050929,2.69931563924112,4.67634210560362,-29.8374660630676
"plausible_anchor",6720,1.86642906675597,-2.5145685431752,-2.75521896733528,-0.638153516612423,2.22782864298548,-1.12362222931224,-1.83036966370761,-0.117112850043676,0.352597620476834,1.45506807802237,2.9553141327508,4.44210773854173,-29.7130367287026
"plausible_anchor",6740,1.56068236990363,-2.62620109872833,-2.65677492338468,-0.603791144895926,2.17135599513876,-1.28017343259881,-1.83467228047081,-0.223520850670111,0.560059926908836,1.43131768076399,3.03157698491048,4.49439350706151,-37.9559690641952
"plausible_anchor",6760,1.23386513085627,-2.57385333841272,-2.73717041585683,-0.543600845786416,2.12196453132498,-0.81817054000872,-1.77752041077135,0.0579960658637614,0.245494354332301,1.78025684766854,2.64969964895036,4.7188213188149,-37.7228879110668
"plausible_anchor",6780,1.72788739076688,-2.5070219292898,-2.86775028041312,-0.496050435381715,2.17621552430675,-1.15882192129464,-1.83395994437894,0.162362103911121,0.0828650062882611,1.46189594023278,2.85268048445827,4.38750201014498,-35.3427072269693
"plausible_anchor",6800,1.95763753851952,-2.44783725199208,-2.87042806199735,-0.587990563581218,2.17025407336875,-1.11097512208758,-1.77321739298168,0.142854848986018,0.0906361611505044,1.50711627464082,2.72991040672432,4.42600259349029,-32.2770745879671
"plausible_anchor",6820,2.28344771852052,-2.45004911397276,-2.90978898704352,-0.578696261008412,2.35731626678861,-1.35422640057853,-1.80820359782743,-0.00695693372336604,0.109859916230863,1.59669202484224,2.97420311845839,4.85145110484337,-31.854064826893
"plausible_anchor",6840,1.68489467467662,-2.41406906222921,-2.80466291198717,-0.575670916174691,2.28378318354753,-1.51920836997087,-1.85695097639283,-0.132395214995283,0.105318929308505,1.7456072479507,3.00052917278306,4.54660715652021,-32.4285897432195
"plausible_anchor",6860,1.66273272797952,-2.45843506385487,-2.76689882121254,-0.604856759396656,2.23377578060787,-1.14647631296224,-1.81125045339501,-0.191522070551069,0.193709419814775,1.72131094624526,2.78948911648735,4.94478594271993,-29.94546142402
"plausible_anchor",6880,1.73741316635545,-2.47690861843741,-2.8096680498908,-0.502476636135487,2.08791970421969,-2.29299073795052,-1.6637229070441,-0.133394176711482,0.228067843524431,1.8537965627536,2.64859122652022,4.91399444124213,-33.6044129013006
"plausible_anchor",6900,2.08107699658587,-2.50853185675924,-2.77537852252988,-0.575157319807653,2.17840395609598,-0.831815104349227,-1.9117131929067,-0.168523614352027,0.32120525595609,1.27982100536221,3.01612315597723,4.66911365580654,-34.4900101634162
"plausible_anchor",6920,1.8974931747533,-2.41710526464745,-2.82290366150199,-0.556129893424657,2.32338876059272,-1.5088766332155,-1.91312179229794,-0.0970298780631138,0.495032097962031,1.38757621477969,3.02663787162951,4.71922119557877,-32.2192865937613
"plausible_anchor",6940,1.8974931747533,-2.41710526464745,-2.82290366150199,-0.556129893424657,2.32338876059272,-1.5088766332155,-1.91312179229794,-0.0970298780631138,0.495032097962031,1.38757621477969,3.02663787162951,4.71922119557877,-32.2192865937613
"plausible_anchor",6960,2.0285178594312,-2.37553232210434,-2.83973931185698,-0.539571977803677,2.25247290654042,-1.73509436493425,-1.87701901745147,-0.200026672190492,0.550432820460487,1.38480569634288,2.87402087649221,4.96571720258169,-34.8452790266717
"plausible_anchor",6980,1.67576219259447,-2.5588320946645,-2.70605141584974,-0.589712483635503,2.2536908433275,-1.28970681999226,-1.86881748931324,-0.148277396321047,0.0952750592763481,1.67192265115513,2.91292133874946,4.73003326345633,-33.255830473142
"plausible_anchor",7000,1.84496948318554,-2.44364493519418,-2.81348438065039,-0.605221104741976,2.14491474009293,-0.966833409964867,-1.68627528598523,-0.0080666067586075,0.0752310111795363,1.81871467057978,2.76006799916017,4.68151131057121,-30.024874054384
"plausible_anchor",7020,1.79785556404893,-2.34337040293051,-2.86783983960159,-0.569912851279802,2.12726966728743,-1.14335379633676,-1.88784910193326,-0.2257260237668,0.174645745532999,1.73370256722552,2.88754725407206,4.3879616859903,-32.7537344486468
"plausible_anchor",7040,1.92385146374843,-2.48042706386189,-2.79521707137309,-0.616041016163437,2.34036269147475,-1.6566941234075,-1.92996915396998,-0.224804270658636,0.210278717071245,1.83551682525958,2.73365331659036,4.75614248892808,-32.1057146808976
"plausible_anchor",7060,2.15684844644,-2.4119447035958,-2.93105395231049,-0.562349774789598,2.11693864670002,-1.78469162872146,-1.81419188175051,0.0631519361109359,0.00933973683071514,1.83227977065722,2.25971395573738,4.74398838351595,-34.044659756016
"plausible_anchor",7080,1.45927227417463,-2.49603597930276,-2.79049397051679,-0.623634655711698,2.09741940919646,-1.51765528928615,-1.92765940329523,0.00948144003603204,-0.0395550589922131,1.98721981665985,2.48939168581754,4.30449748405543,-34.8301827865743
"plausible_anchor",7100,1.85873819513228,-2.42464716404875,-2.86452150188399,-0.577937740398694,2.1239914218241,-1.66252977911639,-1.90266079906303,0.0555981820691192,0.360788598159026,1.79642480951492,2.53580400708508,4.57985828999954,-31.7995876637581
"plausible_anchor",7120,1.90504057359564,-2.33081946771416,-2.95526108057887,-0.546438373982665,2.14156977167412,-1.57097397413986,-1.90523338634784,-0.0181891337082971,0.464574340999513,1.86703910257162,2.437961079302,4.63127245302161,-36.5025726081171
"plausible_anchor",7140,1.90816809911662,-2.46710841195677,-2.80564481386941,-0.597597259772792,2.21019689322342,-1.45642084089948,-1.79470484189293,-0.142540678660865,0.542802262574891,1.63037832092159,2.85443602112437,4.67657608261347,-31.2207081929584
"plausible_anchor",7160,1.86477436193467,-2.44459688407558,-2.84656399184965,-0.612090013782641,2.22868471630603,-1.30344930436697,-1.79288658599208,-0.0856472447281506,0.166437179350107,1.85793848921722,2.81805627068418,4.66617264713284,-30.6199524796473
"plausible_anchor",7180,1.98074817703451,-2.43192844358573,-2.95954961111811,-0.516128334085,2.27899277891753,-0.660328373421924,-1.8759207161074,-0.0627322608974272,0.0232006372019882,1.96254353674724,2.57377535506316,4.95775848897004,-34.2941078766337
"plausible_anchor",7200,1.7154927860469,-2.46734811670248,-2.87551441528782,-0.51934193904102,2.22279457127028,-0.728003460835765,-1.91116498487153,-0.0528320342232986,0.24544526569255,2.02123508393723,2.72045060577783,4.6060158631306,-35.514820895362
"plausible_anchor",7220,1.70522236727758,-2.47612332593727,-2.82652103140353,-0.537414292772973,2.28011006472371,-1.1801000880411,-1.70829549667541,-0.116117515243416,0.149256156756139,1.98038950257817,2.7856109295632,4.59767882695624,-33.1569758121075
"plausible_anchor",7240,1.87214488841582,-2.4485131025698,-2.9706493179542,-0.530723762267969,2.37061903431049,-1.89729177042753,-1.73121035719533,-0.0511969402735635,-0.395155475082866,1.86792759805784,2.77277139457809,4.64827266753955,-35.1628108593559
"plausible_anchor",7260,1.84572137977235,-2.4606013483046,-2.89149202535322,-0.586091057559193,2.30041975164597,-0.885958745996837,-1.71590409823472,-0.0128484941163158,-0.364448105259122,1.77595178382397,3.01277941636373,4.95296191979656,-33.322786532604
"plausible_anchor",7280,1.95246460706532,-2.42925565834936,-2.89700656940863,-0.537251149590761,2.30883597910642,-1.53071799664835,-1.77615816356996,-0.190372924662331,0.180746549014152,1.64218092911944,3.02417069395423,4.7609560214851,-30.4250721310268
"plausible_anchor",7300,1.87824238069385,-2.36247074565153,-2.94201589510541,-0.497893892100937,2.16737244104772,-1.58685906741055,-1.76066463795335,-0.089231896124374,0.285342711542258,1.41794421804623,2.98141908723911,4.67474344759083,-32.1106144944509
"plausible_anchor",7320,1.65336374734106,-2.35872145453612,-2.91103670510366,-0.641109045327271,2.32279872705787,-0.0841605342878257,-1.71627260229221,0.0113130743431766,0.0909221851324667,1.67210969269951,2.81850689050869,4.53033541870667,-35.2363258772033
"plausible_anchor",7340,1.83779944733416,-2.39519350940486,-2.95010177386602,-0.536425281411631,2.10731583127432,-1.0771583528758,-1.68557212935015,0.0275989356855932,0.00797933967971423,1.53641556461462,2.97673756824724,4.39249631965575,-33.1451391593813
"plausible_anchor",7360,1.7812345317379,-2.44061311305994,-2.96446776770584,-0.534332713398384,2.12618552221427,-1.79401395800188,-1.73969962754489,-0.0245885867228911,-0.440686679341033,1.85042862058832,2.62918668176993,4.81149908679502,-33.3429142632065
"plausible_anchor",7380,1.71486308501318,-2.44182251203683,-3.03208550763637,-0.485701444292554,2.07222112630116,-1.18675811728622,-1.85630129759544,0.160073166878339,-0.66794545935209,2.12487261604006,2.7290489125497,4.79612192600013,-39.3129043534758
"plausible_anchor",7400,1.71010134969885,-2.49133454933147,-2.9671713672418,-0.602163873931295,2.27379682529166,-0.566647984290411,-1.89594215569086,0.162707572793225,-0.847654613885813,1.81218327765797,3.00929770573552,4.84599147695058,-38.4147544548927
"plausible_anchor",7420,1.49890832787167,-2.52758778443054,-2.86049887996862,-0.579396291474399,2.4180567058832,-0.523485308864928,-1.86409176346704,-0.0569591405527448,-0.473985561480442,1.46908341780329,3.15179825095881,4.85099469462077,-40.7022655983596
"plausible_anchor",7440,1.72945923838372,-2.51059500170362,-2.92010624739428,-0.544901646351478,2.39838192299262,-1.40832390062771,-1.88660950931617,-0.026391013455405,-0.232069370054621,1.81748513122122,2.78800862065923,5.1151920520026,-35.8359971590793
"plausible_anchor",7460,1.66081888395225,-2.31977633090962,-3.00173501582522,-0.51610709298348,2.23367813132293,-1.62002445816316,-1.70940393019061,0.000852138217313558,-0.0619653400012635,1.92855863696332,2.42311239556368,4.81581472872504,-35.0802348991228
"plausible_anchor",7480,1.67666969897231,-2.40275723884236,-2.90649082169104,-0.539087609110739,2.3714183743072,-1.70292753638175,-1.85108985720646,-0.0603817628218754,0.196409821180812,1.65908073894126,2.59548248337685,4.6196819162678,-32.7332300366586
"plausible_anchor",7500,1.69892168808388,-2.37166824160706,-2.82887816260647,-0.649795637487103,2.24976407345013,-1.74081320340235,-1.96299205272487,-0.000727200760083307,0.151518295370771,1.51401264219577,2.70288628140059,4.53336215955635,-33.7471478495924
"plausible_anchor",7520,1.73244743404206,-2.42836311890104,-2.82860618628912,-0.649049561083424,2.15114715471158,-1.51397705013093,-1.77102724008077,0.0639916228629722,0.244210547586561,1.7441641109296,2.4484387071422,4.68158063765951,-32.025821962923
"plausible_anchor",7540,1.51412767843405,-2.49222348004485,-2.76095342138373,-0.653837429061262,2.15293342016733,-0.609599951773724,-1.89807948259158,0.00986386789184533,0.102427042037596,1.71254768223728,2.63705267758836,4.599947310585,-32.7970577551515
"plausible_anchor",7560,1.41792263164817,-2.47767377308932,-2.72257146084483,-0.683727403400232,2.23646812676872,-1.76058174768718,-1.96632909354023,0.0259397260010934,0.293262780518652,1.54086161739647,2.96860940220093,4.58811321938126,-33.8947097934592
"plausible_anchor",7580,1.88313557463355,-2.61292485639305,-2.73739560027255,-0.646452720035813,2.2266133533314,-1.62933041655023,-1.78703973807134,0.0963344651304142,-0.101340770715699,1.74089515421585,2.68845387905114,4.89607539608294,-33.0656008466925
"plausible_anchor",7600,1.89922356971623,-2.52858241151515,-2.78330233631914,-0.632649808863358,2.29092669442117,-1.78436620753135,-1.79225749332952,-0.0171317016589566,0.311177800619117,1.69074671267483,2.41555788779707,4.65885870365813,-32.499859800221
"plausible_anchor",7620,1.99369091261435,-2.47739406620949,-2.75238276441604,-0.635109695183436,2.12822762447647,-1.8673366181999,-1.76870196279077,-0.184939078044097,0.583299130364699,1.52238150611789,2.62034340296185,4.71990353955596,-32.4176425392923
"plausible_anchor",7640,1.8503826722846,-2.51958502213275,-2.71373876869343,-0.620121278758395,2.12411137233083,-1.67855894462649,-1.80498679056181,-0.271868771601055,0.469487341924062,1.70276974264153,2.30535305162884,4.81244993240942,-33.6707360029184
"plausible_anchor",7660,1.95379479157795,-2.47823603523251,-2.92770243804191,-0.522255727415141,2.12908873415143,-1.09409456555014,-1.69380705246328,0.0895063800488797,-0.251415471802249,2.03509720085804,2.55760011556851,4.60929589431,-33.7034532703342
"plausible_anchor",7680,1.9315492105684,-2.41254140680761,-2.89394098589716,-0.545535462207399,2.27017124943622,-1.23300366613097,-1.83213996570986,-0.108620270470264,0.00100885650776569,1.70700203763914,2.99354082005164,4.76454760910891,-29.9202236587577
"plausible_anchor",7700,2.01677920762336,-2.44322996378031,-2.93228443167676,-0.533303125981815,2.23010857586632,-1.02322977437442,-1.77171677097777,-0.0366035240357653,-0.0422594822304556,1.82338724288987,2.97462740904673,4.56664391878257,-30.7495223511743
"plausible_anchor",7720,1.93853349488331,-2.46882445736929,-2.86325446276093,-0.545332995580223,2.34580843844222,-1.58214747058918,-1.86630528123673,-0.0895245546877917,0.0990914470110067,1.67771830403586,3.18320015590958,4.6091653971848,-31.3782828810153
"plausible_anchor",7740,1.92694443648786,-2.49517954815608,-2.90308655061451,-0.483872731221093,2.01294116293423,-1.55419683603975,-1.77726157034658,-0.0396338005676137,-0.0972647247646316,1.87177214163015,2.40198035280454,4.28839742830663,-33.8159323251626
"plausible_anchor",7760,1.60780488981968,-2.45037963771579,-2.83133940086665,-0.552039848594093,2.28427322688466,-1.94234013843046,-1.64873121001343,-0.0306614541800819,0.756578522222294,1.29498646723653,2.84918306424379,4.35758143565638,-38.3997659693342
"plausible_anchor",7780,1.86198514272854,-2.43535272537633,-2.87208353587452,-0.523587861905983,2.11402987309291,-1.63930407382724,-1.65108667648964,-0.106785860563521,0.300411810210102,1.67417846213902,2.50514701626156,4.61365446686398,-31.0511563590362
"plausible_anchor",7800,1.80542125515369,-2.45703470526764,-2.81842196065008,-0.54767777874831,2.08712899273902,-1.66289092375976,-1.67150633161973,-0.205577312417361,0.258918455803363,1.85892017136076,2.44096050857031,4.64967112588285,-30.9433391519244
"plausible_anchor",7820,1.72318861987848,-2.46689793657492,-2.77721794341817,-0.655541465891648,2.30804966459903,-1.95228269979754,-1.81339156017025,-0.130982709872045,0.31837533905873,1.77622525506187,2.87873546639885,4.83667447736944,-32.2279031943385
"plausible_anchor",7840,2.03401122648156,-2.41017297633293,-2.87094809672051,-0.603511891582123,2.41559324638629,-1.02720607208722,-1.77443714853286,-0.212551138646364,0.31895056704496,1.5782500368898,2.74549728161404,4.80138774659426,-32.431823435149
"plausible_anchor",7860,1.93238820520938,-2.39824390818745,-2.96213388430823,-0.522999555161315,2.29098697197862,-2.25666596494291,-1.85151713588491,-0.232031404154519,0.0938499055916777,1.54248710341138,2.99558164992715,4.53742053606297,-36.0805973071462
"plausible_anchor",7880,1.56912266970413,-2.40922398955876,-2.828956254752,-0.589578534258674,2.27935379168646,-2.27628918292055,-1.77197273352953,-0.0752619581250717,0.494999000841146,1.58412947176239,2.88390180758679,4.28005671019684,-32.636208755384
"plausible_anchor",7900,1.88621618526405,-2.34347406773535,-2.95339058816504,-0.561310209178391,2.06830124091378,-1.44242143322933,-1.72621179240937,0.0172235973420543,0.0527207729581933,1.87416800528532,2.76653625773811,4.17725240607091,-32.9040634024878
"plausible_anchor",7920,1.85603971165909,-2.34175451912085,-2.94979042101294,-0.570558616102551,2.24985766839408,-1.03762191861232,-1.73443356436015,0.070916375205737,0.16971784184624,1.45632468081781,2.96195802435485,4.57875098573688,-31.5431942544346
"plausible_anchor",7940,1.95065224061651,-2.4326225082996,-2.86740440418922,-0.527163397469703,2.14876400289619,-1.8738127759918,-1.60691153080883,-0.0189549585124639,0.235636506422604,1.67314347393813,2.89677742366332,4.97463443247678,-32.9085708483798
"plausible_anchor",7960,1.66905172382398,-2.38673436887356,-2.85334305869409,-0.571973458248703,2.2276225264312,-1.13347077716381,-1.6375934969334,-0.0912660907252894,0.30156206923861,1.71162907572321,2.72716662467593,4.88363941768438,-30.1496342362019
"plausible_anchor",7980,1.96346263743941,-2.42857015110588,-2.90046461300536,-0.565092465466138,2.19947421942693,-1.6767575564179,-1.7607249329189,0.065951670987826,0.221508647284001,1.53599018372966,2.83331447547459,4.57379604693993,-29.8232042688006
"plausible_anchor",8000,1.71799445620891,-2.41285238945142,-2.91289204549925,-0.52061312019567,1.96768600494516,-0.98772168133849,-1.80457193909081,0.0650704779161267,-0.0511110190439616,1.90955031975225,2.32452603207883,4.82189391906017,-32.3380917064408
"plausible_anchor",8020,1.58240917007511,-2.48330194546921,-2.85685978165406,-0.528871461834556,2.09690749677596,-1.4297792089633,-1.94010264585529,0.0715962429643855,0.157936935237063,1.80832609756616,2.50775667441136,4.67110487309003,-32.2160140400216
"plausible_anchor",8040,1.78477879093294,-2.42741963976728,-2.73633283573312,-0.678593339369925,2.17934811599741,-1.14127657163032,-1.92490195187725,-0.0996540440898894,0.334766769622093,1.88300167553741,2.74006728577667,4.67232954445425,-32.9899280190041
"plausible_anchor",8060,1.78650700348381,-2.42903313101497,-2.792740660317,-0.648206938008157,2.3025088193479,-1.1267442906787,-2.03476410041566,-0.0397938366110825,0.171535096301332,1.69585340700603,2.90458195064241,4.86216318729318,-32.2660586255905
"plausible_anchor",8080,1.83382381126128,-2.5379718811989,-2.75783253738855,-0.591101743178977,2.29442726333683,-1.27593822848896,-1.82548669903494,0.00730908423567958,0.37345110570405,1.65355259169568,2.94148275360397,4.90336006259712,-30.9673275309442
"plausible_anchor",8100,1.93539589296989,-2.60135402855499,-2.77020501149085,-0.58091338996302,2.3345548542812,-1.84035051667691,-1.8646690223407,0.0180681904822458,0.221889318117228,1.68297622919178,2.83194604894581,4.95453151742578,-32.4195072632425
"plausible_anchor",8120,2.03750729883872,-2.59430932223674,-2.71176867459041,-0.666047583706014,2.4316758715173,-2.19746760746049,-1.84444588911846,-0.0875529434610976,0.281331960078044,1.55200128914413,2.84398665525232,4.94023831149771,-33.8202963867327
"plausible_anchor",8140,1.8694865445262,-2.38285334577038,-3.01759087099256,-0.541985032555278,2.16745111166832,-1.48355732697705,-1.74148554827697,0.121916154391522,-0.266034684481702,1.99817410544447,2.80838084359645,4.5362012570235,-33.7753816573082
"plausible_anchor",8160,1.8229910713588,-2.38969172563423,-2.97027339891263,-0.595948620815618,2.2832571734567,-0.463802068583423,-1.73651968503933,0.0783540947894967,-0.204258991277095,1.62709086490389,2.89131234036455,4.36259317235845,-33.4271568673022
"plausible_anchor",8180,1.83028325057244,-2.4153865131291,-2.92254158411005,-0.562553479437472,2.32985856168011,-0.54703781937116,-1.69288635511493,-0.111238458642724,0.114297713985848,1.65057117946171,2.83711176980168,4.5781780298655,-31.9697152727006
"plausible_anchor",8200,1.84043358531731,-2.47250054978507,-2.83065607022335,-0.528325383279726,2.12224539888196,-1.44393814204703,-1.59702933165289,-0.145140776318701,0.168264380590412,1.60852154549479,2.88334923416181,4.77106543416167,-31.9799014409349
"plausible_anchor",8220,1.91609357232902,-2.56880520731148,-2.7569485581895,-0.60762787288334,2.27431219741417,-1.65531741548298,-1.63063911166184,-0.106756135376615,0.158281194533804,1.73609394632074,2.99428240328301,4.78888603642582,-31.9219753814143
"plausible_anchor",8240,1.92706660078589,-2.50643678296382,-2.82760845112224,-0.591130960704257,2.23041533949328,-0.626415914258358,-1.94047250008286,0.0109618763247448,-0.090182486839431,1.71304257843881,2.89966850510009,4.76818268159942,-31.3011616143443
"plausible_anchor",8260,1.96676746470426,-2.41836176286401,-2.98009129555841,-0.565390850188471,2.22057347140045,-1.2158081242231,-1.88335413100231,0.0881435517708965,-0.220118162732297,1.96476761161567,2.93489198567704,4.49279643191246,-34.1627769376903
"plausible_anchor",8280,1.97522769834776,-2.39841392874015,-3.00175656869191,-0.56494939916957,2.22352733956381,-1.51268042454051,-1.79908431080705,0.0853126291537518,-0.114551063197446,1.83026156943197,2.97035590814227,3.96926379175003,-34.4547507506131
"plausible_anchor",8300,1.65661474851108,-2.35427207671737,-2.90463878497638,-0.59355247810495,2.30215340542017,-2.51794345280794,-1.64508287885093,-0.056639815776175,0.0266370613566313,1.75812599133966,2.88457376797422,4.70796435623778,-33.5932523632453
"plausible_anchor",8320,1.68234567010509,-2.37214492989253,-2.79602454359136,-0.584861560088043,2.11867350905387,-2.11188397635054,-1.79487685599881,-0.252259048046459,0.364795582254859,1.76918929189297,2.99314916070249,4.19770286686581,-34.5622138639939
"plausible_anchor",8340,1.8555974066616,-2.39035016478598,-2.86928635684473,-0.572159874758403,2.14142686111479,-2.12348460484527,-1.91641527737664,-0.157308356471994,0.235052296805661,1.76191005698156,2.94538311460893,4.17878024276998,-33.1558153808821
"plausible_anchor",8360,1.63398297054237,-2.36058533175028,-2.88841754119805,-0.519827296048119,2.2293267503686,-0.979533313240122,-1.8768467568592,-0.297248969355892,0.467123055479239,1.62146383142218,3.03118319477309,4.55469382837085,-34.9991704830153
"plausible_anchor",8380,1.65977647421289,-2.36313759749973,-2.89650334092217,-0.524489702833439,2.13161581664814,-0.44005361326269,-1.65352861266144,-0.241666422207661,0.136840584516919,1.72964725373792,2.65153870671085,5.22545143143632,-37.7409073825587
"plausible_anchor",8400,1.50639573043924,-2.40267892809854,-2.84785797936673,-0.469005038332811,1.82216582358365,-0.869798277762966,-1.78673031857248,-0.195597253871164,0.429787717345876,1.74941950560365,2.63308210416134,4.66414257485043,-37.4795360242597
"plausible_anchor",8420,1.60465941834149,-2.39457558590725,-2.88812285665912,-0.534485089643224,1.89590703346387,-1.08587681858385,-2.03457737012258,-0.0830549686033099,-0.125116642216095,1.86400291853517,2.67538246323587,4.40105574914537,-37.858850625931
"plausible_anchor",8440,1.72844521611636,-2.31446402781484,-3.02325571387074,-0.435689342641744,1.97672658215336,-0.600258948471733,-1.87619049197136,-0.109002292424461,-0.109703824096892,1.84613991843361,2.43069176259983,4.81311161304773,-39.3306939364382
"plausible_anchor",8460,1.52864138640302,-2.246562827438,-3.00870246071391,-0.47368221241586,2.11756698478148,-0.820858660924484,-1.84544749430275,-0.174266846614614,0.287408426083213,1.73707715306476,2.81313232759099,5.02005772772233,-38.1206096376375
"plausible_anchor",8480,1.73676369012933,-2.40306336975353,-2.91483607054274,-0.428539212552158,1.77928897240269,-1.52600529937588,-1.83042822295427,-0.206619426078044,0.228824718882027,1.84679827735736,2.43746951875412,4.95437562112889,-38.7819608915444
"plausible_anchor",8500,1.75284589363192,-2.39949056665658,-2.84721732941714,-0.470332244611975,1.73493960168142,-0.701646506397279,-1.86811437908294,-0.181218260636713,0.495256616965372,1.90465395766446,2.29745071372867,4.85112513089476,-37.7286696732468
"plausible_anchor",8520,1.65576246959402,-2.43405528150629,-2.88946133638963,-0.472390999613416,2.0092820539703,-1.84457567185677,-1.69979277507813,-0.089521341473397,0.458914496851023,1.9288248396795,2.40772191923444,5.03864136643198,-37.2984912418045
"plausible_anchor",8540,1.76340693044101,-2.49907402003667,-2.81137925051706,-0.53541544105805,2.141009114237,-0.936997303461553,-1.77875443634733,-0.0956395773452557,0.522453534476575,1.79926951774186,2.71689003050807,4.92077034021722,-33.5794355860793
"plausible_anchor",8560,1.73609322784536,-2.54450904685106,-2.83658032553055,-0.499617123855523,2.2762060474154,-1.97065355320986,-1.88772092011285,-0.203946845412235,0.43237821884045,1.42510919503714,2.90450943253786,4.62960065392253,-35.1738327850326
"plausible_anchor",8580,1.80040837925038,-2.50930505555683,-2.78857036548037,-0.637049114477316,2.36328886783655,-1.13421230224228,-1.92772252297408,-0.194950929917526,0.2930809956267,1.3080273570414,3.11993463698974,4.05298469835101,-34.5305042871614
"plausible_anchor",8600,2.16918703956127,-2.56757247130795,-2.74122230410635,-0.578754561849172,2.34532619173016,-1.60724563959686,-1.75282651833504,-0.389792300739144,0.33273529582522,1.66439346146108,2.97636533008819,4.70316378495819,-35.5151500825102
"plausible_anchor",8620,1.97452492725445,-2.57719533068137,-2.82285967720639,-0.65008350117287,2.33271370838976,-0.936662453368692,-1.7289151310582,0.0331845922676722,-0.262152155725985,1.52001628892104,3.07760782515861,4.46459358330003,-34.9496457435947
"plausible_anchor",8640,2.02777911913557,-2.53947218610298,-2.83734397400423,-0.53151306598436,2.33840157907597,-1.45231139703262,-1.70074779705028,-0.16664947950408,0.221558393983766,1.43672922433115,3.31420797251044,4.67143236153006,-34.9066175025071
"plausible_anchor",8660,1.9674764450157,-2.46285749785779,-2.97753818979237,-0.490673785700587,2.22137241755754,-1.50206819710503,-1.65103157581496,0.0419068192835624,-0.108507531474089,1.81165472570037,2.9199220520241,4.7205313910954,-32.5285276133434
"plausible_anchor",8680,1.58194779138031,-2.35838105099442,-3.02482949345541,-0.455623923377563,2.19474786165922,-1.36627938368934,-1.76917072970542,0.0188748983057316,-0.00648358217011091,1.61197387066628,2.92317367525552,4.63924082237936,-32.4541641613973
"plausible_anchor",8700,1.60798593646942,-2.4961722764027,-2.78706346423491,-0.529138407630132,2.09796204439402,-0.515744222835718,-1.77764805446136,-0.183938266971244,0.311338704486246,1.73126213249588,2.8020416682267,4.47457829337445,-32.3212734393888
"plausible_anchor",8720,1.88804717243836,-2.50803895130647,-2.90750942988143,-0.487206825772882,2.27016620460242,-1.01092019708854,-1.59762621771808,0.000884860986865757,0.0377788157394208,1.62070341934026,2.8323964527172,4.57417679539109,-33.0074192464001
"plausible_anchor",8740,1.8240411310401,-2.4323934348225,-2.865591659612,-0.542178264654435,2.20490937529487,-1.24995778419146,-1.85503246158345,-0.0745729225750026,0.246279374727942,1.70019027466562,2.70829131768085,4.54449861818204,-28.4573201283264
"plausible_anchor",8760,1.95649012296867,-2.55940808389709,-2.74624828301665,-0.570226788560244,2.20334724984529,-1.24669819600085,-1.72065949423204,-0.0544502412286256,0.476483927710799,1.6748383418276,2.84440206059749,4.55223604258243,-31.4946211551432
"plausible_anchor",8780,1.68214880828244,-2.68249829357529,-2.62183829537142,-0.642776939549353,2.19180128022855,-1.16201059170417,-1.83190734485583,-0.141217424066721,0.332905400212887,1.86892971862253,2.72703890554481,4.71278333001534,-37.6153031541028
"plausible_anchor",8800,1.79064550205794,-2.59799436519457,-2.80615772575967,-0.49849042517107,2.06333030698278,-2.0794046993898,-1.82359157635326,-0.00131605775292364,0.118968881105684,1.88369542944574,2.71542281766001,4.35679083913128,-34.7666289617156
"plausible_anchor",8820,1.94008980309458,-2.4167533469739,-2.82132313411356,-0.553292362758014,2.09922426743783,-1.95990145168802,-1.75486244042189,0.0585395834903496,0.474555044691002,1.61309704152534,2.90540049051749,4.43610725987873,-34.5156844749207
"plausible_anchor",8840,2.02455644284499,-2.45602218821301,-2.80239093184857,-0.604819408186142,2.32637547665158,-1.97245803294115,-1.74807558236619,0.0511149658835062,0.422971470409915,1.64659877278221,2.86773016392901,5.02149895597381,-33.4719413833559
"plausible_anchor",8860,2.25091085555962,-2.44176050637537,-2.83476764538853,-0.600160992029985,2.17276032213937,-0.787161076400329,-1.82955703128549,0.0315825028203902,0.557180698845048,1.60896633143293,2.62955320911226,4.95445796675961,-35.7439603417634
"plausible_anchor",8880,2.07578840723837,-2.46544101670132,-2.86059583548947,-0.513069016856235,2.1978435226394,-1.99205221104001,-1.84877271063339,0.0326630401906025,0.323693158490508,1.63678821091143,3.00777495597801,4.52763646446462,-32.5123729587112
"plausible_anchor",8900,2.04606767927636,-2.42432493943068,-2.96931030744938,-0.585333160970663,2.34524956875948,-1.36922761632514,-1.96243690671898,0.101011967091119,0.0776542810271031,1.50391568958481,2.99040928087362,4.46209720394946,-33.9389698250416
"plausible_anchor",8920,1.97240561186494,-2.43232950990136,-2.92083362467733,-0.575348494848523,2.39949789842631,-1.82391707032,-1.97853934088972,0.0314541979222414,0.399517357064486,1.40813814133425,2.95303986189111,4.82168116436705,-35.1499679030433
"plausible_anchor",8940,1.84672662181654,-2.6111181186281,-2.70434357246356,-0.727446224736884,2.54159926613994,-1.09639127831261,-2.02639868703326,-0.0245171443592132,0.479681668337081,1.15835236751089,2.95484934402757,4.82707651669286,-40.7049128117729
"plausible_anchor",8960,1.716731915353,-2.51772050144888,-2.7326902729066,-0.725669687114786,2.24555269893863,-1.34739367290836,-2.11670818821417,-0.0568706803886461,0.36559353940519,1.3737027536202,2.82309943327227,4.49995726022891,-39.1409670605838
"plausible_anchor",8980,1.83647234221432,-2.56448798354095,-2.72904257261276,-0.69451940751801,2.27913055998969,-1.09688917966577,-1.73832477436204,0.0247125806514627,0.321305228047217,1.15783625017722,2.87906931217309,4.74323074236302,-33.9739701007602
"plausible_anchor",9000,1.96861687291795,-2.47135037633423,-2.77148497558433,-0.593440927923165,2.23205766669702,-1.37508652878619,-1.70961599665907,-0.107074541595644,0.193180257718593,1.70268300223349,3.10151289810449,4.94600048227739,-32.645198873628
"plausible_anchor",9020,2.19700245436217,-2.51139915875824,-2.78459381187707,-0.588633911576131,2.20672048151153,-1.54784837009614,-1.63107583156106,-0.0205245141023225,0.191923047338849,1.6387232494129,2.9412923777172,5.01834213619453,-33.6882836819248
"plausible_anchor",9040,1.85653164583085,-2.54492803951916,-2.7536792652019,-0.610994088491012,2.32040902415941,-2.32734014596366,-1.81573641120845,-0.112393844491722,0.358373045239083,1.83985360116232,2.63116570343787,4.67544800587698,-33.3035690694752
"plausible_anchor",9060,1.81723022261127,-2.54048637476374,-2.79890092908479,-0.587083657075459,2.3775436471373,-2.42307841735117,-1.7584463884381,-0.0164407961867988,0.0569917758800739,1.91133202227219,2.90444118884509,5.06290333856258,-36.0189390427293
"plausible_anchor",9080,1.83561166657176,-2.58565411631421,-2.80251171487413,-0.580265438794876,2.20425258520153,-2.31851783478001,-1.76377652402754,-0.00934967134940949,-0.135789039079786,1.82949406862682,2.78652645612022,4.98857618591432,-34.8651257622955
"plausible_anchor",9100,1.66301641627024,-2.38838062671876,-2.97244564157312,-0.594337523472288,2.51261306057499,-1.97417019725151,-1.60056073171329,0.00170875120727656,-0.323447950999858,1.87337919780573,2.77012148679779,4.81254886367043,-40.2033922097358
"plausible_anchor",9120,1.36241175856236,-2.26868368096172,-2.99168115897742,-0.560193266004507,2.31201658342948,-1.06742551606703,-1.57776930578174,-0.0209029959318159,0.168878735311129,1.86822688529127,2.87104366372275,4.50554306926963,-38.5008219142549
"plausible_anchor",9140,1.81674416072158,-2.31899418512084,-3.12100540685194,-0.489898645194207,2.15551333234015,-1.40640182772224,-1.7698221591084,-0.0111166429891753,-0.274027384184536,1.94219310342923,2.61564421880954,4.06661889932797,-37.2146926544987
"plausible_anchor",9160,2.03613624123095,-2.30077737816915,-3.14834760361703,-0.515294316300392,2.31783579343245,-0.936257241845554,-1.74596941328578,0.0910692836742868,-0.0572919600022031,1.57929969771935,3.0772320623994,4.35289685288512,-37.3937662555855
"plausible_anchor",9180,1.90102342391478,-2.36607963201915,-2.96909778317384,-0.609346414098583,2.19680857451236,-1.02547848786214,-1.7230411799761,0.0469577731439372,-0.0674830641973723,1.63439611127308,2.95748175835315,4.21723014817036,-33.7207839657984
"plausible_anchor",9200,1.84825247324664,-2.55711229868423,-2.75440689820865,-0.587464389510474,1.94723741140397,-1.35705427966872,-1.62554294598194,0.0121723325775478,0.251541720538347,1.70776308201174,2.72505238239612,4.13156436313694,-35.6706875172791
"plausible_anchor",9220,1.94551457935868,-2.60579439643533,-2.71765575708548,-0.627905158679918,2.16310279688259,-1.0163910786207,-1.66166048780326,-0.0632422752332465,0.420103261212424,1.47377413064422,2.76352525684195,4.48194370401059,-33.2618985087736
"plausible_anchor",9240,2.07138722850131,-2.53853274377618,-2.75853406722473,-0.677460021928035,2.26217140451629,-1.00770998707229,-1.82538748260949,-0.126915593548554,0.264787292952666,1.5582438520976,2.838812500137,4.62807989752241,-31.9521928683239
"plausible_anchor",9260,1.95812081634132,-2.52094021382893,-2.93044226994369,-0.528039216480125,2.28305334573234,-1.83621111772018,-1.75760175916217,-0.02599241780464,-0.14016992666994,1.81208535260202,2.67587679701705,4.61673979287707,-33.1495464528208
"plausible_anchor",9280,1.83179330493079,-2.54713334315079,-2.7787148963474,-0.591192489856964,2.01645611386021,-0.149538980240959,-1.7646384866931,-0.0630331945872866,0.0368494025390763,1.81223307749885,2.73871260794306,4.53699233009733,-35.3307146773762
"plausible_anchor",9300,2.11539708295774,-2.5175188168916,-2.8617945495122,-0.579239883840599,2.09610163481024,-2.2576387835619,-1.64566844428963,0.0317745172611519,-0.355792682371471,1.93573800342532,2.96307708725006,4.6590367572343,-37.718459996782
"plausible_anchor",9320,1.94987756517509,-2.56485125256661,-2.74850745654613,-0.654784437681391,2.41200810610388,-2.5595667628203,-1.73671239534123,-0.0927091924317241,0.0318303589671631,1.79007122355695,2.85234111608631,4.81136251048737,-35.0163418586564
"plausible_anchor",9340,1.73847320394044,-2.53464326471617,-2.75466561261602,-0.630387242863538,2.32369201264184,-2.46047134033991,-1.87316756517148,-0.126115771621729,0.272009451926839,1.47602353023221,3.01785844974323,4.6577127383807,-32.2512194052262
"plausible_anchor",9360,1.9726968597378,-2.58053068971905,-2.78038015946051,-0.618660864353036,2.33291367238255,-1.49374769810912,-1.83258385383614,-0.0804585828509678,0.164513583028485,1.40411176992807,2.90105914214002,4.6486956273022,-31.2145445783133
"plausible_anchor",9380,1.94920444197192,-2.4648155148943,-2.8847156940701,-0.565103338173285,2.15226361173632,-1.78865645380828,-1.77263083383565,0.121849621774643,-0.117282145601455,1.61660909675939,2.85596562094528,4.7477781967364,-31.3312121789859
"plausible_anchor",9400,1.58132322196358,-2.32216462841861,-2.87311091918734,-0.626245422593618,2.34836598388929,-2.23775055909303,-1.75025085017842,0.0368355210605543,0.38616854093126,1.4075735270309,2.81942557647459,4.63692680167294,-34.8619936702696
"plausible_anchor",9420,1.56908304500347,-2.35145478585149,-2.86815481347529,-0.628083950350333,2.22391893396531,-1.5670747102248,-1.83334596099459,0.0720157575246538,0.0736658995629701,1.66126157620792,2.59842065289342,4.75215851181751,-32.6464509986323
"plausible_anchor",9440,1.48941897809159,-2.30604212889645,-2.84525445507998,-0.619942129670689,2.20978592354305,-2.52263342034211,-1.84316552699809,-0.14908519735744,0.39619633833991,1.64245519153649,2.51431064965684,4.79679859705968,-35.8142001937233
"plausible_anchor",9460,1.97350495084099,-2.43581267531644,-2.8350182616022,-0.651611145828,2.32114780601204,-1.28314702444897,-1.71007565969431,-0.0505528064226388,0.181085340401338,1.44182318297353,2.62774802341703,4.82205358621293,-32.0541573692912
"plausible_anchor",9480,1.73146558116354,-2.45808166076624,-2.8486177299379,-0.571864442181634,2.24679789460554,-0.776581650555164,-1.72077113281298,-0.00227822846364123,0.219125962587536,1.52758914804055,2.79167546435868,4.95943218409763,-30.123755200991
"plausible_anchor",9500,1.89659434661784,-2.39824233155864,-2.94306172398087,-0.52363606881102,2.250136846134,-1.69063935201873,-1.70451903725529,-0.00433201509817678,0.0279054638963682,1.70904685520398,2.50360923304398,5.07570951384138,-32.8713091219985
"plausible_anchor",9520,2.02467192486329,-2.43962898104138,-2.95676678317507,-0.498704054336517,2.15650008575593,-1.35539149328586,-1.86637141454393,0.0641181664845128,0.016942721569215,1.69312278475164,2.59768247358133,4.56149351045396,-31.5093820672143
"plausible_anchor",9540,2.08800857438834,-2.36350985799068,-2.96494037680766,-0.539126399960666,2.06437501538857,-0.36866853169133,-1.94042759840474,-0.0143585567219658,-0.0396212565678356,1.81275998932583,2.39393781741823,4.63334613116079,-36.6549733401496
"plausible_anchor",9560,1.81798713125714,-2.2980010196096,-2.85544121700624,-0.588362444635193,2.19740225853766,-0.832185406974272,-1.92766274523726,-0.117596283594868,0.641070576457759,1.6597232686648,2.73141065633708,4.80437986610181,-36.2658391407583
"plausible_anchor",9580,2.04979859876236,-2.324638878866,-2.9368185794443,-0.463798399390856,1.88780729201177,-0.881107043199635,-1.72418220190911,0.0327409529824279,0.594141617443107,1.78972439597721,2.38303366630916,4.57487765299899,-41.8039513860045
"plausible_anchor",9600,1.8632502553251,-2.50700804089447,-2.80507495964418,-0.547993103593041,2.15825922765495,-1.26609854525396,-2.09536659159764,-0.166129964084658,0.338176957968529,1.78744627836662,2.44773015760596,4.76551578251104,-35.0631839041496
"plausible_anchor",9620,2.01151243539945,-2.36397182900602,-2.988728772006,-0.482929826104309,1.89962844929726,-0.785515516851267,-1.88241002478754,-0.0820367734014968,0.261201258955408,1.78346994993484,2.32937838221317,4.0911702683892,-39.2187681745023
"plausible_anchor",9640,2.17798382502179,-2.46439856659739,-2.86818851073032,-0.537903451721183,2.04776060608557,-1.5711705577481,-1.82629791792099,-0.0539996593912528,0.324834758309516,1.76489772671709,2.8915621132962,3.8540358538492,-34.5512562232039
"plausible_anchor",9660,2.15170249782238,-2.53877588772596,-2.73371815258408,-0.576998536325577,2.13583664818728,-1.54221984918779,-1.80265323424872,-0.0983467738237789,0.459124469801178,1.6128781780281,3.12744949279528,4.27510649896475,-35.1961904614802
"plausible_anchor",9680,1.92595267856882,-2.58687477206177,-2.73956123455062,-0.541967602394673,2.20606783913632,-1.81245230995492,-1.85661381254885,-0.129126709421076,0.716659711586734,1.49885816887533,2.90008395357657,4.68652536611316,-36.2304172444762
"plausible_anchor",9700,1.68397022687048,-2.5376969446573,-2.71298045178037,-0.704773624993874,2.16337989392297,-1.2406314264781,-1.74987492956354,0.0120763872194084,0.244023494764004,1.55996548914068,2.60637235278246,4.47986288246609,-33.5694930312648
"plausible_anchor",9720,1.9797124731609,-2.54157196436071,-2.76730303267212,-0.629107941827836,2.23791890244776,-1.40815953959016,-1.73695393188595,-0.195748086895349,-0.00202616595725607,1.61337371541277,2.98289235440228,4.61499910790815,-32.2753693280805
"plausible_anchor",9740,1.90124667261804,-2.45392000598287,-2.77176507357726,-0.68724980059425,2.43747108117825,-1.83764031959697,-1.76550502338907,-0.137764989098499,0.182236004914585,1.32604288156161,3.10841569546029,4.30467091110345,-34.4496207584343
"plausible_anchor",9760,1.68383507699437,-2.46252831616286,-2.85428762778796,-0.547297777723701,2.3569050553731,-1.49759085694171,-1.73698466355704,-0.14678874442427,0.0270937803776961,1.50512420388287,2.98769545884602,4.74867376513039,-30.9338721985442
"plausible_anchor",9780,1.73147678433008,-2.49192664462535,-2.79171291624753,-0.593722317902801,2.34034926343871,-1.4782373082874,-1.77853605184933,-0.236121759154039,0.37467749448566,1.27465917256833,2.94192137518816,4.6988775236465,-31.468533076469
"plausible_anchor",9800,2.04340395632259,-2.54759049331644,-2.80366076980013,-0.562005901735721,2.33833930084002,-1.22863047902058,-1.75447973994303,-0.127571210553197,0.379395379293464,1.24419903753031,2.99395731700758,4.94921718451207,-32.104341915678
"plausible_anchor",9820,1.79840960798369,-2.45520229484747,-2.85875600683114,-0.527610681749491,2.27406539846344,-1.2270539852627,-1.75070724201521,-0.0738294454472003,0.484935254768773,1.50372852139388,2.78719088769829,4.93171108238882,-30.7986079725943
"plausible_anchor",9840,2.12567085695334,-2.37135442211908,-2.9462972861428,-0.585094645483361,2.3741583245415,-1.52698931500367,-1.63035385106006,0.00867531500217258,0.275422259357232,1.75036097709941,2.67900528746605,4.75397916405777,-34.9653952179615
"plausible_anchor",9860,2.02875973830853,-2.42298629375558,-2.97123005012024,-0.532567689021076,2.32138648391259,-1.33694092656463,-1.92918656300557,0.0969973953443109,0.137571938992336,1.73177701367318,2.69705641640643,4.61938033962671,-33.0939823011166
"plausible_anchor",9880,2.15370334836828,-2.38568938394795,-2.98942290702817,-0.505576069668565,2.20045079386836,-1.79613574765014,-1.82615867973173,-0.0352790935730019,-0.000658356220389705,1.83708442046921,2.63895974163023,4.93063382790273,-32.8507525714304
"plausible_anchor",9900,2.13975702181329,-2.5697980954858,-2.76759149663839,-0.593910975321231,2.236509819725,-1.54712047984877,-1.85644682972095,-0.167474551350394,0.268809227343242,1.41522420563782,2.73033188692583,4.93589854916602,-33.2364988625007
"plausible_anchor",9920,2.03630399762814,-2.44527712608335,-2.85066980226577,-0.555193269175517,2.1708408981431,-1.79269690733394,-1.80309679146614,-0.15749940401867,0.269421363708374,1.4492314939644,2.79814825106568,4.67259426422717,-30.9510844518709
"plausible_anchor",9940,1.8850858772241,-2.43345840247865,-2.88701175951906,-0.511572344365678,2.3566352715722,-1.99068209062294,-1.78516771083488,-0.136925319341309,0.230020578488065,1.29127374392946,3.02605174979961,4.66029499442093,-32.7695937363689
"plausible_anchor",9960,1.88576302586096,-2.505413859295,-2.83473946676296,-0.519415819201823,2.26512463549,-2.17660298316423,-1.72362611817189,-0.0840084725019017,0.102047877203356,1.36639883490166,2.83435258774435,4.63829215160748,-34.4847409468029
"plausible_anchor",9980,2.02468372786652,-2.5372766027475,-2.67211364419839,-0.658545801096139,2.15783396706914,-1.12788584536833,-1.75302443647143,-0.0908699476428972,0.470347455076454,1.77835929361384,2.51735648410727,4.55846040582013,-34.541653157411
"plausible_anchor",10000,1.83668299095649,-2.36689522278005,-2.83401942716701,-0.607806519454607,2.06226832512526,-1.36151117958813,-1.84910787799344,-0.0590614184012548,0.204250002643663,1.91689283681323,2.4933125442106,4.87940798140151,-31.7993698898215
"plausible_anchor",10020,1.8118006036644,-2.39650817182886,-2.87508721351311,-0.540911774117331,2.06778115774112,-1.61692944233614,-1.86850481710919,-0.0570005351181394,0.285872130331114,1.70030926829527,2.84054216119335,4.53537789623009,-30.3824891314807
"plausible_anchor",10040,2.24376851208134,-2.54298652568571,-2.79037635399847,-0.515632762200063,2.23083435932504,-1.9828121243104,-1.72125379953216,-0.28232039826848,0.437642099893564,1.7738611546031,2.9810645639055,4.43157976801527,-36.1455380061793
"plausible_anchor",10060,1.91513590065789,-2.39267919753284,-2.88528228561897,-0.592037153551839,2.26785926197117,-1.03768567347382,-1.8412669199117,-0.0977868015732024,0.00737946386651877,1.69986915733698,2.70304561373803,4.35246874404062,-31.6884169052657
"plausible_anchor",10080,2.09683259919997,-2.48118493781231,-2.82265678224767,-0.560298129214622,2.29785870947114,-1.69571413037293,-1.64080640981665,-0.267623375133531,0.175432940587032,1.9059677124524,2.72092942425203,4.7879654207171,-33.7400884689672
"plausible_anchor",10100,1.9047024293468,-2.41012554175346,-2.91845490820809,-0.585306819401911,2.20014029202067,-1.53589036944685,-1.83593898712272,0.0154139969741968,0.147204765470526,1.82392083702527,2.77604597590034,4.59930779177406,-31.340144431471
"plausible_anchor",10120,1.8735323021958,-2.35952335219366,-3.03407124189245,-0.522511568348381,2.25693128918115,-1.47048793057388,-1.79881389929508,0.138859126624326,-0.110635645925309,1.68533072607207,2.9168679364486,4.20619931680404,-33.3165115774002
"plausible_anchor",10140,1.62878207218563,-2.3697466987428,-2.96791727426739,-0.547606951322837,2.3732513650977,-1.70398129617138,-1.84114128427198,-0.119818231312793,-0.108121493476619,1.79660949304851,2.6441446838067,4.30834700568488,-36.1665729748778
"plausible_anchor",10160,1.72418295517643,-2.44748654574717,-2.78226703242804,-0.621604448875642,2.28483234400195,-1.21095262391812,-1.76487669692883,-0.137785938726328,0.397361813472982,1.71224110968475,2.7612641807786,4.30790019670397,-30.4330791761751
"plausible_anchor",10180,2.19428885061877,-2.55480632107951,-2.73937207207123,-0.705939374943823,2.34189699061256,-1.67593127552569,-1.67544650767283,-0.142978276263499,0.255873674613963,1.42104220749241,2.98781034343672,4.19485306960724,-34.3966877741001
"plausible_anchor",10200,2.13032674351672,-2.51693096181817,-2.70827938025323,-0.707323249574443,2.45905249683969,-1.46093191044998,-1.80156659272946,-0.237131273714694,0.363366304332787,1.63903426946034,3.00858168518949,4.97814850181127,-35.1844874909576
"plausible_anchor",10220,2.06474047702371,-2.51547206584318,-2.68279254123182,-0.740251442847405,2.36834271734313,-1.83383934625766,-1.74870135399339,-0.269306813132934,0.34819706970711,1.65980021863545,2.85549464447662,5.02043138901228,-35.9936178323342
"plausible_anchor",10240,1.99616729938872,-2.54745873546808,-2.68690543154371,-0.726325372677575,2.48654695634851,-1.60283403525149,-1.65595393091905,-0.313885840181011,0.313710482355142,1.5150555229854,3.20378549485649,4.90053998353864,-38.8610599512596
"plausible_anchor",10260,1.66595687748848,-2.50444518941131,-2.77839742525648,-0.661273216060476,2.35017135899752,-0.538679252912784,-1.63259739611733,-0.102761559666249,0.276308177775902,1.16790687290992,3.24624848647518,4.68822793753467,-36.3663476840479
"plausible_anchor",10280,1.97040962091724,-2.52172985592293,-2.76050123571501,-0.672306290054724,2.25582685722906,-0.588156489336977,-1.70776933787213,-0.114327268362736,0.666027786979603,1.45562857578793,2.84008907331113,4.54593798708481,-36.8848709636442
"plausible_anchor",10300,1.69251717146448,-2.53845449469505,-2.62601900351323,-0.71223109373388,2.13823040621853,-1.79248438492287,-1.86241600535639,-0.286878589072034,0.709739785751605,1.75623881636623,2.60276388357239,5.06253159483042,-40.9879816831798
"plausible_anchor",10320,1.76080155682571,-2.50091853445568,-2.7761365934053,-0.615356963287694,2.28741817811138,-1.79652637385149,-1.86497636309707,-0.213069260429301,0.540818631480445,1.63430354410362,2.87687717006826,5.10835114016408,-36.454250138841
"plausible_anchor",10340,1.72753334711109,-2.52289793335921,-2.76355860109124,-0.608200398098443,2.28813678670286,-1.03976321440062,-1.71737346470079,0.0598475666713965,0.351245791533396,1.51505205476784,3.02971534255614,4.79546446418862,-31.696144343597
"plausible_anchor",10360,1.9409594207365,-2.44204896650068,-2.81355591956258,-0.592956197832584,2.20785485703416,-1.22779547075932,-1.63350462237837,-0.0661602150085325,0.181545378472445,1.55274069373907,2.84702391262296,4.55125124825996,-30.5477296211612
"plausible_anchor",10380,1.78468245361264,-2.5506753362928,-2.7737529673066,-0.5537504657561,2.15273763024289,-1.68974918061334,-1.79753341744512,-0.0953872814166345,0.0923712872114488,1.8946374857871,2.8582174244283,4.76621586344858,-31.2070156887786
"plausible_anchor",10400,2.13096431186824,-2.47582932844931,-2.82766855573273,-0.534816542528238,2.22599921277483,-1.23763913248695,-1.96573006953317,-0.202284802210795,0.244990706551011,1.59993169855578,2.93217280789372,4.81930570858073,-32.2478909610988
"plausible_anchor",10420,2.13320253541598,-2.54669164822506,-2.78702559373378,-0.58178420885579,2.30334232068061,-1.78276243719991,-1.87792299680221,-0.200314695438933,0.116523874422623,1.66960666984393,3.18491535580164,4.67123208560125,-33.7830275141936
"plausible_anchor",10440,1.98797989880466,-2.56777483197104,-2.75392933397893,-0.605152510708872,2.30492422200578,-1.27754051863066,-1.59810987178686,-0.212340998488853,0.337053057641786,1.66892635946037,3.07276200675241,4.66327677515257,-33.6994284188178
"plausible_anchor",10460,1.68005655370264,-2.39828074118062,-2.90513641859555,-0.603306059260204,2.32109219987813,-1.17081012643383,-1.75220690475605,0.0598552151910203,-0.0625055826033063,1.71199398237146,2.82251120111692,4.49718120172087,-30.549473059933
"plausible_anchor",10480,1.64042566545835,-2.47250609425127,-2.80965935992462,-0.621934436651049,2.27693672154978,-1.68144843419425,-1.9004038495699,-0.00483906751148235,-0.0159050600097319,1.84905919696058,2.66107734241746,4.14096771902384,-33.7109343497596
"plausible_anchor",10500,1.75025045021093,-2.49405042101798,-2.76607227078398,-0.655840872180037,2.25200930052535,-2.05892403778457,-2.01173492451735,-0.0770182586421656,0.165567737194528,1.71627255299345,2.83488211839019,4.11689280935408,-33.9844711528049
"plausible_anchor",10520,2.03647085267964,-2.48410038732561,-2.83848608607458,-0.599534965629727,2.34994406966906,-2.22808101452554,-1.87444713991979,-0.00211750245182735,0.393070331944145,1.20015659101274,3.05140580123526,4.55702787952914,-32.6072377854647
"plausible_anchor",10540,1.82656305376197,-2.43717826036362,-2.85049084235307,-0.503160810709018,2.18696383036852,-1.83299564174412,-1.82179719858837,-0.000369085476460487,0.394699474409746,1.62805213460458,2.5591852925914,4.53028203586451,-34.1421688165532
"plausible_anchor",10560,1.72986786015291,-2.46143829906212,-2.80639207588751,-0.52157029854073,1.97365102065571,-1.07253136713229,-1.83262296185071,0.0268107472272703,0.385196207652762,1.51340861098625,2.55180936180042,4.76901525037947,-34.8388284462213
"plausible_anchor",10580,1.77934378341502,-2.45233978929523,-2.76908370516376,-0.670115084361385,2.31390303814768,-0.764663714674852,-1.90708098269336,-0.192276111499355,0.0694358872202996,1.49678038233472,2.93302329468319,4.43345239494172,-33.7369253471828
"plausible_anchor",10600,2.08407292798163,-2.45745168688023,-2.7575386863624,-0.684205498036488,2.27557128300997,-1.63340034334015,-1.92466827368195,-0.15111683670242,0.167251177387689,1.61807837720521,2.89381639076964,4.53382361624937,-32.3458129549107
"plausible_anchor",10620,1.99887081516812,-2.57667315609459,-2.74368932228445,-0.63743720981119,2.40950987121252,-2.08719245496366,-1.73087346856961,-0.069012250159826,0.153686423326559,1.50573998981079,3.05053574906085,4.64933823957435,-32.2916107884512
"plausible_anchor",10640,1.95733194629549,-2.51139129100736,-2.86885821333569,-0.587486552106151,2.35743998527405,-1.60213869288514,-1.6785191546371,-0.0034532164456678,-0.0474283633819739,1.8485082670355,2.8260174138025,4.79322529673269,-31.8080898016404
"plausible_anchor",10660,1.85577758429578,-2.35794410425878,-3.05923631517057,-0.525042476081524,2.22125980931451,-1.07181084808065,-1.91581481488608,0.111607990449543,-0.133840041645355,1.78555694251846,2.69344162484525,4.0155316533411,-36.00433900721
"plausible_anchor",10680,1.52920928878293,-2.37299513161281,-2.94607074260727,-0.617089099290859,2.36187333141267,-1.28246388386691,-1.68026757671786,0.180022295800334,0.0936546509855054,1.43789945555481,2.96557915173674,4.4658990567168,-34.4700799074825
"plausible_anchor",10700,1.78152464865851,-2.34247523712051,-2.92444869091457,-0.667922097470984,2.3031752230592,-1.49074493780282,-1.84261216348591,0.118550074753439,0.131629888282496,1.31842079505688,2.96331989426709,4.46860889521681,-33.9394596927643
"plausible_anchor",10720,1.89066545689674,-2.38482500375156,-2.94293240710906,-0.545720799498148,2.37752482551628,-1.31380561430286,-1.90291482423451,-0.0193931509165037,0.201384686905325,1.43323513351673,2.8899272667932,4.62539684367638,-31.1685620318862
"plausible_anchor",10740,1.94323406342772,-2.43307533199922,-2.87036845281254,-0.539568396438639,2.24577946751107,-1.06132539094937,-1.89999811775066,-0.0331388742068018,0.397014901044853,1.29344216913341,2.80678663044858,4.38775262255374,-32.8909726093874
"plausible_anchor",10760,1.89275503623269,-2.47571502104846,-2.82464578326665,-0.634935331753227,2.27836046629468,-1.6324067635491,-1.61681563162025,-0.0236868518788825,0.0820056826898442,1.29908076532381,2.88548925170597,4.36695684345875,-33.6352648264607
"plausible_anchor",10780,2.01191576078975,-2.51181535000974,-2.90622056953969,-0.464969863387995,2.08476597615275,-1.64128142351713,-1.67198484204016,0.108195902128496,0.234676763521659,1.47535476321654,2.83175846146755,4.65740161471516,-35.4453892455611
"plausible_anchor",10800,1.75857924613458,-2.60527746733473,-2.73210765924093,-0.537203483394164,1.93974577801902,-1.49521179327918,-1.71677564561887,-0.14662147585773,0.14970018833969,1.82725318398578,2.50560912184571,4.7682217403852,-34.7310478338278
"plausible_anchor",10820,1.86658747736605,-2.5955295061156,-2.76612801235285,-0.560450197402613,2.03119770395575,-0.861382115096013,-1.81691889939629,-0.045837966843659,0.0444133677130561,1.83595998152668,2.63328386628806,4.92600085345302,-33.4955485969563
"plausible_anchor",10840,1.96607718030895,-2.53890183204377,-2.83183503049312,-0.582842556499422,2.24920329790593,-0.601012574061614,-1.72902954217893,-0.0125359547661157,0.253983918529747,1.36873947186348,3.07427323073506,4.89327224885339,-34.6462523680797
"plausible_anchor",10860,2.06674292120552,-2.45639409278149,-2.88383815721974,-0.585235444704102,2.29955628765549,-0.936568711276581,-1.80378606140627,0.18052178066103,0.200364374260746,1.39032986659939,3.26226597540655,4.90478853204239,-36.7235062904431
"plausible_anchor",10880,1.74444594703612,-2.45000617955886,-2.71756284606759,-0.73914546040332,2.39875997398998,-1.22692761948003,-1.71525973574166,-0.0316504019819166,0.349761599565208,1.46172369420927,2.81336859161786,5.07182963223031,-34.0486779451984
"plausible_anchor",10900,1.77834284363155,-2.31852308350109,-2.9267055614335,-0.596125370893893,2.44758041951317,-1.52991647914438,-1.72932195315828,-0.108681094099219,0.0923424606860254,1.47267064845794,2.72568604118772,4.8330969240051,-36.3667836466573
"plausible_anchor",10920,2.03966220481723,-2.46630748266846,-2.7953215354852,-0.650168403499297,2.34854625314161,-1.26362808973438,-1.62852224497816,-0.228444309592037,0.255866707501551,1.46532207661211,2.94477161739006,4.38470358541411,-32.698907984872
"plausible_anchor",10940,1.8438565230205,-2.43628871041867,-2.8216547101143,-0.59547236809141,2.22407152876775,-1.19501162130867,-1.82552361736229,-0.207671966150098,0.161912204838315,1.54106519910842,2.92895798256291,4.40115337648953,-30.2472786519867
"plausible_anchor",10960,1.74882297037712,-2.39188864550858,-2.86855329935774,-0.621042929289485,1.96014425743335,-1.41038088006985,-1.82746070731476,0.134122854420394,0.0398888401062545,1.80686405806002,2.62823396648479,4.62884436540601,-34.8394338678527
"plausible_anchor",10980,1.60245782681193,-2.48694100581484,-2.76272133656937,-0.612168270560705,2.16817909828399,-1.73768613098229,-1.74075811747713,-0.0365955241825414,0.327990683803942,1.70218594881762,2.92934466981821,4.34313307244737,-30.7902358412656
"plausible_anchor",11000,1.46095985131159,-2.44422018878244,-2.83427875980331,-0.624091019412677,2.28726854058237,-1.05351313259919,-1.77457069684336,0.237069558383477,0.18658595428134,1.66426779939604,2.90600957075226,4.34800913822083,-36.5116795212559
"plausible_anchor",11020,1.6074611110617,-2.35882470439547,-2.87208526745312,-0.578164230234782,2.20225502277345,-1.50812897762944,-1.67368532924109,0.152694349073255,0.440172724544578,1.58911152949578,2.90094513878686,4.36687004399008,-36.0965382742477
"plausible_anchor",11040,1.66979871908771,-2.37572019006613,-2.83014292407661,-0.54967682116318,1.99730539882482,-1.31151700678778,-1.82681420356412,-0.0936410449888474,0.435404815962049,1.5960319316961,2.69491458581616,4.2331391465425,-32.9163798749145
"plausible_anchor",11060,2.05393224915424,-2.51507926367346,-2.80675253607659,-0.506526135937222,2.22114844429748,-1.66286049863408,-1.61747697464002,-0.121890072165994,0.354221137132737,1.32356313523268,3.07843306935065,4.41149045018084,-35.5001213524823
"plausible_anchor",11080,1.68640976761354,-2.37396170934711,-2.87884330637419,-0.489486835455208,2.17330197447225,-1.12110427648316,-1.67898684476345,-0.0609239252072643,0.329136802183902,1.43955881686428,2.91628199860013,4.23137966748883,-35.7741589024054
"plausible_anchor",11100,1.6491290983385,-2.5386677598339,-2.83375806028771,-0.520296391935848,2.3338980404927,-2.32477437422421,-1.68753357542432,0.162124071403646,0.271691045606541,1.5372035504992,2.91367192768215,4.16412002933066,-40.8738772462308
"plausible_anchor",11120,1.68022394904241,-2.53956982586498,-2.808175543837,-0.519584242394597,2.24640126754687,-2.66910358443823,-1.65069331189453,-0.105879238534406,0.207271563233084,1.70238923779562,2.76094274552793,4.88169296987042,-34.9856783336892
"plausible_anchor",11140,1.55172401715695,-2.49113384977562,-2.79737494825011,-0.558758662949703,2.22146881182034,-1.55683251945415,-1.68522064444285,-0.0965810780694402,0.103026039461608,1.46733853257365,2.73029131876697,5.09138372727168,-34.5714605528455
"plausible_anchor",11160,1.27691708535698,-2.3644637584645,-2.92488693388352,-0.571855440805629,2.10769403168481,-1.22290782241834,-1.78765219373912,-0.0365085245941528,-0.124896901157311,1.84879239862657,2.4736888871343,4.71287138168982,-33.5476832821491
"plausible_anchor",11180,1.4701307027949,-2.40267496527773,-2.92305083169933,-0.552566630481537,2.11962031375868,-1.19799641149677,-1.76581273455726,-0.0895768410083622,-0.0836064794236085,1.66474266088722,2.71124669897572,4.76953806566614,-33.8136479175613
"plausible_anchor",11200,2.08082255706984,-2.43179000595243,-2.9115116270029,-0.542198804282511,2.09243965108706,-0.86823822668715,-1.72685698049987,-0.0657462972421257,0.0149251742601887,1.68339177118452,2.67215966371146,4.38154108737635,-31.9846064644354
"plausible_anchor",11220,2.07137550564904,-2.45834107083568,-2.94981263983408,-0.532591622575289,2.29585874054883,-1.42551935248501,-1.88191800742527,-0.0367679804940319,-0.143783454058493,1.58514110810954,2.67181265668113,4.66445984892198,-32.9994893407043
"plausible_anchor",11240,2.08291157307498,-2.52590408421661,-2.89761639071397,-0.54549925248684,2.1745720111962,-1.05991078485463,-1.73082680750691,0.0341677255879715,-0.407333809957917,1.68063310828228,2.73550410354638,4.37274060256104,-34.4506919172815
"plausible_anchor",11260,1.87000486812864,-2.47047752281588,-2.85864546366408,-0.57696338588096,2.21682503272501,-1.42068735532186,-1.64378237947564,-0.0373176135683346,-0.222937503090678,1.60537703761539,2.78542519631547,4.45430917716831,-33.1130500015013
"plausible_anchor",11280,2.08280614602552,-2.52469883268156,-2.72829088936623,-0.651103435951408,2.24429871187873,-0.844758299789234,-1.54617729365687,-0.129389798345053,0.157584847379582,1.65708418309424,2.71050226458029,4.7360166212444,-34.5397703081055
"plausible_anchor",11300,2.01444754510317,-2.39880069453365,-2.8083872925552,-0.693371864272323,2.43922211706336,-1.15232747905652,-1.73826496646033,-0.0110548982742517,0.22107472894571,1.4170884905208,2.90492915736003,4.54672663659571,-35.5913588692084
"plausible_anchor",11320,1.84860102090027,-2.41036535157273,-2.77643128656775,-0.686729679730727,2.27130761801809,-1.47028642559028,-1.76299223336933,-0.109935126451095,0.394856632455533,1.25064061314593,3.03824614744783,4.07238976135613,-32.9748264195344
"plausible_anchor",11340,1.88472413660797,-2.41728267553616,-2.82199157484406,-0.640599354391361,2.29125571938323,-1.27008344189827,-1.63541868451773,-0.14529099448591,0.401504497794264,1.34994592735034,2.80033274466996,4.53596985560822,-31.7988173670817
"plausible_anchor",11360,1.78067292577199,-2.39689133499277,-2.86799563284178,-0.660489934513596,2.36445434866636,-2.19201784120613,-1.8649425874695,0.0520630356859293,0.0212533867026167,1.59129723190095,2.9409956432328,4.54795955218727,-32.0244953124788
"plausible_anchor",11380,1.52176641114454,-2.3963174301741,-2.90094035363734,-0.605538964886525,2.24007791047708,-2.16598077215677,-1.82313794101064,0.170733587990125,-0.116877179357605,1.45445624300658,2.85857500383704,4.30188834470276,-36.3867268618061
"plausible_anchor",11400,1.5728040827375,-2.37386251965334,-2.9209914115592,-0.553511506795687,2.29099626930192,-1.58572126417221,-1.93250825377305,0.0128401427078289,0.174915078485557,1.37149817982686,3.04403578539995,4.6861412292958,-31.5648267707873
"plausible_anchor",11420,1.81233968271365,-2.35210067969835,-2.99865697327812,-0.50317615515416,2.17442598812705,-1.55948210264698,-1.74211622206593,-0.023078868763301,-0.0544221005791476,1.55594284805758,2.78094293139855,4.24126940799739,-33.6248943847832
"plausible_anchor",11440,1.755756908167,-2.369955907075,-3.00418328867655,-0.542333078024083,2.35826256626348,-1.40922493672102,-1.5934668996645,0.0527674266886167,-0.0387332847908069,1.42870761868624,2.74904460497871,4.94717421377546,-35.5433780403216
"plausible_anchor",11460,1.52524209391636,-2.4466926998561,-2.8510648606167,-0.605709705800273,2.21280217853822,-0.743590518608505,-1.7547239729391,0.10026093968865,-0.0165413532682035,1.33637789689954,2.79196625117194,4.57398191544154,-35.0559358648478
"plausible_anchor",11480,1.43277012363586,-2.35776375691733,-2.91419201483176,-0.540151814328267,2.1812312152226,-0.558900044998908,-1.81123372322044,0.00299703258288933,0.0443505976844285,1.78358365497825,2.72980312286108,4.58692913757149,-32.5197671937474
"plausible_anchor",11500,1.49404875695754,-2.39497398963957,-2.84395543041054,-0.593256232041155,2.13178067813638,-1.26261969622863,-1.90987404547937,0.0754328695231443,0.364251842697547,1.68334560514137,2.63546126565959,4.45553493748501,-32.5300152863333
"plausible_anchor",11520,1.50477921065876,-2.40450922782099,-2.88027741110231,-0.567560135526059,2.32541945061246,-1.51767786922771,-1.88720874480449,0.0927143779496716,0.107352346764784,1.59217099638085,2.89443482389787,4.88554604183717,-31.6765376694728
"plausible_anchor",11540,1.6717530555722,-2.42739895881627,-2.91115267470484,-0.598474835479683,2.29856029253681,-1.95840274228757,-1.71454964727244,0.0804827570936404,-0.156341577789457,1.73161458519455,2.78858161482076,4.83429128681886,-31.0795592690923
"plausible_anchor",11560,1.61871742545679,-2.3910504873594,-2.8508967695727,-0.600473668575746,2.27299172225963,-1.72748449192156,-1.6814267891677,0.00378136487579922,0.243919642588448,1.58914990390574,2.89310079999434,4.93505256726678,-30.4019377275951
"plausible_anchor",11580,1.70787411344863,-2.40327525408088,-2.86838026652127,-0.596162545305402,2.14747034566606,-1.5862419408661,-1.90951504902277,-0.0113657730384655,0.173000918332119,1.58517795846087,2.70313493396535,4.6371239766776,-30.3896575697685
"plausible_anchor",11600,1.9719574774613,-2.42757483429916,-2.83888818515772,-0.53195457137211,2.04191000153927,-1.29503168340185,-1.70097185630269,-0.142844208089458,0.226587024898878,1.82769224380103,2.51783892243305,4.28779658226168,-32.195915450682
"plausible_anchor",11620,2.19092693926791,-2.52497398234467,-2.75096493154072,-0.5771967184817,2.08189759836508,-0.855079915999793,-1.87830956008133,-0.103079388192654,0.359170594517803,1.75807804735048,2.78243787866684,4.61939771401962,-32.540507200366
"plausible_anchor",11640,1.88143688129307,-2.43546648021694,-2.90486528677175,-0.520172663951103,2.02427046689231,-1.26907600472513,-1.84129626848111,-0.0902969681016608,-0.0192722856590311,1.85948144108465,2.26078671146871,4.90977213453678,-32.3281534149928
"plausible_anchor",11660,1.77092598566465,-2.46027223059168,-2.76832616109362,-0.641964634287071,2.32694178339035,-1.61703227361373,-1.7648279393483,-0.126908276798684,0.259096602828758,1.48591091792086,2.83480897611317,4.55245843678357,-29.7715437654535
"plausible_anchor",11680,1.61889172861851,-2.45842767464631,-2.8546301017149,-0.599160705847178,2.27510454920994,-1.38997255648502,-1.92083817518099,-0.0380921563038098,0.10103587646477,1.4734574860569,2.95195430997535,4.38561782470094,-30.8985949359298
"plausible_anchor",11700,1.78130584589851,-2.45078639060742,-2.84399158772972,-0.592651465317206,2.28251414999083,-1.53203577048539,-1.81865243924076,-0.0182548448362314,0.212990088191072,1.42357859991828,2.85563210894194,4.54293405853142,-28.8971777131114
"plausible_anchor",11720,1.85290874190169,-2.55329894589096,-2.83643735761064,-0.50038710600088,2.27208451256829,-0.894561763358656,-1.76093276840123,-0.00102727359356398,0.0163098027153303,1.62169755081895,2.86450087200065,4.76180351678573,-32.147561511759
"plausible_anchor",11740,1.64669615080521,-2.40338054774796,-2.83093540071639,-0.592483671012173,2.34227737547504,-1.05455495522235,-1.69027171148683,-0.108383346641585,0.103708669639215,1.79680605952406,2.76876397834576,4.91355822024179,-31.6243514084115
"plausible_anchor",11760,1.85930644744024,-2.48117354388181,-2.82668831243071,-0.520220139499964,2.17445923080218,-1.7994473029137,-1.84074605473438,-0.222257989992061,0.17594860452788,1.86387007378601,2.53358865588561,4.65158471383458,-31.430278845266
"plausible_anchor",11780,2.05099904265028,-2.46319372410787,-2.8629648807847,-0.564041415126537,2.41604030498508,-1.61081140541219,-1.7767026735541,-0.00255991436647742,0.228314004883938,1.35282026773159,2.87194082030586,4.94844167474126,-32.6789843874119
"plausible_anchor",11800,1.70681174218652,-2.4477374981288,-2.80024221629572,-0.620907041884613,2.28447292579123,-0.98900060931869,-1.89172683954568,-0.060591380338347,-0.124753757641982,1.71158559065196,2.77780261393374,5.08303115797109,-33.435825204537
"plausible_anchor",11820,1.70681174218652,-2.4477374981288,-2.80024221629572,-0.620907041884613,2.28447292579123,-0.98900060931869,-1.89172683954568,-0.060591380338347,-0.124753757641982,1.71158559065196,2.77780261393374,5.08303115797109,-33.435825204537
"plausible_anchor",11840,1.84838366808362,-2.47105547040558,-2.76701306864766,-0.641987030626039,2.36696189981819,-0.797911320410033,-1.80484426769526,-0.077775418016284,0.170031754507284,1.52142457811852,2.99768559458502,4.88322519811124,-30.8638856860256
"plausible_anchor",11860,1.83411807059929,-2.49544427289291,-2.80238737326679,-0.600119909329145,2.08673124726986,-0.946461226425023,-1.81170414771651,-0.11563499280521,-0.0776313414086169,1.70950106887695,2.85574946619752,4.52616375693622,-32.3441173384748
"plausible_anchor",11880,1.5877360139534,-2.43383792979695,-2.74464260665571,-0.606606506992892,2.10572988103456,-0.870224822487016,-1.71283270230031,-0.116484957580387,0.334513029089845,1.75669926499403,2.85722354575608,4.42166734029285,-32.4952210987245
"plausible_anchor",11900,1.78207643838059,-2.47108934453305,-2.84582625094068,-0.570168385881114,2.11794200321358,-1.45757525198703,-1.68055706932091,0.0157990134046383,0.0852977627076808,1.90822871075837,2.81720962488454,4.32689814276021,-31.3119177247588
"plausible_anchor",11920,1.84281093354745,-2.49350424558309,-2.8688878697497,-0.506603719638588,2.18385825719219,-1.60219845241734,-1.72721152439226,-0.139587884548691,0.310087577314298,1.70224997414833,2.81372573171244,4.65679084725695,-31.1296482189433
"plausible_anchor",11940,1.77105570859605,-2.56346600838115,-2.69698665960285,-0.622830380107828,2.25857273651507,-1.8293345567377,-1.72742469789847,-0.14600389681718,0.463301052246198,1.64875174025158,2.96924465133349,4.46147601267316,-32.3256457520106
"plausible_anchor",11960,1.71337507477271,-2.56356841336138,-2.7134001636334,-0.598411836117335,2.22649142782997,-1.46516512101047,-1.84044651074388,-0.128808767707716,0.391232589999726,1.65643696548595,2.94564514547106,4.39223435412031,-31.3993544344498
"plausible_anchor",11980,2.04511220977591,-2.4498810711117,-2.92287506820778,-0.48755999694764,2.15944131631306,-1.58953323593493,-1.76087943621591,0.0945844515181177,0.188555635890957,1.45189770622614,2.99027230085943,3.97447082217334,-34.9605830365964
"plausible_anchor",12000,2.0683235890641,-2.47183798065953,-2.89640107352628,-0.462347297401363,2.16878277252894,-1.17461289218803,-1.78844721655841,-0.0266787380347447,0.493980878822804,1.53807857857791,2.9607107484587,3.99080090599671,-35.5487687726035
"plausible_anchor",12020,2.00922515241876,-2.49872203189725,-2.77394170399326,-0.619611704313951,2.28198851536798,-0.715750891806303,-1.8186802420653,0.0157587152523498,0.317662733726187,1.53163281435,2.72292955986862,4.91142719275856,-31.1946019717126
"plausible_anchor",12040,2.07208264458288,-2.51160671707252,-2.84471866576171,-0.555808304924853,2.2520763387717,-1.22350035317662,-1.62750954171824,0.106068500950441,0.0147034420750634,1.67650944025604,2.72966690883219,4.78155430521474,-32.99390609746
"plausible_anchor",12060,1.88447771567945,-2.51363916408176,-2.85089409780053,-0.518939822992936,2.22239556827765,-1.43972693521693,-1.66073560832001,0.0249307301374494,-0.0326793413854825,1.91006564943523,2.53381800359906,5.16119478952793,-34.5030051646605
"plausible_anchor",12080,1.89720644494806,-2.48309897716377,-2.84187331666903,-0.549074679336726,2.25826075074842,-1.34484645222943,-1.71843031306798,-0.0631256995070415,0.222076872412417,1.27638076741612,3.04714958040094,4.93010106871836,-31.9315289264201
"plausible_anchor",12100,1.86845444231295,-2.42985232163348,-2.8404620649626,-0.590771638131632,2.21519006089166,-1.2098924160507,-1.78048792704795,-0.13104310787292,0.149149829517131,1.3083746610844,3.10585666883068,4.85501234331142,-33.3909012704684
"plausible_anchor",12120,1.63668947182876,-2.47282667797162,-2.7082557618727,-0.660202470943716,2.02566372905558,-0.491636102127778,-1.6304061046769,-0.112692525556353,0.120938860886156,1.73707314163071,2.43975208296862,4.62881783583538,-37.2926528010572
"plausible_anchor",12140,1.79158575722827,-2.51140911524835,-2.73857691886377,-0.639474576084328,2.02754133424631,-1.31491206595528,-1.68265643673955,-0.0473915441361504,0.163736617128448,1.8018750467272,2.32685049262859,4.24237668040356,-34.1615398073265
"plausible_anchor",12160,1.65248110019916,-2.46048886107607,-2.78694605165888,-0.608909989913941,1.95125944831848,-1.64279074601536,-1.78924634284608,-0.0637553685225863,0.207029358808985,1.76229944408803,2.73631568933842,4.71114061134071,-34.9274907692855
"plausible_anchor",12180,1.66009286930062,-2.4896229723486,-2.74425044092513,-0.649534535485418,2.05020235376226,-1.59662632931944,-1.84068213635805,-0.0454691282296268,0.250460164608033,1.59920083845872,2.6142726579651,4.74900960409399,-32.7430173447097
"plausible_anchor",12200,1.6707836818455,-2.49760963604195,-2.87302662847124,-0.539987617838614,2.27620488848314,-1.75811895889692,-1.76098005982169,0.00576078064556251,0.0752956883699384,1.56772006068483,2.82095800934195,4.83250291054738,-30.423457781066
"plausible_anchor",12220,1.49956318776054,-2.42510446942344,-2.83616989446048,-0.646821028989219,2.3011501140538,-1.11081571299635,-1.7844472596141,-0.0319524175351231,-0.16135237499678,1.8217770729373,2.81900458700885,4.55204455546288,-32.201250890471
"plausible_anchor",12240,1.84484187514556,-2.39350774093416,-2.91011581286816,-0.560545011949263,2.1793925947473,-1.03019391012579,-1.78542937301349,-0.0994393148553842,0.051172157071957,1.90935794196255,2.3596709341552,4.94308088930469,-31.3969895659331
"plausible_anchor",12260,1.60934730388377,-2.39788417931872,-2.87666052079541,-0.518638517954996,2.1330476558197,-1.93869764276276,-1.89643280289736,-0.0823776123313491,0.38069856164656,1.5744029389037,2.59805488484821,4.57817194417506,-31.8660017018642
"plausible_anchor",12280,1.80027669420555,-2.43753364406953,-2.73562354356217,-0.720506579256231,2.25053960574053,-1.06498856279419,-1.99662497121062,-0.120979063230962,0.440149528528387,1.31484597947287,2.9254381374098,4.54237226951809,-33.8046880940438
"plausible_anchor",12300,1.61394224301405,-2.43340643694883,-2.82527804129499,-0.543250903174253,2.06816322797405,-0.457993631372015,-1.98327970789573,-0.0987038089840042,0.37373698552545,1.73984339113755,2.64802458619055,4.85726076785824,-33.5310276793242
"plausible_anchor",12320,1.70509926853107,-2.41506837118185,-2.76843902898152,-0.61283819313001,2.02852896642208,-0.875240322660219,-1.93128794640815,-0.0925064756773424,0.417893623947875,2.06077736304274,2.27167517260603,4.8087642827058,-35.5273432562145
"plausible_anchor",12340,1.91863823944579,-2.40300240048089,-2.76305636962425,-0.618977282669329,2.14546443721971,-0.804048798633238,-1.83768227393036,-0.126076903367296,0.509129571330179,1.75143896443685,2.63888089700101,4.81078822613762,-32.4547068334624
"plausible_anchor",12360,1.94000875413643,-2.42800152595997,-2.83118728872587,-0.588371305788592,2.37185112247405,-1.25333767947175,-1.98950619697721,-0.163310839141212,0.406710551683421,1.40508536670895,2.94901656953791,4.57213505017861,-31.9812941530194
"plausible_anchor",12380,2.09417186586395,-2.46360856472411,-2.84983207690343,-0.560149298473897,2.27511185396922,-1.06873237733521,-1.69186747636686,-0.0142448155552088,0.347866359146968,1.45273194639854,2.93424251252791,4.541867080116,-30.581332659586
"plausible_anchor",12400,2.00712485520558,-2.44911262977293,-2.91361919841653,-0.571723838447865,2.33312174324266,-0.916465769067614,-1.82624475840616,0.0877442961982357,0.140313909480798,1.14184588205533,3.17559857225882,4.67461891747043,-33.7986313382092
"plausible_anchor",12420,2.0775241400855,-2.43060092740525,-2.96676749713857,-0.633137028062897,2.43466651486533,-1.07245744309684,-1.86333383971621,0.204865579613306,-0.103859568149355,1.19893426223297,3.14008597205629,4.94620310232305,-37.5970694437975
"plausible_anchor",12440,2.41942384533507,-2.46905526785923,-2.90968615297545,-0.516217890018394,2.09465686866565,-2.34793069954845,-1.789108955684,-0.0109698535142758,0.0283688728277961,1.78773973655112,2.69248404027555,4.94664105290485,-37.9508549014829
"plausible_anchor",12460,2.43919489753228,-2.4617494011357,-2.90649525450944,-0.539924149311846,2.20040642415866,-1.59206117101892,-1.827227488372,-0.127451143711465,0.0331157363193383,1.81169278763373,2.66747772906786,5.02523116025867,-36.5281279594078
"plausible_anchor",12480,2.1915452270597,-2.32630169286209,-2.9220698320038,-0.613064452098699,2.21638394583313,-1.53342760826382,-1.84863736460403,-0.14136065217869,0.238911485909756,1.83792589790923,2.58589359987895,4.45997777373511,-36.0492495575642
"plausible_anchor",12500,2.22328624569589,-2.47459335333102,-2.79172752911496,-0.663902127245224,2.25781835567769,-1.53482748589748,-1.77842823905395,-0.068649144114245,0.330029133459126,1.63639801467902,2.74375668873471,4.61954926529122,-31.1032164372097
"plausible_anchor",12520,1.76097469528921,-2.51271704841136,-2.75678987553423,-0.622178611214396,2.32507953774113,-1.23315459414025,-1.74160834996259,-0.0492022994408683,0.434535584179338,1.35109568963737,2.94412981134983,4.63985709086857,-30.1933085137249
"plausible_anchor",12540,1.81050263513636,-2.42069250726952,-2.84791591164079,-0.522369716972335,2.19594464626959,-1.79370651223666,-1.88257562375569,-0.20166626024944,0.546490473860262,1.23816519053982,3.05302407229313,4.21217680307593,-34.2623786846295
"plausible_anchor",12560,1.97867211558951,-2.40182775557799,-2.8661897277996,-0.59078877220758,2.14999069482689,-2.20259265278742,-1.79148566787315,-0.0154885390717351,0.394978599479843,1.23545281155856,2.99809035160837,4.28619056507443,-34.7168489205344
"plausible_anchor",12580,1.85565600355717,-2.49956009727342,-2.86775194423126,-0.574627072312576,2.21638820305204,-1.42417754917717,-1.86460806897063,0.0910912216118175,-0.227397553086457,1.84320350723173,3.00981478459351,4.79011575385589,-32.1188170463013
"plausible_anchor",12600,1.67396660206897,-2.4743655625836,-2.84840098600504,-0.572750922298641,2.10584728276289,-1.79032392371779,-1.90600609500514,0.110279454522545,-0.268544735198555,1.7439869685283,2.93609495259094,4.86526029086853,-34.6500285404601
"plausible_anchor",12620,1.61935399359136,-2.37687211605252,-2.91923292323209,-0.513421750213953,2.17585568083043,-2.09683057760872,-1.8653283583482,-0.152408840953355,-0.240065713119001,1.92503765223105,3.0949559661827,4.3785056207526,-38.9010725635658
"plausible_anchor",12640,1.82585770990668,-2.37328562684506,-2.86971511914888,-0.57209159713332,2.29546695528143,-0.887992345384012,-1.65600364160142,-0.203227301202204,0.291051003965114,1.93950334822853,2.93148925891104,4.49032827381726,-35.2653279016263
"plausible_anchor",12660,2.01007233967491,-2.42164468333857,-2.86163439619893,-0.549477715882382,2.30526957021563,-1.61797604067983,-1.70698912871889,-0.125263493122386,0.365112725358867,1.66525362526299,3.16206270654509,4.65410822532047,-32.2457460143503
"plausible_anchor",12680,1.71910555622289,-2.36095506096373,-2.89741125317803,-0.494134211088365,2.24406722511574,-1.54506843852781,-1.64612312791082,-0.293082369132032,0.502896401618261,1.51592535121647,3.05960164442762,4.71775093488443,-35.3158966073498
"plausible_anchor",12700,1.85210023346692,-2.49658408069527,-2.76227383784586,-0.607590079201237,2.39086159988627,-0.678825224452166,-1.69761902133202,-0.195957329186055,0.279910004682954,1.46366872235977,2.85507344824364,5.24045278344139,-34.6487011104486
"plausible_anchor",12720,1.85427928791804,-2.38201983640015,-2.81566400368966,-0.711501116315089,2.2480620970177,-0.776803852863499,-1.85300601555088,0.0412199927461007,0.197029075199796,1.50038085810901,2.8275951041756,4.655317281876,-33.06220227846
"plausible_anchor",12740,1.86553615880073,-2.4801338495288,-2.71179526932846,-0.760838293691247,2.40206247414146,-1.45776885125112,-1.94383483425681,0.0307459041396752,0.474131239252187,1.21112154698913,3.01439967107429,4.57257286352443,-35.4518054397565
"plausible_anchor",12760,1.97755844670514,-2.4896641453389,-2.73956550995301,-0.700723041939367,2.26736843187096,-0.824618977293326,-1.80930828914906,-0.0257668798934636,0.376606228483532,1.57250014000647,2.87683787137417,4.45872645054694,-31.1859627578749
"plausible_anchor",12780,1.56086350586382,-2.39122726856803,-2.90196252696977,-0.540507569511228,1.99757947318606,-1.63112900642463,-1.76419536219199,0.0611787488578475,0.103262010277568,1.86047324124046,2.5372428973953,4.69741918715553,-31.6410900296708
"plausible_anchor",12800,1.81904841255873,-2.43472510105863,-2.8928097214789,-0.595051500536077,2.1473341975182,-1.53431542408224,-1.91839968069123,0.120729956335814,0.00691192157909755,1.7950623458503,2.83013928318926,4.50178383776735,-31.5770101652122
"plausible_anchor",12820,1.83694589598002,-2.46818123370164,-2.84342382493402,-0.555718626226622,2.11565421961709,-1.55951612707668,-1.88645514219344,0.156869387491139,0.201206697469562,1.61200861092964,2.895900515357,4.67636593613838,-32.4009998457434
"plausible_anchor",12840,1.60642923545843,-2.46142178636587,-2.76726185786554,-0.556335473398186,1.92038464419567,-1.54812732972525,-1.75243204624337,0.0171635050064847,0.341788288091819,1.92934584999607,2.64695015426689,4.76489838658475,-34.8321170889446
"plausible_anchor",12860,1.73059217686048,-2.40105951998758,-2.80316916297261,-0.552575478073665,1.9282346892437,-1.8112020995817,-1.73638707942659,-0.0435110668048502,0.36652980665107,1.85702900165187,2.76428053914822,4.60024592302711,-34.4305818602108
"plausible_anchor",12880,1.86918481666542,-2.48436749527508,-2.85491659233744,-0.53957428724363,2.09247409364625,-2.1240431836754,-1.9532764088782,0.0613823852064693,0.0758324185015921,1.79273291997948,2.81100721917049,4.29366482725066,-32.5025666256072
"plausible_anchor",12900,1.6376014239351,-2.3971507537618,-2.8917707605077,-0.534547848269032,1.90813324815001,-1.45780328115558,-1.80377244998136,0.109441117790995,-0.0588977589824737,1.89512097079535,2.73964931658324,4.46333914789879,-35.0196717998162
"plausible_anchor",12920,1.93653320437875,-2.49499860261828,-2.87433484728584,-0.538511482569503,2.28862690062672,-0.789229698912589,-1.91300541413903,0.0190368518386949,0.198925745041132,1.79251484610185,2.88937560314603,5.10414231408001,-33.6781395072254
"plausible_anchor",12940,1.85471229078453,-2.43734859904514,-3.00364923060755,-0.452123141481949,2.20726400060802,-1.3054378653347,-1.9306896683128,0.132241318661522,-0.111701083992699,1.72655528569464,3.03580953801344,4.85668266737816,-35.1479460534523
"plausible_anchor",12960,1.83538019945907,-2.40633765025415,-2.88145826912206,-0.582266515733013,2.29690699506629,-1.60455484056066,-1.77879163072267,-0.051559662455156,0.227681278539899,1.57711573599048,3.0049135509989,4.93527979071439,-29.6185995208016
"plausible_anchor",12980,1.50702649347971,-2.47243627580006,-2.79143329909352,-0.58203291457464,2.23284999228186,-0.902328083626506,-1.81896224996842,-0.0787239389207748,0.486047701182955,1.68059722369494,2.47163532575434,4.92254481106684,-32.7793708420068
"plausible_anchor",13000,1.95168197666262,-2.49599626922795,-2.75563635498716,-0.61094577560049,2.09970051693855,-1.48180328420444,-1.70193172175818,-0.141533227418594,0.40288777303032,1.69438822646122,2.16968159716661,4.91562371569266,-33.6221256937182
"plausible_anchor",13020,2.15188211284457,-2.54443535820479,-2.81047603332883,-0.552591046232903,1.99833356676307,-1.0232169515754,-1.9340710142319,0.0489451476836057,0.208541760760652,1.88667768047569,1.89305282015538,4.58264863891529,-38.379000285581
"plausible_anchor",13040,1.89035470663976,-2.44833797456707,-2.84872413420784,-0.535976459189669,1.76727587706972,-1.29605161002575,-1.95164324239734,0.0992184598352335,0.182795091390339,2.18087798024569,1.72967701667064,4.78958644474829,-39.2332269390333
"plausible_anchor",13060,1.91096335652416,-2.5313022284568,-2.77538011436323,-0.612375673453684,1.78895161429138,-1.47278120189586,-1.9823160471479,-0.0342760820920681,0.207201278303216,1.98216973028392,1.88178467223406,4.60364477716509,-39.2068499456939
"plausible_anchor",13080,1.97863465704641,-2.5593448944433,-2.71539401566885,-0.636013777617646,2.06597323936788,-1.32753187546051,-1.91284890024883,-0.0193579482956264,0.524479953843727,1.72944994900446,2.47571876984039,3.67664369607826,-39.1727815606985
"plausible_anchor",13100,1.81921912378293,-2.42421326939789,-2.82749422589365,-0.615298950626096,2.20882456369852,-1.58279730371639,-1.77371838269816,-0.0387638917220744,0.211154472141654,1.7852018886598,2.73020836425885,3.61047764971197,-33.9696783651604
"plausible_anchor",13120,1.66509864255563,-2.41946085473382,-2.92597096625003,-0.623571400520734,2.26519775880813,-1.48797999337264,-1.7762708779272,0.186042101211593,-0.146779350554057,1.70610798473468,2.74391847356532,3.9477000346087,-35.441553431018
"plausible_anchor",13140,1.48551995558945,-2.50291523885784,-2.78255523179954,-0.674604342072802,2.28842339623062,-2.02102738762125,-1.87248668426605,0.00893257424505751,0.213725830554917,1.41079333819325,2.99340235992469,4.76432408599667,-34.8330230926133
"plausible_anchor",13160,2.1671282690476,-2.62414212732448,-2.6983955598683,-0.65332167665962,2.10676968717809,-2.49766606393928,-1.70994241389462,-0.146192652731193,0.136287226151985,1.89386093976268,2.78887545241335,4.55327046216923,-38.0707395708168
"plausible_anchor",13180,2.30180465120098,-2.64244488185012,-2.81678401156298,-0.515592951576771,2.20304347038774,-1.4150866199921,-1.65311445194125,-0.117767045240524,0.498171695847074,1.73991890279116,2.66676678375365,4.69460427059354,-38.7184466543058
"plausible_anchor",13200,2.24919184730888,-2.55175473649757,-2.89638458885301,-0.57668774407141,2.39534222155778,-2.03545292949153,-1.65589747397326,0.16889843482838,0.0854571731598523,1.60834702040711,2.82896458958378,4.29063571803358,-38.7141532108177
"plausible_anchor",13220,2.27869159979563,-2.58813244743992,-2.70866913231111,-0.727921224613189,2.40572343762002,-0.694065890571608,-1.79606280327658,-0.00791389962899305,0.4863500011183,1.29354788145734,3.08281208740262,4.43491734083197,-37.151374490266
"plausible_anchor",13240,1.97550910430012,-2.48884861477717,-2.81235096725781,-0.578396723702596,2.27105929505321,-0.460665218402209,-1.82927461155966,-0.0367351985824471,0.155546726739969,1.40166869011384,2.63336952527228,5.02593257661753,-35.0530965097678
"plausible_anchor",13260,1.95944462390472,-2.49617454124989,-2.78600360022598,-0.591036954566352,2.24776506304765,-1.12450086447769,-1.76635709070962,-0.0531838499959775,0.319084784022816,1.6528860236725,2.7844955912273,4.71389405735678,-28.4052364112905
"plausible_anchor",13280,2.05440369393936,-2.53875042433216,-2.75337094025237,-0.565816591401517,2.14502861686434,-1.57310001563087,-1.71422654187458,-0.0941499911560402,0.268543378299172,1.74886079563933,2.61962090231422,4.82271405954929,-30.7462069217403
"plausible_anchor",13300,1.84298070274187,-2.5292546563397,-2.8235104163961,-0.49428868719546,2.19297296205526,-1.59594585741092,-1.7769547340249,-0.0531135680434675,0.235640593577379,1.90239804143194,2.68675640542257,5.07905621355115,-33.1791505753052
"plausible_anchor",13320,1.61649352629913,-2.4451970278616,-2.82233454939012,-0.532352482742568,2.1741593040985,-1.08176332421447,-1.64888364827387,-0.2135536800509,0.338521102965193,1.91503189123436,2.45683481558474,5.0239204030018,-33.600014372278
"plausible_anchor",13340,1.64881306344869,-2.37521766433927,-2.85063532019528,-0.567395828977738,2.07842028236947,-1.72490441833569,-1.77199770990567,-0.0784124081978015,0.176139288489298,1.80368325328112,2.59989232059609,5.2293254809215,-34.3286598375318
"plausible_anchor",13360,1.95712192632393,-2.45132674928936,-2.87419798179604,-0.544637190821182,2.19565835100456,-1.2803324478396,-1.72909744344799,-0.113194130736431,-0.0655583594563137,1.66273047654624,3.00049607993997,5.01655995127596,-32.4941065909764
"plausible_anchor",13380,1.82613931475068,-2.41557957909412,-2.87763273468444,-0.579100741443699,2.17582008191911,-1.29284673742827,-1.75964302376117,-0.102727563804313,0.0399122690564001,1.72143689065635,2.85924052841149,4.56609649022804,-29.2035079835166
"plausible_anchor",13400,1.79603227621427,-2.479782211873,-2.82217599988233,-0.581523016678174,2.29543286169194,-1.68019150040096,-1.77520090670649,0.0222928065280576,0.183914093134824,1.76232444696074,2.86993709269252,4.32181277402607,-30.5300998555756
"plausible_anchor",13420,1.95124067066525,-2.403537518054,-2.89132183646673,-0.547843143073901,2.23109425621612,-1.15044007488923,-1.68506136456853,-0.0426430835070342,0.284895119382463,1.72799630592097,2.81256138757181,4.39268834543991,-30.238089170076
"plausible_anchor",13440,1.94395758394516,-2.51764047376458,-2.79741315698423,-0.601565389390063,2.31653398264041,-0.957849098060563,-1.65852497951763,-0.0692347532882321,0.346392288002747,1.4840310978434,3.13061926287657,4.49496496361313,-31.255476090369
"plausible_anchor",13460,1.94387099127303,-2.43048591687523,-2.8916920933289,-0.504064963705142,2.23595261816003,-1.1739221451436,-1.69894180905624,-0.175868056756561,0.118839081583387,1.59578231360273,2.8613399473911,4.64428672590625,-30.785197960979
"plausible_anchor",13480,1.9029104243198,-2.45820720810857,-2.89023121631087,-0.48969173957397,2.18212516447021,-1.2247006206888,-1.7230672691561,-0.120968015492027,0.155736741379309,1.52931354541202,2.80263868803008,4.47069298545846,-31.0438663397923
"plausible_anchor",13500,1.84545005915054,-2.47454277954809,-2.79243123877161,-0.594611377652319,2.25124174143161,-0.896677010074954,-1.80436113057039,-0.113973736887436,0.232138245630008,1.51867044168293,2.81650770767845,4.40667790085665,-29.8764563334224
"plausible_anchor",13520,1.65993277712516,-2.44311490343381,-2.83340932801539,-0.615863391858583,2.09889630238488,-0.907423172551544,-1.69111284493883,-0.0173880528277922,-0.031529859472354,1.63056505345543,2.69669435324504,4.50407442271366,-32.311552343956
"plausible_anchor",13540,2.1650827721768,-2.58420283173208,-2.74298784731685,-0.584197416550765,2.0426544040304,-1.53719995268049,-1.64696712050885,-0.0141492585188771,0.303607801375142,1.59881268165281,2.84228970543026,3.94920922487778,-35.7267805324163
"plausible_anchor",13560,1.95665280328746,-2.50522423590253,-2.81812082025586,-0.551906378899351,2.26788674708172,-1.38744215001082,-1.74222415560813,-0.175056416176052,0.436354968879525,1.36802111769825,2.92908765773208,4.5820216669076,-30.2837784090421
"plausible_anchor",13580,1.8883947924867,-2.54531078555996,-2.7760258325047,-0.5972742279368,2.2963299180087,-1.82758222353452,-1.72373786718752,-0.112258259583351,0.402202201066453,1.36071131942085,2.8749069435448,4.4258508764064,-31.1328891673097
"plausible_anchor",13600,1.78489062708031,-2.4454843727441,-2.93041552365206,-0.529478134600623,2.37402151327066,-1.86863679527587,-1.66875878299469,-0.0759302916856598,-0.119758566144647,1.67371652955683,3.00568055331254,4.74087392359336,-32.0366425065747
"plausible_anchor",13620,1.57755103170782,-2.38873513219781,-2.84681927022646,-0.606323404161792,2.29761166129493,-2.05211951593217,-1.78561401717434,-0.138050839549873,0.279849976808744,1.53532707880573,2.9299126862162,4.61645416404771,-30.0512048395516
"plausible_anchor",13640,1.69432766762011,-2.4693874989912,-2.80474191755883,-0.603653742737809,2.3361053995525,-1.6416806839178,-1.70521212073188,-0.155981275832226,0.326008790226421,1.80779617842239,2.85747741743021,4.44511135217455,-31.7631771297511
"plausible_anchor",13660,1.7443607551016,-2.27820369888935,-2.8899622254433,-0.632795037472782,2.30271118735407,-0.750733432298555,-1.73689383585683,-0.140414900242574,0.3988499817287,1.4024346605698,2.91345978542239,4.9774857933517,-34.9713275048706
"plausible_anchor",13680,2.08486242985679,-2.34879577517368,-3.01769523911066,-0.583863086431655,2.45223372836724,-1.03170726670451,-1.90534342868967,-0.128399210904428,-0.0393060359272437,1.40614728654752,2.95790124929183,4.69040072297139,-37.926597783847
"plausible_anchor",13700,1.98603087165518,-2.29565884584706,-3.09443945538722,-0.465818947208154,2.22229047522869,-0.425101118464008,-1.76623442221293,0.0320268440423123,-0.0300725141196697,1.67768447035097,2.73413656786641,4.44974236686809,-38.960195839394
"plausible_anchor",13720,2.22367263147703,-2.45072819066694,-2.9503073866575,-0.553317581903303,2.15830743790002,-1.61317002335104,-1.74283709615358,0.0317048975656098,-0.130369309577339,1.8191992041231,2.644881674679,4.80040671933364,-32.1374288570779
"plausible_anchor",13740,2.20142729785727,-2.50048081696244,-2.87954368395344,-0.523730205803772,2.1231182422489,-1.5769545430557,-1.74228518656949,0.00300964714877867,0.041358401147123,1.7493265688023,2.59132005214143,4.39056011183781,-32.1148374268569
"plausible_anchor",13760,2.14525079867195,-2.49824359215341,-2.81346521728797,-0.669440069729652,2.25397713867981,-1.09861326662742,-1.72602848918326,-0.0295717173445195,0.184517230427247,1.46122851893735,2.97540786645992,3.99286128555087,-33.7480464082768
"plausible_anchor",13780,1.87038202775434,-2.46100198891724,-2.77679683800686,-0.583153326079869,2.17082236893178,-1.90350109413492,-1.62271223552174,-0.168667899745364,0.418106321972989,1.56173106599076,2.94283328492362,4.23290236200973,-32.0269353556818
"plausible_anchor",13800,1.78436581636451,-2.55970700609182,-2.67682406686179,-0.653612223816446,2.10403890103764,-1.55351797789917,-1.72484772166009,-0.0243498330866544,0.340167420810061,1.78622853753552,2.49462321798515,4.97072752429231,-33.5350598398801
"plausible_anchor",13820,2.08508309088786,-2.37017082306112,-2.89576429632105,-0.53458744140989,2.08070725310863,-0.317268393375781,-1.77922059395592,-0.199955955530322,0.125987070516077,1.80102419803819,2.43045945894308,4.75060814782472,-36.0094715413757
"plausible_anchor",13840,1.98939381999315,-2.48053280039239,-2.75375537427828,-0.567600178968705,2.2925186380284,-0.767859616985345,-1.68039151773232,-0.5010186036162,0.439007545495378,1.58062942133994,2.64995419283139,4.89790896116367,-39.8525649634964
"plausible_anchor",13860,1.92629268133636,-2.48710204486792,-2.70566084407644,-0.596543718449093,2.18742721132736,-0.323107446444522,-1.74043260776821,-0.472638169278624,0.489899616017901,1.68883793451205,2.58186269652197,4.70788990779885,-40.0306637075036
"plausible_anchor",13880,1.93378886196528,-2.48099126803139,-2.79414718598051,-0.614826593055803,2.14843594691851,-1.01885893665158,-1.8238443001857,-0.145948269012267,0.445414625984182,1.44616684715624,2.47341319911014,4.20800443019492,-35.3428639924917
"plausible_anchor",13900,1.56672161429666,-2.38902161820108,-2.84548264542334,-0.557992667364438,2.18796724167722,-1.36685216133135,-1.93975300931729,0.0163396290304196,0.288740664449205,1.72207367338355,2.48933720599239,4.41701634955933,-34.8573570335835
"plausible_anchor",13920,1.87672456366965,-2.38090197933676,-2.84820596866109,-0.570159938833896,2.08992591887707,-1.33372277459615,-1.73804825170037,-0.00713223145553868,0.325385738953127,1.88698492741398,2.65471574163503,4.06274029462401,-33.7590602572126
"plausible_anchor",13940,1.67677358819565,-2.45371698374454,-2.74168616346719,-0.580327756262109,1.99741050836779,-0.755921587097133,-1.85358689063487,-0.265481067731791,0.359979089581269,1.79921957062035,2.64645934517071,4.06728622183204,-35.1597335877417
"plausible_anchor",13960,1.85068928965297,-2.48740801586245,-2.72584451842652,-0.631546880423913,2.23567162081349,-1.84093741605108,-1.7486857222751,-0.312302399021783,0.352106412850446,1.72037390870553,2.80350472118068,4.37991262133059,-32.2004543111811
"plausible_anchor",13980,2.08286162893176,-2.5575449685033,-2.72993915315233,-0.614215246922144,2.37104340479517,-0.635395898135534,-1.73316750472575,-0.335423914025724,0.656163288019111,1.32802897367028,3.00941440446818,4.48417861809392,-37.1673511108015
"plausible_anchor",14000,1.73053502557026,-2.49822461185418,-2.79844750184584,-0.664061241329292,2.47624956869064,-1.14722536477297,-1.82098410506055,-0.0248042930794493,0.329615020351377,1.22825516553804,3.18710484886086,4.63983704394001,-32.8814283569334
"plausible_anchor",14020,1.97274879654487,-2.3684174826089,-3.02131637403047,-0.469462501544192,2.27841789404675,-1.67189299888174,-1.61535237571075,-0.0796187539061553,0.00877632555875541,1.68355640841305,2.77705883647946,4.70067112478856,-34.0274152774122
"plausible_anchor",14040,1.8628855434142,-2.46623994966019,-2.90219392340422,-0.550734123833907,2.20295506795496,-1.59367847221788,-1.76975521063453,-0.0829320892520848,-0.112632706884881,1.93462125398411,2.80194000632403,4.25542024369129,-31.886837420493
"plausible_anchor",14060,1.66397364282361,-2.27402354286434,-2.98748994241917,-0.542448789240368,2.29160389634424,-1.9612626476757,-1.92204327809847,-0.0853767606263508,0.0918222178834504,1.60017743943429,2.86745462696097,4.59028557655112,-34.2437816430873
"plausible_anchor",14080,1.82140249592705,-2.49806943812998,-2.80484057361555,-0.575062759076594,2.31984444902273,-1.25955670475176,-1.88241302769323,-0.225647975394282,0.286171293222158,1.67435600249064,2.80521898072803,4.82191068757171,-30.328170056304
"plausible_anchor",14100,1.78934424690255,-2.40744391462448,-2.89811976755964,-0.552802830759875,2.24597018698205,-1.61546485931202,-1.83015067348872,0.0421989425299378,0.12487436359895,1.71901649015993,2.9413709718776,4.54894117484695,-29.2286465625736
"plausible_anchor",14120,1.96422095294693,-2.47698902666075,-2.76860653626655,-0.626733368819006,2.24914488122231,-1.26668507353183,-1.77137590788851,0.0135927043846699,0.317531789321886,1.48001719467011,2.83441293929422,4.73970081206363,-30.2164406063343
"plausible_anchor",14140,1.82256923594159,-2.5614283871007,-2.75104733630069,-0.609196696148532,2.19687911589394,-1.57528138725144,-1.73890501107297,-0.00257324100899611,0.296286188288006,1.84420030239992,2.74153535827622,4.25412656876057,-32.3276186105762
"plausible_anchor",14160,1.96137794540214,-2.6120043011753,-2.78829169994865,-0.609066234699308,2.28298239902486,-1.95401643265217,-1.84998381600016,0.0671165104000031,-0.0163989884743539,1.6428078959048,2.65042529549359,4.94444832134126,-34.0549742494981
"plausible_anchor",14180,1.86704441624487,-2.47262442387658,-2.92809384194826,-0.55406283572477,2.44201865971846,-2.4066234866245,-1.86836185312992,0.105148594829323,0.0630560619424572,1.54849248249358,2.77205622312042,4.79177305737414,-35.2587446117723
"plausible_anchor",14200,2.07954244660496,-2.41745149788499,-2.89135557639723,-0.549348214784453,2.32207783494349,-2.82967810888755,-1.92480314285388,-0.07455710800291,0.280448821872801,1.75547135536601,2.949382612428,4.71792296768795,-35.5825034796728
"plausible_anchor",14220,1.85995886465795,-2.46141906920035,-2.83484446932467,-0.572858015507536,2.25268516313402,-2.12535921706307,-1.94979056553609,-0.103211670716671,0.0903310783493226,1.71201253071224,2.80590567742119,4.78307532195276,-30.3334806911257
"plausible_anchor",14240,1.90990443915825,-2.55124991066128,-2.76224565944871,-0.564366881465819,2.25366387445301,-0.582189392506518,-1.65868107505583,-0.145293912930469,0.477784698694155,1.61747933377855,2.84771936952281,4.70520276038862,-32.4114338374405
"plausible_anchor",14260,1.96663489293188,-2.44914969058011,-2.87983479410389,-0.539790883599607,2.29121307245527,-0.58940893305399,-1.75359986160986,-0.12559088116536,0.252397432092187,1.43875172111495,3.00394024932364,4.73136471456697,-30.7062213848561
"plausible_anchor",14280,1.67956297289143,-2.43526253407839,-2.83858785898243,-0.567804887217256,2.26220676603305,-1.02525978777121,-1.64062897191407,-0.0669963762385862,0.15702455615725,1.59735846489171,3.14306302814128,4.42283346560257,-31.5640560149861
"plausible_anchor",14300,1.52147929666995,-2.42158725300367,-2.89657295022097,-0.547846325383384,2.11791465924435,-0.166575136226109,-1.71201631550825,-0.0187892327641929,-0.100670228443275,1.8304851299973,2.67784983150574,4.64665935328007,-33.6245629570789
"plausible_anchor",14320,1.76517535869044,-2.48006591779052,-2.94276957620247,-0.505976434027274,2.19341632466604,-1.18131532903918,-1.67099196613571,0.0573023816701804,-0.0741368776109341,1.84285549742863,2.64955350897095,4.6615612043055,-32.1258980803343
"plausible_anchor",14340,1.99473581737155,-2.47743998137549,-2.90979907638106,-0.503919056139374,2.05553874031716,-0.910053878146863,-1.80561949032686,-0.0474824127559774,0.14106940627321,1.70691120192296,2.76463323491384,4.20857876216744,-32.6759736042456
"plausible_anchor",14360,2.00279739719558,-2.50019329255241,-2.76988757058264,-0.589560523872699,2.19843673681731,-1.39722796019874,-1.69743408753915,-0.258952016965353,0.16477836699174,1.66656228001435,2.88225780842777,4.60394873971981,-31.024588598223
"plausible_anchor",14380,1.73514164084626,-2.42753248734806,-2.84065794039452,-0.669659148650761,2.33638414333639,-0.389156921309907,-1.7343677761303,-0.0707904598119213,0.0248951086944428,1.45106287419788,3.13799201487595,4.81281267540585,-34.6770752562123
"plausible_anchor",14400,1.7364271808072,-2.45788638592887,-2.92276120787307,-0.580153012299994,2.33562023375044,-0.856889672979755,-1.95079647318596,-0.0434583021261149,-0.199465551512934,1.68736190441579,2.98532137466093,4.7884968888837,-33.6395509466235
"plausible_anchor",14420,1.79243275627576,-2.43556622415702,-2.87872036674928,-0.599101096988574,2.32382552960645,-1.19887229533571,-1.84600128473527,-0.0974277371939467,-0.189875928507476,1.79943203597434,3.02859765075103,4.93199402928285,-32.4755274169504
"plausible_anchor",14440,1.78688065544552,-2.41339821298997,-2.85606114155535,-0.636505518269323,2.35302916145741,-1.25057067727782,-1.87235769609167,0.0370189289840932,0.0315041112649674,1.63657930980538,3.09317120046339,4.76245076079636,-30.8074934535576
"plausible_anchor",14460,1.75159559470066,-2.38557544844579,-2.8794456661858,-0.491037490953741,2.15991677125584,-1.13198483146238,-1.75337181566695,-0.13387444018478,0.307411492219998,1.53389350270982,2.95136093462385,4.53674914635858,-31.4038140008901
"plausible_anchor",14480,1.64572176078762,-2.42337775106296,-2.86275814632415,-0.556784135952979,2.30815772743783,-1.54340477535246,-1.74148857757501,0.022696956764769,0.184576622111625,1.5228587443002,2.7913847494283,4.74577767980843,-30.3317638019254
"plausible_anchor",14500,1.51084735668676,-2.40410509872558,-2.83892639904028,-0.610111828115626,2.22919267044981,-1.22645928886595,-1.64579608837383,0.0386807584487281,0.150503600780463,1.83636507905022,2.83227594079953,4.66267561566926,-31.9237400429448
"plausible_anchor",14520,1.62007701336695,-2.44665934309895,-2.81470403183247,-0.599344185927613,2.2540484574692,-1.20742977770526,-1.79000471839085,-0.127223240583851,0.132617833031978,1.63266264246411,2.81014257679279,4.87503158615104,-29.0303061679645
"plausible_anchor",14540,1.80655947620663,-2.52828619496772,-2.85499624631535,-0.524313619073447,2.02970712150603,-2.18933686557642,-1.73629453388843,-0.0818200367835307,0.0940171989307872,1.80543247275535,2.59744403411595,4.24925582872258,-34.5607473281432
"plausible_anchor",14560,1.90327971958675,-2.41155038327812,-3.0609548697634,-0.475477063301824,2.26649642113447,-1.54543270564011,-1.70260228493017,-0.0216724399094493,-0.189937166407919,1.62249526901449,2.92347169400403,4.39698185632949,-34.2792248713183
"plausible_anchor",14580,2.092808453419,-2.48147557745259,-2.87948696007451,-0.638795844267071,2.25596046546183,-1.74820274018906,-1.64001272213301,0.0923652157817461,0.146402683546195,1.50127237333162,2.83509223997411,4.69080867041649,-35.0559370486945
"plausible_anchor",14600,1.9546261100044,-2.49322503059769,-2.83798320702702,-0.591864057209693,2.11935336869969,-0.205847429618923,-1.75379104355247,0.0437072682332084,0.285728917948011,1.58764781657302,2.78259490498872,4.45907395027895,-34.1416901634347
"plausible_anchor",14620,1.76839335251199,-2.43426184131177,-2.79678943480732,-0.657528721064118,2.31959931943245,-0.791318973651762,-1.6761724745448,0.0610612813459135,0.288402775835521,1.47635274688722,2.7544219076305,4.75750031853535,-32.2546681910875
"plausible_anchor",14640,1.9976207554774,-2.50474806128944,-2.80156829643093,-0.662729202013372,2.30877316858553,-0.932278531848643,-1.73604743616302,0.0913096293298624,0.19646628018835,1.42187920261735,3.00726530334953,4.40021951778431,-31.5142270767755
"plausible_anchor",14660,1.75241257281647,-2.48686366069217,-2.75801232157412,-0.654640906036966,2.27033630157874,-1.36506422158653,-1.8281273152928,-0.0903252534041871,0.261115385047833,1.46955831626833,3.01749984504502,4.64569314348642,-29.2167240447547
"plausible_anchor",14680,1.57407236125075,-2.45929608161733,-2.77512446759782,-0.615890191214792,2.17369189029012,-1.47262494627543,-1.74802993580565,-0.0661330509735658,0.259527925416012,1.45269528917567,2.97621906643763,4.84574416036503,-31.3695444115323
"plausible_anchor",14700,2.04564014933411,-2.53489588463787,-2.78579128598693,-0.600937636549193,2.22081844792445,-1.39719573895637,-1.83014485411082,0.0560715746543148,-0.117072089789253,1.68443154661457,3.00501301530706,4.73560578696208,-32.0183808127704
"plausible_anchor",14720,1.83370516344441,-2.40444185611301,-2.87872416060237,-0.616062090246957,2.20590941809241,-1.51354813514418,-1.85222961683571,-0.0555344932221808,0.0488152566320076,1.70524033620695,2.9310552593115,4.64004600883749,-30.5053896071417
"plausible_anchor",14740,2.00319493625192,-2.51042503653536,-2.80343814560291,-0.53355848671418,2.17107097073865,-2.78287715451995,-1.84675330689583,-0.234297741349722,0.257904007368139,1.7281751752164,3.00194198988344,4.81423477946221,-36.1244979232424
"plausible_anchor",14760,1.90687607507926,-2.49141578146875,-2.87139491723918,-0.557134331017983,2.25749648252898,-2.14876260928145,-1.98272242629243,-0.064281737554602,0.0450867239765241,1.71375506882095,3.02889321308941,4.94583400291525,-34.7881110697441
"plausible_anchor",14780,2.03251342205442,-2.35697309066622,-2.94805415691384,-0.539421342970614,2.09072607404769,-1.7669878036182,-1.77112493878096,-0.110983348178532,0.253845146212812,1.92665607690402,2.56140603189005,4.87484023413463,-34.3528589376298
"plausible_anchor",14800,2.13216566001342,-2.30359705483445,-2.9821103060543,-0.553684759131323,2.11222850418656,-1.83322014675195,-1.6887621772809,0.0251214245056204,0.0949588632125359,1.83417866593163,2.7889928508287,4.69951239406009,-36.5857959382196
"plausible_anchor",14820,2.23336613668744,-2.37593811552528,-2.96537106288403,-0.535396500694808,2.10792624720522,-1.25220884623683,-1.84931452332185,-0.011861632913179,0.0560382485164553,1.9695148679466,2.43416968264687,4.61768912756128,-34.7101443412165
"plausible_anchor",14840,1.93063337000704,-2.45935667784354,-2.80640742791959,-0.5763061382591,2.15333946334068,-0.823890250147059,-1.83717790132623,-0.189865357560416,-0.00169676583315009,1.88820875226653,2.78107851423186,4.6035825189275,-31.7808374321993
"plausible_anchor",14860,2.01174950335527,-2.43934065747149,-2.81798814580541,-0.618041210190142,2.2364139371863,-0.985274362804358,-1.84721871793849,-0.158361106111581,0.165158470269712,1.8102198186357,2.85723435682733,4.72511208996967,-30.3219949967281
"plausible_anchor",14880,2.01141853484966,-2.45392682563861,-2.80272932783457,-0.620385758451293,2.28409762456791,-0.968665435345011,-1.94299864492584,-0.100787867919394,0.351127503925463,1.56083537490491,2.92172974774106,4.62325576336778,-29.891571272104
"plausible_anchor",14900,1.90817459386899,-2.45089451191763,-2.9512186787911,-0.511927977352841,2.32752194780439,-1.134285163247,-1.71486333037293,-0.0658026526745543,-0.037765743017033,1.63367115450062,3.03538756799169,4.80217457014986,-31.268008341628
"plausible_anchor",14920,1.98073440092671,-2.41129757667522,-2.97512554319734,-0.589500380720808,2.24763535607478,-0.98412614626663,-1.83174660579661,0.107890234399441,-0.0850936474229173,1.57894012660818,2.97659696580327,4.31411685528823,-32.7045966562615
"plausible_anchor",14940,2.05247007377549,-2.4901594170894,-2.90228425877129,-0.575905560526188,2.32118331658306,-0.799787490517208,-1.63042685235572,-0.118387066400727,0.0303349376201023,1.60267853307517,2.9826686142887,4.57215250268401,-34.2573398867672
"plausible_anchor",14960,2.04097459378073,-2.49343974092462,-2.90507702827549,-0.477897885653035,2.23451517231162,-0.887667920011555,-1.66924481179553,-0.110103890678162,0.443815694096025,1.48067768715052,3.01332098874496,4.15075657867571,-35.6230087341878
"plausible_anchor",14980,2.16420041120676,-2.46798322138815,-2.95276082929109,-0.49878174229455,2.15847313963536,-1.87357402728365,-1.72529115723852,-0.000427396239266728,-0.106256803071799,1.47412749598505,2.99883873442503,4.09912986026221,-35.7074660580174
"plausible_anchor",15000,2.13847654586991,-2.52182149889327,-2.82330321149395,-0.594124262785584,2.13224787931622,-1.19827836809316,-1.83735098286458,0.0246770962422166,-0.173072693024761,1.70316898635046,2.9094812532637,4.5348609195699,-32.0554326822297
"plausible_anchor",15020,2.07784923695931,-2.42529371069958,-2.90176424865844,-0.582243618573072,2.38194329379467,-2.02458684235584,-1.83297038658464,-0.0427365403248039,0.0285683103739769,1.5551245233324,3.06441829483708,4.81452794133072,-31.4504520071721
"plausible_anchor",15040,1.63296729122183,-2.46633668366448,-2.8474603881089,-0.552186743789416,2.26342279223189,-1.1677182589077,-1.82981565490512,-0.158204094309321,-0.018763765140285,1.89910220830011,2.95331767660989,4.99902088036121,-33.231744100605
"plausible_anchor",15060,1.84807870965659,-2.49082455829991,-2.84302078114804,-0.568321974621676,2.30442310107482,-0.954532081867275,-1.6514764872251,-0.0472296008504263,0.0444553810958378,1.75038052251434,2.81763140965106,4.86160229780227,-29.974986208427
"plausible_anchor",15080,1.59230677125337,-2.39856942289627,-2.82647402274798,-0.63006506195312,2.18923186385969,-0.997560297485508,-1.86295847305785,-0.0638691734907811,0.0114615154973259,1.74366859960562,2.63844327366177,4.6134307803214,-30.943380093108
"plausible_anchor",15100,1.75625953895662,-2.46207961212797,-2.80375164417715,-0.584478409163678,2.09246592332759,-1.30668333749342,-1.93500002435773,-0.0330039739670313,0.000126798235454625,1.96513267224937,2.56797890773331,4.81224563431111,-31.4251039766247
"plausible_anchor",15120,2.03467247448659,-2.43422528259015,-2.85509114343941,-0.562523131550853,2.03173809990516,-2.17934718756047,-1.83056840831437,0.00207167640937337,0.226851780795657,1.8370670199275,2.5673617894898,4.76441893318417,-31.7552395152285
"plausible_anchor",15140,1.7483600120126,-2.48668531499496,-2.79355434512631,-0.601947730900703,2.11752185758914,-1.78161537970233,-1.80984464023343,-0.0542894032228229,0.213898988808296,1.72349499209633,2.48693285891254,4.5349606610928,-30.0613468536939
"plausible_anchor",15160,2.10698324823326,-2.41661918589406,-2.90040201347869,-0.532687970683052,2.14926230537869,-1.2683598539249,-1.77482129665041,-0.00777620429597963,0.487253995450356,1.60534168726571,2.64511025107788,4.73105948874969,-32.3397243961261
"plausible_anchor",15180,1.82628015548992,-2.42586078132134,-2.75814276915188,-0.624876601768748,2.18807882691256,-0.241979180774042,-1.9455336579956,-0.106012225010941,0.550266192402775,1.41411495152064,2.75112936232128,4.7388802504438,-35.1593718171156
"plausible_anchor",15200,2.29990429210397,-2.5282466080916,-2.77884108557872,-0.663308658319491,2.24378427094129,-1.5088381368852,-2.08392451500959,0.0266504374751479,0.120894710397178,1.62590780660499,2.86604538370581,4.75631103938158,-36.616279636692
"plausible_anchor",15220,2.10685934028667,-2.54310383131305,-2.81062781255654,-0.554834354688888,2.1825799638777,-0.823551424336898,-1.76744143706694,-0.051405717001269,0.0479546903950692,1.95020999260237,2.40481863464496,5.01698513625699,-32.8729261301506
"plausible_anchor",15240,2.01587059736709,-2.46831858646161,-2.9002025465882,-0.555303484390547,2.292010516399,-0.308182004832187,-1.66255665057754,-0.0640617717612401,0.188463881448128,1.68782973050078,2.43041809783544,4.70562925971565,-35.5861270417043
"plausible_anchor",15260,1.87787062246521,-2.48911248209908,-2.79445817214435,-0.630399943834672,2.21943347839113,-0.317702327006294,-1.61917865830057,0.0501541906680214,0.470292347991743,1.66513049425769,2.66240854108974,4.68625824494619,-35.6260424281909
"plausible_anchor",15280,1.94626348649455,-2.55208066690277,-2.76663408040423,-0.589960172062282,2.15960136399012,-1.39512196526966,-1.62486244883048,-0.05696051505433,0.474809351223223,1.54877085960586,2.86789881114916,4.86612193235686,-33.3935166053649
"plausible_anchor",15300,2.24615621863225,-2.49573416939172,-2.83104754034922,-0.578933488990311,2.1883837575556,-1.4971513076098,-1.76471798865264,-0.0468921681784271,0.518909890656163,1.69504378331854,2.63153028205902,4.71529895458842,-33.0297355528571
"plausible_anchor",15320,2.21550146840961,-2.48594151895734,-2.81926311155589,-0.600118066491295,2.19064716174489,-1.64935489943783,-1.87176797594915,0.0645229009998372,0.325247309286229,1.7583307964113,2.91452705065575,4.73367491087622,-33.1709621809126
"plausible_anchor",15340,2.17206942869378,-2.52091969822563,-2.71903766154727,-0.611780908222044,2.1279025797332,-1.25627377837059,-1.75175820290372,-0.0736721102995674,0.478372813821537,1.75757487692597,2.57314963969879,5.02530169293617,-34.1809931085769
"plausible_anchor",15360,2.41391533901923,-2.49850616370107,-2.8674202584038,-0.583695922180414,2.12295249630935,-0.873438660664573,-1.95987618658245,0.00939165220007945,0.0504297547820943,1.7783895219482,2.70967031967692,4.95554208279578,-36.931539806921
"plausible_anchor",15380,1.98124549275049,-2.46090172910994,-2.80248341566109,-0.609139866050808,2.14976390292541,-0.355864886189919,-1.93655751520242,-0.12122271904472,0.200478019856324,1.80521801106876,2.84320998106008,4.89124939355539,-33.5570787992038
"plausible_anchor",15400,2.03317892709646,-2.48479594711973,-2.93635710160037,-0.502716264062731,2.08026633502814,-0.884037867895676,-1.84301162318989,0.129843593305496,-0.00228290446583584,2.02013480650019,2.64238523860754,4.83064515216254,-35.0727385969979
"plausible_anchor",15420,2.00991218010046,-2.49099017727757,-2.81151273842182,-0.57714719945735,2.06179091488583,-1.1273349494687,-1.90070179403938,0.0640630464228438,0.20466755374272,2.00844903164942,2.40118161618758,5.01814931751888,-33.8744926597304
"plausible_anchor",15440,1.62126382650125,-2.45437240593058,-2.79394357780171,-0.608332523523742,2.18152331660509,-1.43376512090193,-1.82016367019712,-0.000716041600558388,0.254924754587645,1.54434282592486,2.90004261108303,4.93824503074781,-30.4164896240806
"plausible_anchor",15460,1.67768037842951,-2.42750462737895,-2.72484774775123,-0.687599659518389,2.26378441565797,-1.07498051076527,-1.86516687995781,-0.208196586373855,0.220410253239193,1.65832500325026,2.88645198114079,4.81077263412229,-32.3636364983728
"plausible_anchor",15480,1.56703582177952,-2.52378722212806,-2.73516471860668,-0.693253546345517,2.31600715289846,-1.07869526145782,-1.84112373232158,0.0383115261346042,0.223777520391833,1.59522349464682,2.5535147128661,4.72668019047814,-33.4584198828265
"plausible_anchor",15500,1.57774130342215,-2.39957427297625,-2.86854794919055,-0.541000898819834,2.19212933926509,-1.07673459599322,-1.76873205804778,-0.166556522606531,0.430960207027397,1.58585773842672,2.56314118216229,4.92644903797195,-32.2389197111987
"plausible_anchor",15520,2.05573370876662,-2.49620853573811,-2.87334280002713,-0.520019577634756,2.21831659568363,-1.76511270990884,-1.86123052189491,-0.0922245515176818,0.29696032703148,1.49969973608443,2.68778461735544,4.6456308910308,-31.3710601567063
"plausible_anchor",15540,1.74897863104042,-2.44122720005263,-2.89649855339012,-0.529248397055283,2.19794939288868,-0.698524036154524,-1.96523586793397,-0.0840400168607859,-0.00465784066403196,1.64209261581232,2.69430149541492,4.86033498129919,-32.2464798797211
"plausible_anchor",15560,1.80780047579561,-2.40261457700406,-2.89516433685138,-0.621274396026374,2.33774632441587,-1.39192800903585,-1.83919746999045,-0.0252001439218777,-0.0516251304662604,1.66492278278014,2.86510010161489,4.66975426863549,-29.5402084024674
"plausible_anchor",15580,1.98522683297488,-2.5641968933056,-2.73872127275542,-0.613332413530539,2.26495334049004,-2.08201110889092,-1.85066219114574,-0.117468876668675,0.207969189056453,1.55434707676176,3.150339328784,4.5921118867732,-32.191660773793
"plausible_anchor",15600,2.01593474595478,-2.54536828394311,-2.73426805610702,-0.604736470491352,2.15984711999079,-1.47966933109628,-1.81027042937574,-0.170160008887058,0.0573264847849602,1.73179708630159,2.83775937047445,4.48492804784005,-31.3218911538124
"plausible_anchor",15620,1.80196947630379,-2.48896475464174,-2.87659163839429,-0.454015079101163,2.02610901492802,-0.47367111581888,-1.7997207762654,-0.112075960601375,0.132637592948304,1.98373777895535,2.48498722160352,4.69518067382944,-34.7627369508959
"plausible_anchor",15640,2.26587062049272,-2.5146103972822,-2.78538015181516,-0.596219337857807,1.97080464484158,-0.869154183167608,-1.8688428985329,-0.12040189740299,0.492832041702481,1.82881551127005,2.58803594077577,4.66105689903979,-37.0781726852183
"plausible_anchor",15660,1.87935235039969,-2.46006031922936,-2.94126830337742,-0.537400596376544,2.18781205474205,-2.04502508907282,-1.84331098613683,0.0908646018887506,-0.0327701153134435,1.6628485649936,2.7467705965503,5.15799778071835,-35.369090934539
"plausible_anchor",15680,1.67900001105932,-2.39068249001928,-3.03670616786549,-0.511881934905744,2.21391282195613,-2.417541749521,-1.8969387132247,0.125085503967619,-0.375748432449664,1.81451715268956,2.61998496147682,5.08301716673114,-36.9786394662581
"plausible_anchor",15700,1.24761600103401,-2.43019010288361,-2.87742601986732,-0.593021561391772,2.2748038937552,-2.1233639325493,-1.70994140429015,0.0879373000923906,-0.0463478764260367,1.75525339340264,2.50013281222195,4.56755947324944,-36.0322851181752
"plausible_anchor",15720,1.17525482022321,-2.32413344143791,-2.90586273467623,-0.648705723960655,2.30291242053157,-1.80019301675197,-1.69220079359859,-0.101578831975298,0.0931093655220931,1.44983198928193,2.70804683248632,4.36439405596259,-39.293128147125
"plausible_anchor",15740,1.54229204987548,-2.49341345842229,-2.73528056235168,-0.717878609994912,2.4008928944464,-2.11284389127297,-1.68933576128437,-0.182862056262445,0.602787228291953,1.14058999014314,2.85213245679783,4.63569599096048,-36.8912896369685
"plausible_anchor",15760,1.64824143781098,-2.40825070101567,-2.68151205085943,-0.75636144662724,2.21928967640569,-1.84058830394501,-1.88466685960896,-0.12991843855991,0.607478830042982,1.40252366860529,2.6507362809783,4.20420477397895,-39.2744095385514
"plausible_anchor",15780,1.93841626006536,-2.44611064285407,-2.80489093473757,-0.6172462119027,2.29776376659988,-0.99489419164978,-1.83407754469528,-0.0875444251341714,0.0860270544931064,1.63064951392008,2.65118791697624,4.83313282114961,-31.1136556625489
"plausible_anchor",15800,1.83249164226427,-2.41918770457157,-2.87154567936893,-0.541160905342326,2.18007438517465,-1.27041359034466,-1.87429704533944,-0.150455564851317,0.26595378771765,1.5490126221911,2.73192500130909,4.75025307301607,-29.789536421451
"plausible_anchor",15820,1.87761237771651,-2.45387944281995,-2.82658638147544,-0.591345857311933,2.07459225529177,-1.66170161864485,-1.7440453882337,-0.194251924986821,0.119481965974993,1.84452024252805,2.59480313242322,4.3798269877456,-31.7580824474107
"plausible_anchor",15840,2.00678779777628,-2.52583620074799,-2.83525310086709,-0.53402533461593,2.01277074295076,-1.58209366417027,-1.75559298513932,-0.0666653516676615,0.205232692499936,1.74391765548149,2.56160925275562,4.31232124747823,-31.7619923971018
"plausible_anchor",15860,1.99543735895907,-2.47705996972194,-2.83940616917148,-0.532158603915037,2.12544544346086,-0.81809005751014,-1.7032700066635,-0.0976995684586478,0.115893786952023,1.73632630460495,2.93746222097816,4.14160782287202,-31.9021442825853
"plausible_anchor",15880,1.8843791038384,-2.33542905221939,-2.93111174243049,-0.587354648671146,2.26911221754346,-0.801539380766164,-1.82740416998078,-0.0462184963326027,0.355313327469898,1.70111469061192,2.94149119648368,4.53377707376789,-33.1324293914474
"plausible_anchor",15900,1.9492114379838,-2.45694632273587,-2.79440736108958,-0.652469965825865,2.28562048153589,-0.816202970385294,-1.71895435890795,-0.013406345287997,0.0913366930784418,1.95853586530103,2.67992107184655,4.91294992113748,-33.0599949827414
"plausible_anchor",15920,2.0945906608012,-2.47086475097064,-2.79049911084325,-0.699808222194604,2.30186750494363,-0.912583647544122,-1.73545162834368,0.0739450433245779,0.16356295951077,1.85177535724453,2.60241561264814,4.82714761762163,-34.3806943052313
"plausible_anchor",15940,1.96583505990849,-2.51588848455017,-2.7460312378009,-0.683928122202802,2.09656475380722,-1.54618800065457,-1.79582850788019,0.052836736779674,0.236316550866019,1.88878865970321,2.30247449859408,4.46195660420649,-34.4023460384308
"plausible_anchor",15960,1.87743060128761,-2.50208599034028,-2.80639025599657,-0.644382225066563,2.2574114602201,-0.85936014534409,-1.61605369328763,-0.0866746884675502,0.237151443629414,1.44020117680274,2.47585066777087,4.27291851538958,-38.5203055509045
"plausible_anchor",15980,1.91049968805036,-2.50164933095156,-2.87794261520103,-0.609334692221365,2.35188101584488,-0.568086014447025,-1.75902111625002,0.0813131418334612,-0.0394197536138573,1.78337989047768,2.61812675012122,4.74618365724746,-33.3414896615487
"plausible_anchor",16000,1.65829404326068,-2.34444363973624,-2.86845856682575,-0.581937905526858,2.20457509180636,-1.76655088932359,-1.67854630060501,-0.103153436906373,0.38618548201114,1.67932309620032,2.70880082316722,4.41630096057806,-31.270351284412
"plausible_anchor",16020,1.86777532754027,-2.49217488441057,-2.79214341901122,-0.585347934744824,2.32204189553303,-1.84142901950418,-1.72208633093198,-0.167568393315595,0.361562536693088,1.6712324262002,2.81783578861954,3.95582451646989,-33.5944603506181
"plausible_anchor",16040,2.17316418989257,-2.51656429777555,-2.7945531570257,-0.621160165251639,2.21077773356037,-1.78043452161823,-1.64530600231956,-0.0128058698846705,0.0113784117114247,1.74943502263649,2.77661937263361,4.57303213071222,-31.7094047622523
"plausible_anchor",16060,2.07166864715444,-2.51420281668236,-2.84797294271084,-0.571709545902287,2.37690363467536,-2.0067762628259,-1.80329762865782,-0.0889852753299549,0.0325424047583154,1.75572129153978,2.93322446096953,4.88537932156762,-31.3100983338347
"plausible_anchor",16080,1.96803969087974,-2.45663619637668,-2.91919629580469,-0.58179752694471,2.2788984164568,-1.82995542979504,-1.75757375584999,0.164241028566025,-0.0661844551147459,1.54748703907747,2.73599698242071,4.74567767226395,-31.8578527509712
"plausible_anchor",16100,2.40994125017684,-2.51248798775572,-2.9157870698818,-0.540123306707259,2.28716040224803,-0.875541295858259,-1.72182286205615,0.100082991303624,0.0701593576294224,1.65734115058361,2.90108847646624,4.440784646294,-35.9978808960819
"plausible_anchor",16120,1.93364742970857,-2.41329627691153,-2.89087540404145,-0.545073392620372,2.1330958315307,-0.384117580805557,-1.71581098435494,-0.00598909439910806,0.0822203079256154,1.5978951412309,2.91442470606417,4.892621407073,-32.8745914035503
"plausible_anchor",16140,1.64764588689338,-2.38015762547935,-2.93901551660605,-0.452993583070998,2.01703437611688,-0.660067006290741,-1.77808510058139,-0.0717842871564974,0.241083269724982,1.69164999088205,2.68421328941229,4.9689781709021,-34.4015848308692
"plausible_anchor",16160,1.7959411906983,-2.41686828202269,-2.87865787472284,-0.516773271127731,1.99335440182555,-0.566571619984714,-1.6863207844569,-0.20437666311831,0.240902969644981,1.95052590222528,2.3853410182505,4.5698461565481,-33.9809655873473
"plausible_anchor",16180,1.73693211427853,-2.39779921897231,-2.76627749068355,-0.623614456596,2.14358124914389,-0.925925152904505,-1.72652336811079,-0.18139996960241,0.352195000862529,2.0260558383079,2.58405935636681,4.85095823999761,-34.2586827229535
"plausible_anchor",16200,1.85827262397526,-2.44714350588414,-2.8266597042207,-0.639579514797505,2.23472876862133,-1.92948883020171,-1.71531578996338,0.0627488250755683,0.216996321836821,1.51229090965419,2.80885371180311,4.30493576540376,-31.1071436817229
"plausible_anchor",16220,1.41601584311136,-2.3670158391778,-2.88556561580278,-0.623405932975238,2.05347492486412,-1.55813648364189,-1.74826572646715,0.0777445970531897,-0.109598804767996,1.85039782998168,2.89082489913268,4.13908598876339,-36.2691345378236
"plausible_anchor",16240,1.71431406256243,-2.4850303005892,-2.80752545690813,-0.669833246797723,2.25663706776828,-1.77972560390458,-1.71345980526122,-0.0222639565931125,0.133872282651064,1.59365481031003,3.02452388345107,4.20018569705109,-33.8217512633286
"plausible_anchor",16260,1.84891958823057,-2.56294929371872,-2.72788872339946,-0.72045754295074,2.35707792727021,-1.04589779997995,-1.63582057123586,-0.0153807015648922,0.287121516303973,1.49947167245603,2.81406452688671,4.50136572810743,-34.3780090344823
"plausible_anchor",16280,1.74324654536434,-2.37475368518436,-3.00343774842691,-0.526745670329056,2.28803044221323,-0.604594350848059,-1.85662162582316,-0.155084888163387,-0.0958060758428679,1.7712580663408,2.59145130592357,4.67339045600699,-35.8041298986823
"plausible_anchor",16300,1.66941374768147,-2.36494986113803,-2.97876807542798,-0.538295128229675,2.32261569311988,-1.26794557719857,-1.56873851399937,-0.0717566166667793,-0.233586556200749,1.81405140006585,2.74211136502411,4.82046186219758,-35.1295008544804
"plausible_anchor",16320,1.55351950636205,-2.44271599001111,-2.91195236040043,-0.550692981839682,2.23785000801478,-1.45010176468116,-1.64746402707543,0.045219611492507,-0.0904773358294153,1.66636847162342,2.8993172354002,4.89654351236018,-31.8190463977131
"plausible_anchor",16340,1.90455622747297,-2.43365588852861,-2.96781145746633,-0.548857937632865,2.29029674852916,-1.48178753464781,-1.60146611083604,-0.0296854647349166,-0.218539194186275,1.68662376465788,2.94361828816075,4.6182305305439,-32.4829750811515
"plausible_anchor",16360,1.49223908186055,-2.45782413080232,-2.90008618140952,-0.554450402249789,2.20829124587187,-1.6593137258124,-1.68512077046166,-0.0797499419730806,-0.292557793675216,1.86204764318236,2.57961596968359,4.80108674989537,-33.7804283326285
"plausible_anchor",16380,1.54235166197012,-2.45103545303076,-2.94519921550094,-0.447865146763464,2.22133053154892,-1.82670321751037,-1.93835944065016,-0.117581159006228,-0.23892824004409,1.79374318385896,2.85706072586885,4.88279117455177,-36.952955591929
"plausible_anchor",16400,1.73018318572904,-2.40569388160459,-2.79413636304278,-0.612631689302339,2.18769790551096,-1.00251919907514,-1.88570651743453,-0.124048620395202,0.371253450339223,1.82102559849802,2.75397240092754,5.11782419463275,-32.6240707035502
"plausible_anchor",16420,1.68751573298975,-2.37537745525609,-2.84998809178044,-0.612072110772342,2.2510193653656,-1.39795504469046,-1.93380634346366,-0.066521324888824,0.284753035764367,1.79058551960546,2.8185900473698,5.10316368325026,-32.9104471904092
"plausible_anchor",16440,1.83658621232086,-2.40814369868964,-2.77230893291821,-0.649507896120784,2.20626270969194,-2.02843876330496,-1.7003349222456,-0.219084403145579,0.349712155613385,1.71810160617231,2.92390248341354,4.54163031591372,-32.1439329555739
"plausible_anchor",16460,1.93457102569538,-2.40626660835483,-2.91914955364652,-0.578330508176606,2.3244215963021,-3.04094660420294,-1.67950098013778,-0.0103748474669351,0.179651471594116,1.32366418481606,2.88626185474263,4.77509940844706,-36.9400787795324
"plausible_anchor",16480,1.79410857749485,-2.43498134752089,-2.81538051711897,-0.513569435837497,2.31045810747679,-2.0394652153472,-1.75934619669569,-0.332668735100317,0.773389799113207,1.22592701417973,2.81492545521528,4.74947583389024,-39.0026722092174
"plausible_anchor",16500,1.3019764491177,-2.36300874733251,-2.85837927143449,-0.463001915955402,2.03087409040017,-1.55531922476417,-1.64397143802278,-0.197418218266691,0.489702090157069,1.62597691711837,2.54326710811102,4.53264009441758,-38.213217692842
"plausible_anchor",16520,1.50428713904604,-2.44003562191063,-2.80684075121645,-0.59486400066223,2.30450688730229,-0.854236040299708,-1.8553385463304,-0.088370042144601,0.169422326643938,1.64772211727351,2.66155669403316,4.8042124039822,-30.9776368893276
"plausible_anchor",16540,1.34561088832385,-2.43274499035049,-2.84563712890453,-0.527599313378406,2.21372367665513,-1.57476401569362,-1.90576957872676,-0.128644061260275,0.214814755443274,1.6318591300124,2.67278998536482,4.80699227980214,-31.9294162267155
"plausible_anchor",16560,1.8179389957789,-2.46492987795724,-2.80017779955151,-0.609608402903618,2.2139345175806,-0.598543702995708,-1.84958393974725,-0.0775764072762053,0.123009987757624,1.81252744981129,2.48898735552829,5.01587923314527,-31.1014492902404
"plausible_anchor",16580,1.96281841852233,-2.46617206074878,-2.83369947171016,-0.609645158830504,2.09067176132376,-0.0601610764449503,-1.82975521156206,0.04476327006692,0.0751506223216732,1.65005818866375,2.61477633383214,4.31496044803996,-35.1429961138936
"plausible_anchor",16600,1.70921090237885,-2.5377692001247,-2.76101599243194,-0.620614462592264,2.19830895941216,-1.46299101180645,-1.8780470532587,-0.113810261967855,0.0177761305912483,1.59699462331649,2.79450099242117,3.7392238845907,-35.4405362611381
"plausible_anchor",16620,1.70921090237885,-2.5377692001247,-2.76101599243194,-0.620614462592264,2.19830895941216,-1.46299101180645,-1.8780470532587,-0.113810261967855,0.0177761305912483,1.59699462331649,2.79450099242117,3.7392238845907,-35.4405362611381
"plausible_anchor",16640,1.65357916692217,-2.5652802309333,-2.7740631303618,-0.60990567857414,2.18671761450368,-1.65160109079941,-1.72029227196711,0.117176468885515,-0.151114845642901,1.76631892743401,2.84985411027573,3.21462456124208,-39.8976100569427
"plausible_anchor",16660,1.62127409277898,-2.44282183487486,-2.78918248754646,-0.632437896726201,2.2677926026851,-1.22130559001491,-1.7366794426695,-0.0294103680920265,0.366765345746473,1.52902102427041,2.84533312247877,2.87619024452782,-39.9056708299394
"plausible_anchor",16680,1.84864065602177,-2.45406412907027,-2.83486143038599,-0.547410398239757,2.20391840703885,-0.76182721065167,-1.73995293786627,-0.103259225047002,0.41264197641668,1.56072501397602,2.92685437610824,3.21177271498715,-36.6674989467739
"plausible_anchor",16700,1.87424822549193,-2.3263401991053,-2.92907020461079,-0.531221902642081,2.09656388317091,-1.22647249607869,-1.75889972608172,-0.135281303594786,0.383243107235885,1.74614813013747,2.88109731327214,2.98581275112433,-38.7762291353295
"plausible_anchor",16720,1.91371563838263,-2.49350834100017,-2.82253527060885,-0.507316118675527,2.04236680515293,-1.20924075876208,-1.90062194848264,-0.123603305590866,0.308696975058712,1.96003141238131,2.71857098986128,3.39600344506625,-37.8334516697757
"plausible_anchor",16740,1.91997763216723,-2.45363289928612,-2.87409827844456,-0.531317099493531,2.01505022270078,-0.681558891120851,-1.96880257139461,0.0222683513089294,0.0687739037343256,1.84389367117207,2.80197973165639,3.26785418959175,-38.4965136895622
"plausible_anchor",16760,1.47331958488486,-2.39442937490413,-2.82919264450766,-0.679930009842004,2.27843404405173,-1.80121642952211,-1.72359595829265,-0.0454265587497433,-0.121571380703834,1.67124717353266,3.11838491447702,3.3109993157649,-39.383892443056
"plausible_anchor",16780,1.56958755908204,-2.41937312493453,-2.81814732354282,-0.598930836497936,2.23049295425333,-2.28506003960944,-1.95572130970097,0.0472056973662476,0.237210387004962,1.68569876090586,3.11821537399422,4.40740742508743,-34.9160796284711
"plausible_anchor",16800,2.05677583622111,-2.50773756739818,-2.84962333316639,-0.592923779568266,2.21272815441858,-2.20710306299044,-1.95597383169778,0.0445903503835002,0.42450864007418,1.53867207158075,3.09584104656874,3.62034146486388,-40.1507691985426
"plausible_anchor",16820,1.7721514583517,-2.35051842950371,-3.01360154777912,-0.527827565736242,2.18532505241525,-2.16905259543174,-1.90024176406437,0.0852614703801752,-0.157394904358295,1.73956710497127,2.98834461379921,4.19212196725898,-34.360347590727
"plausible_anchor",16840,1.89344111066214,-2.3850678792524,-2.94802707811265,-0.591356600380836,2.12567811813728,-1.88891035851146,-1.99386722072356,0.14802686294615,-0.169990818711718,1.71970902402924,2.89336069907052,4.2890946640959,-35.2639975013271
"plausible_anchor",16860,2.02748492545068,-2.51676747305731,-2.93182666363126,-0.532610925630218,2.18170000372494,-0.990923219925381,-1.86026061807091,0.0528504640765139,-0.292889821782633,1.68060536844062,2.60914950355457,4.71617075609106,-33.1888619497622
"plausible_anchor",16880,1.59325206970721,-2.37223302105169,-3.03283832254001,-0.530733946512242,2.37505385254229,-0.634874694452458,-1.88977790396666,0.0584778095014901,0.123043691229332,1.57236682463998,2.85755437367849,4.51518224709563,-37.1616505247991
"plausible_anchor",16900,1.78850652290569,-2.34630010682483,-3.07604575731426,-0.488252905212821,2.31588286930857,-1.02040404396024,-1.89647434950939,0.00243164037301659,-0.0739009668739974,1.87591407599857,2.89453641537907,4.58683435700395,-35.0124861236782
"plausible_anchor",16920,1.88194234438405,-2.36711088307089,-2.99669766455869,-0.50476513722136,2.23171550480895,-0.703221390830614,-1.79354355039076,-0.0162609638511417,0.287766862280859,1.20980371724165,2.91169510676747,4.86924601205559,-36.5113355213055
"plausible_anchor",16940,1.9754785072606,-2.49438478132041,-2.84213353366671,-0.508458026286128,2.28142209958131,-1.07029162732775,-1.73909672750411,-0.165121608330376,0.398889675160198,1.12794742429557,2.98885491020805,4.75018773425788,-33.9821566599301
"plausible_anchor",16960,2.08363008104851,-2.48575538267403,-2.85287241099582,-0.549695473290097,2.18937047758798,-1.37977344918819,-1.65406219400109,-0.0671013596156349,0.013898614561293,1.68352692003335,2.8576742329849,4.37811420649662,-30.7868687451246
"plausible_anchor",16980,1.70805747057732,-2.44276853901937,-2.78238889881742,-0.558922045482738,2.22326302155526,-1.26608720810787,-1.81211950938541,-0.176906218758035,0.372007904361677,1.81780677331822,2.83356789816819,4.90543037005916,-30.7504347297194
"plausible_anchor",17000,1.53890785781426,-2.44650072531888,-2.84712589731568,-0.577414338020904,2.1325056922288,-1.39929153156338,-1.97283901116938,0.00169358410060283,-0.040877100825768,1.6496443995383,2.7974062316505,4.66880008768745,-31.8260009626414
"plausible_anchor",17020,1.54915470790657,-2.46465899866656,-2.8134142350085,-0.557960286954219,2.11455650585336,-1.12793096536093,-1.81234324571065,0.0501249108879159,0.278762393021019,1.79452583053971,2.60798397413435,4.52019602490396,-31.1486210141212
"plausible_anchor",17040,1.42445993605925,-2.47298101092919,-2.85178938643248,-0.509218644271599,2.06079756349084,-1.03742854504214,-1.86323367057038,-0.0522356185124503,0.204742582056454,1.79273874494782,2.52932710197992,4.22668758277622,-33.8034277110834
"plausible_anchor",17060,1.99335449818778,-2.53003706758434,-2.8030252035427,-0.565527362596609,2.14754539786352,-0.477002467907128,-1.72590798799793,0.00661051172693466,-0.102584793187255,1.77811873773074,2.48151815830905,5.40831396892417,-39.1033976400525
"plausible_anchor",17080,2.1336706383807,-2.49949277098656,-2.7394072725291,-0.632757107327246,2.07651962045923,-0.309296663668952,-1.60828168939256,-0.0842587303066808,0.36077560383409,1.77483794785567,2.38469995635176,4.9067725883335,-36.1196804698312
"plausible_anchor",17100,1.89120880448871,-2.42217310768625,-2.82956708426255,-0.562964655428512,2.11025760488317,-0.74835484534621,-1.80596827492212,-0.0950568918627699,0.390582219575086,1.78159893309734,2.66432450678897,4.71911760330136,-29.9189100183053
"plausible_anchor",17120,1.78129866589268,-2.39034175515896,-2.83689393389613,-0.660426079420005,2.37425001770096,-1.21648508927885,-1.78215620074401,-0.0188321796704737,0.107184101639153,1.54645182935853,2.87334503374502,4.78786710672896,-30.4313090119265
"plausible_anchor",17140,1.61663563055404,-2.41423731549854,-2.76577391450666,-0.650237184493248,2.35519472131271,-1.47318078402662,-1.75201486417069,-0.238629121529007,0.41338678001608,1.58573211651348,2.74611317234006,4.8204670613495,-31.1129303250277
"plausible_anchor",17160,1.66935267340499,-2.37901653315339,-2.831556069073,-0.594006536300779,2.15718139629583,-0.697885635311879,-1.76627673992328,-0.125545038214919,0.404881250825199,1.68550171262032,2.59174594070916,4.72569589106135,-30.5774585845994
"plausible_anchor",17180,1.94931028258049,-2.52078996530282,-2.72862126015569,-0.615476501209261,2.23812980071562,-1.31766922289173,-1.79009394942828,-0.167000392971643,0.321316224642869,1.55782734381675,2.81844995351373,4.5579881607923,-29.9548837773312
"plausible_anchor",17200,2.16884919393708,-2.50308246286729,-2.82665778337431,-0.553423846223942,2.28690900852846,-1.02241471890431,-1.76792004022436,-0.232144732508608,0.326843957796037,1.60654566790025,3.07998938928734,4.38161613900763,-32.2391223324863
"plausible_anchor",17220,1.69259002024602,-2.45492850418381,-2.75899088090574,-0.620365035919712,2.20283514392994,-1.29039037333679,-1.99381512045732,-0.0464993916223541,0.248951320954377,1.75999305584705,2.72943342781149,4.89185791586358,-31.5582548092651
"plausible_anchor",17240,1.82029025487021,-2.4523365833734,-2.84542269032505,-0.560071122780956,2.11848112866257,-1.28666838849055,-1.89993909646121,0.0469810830463019,0.354706348676618,1.80885203013523,2.4703233967465,4.94171166700451,-31.828305050508
"plausible_anchor",17260,2.06092703670206,-2.44695855743038,-2.83159463889447,-0.61185203950395,2.11948410468488,-1.55008877535108,-1.90577985543901,0.00384852890567175,0.134011166521378,1.93577330923396,2.20344824791646,4.91548747205872,-32.9900202407478
"plausible_anchor",17280,1.80290556517839,-2.49120058728876,-2.8039736973475,-0.593795178938812,2.19729800381831,-1.89276828884511,-1.84738667754415,0.061803844931608,-0.0686445398509546,1.86922801799932,2.74306471058548,4.61151634491511,-31.33099153495
"plausible_anchor",17300,1.72940989591174,-2.43132718312244,-2.86707060394994,-0.620419740373042,2.34459159499849,-1.52991819741269,-1.85551400295004,-0.0379846572545574,-0.120807262096058,1.67712897005093,2.88085567769119,4.39651334115737,-30.9029422754685
"plausible_anchor",17320,1.92700768482516,-2.42074731429734,-2.87182250232035,-0.580977822454485,2.32274877643735,-1.63378980193872,-1.66921338660109,-0.0330921471425957,0.250735536039303,1.33114505543023,3.09180536335929,4.22419696370597,-31.7739172470961
"plausible_anchor",17340,1.99376617358085,-2.4016798408667,-2.92749927088337,-0.528272193075029,2.27064920755066,-1.3853854603451,-1.80295816270725,-0.0512195446529264,0.127804528949941,1.4674876696719,2.94793385685969,4.53172912472817,-30.1091719630493
"plausible_anchor",17360,2.05508785660431,-2.47772149132458,-2.84217002465377,-0.555661769002427,2.23458989141569,-0.610906031143227,-1.67812467337065,-0.155581408829137,0.465616311437675,1.49010332034978,2.82985921621483,4.59622647880658,-32.0332481585473
"plausible_anchor",17380,1.947782814019,-2.44711081637252,-2.84390184122504,-0.526193042272665,2.24135232905069,-1.36765808288688,-1.74146921213396,-0.229075527970349,0.512661058772278,1.35386485755272,2.89238933511869,4.78028712484907,-31.5535621717889
"plausible_anchor",17400,1.74184757426614,-2.47326788412984,-2.8014134834153,-0.551327582681297,2.09484383970064,-1.73053534016991,-1.78547045466333,-0.265818935227076,0.26492777592584,2.02865289706792,2.47091730025362,4.5845142251403,-33.2106226768343
"plausible_anchor",17420,1.78534497551279,-2.47722038995745,-2.79395336667898,-0.556623458413837,2.11176125419221,-1.55740824236253,-1.74363131612121,-0.170790239526367,0.481490596608285,1.93144716581225,2.57053293213959,4.52492216556717,-32.3688333885949
"plausible_anchor",17440,1.51979218478495,-2.41344368625899,-2.94704864237179,-0.547122257130238,2.24949652032267,-2.04544155661073,-1.87589299574539,0.100646280938904,-0.0171370354047593,1.72808075004663,3.01686272940042,4.42812068054825,-33.1162415782628
"plausible_anchor",17460,1.59960043683632,-2.36907970675517,-2.91266578042425,-0.537872128186893,2.17009984148761,-1.31859368905792,-1.8588791442606,0.00216529834398707,0.365832815113472,1.66731895379345,2.85013516867824,4.19010823620849,-31.9597837415079
"plausible_anchor",17480,1.84271985951208,-2.50208683142508,-2.88276201327245,-0.543730892503883,2.3057833462591,-1.5404773682821,-1.82511545625456,-0.0548754096336869,0.0174577832978955,1.60066791026749,2.97668949545216,4.08640517450716,-31.5152254997742
"plausible_anchor",17500,1.98065625651106,-2.49648502515318,-2.81084724839416,-0.569639351646965,2.08411319555629,-1.28135742541619,-1.74442344935419,-0.0389679230252368,0.200258250380788,1.72560511967178,2.69516297230537,4.6939742764445,-29.0555033687171
"plausible_anchor",17520,1.86085282511037,-2.47458944863994,-2.79211462868804,-0.565433269772658,2.08062883371312,-1.29327719278889,-1.68548121507279,-0.0258566246157804,0.452681802220552,1.62357431419319,2.67754908291612,4.46840859031806,-30.9400645520394
"plausible_anchor",17540,1.96586865917781,-2.53627476990712,-2.74916165762928,-0.5886035630142,2.20684993215434,-1.92401873484569,-1.7308598391098,-0.0987913639586258,0.53841065140974,1.91098363427197,2.71568147025086,4.75387318320498,-34.5295885478474
"plausible_anchor",17560,2.0901620197788,-2.48040044854335,-2.77701219600505,-0.637525529744162,2.28625631178514,-1.16156838727462,-1.93399158812697,-0.161066307686276,0.504500646684203,1.54889426850025,2.78563179495945,4.90167759816166,-31.7680799782519
"plausible_anchor",17580,2.14638381794287,-2.44453784071997,-2.80429475457634,-0.670816224839284,2.40114390625019,-0.971898841323029,-1.98381710520876,-0.0737666866665135,0.250640373661033,1.24120868601707,3.18500055906876,4.75013488793028,-35.7258531205609
"plausible_anchor",17600,2.12257320129018,-2.43327165703297,-2.8416908074166,-0.628558739919846,2.29545351642485,-1.47184734231328,-1.92090749004497,-0.015218566390296,0.344076142751729,1.19459995063311,3.21408419222727,4.44774986351319,-33.921330698867
"plausible_anchor",17620,1.98173080567683,-2.46414625297565,-2.7983428429119,-0.658943342060915,2.09893663779897,-1.37321191452373,-1.88042397250313,0.0775494735771502,0.236789521383322,1.49786423248034,2.68451129197428,4.78089638958666,-33.5277972741271
"plausible_anchor",17640,2.03359883467749,-2.4078284524669,-2.85133120927132,-0.600209712827233,2.12414231408062,-1.49492533798994,-1.99339492243044,0.0480130770926255,0.19116047737884,1.66657916658313,2.6010889196236,4.95309846756093,-33.6352223741152
"plausible_anchor",17660,1.68079117707325,-2.43371985233711,-2.81707149529609,-0.588347220744894,2.09740580193501,-2.17382129547569,-1.93815654713934,0.0260457254862996,0.1399991997124,1.71566837695829,2.89409254356876,4.2945427221826,-32.7253498591878
"plausible_anchor",17680,1.90357536401728,-2.53619809101732,-2.8294729568615,-0.613212961370923,2.28414504848835,-2.2452304064102,-1.74418931953622,0.144448591828291,-0.246417341024353,1.77349551645752,2.88573087216011,4.90463589893135,-33.5882030573226
"plausible_anchor",17700,2.07140494475443,-2.53132521593902,-2.73018102673783,-0.701447684318059,2.10924044380307,-1.77931934689607,-1.64436259149461,0.0438672099583829,0.0362075162937546,1.63805331460524,2.68338338881201,4.93530948581059,-36.7589449571541
"plausible_anchor",17720,1.96099619284455,-2.38385674460656,-2.76660154216277,-0.660881863969111,1.91138525512697,-0.736853624394896,-1.70467602461098,-0.0494308048257986,0.12970456048732,1.74260952443669,2.28019079593501,5.03633089470239,-41.9615676725728
"plausible_anchor",17740,1.81156531165308,-2.35893809073748,-2.7968197548156,-0.65175550524564,1.97663646481978,-1.06995014648366,-1.72617050376648,-0.122571193511024,0.389529525175369,1.57142624528572,2.51737320004281,4.69149459528864,-36.1435810697104
"plausible_anchor",17760,2.04849961891065,-2.31531989578209,-2.86550577568532,-0.593989777459694,2.07778224843556,-1.54789668564012,-1.84718268191555,-0.12805850445318,0.315091017344483,1.85789333660383,2.86312710583835,4.2223268247536,-36.377672618044
"plausible_anchor",17780,2.17597553764766,-2.46985514895763,-2.83843645133892,-0.606646265129216,2.07193313685625,-0.74207395383529,-1.80626849097045,-0.0631999104989973,-0.22013363816586,1.82850097931048,2.40241994843888,4.41743238167757,-37.1595404473741
"plausible_anchor",17800,2.06214524217715,-2.48904354220715,-2.93161108160248,-0.501247692287411,1.92843242197625,-1.05304232347248,-1.68077780168875,0.0167942791714144,-0.13178457536724,1.92129942629998,2.49035269947101,4.19236070667592,-34.9278581881908
"plausible_anchor",17820,2.2366428779602,-2.47341735019998,-2.81647466036717,-0.557746024539087,2.11159219847037,-1.74071638062069,-1.68847233826104,-0.0574649591478126,0.239891148311643,1.94033611432185,2.48261836927778,4.83021092836521,-33.7960758498602
"plausible_anchor",17840,1.72040054118385,-2.48706262342144,-2.88648785420271,-0.517917160617685,2.27521562684385,-1.33487397168077,-1.88282264872251,-0.0117049091083387,-0.284521906608701,1.78511535613951,2.65970081260049,4.70980730155081,-34.133759675429
"plausible_anchor",17860,1.68180804205703,-2.44630164986096,-2.9106575396516,-0.530390487527251,2.28157581624831,-1.98404281268536,-1.81348710966468,-0.0233368067769274,-0.1727633214966,1.59345577855161,2.84647448760673,4.76218245230701,-31.5437086911542
"plausible_anchor",17880,1.9969924356221,-2.38034982636682,-2.83373836914725,-0.600439964410394,2.28685285440952,-1.52857903718896,-1.88639372038767,-0.16748610900083,0.437834339632989,1.4913347815037,2.81248396515672,4.90029089255408,-31.0925544875195
"plausible_anchor",17900,1.93484762519188,-2.49434730920935,-2.78968080989765,-0.591126542344742,2.39190560833117,-0.960470852566928,-1.88300231952326,-0.222123045297396,0.378586180347584,1.483595790737,2.88189225450305,4.54222442675721,-31.8472946908914
"plausible_anchor",17920,1.77027018524302,-2.49943525714175,-2.81380738352738,-0.567160762566582,2.33205864794976,-1.44039032741851,-1.90615636591246,-0.135165656040665,0.45992616893015,1.45599354960759,2.86533309010662,4.34364657285745,-31.8097696053774
"plausible_anchor",17940,1.71941224339631,-2.50423580847635,-2.78435882977205,-0.578575294619017,2.31620691695301,-1.5685453313047,-1.87547223737903,-0.249879800629025,0.448357342778571,1.35108758215227,2.98001669627947,4.30162624500098,-32.525970844413
"plausible_anchor",17960,1.68671437115616,-2.52527840244978,-2.71754414363567,-0.654896269010671,2.14093146436329,-1.23728604726924,-1.71613265534111,-0.00380841130502668,0.168230215878456,1.70493100679209,2.57017686585874,4.57382586970111,-31.6184208568243
"plausible_anchor",17980,1.79761283402663,-2.54878973225385,-2.73935594748659,-0.67414335293545,2.29791967531562,-1.86617449605011,-1.69494156397617,0.056677367527043,-0.0142769310675618,1.70576730973754,3.10327347303907,4.66063474685782,-33.6181348480203
"plausible_anchor",18000,1.78818415135301,-2.51296938306077,-2.79010685666454,-0.634482364460439,2.30127923484241,-1.4965551059095,-1.68486786413826,-0.024963629585089,-0.00856152884705172,1.67214075318102,2.9488015981848,4.2802478181979,-30.7636206699526
"plausible_anchor",18020,1.91862402912249,-2.42879233428833,-2.88015134731247,-0.513959657003556,2.21761713056088,-1.48836256074717,-1.70882337927559,-0.00210880693458729,0.290753862218344,1.54508974904447,2.70342506729469,4.55594775895473,-31.3975805382143
"plausible_anchor",18040,1.9125692868659,-2.52704307896883,-2.90779533296247,-0.530151713448675,2.2295389175403,-2.20102552585127,-1.8326753107298,0.146584850672319,0.0514006421572849,1.42880734528164,2.88475031797475,4.31871016199443,-35.0528227205409
"plausible_anchor",18060,1.81061745403604,-2.53722435614874,-2.85724829184404,-0.536477140514473,2.3191849460732,-1.43999287949759,-1.74001958102984,-0.0249205376428225,0.358260187991816,1.5240918238299,2.73147709284329,4.48843393847035,-33.445329030188
"plausible_anchor",18080,1.57834698781287,-2.48233027652652,-2.8726903723088,-0.484773978972823,1.96645819947487,-1.93586818432791,-1.8124969620964,-0.0519385427257501,0.20114651475483,1.63542426759394,2.59968788760468,4.45848182654843,-34.9167665925156
"plausible_anchor",18100,1.72230125327597,-2.47357557966873,-2.81452662050087,-0.551264302916756,2.14942389817151,-1.42784951396927,-1.70074805048519,0.159504340427371,0.279360596588279,1.8355623727577,2.6689436150602,4.70774848927019,-34.6578816439239
"plausible_anchor",18120,1.91435997069187,-2.38630175435502,-2.90025885337909,-0.550477570230659,2.1718688578249,-0.776570317303705,-1.70082438130057,0.0778544169132833,0.0551137604965395,1.7930580388412,2.52438127540426,5.0902801322449,-34.5445288195829
"plausible_anchor",18140,1.71705084810329,-2.42654824424607,-2.93016835103964,-0.527098908045476,2.29822978741959,-1.16712472244632,-1.70087287007535,0.125268550482579,-0.0880719893362035,1.79095471106307,2.91189638757256,4.81072304123645,-32.6737039148277
"plausible_anchor",18160,1.70878330477806,-2.50594960300526,-2.8653117935322,-0.587686225925002,2.31605670735673,-0.583507688341211,-1.71889090858903,0.126319450735374,-0.0954488397098617,1.28675207663574,2.67994591299618,5.11967670057946,-39.3884479081585
"plausible_anchor",18180,1.47758794528903,-2.43076409363104,-2.91019310392319,-0.475919054887242,1.93106701493706,-1.62068863675076,-1.55155146630316,0.0682383246658716,0.304503855980076,1.77525415145473,2.01469776873674,4.72514373076543,-41.3392487981951
"plausible_anchor",18200,1.60645815412992,-2.49563239255347,-2.87319950195894,-0.533691449224577,2.17398864752922,-2.88074265780829,-1.56718258666653,0.0415672583965413,0.287824240580158,1.74733921982681,2.16571090989715,4.3513744146052,-45.7979850540933
"plausible_anchor",18220,1.5883282526239,-2.46075902098043,-2.93284318479304,-0.515514731574986,2.22026875959478,-3.17266451406921,-1.65129241856214,0.0806110427015022,-0.228733060731632,1.80095102646601,2.75056454830751,4.32712559104838,-40.021274696114
"plausible_anchor",18240,1.55526497778197,-2.4655947041797,-2.73138909485974,-0.635015546433084,2.23083788367102,-1.91981437131416,-1.5892328241007,-0.255587010157628,0.366596420677294,1.69645707297633,2.90849222882674,4.25186198808604,-34.505034966978
"plausible_anchor",18260,2.00966021007933,-2.38950498366366,-2.85292251787375,-0.613110986724916,2.26066442336588,-1.6050686526203,-1.74140397598917,-0.0835741141939378,0.421972014130529,1.75267411711202,2.76167282824386,4.76466813128792,-31.1366363260219
"plausible_anchor",18280,1.80330682028038,-2.29883339137543,-2.99250784453727,-0.518313998757655,2.15907754661129,-0.934606943485845,-1.79690696418674,-0.015714848101262,0.328539756904805,1.69560297738135,2.56851379819347,4.89794950641429,-33.5440592315204
"plausible_anchor",18300,1.95080839587398,-2.41487030033146,-2.87751295451264,-0.564041072483356,2.35888893348285,-0.65837470862162,-1.76550854836038,-0.0619287182489317,0.391138570393871,1.34152415145672,2.65110733679472,5.13800363675357,-34.8498154181241
"plausible_anchor",18320,2.16129285827988,-2.47964209757625,-2.77858000497854,-0.598535494608064,2.25563533096271,-0.474632661886589,-1.646504903722,-0.165399880017876,0.539274313343173,1.42490125075858,2.6745285062106,4.92605274082689,-35.1352329440351
"plausible_anchor",18340,1.9608258602293,-2.39636020701247,-2.77731732601923,-0.627106605518941,2.27711631856141,-0.823244810058889,-1.63019657935589,-0.123848419530453,0.699565129026289,1.46976261256708,2.92057311788807,4.98743358757704,-36.4098090608658
"plausible_anchor",18360,2.00988770285045,-2.3997247222748,-2.79863495574379,-0.689442183592552,2.35289157383775,-1.80318154252217,-1.73053581326554,-0.0275677169182704,0.656879956973631,1.23514633874032,3.12273438367809,4.73986456846649,-35.2428990605454
"plausible_anchor",18380,2.09080750453776,-2.41935596629181,-2.77482018106206,-0.656380109941256,2.28712650628852,-1.24734789436085,-1.94103681072912,-0.173441089444499,0.546778352091211,1.32685252522144,2.98151792757952,4.88714208917364,-33.5721454731593
"plausible_anchor",18400,1.71929864002749,-2.41901714827232,-2.78942854535636,-0.630850103623785,2.34264827298535,-1.52186415195264,-1.88324334204005,-0.175709376466933,0.278703841457153,1.55277200362216,2.85382383453027,4.79319227606542,-29.7680936161417
"plausible_anchor",18420,1.53270263298304,-2.41923102533833,-2.81102638385993,-0.616934914298907,2.29015438230497,-0.75253580037857,-1.90775898650532,-0.092176578701228,0.202179463945621,1.58250019752669,2.80281601688856,4.46491383143814,-31.263219789755
"plausible_anchor",18440,1.41085699829717,-2.43636230117727,-2.789335083412,-0.609917071980016,2.33647705349427,-0.713491964411735,-1.77870658401003,-0.118955618305869,0.294920979600335,1.63673646324808,2.78968504080839,4.65817900437112,-31.4939165156962
"plausible_anchor",18460,1.82753015513061,-2.44677092115495,-2.93738675094513,-0.592666226403037,2.34698578191171,-0.597688089043802,-1.80979354207126,0.0337072319643629,-0.0580394258536495,1.54625541696375,3.10826926442599,4.56963501797035,-33.4926964749929
"plausible_anchor",18480,1.85624004338912,-2.4827058143303,-2.85637657377107,-0.587543620069689,2.22266406522795,-1.21858140381564,-1.66232710550929,0.102658654433205,0.0196459480824697,1.62972797955968,2.92372856275743,4.6112679280992,-30.226099445859
"plausible_anchor",18500,1.90894634577321,-2.5174127708868,-2.8631054857483,-0.529473445910899,2.26252782327719,-1.85308626111566,-1.76356739006734,0.0521008525101492,-0.0276438199085377,1.64519633088832,3.02321637153061,4.48389505936596,-30.7706264215336
"plausible_anchor",18520,1.79310299200052,-2.47709076962801,-2.88480612244009,-0.506099568147311,2.12657174421893,-1.32025283370894,-1.79972921320266,-0.00499846277827512,0.0493096624831921,1.64563794026435,2.8171382405881,4.33136154375337,-30.1837878449077
"plausible_anchor",18540,2.01870479373934,-2.48425541483069,-2.91587833002082,-0.472544904239598,2.17911840514371,-1.36564289107499,-1.8465623998246,-0.0107086483926515,0.397500851022617,1.54635256560805,2.82497617798235,4.52638734451656,-32.7238390520264
"plausible_anchor",18560,2.18465002822903,-2.4505351441011,-2.94811689418773,-0.472909139141881,2.06654792701513,-1.38906773972927,-1.8922006915591,0.0506227009083712,0.168593946863102,1.54820575690771,2.79448571560886,4.4556983937703,-34.3759029229068
"plausible_anchor",18580,1.94129788110888,-2.4994439173126,-2.91388889349828,-0.488761799791974,2.19032602129419,-1.72936149539758,-1.81938821088611,-0.0445407480626453,0.23465743787862,1.59172409640648,2.69669335708625,4.4832329143095,-32.4048228522988
"plausible_anchor",18600,2.13272648009906,-2.53490065742587,-2.8497452848029,-0.52928342874813,2.07321838009626,-1.96451933306368,-1.84258248633721,-0.164732907475817,0.298119254368695,1.67327871821781,2.60078598698912,4.08522136974664,-35.8608794958255
"plausible_anchor",18620,1.91276276012859,-2.54494071963588,-2.83880157148143,-0.524167428042816,2.1259385110099,-2.01995910993963,-1.67082865336534,-0.139507969738956,-0.070949479815018,1.97047850333279,2.78361548351534,4.56736639388222,-34.0623478807059
"plausible_anchor",18640,1.93790041154845,-2.38284497007606,-2.92971540705757,-0.500644759398357,2.15147510608298,-1.48218248739306,-1.73017895492027,-0.0949639011666231,0.365620745924464,1.80395531177564,2.65591906369462,4.68292404465972,-31.1631222791835
"plausible_anchor",18660,2.04582152470306,-2.49592823877076,-2.8281634066631,-0.587020849350734,2.30902390419314,-1.5908453629873,-1.85896306453406,0.0438501717301312,0.246064550374931,1.6073628372995,2.88839777467877,4.42077892953799,-30.2440699442054
"plausible_anchor",18680,2.04582152470306,-2.49592823877076,-2.8281634066631,-0.587020849350734,2.30902390419314,-1.5908453629873,-1.85896306453406,0.0438501717301312,0.246064550374931,1.6073628372995,2.88839777467877,4.42077892953799,-30.2440699442054
"plausible_anchor",18700,2.04582152470306,-2.49592823877076,-2.8281634066631,-0.587020849350734,2.30902390419314,-1.5908453629873,-1.85896306453406,0.0438501717301312,0.246064550374931,1.6073628372995,2.88839777467877,4.42077892953799,-30.2440699442054
"plausible_anchor",18720,1.57285114083411,-2.40851304339701,-2.87146001767212,-0.533230187288236,2.17301308428525,-0.879913728004638,-1.74997371839471,-0.239550111767443,0.164409225368877,1.79255555230932,2.51968610278178,4.61294613222424,-32.4480867868387
"plausible_anchor",18740,1.7267511845191,-2.42531239933953,-2.96008399599917,-0.502358851276708,2.26249079249579,-0.956780567052918,-1.80349385239391,0.0265601392823895,0.118924149402048,1.56327755809381,2.79415088539151,4.73325257715537,-30.8560349767591
"plausible_anchor",18760,1.89981453281305,-2.41620570397295,-2.93068108623196,-0.540636575272118,2.28595495215576,-0.764937307722516,-1.84251824082656,-0.0833971923972942,0.12485217450882,1.6695494858524,2.78354571162445,4.4500789673386,-30.6927670078435
"plausible_anchor",18780,1.81005281084164,-2.42286628406457,-2.9293592931806,-0.444981867739988,2.14302610455957,-1.68251027741212,-1.64989636712023,-0.0954478965335276,0.12517049084179,1.76212684492236,2.66652701416442,4.68515453527235,-32.9605351399399
"plausible_anchor",18800,1.59079830557079,-2.36722722508184,-2.88756390065436,-0.56712019158471,2.04952461466841,-1.28808542280006,-1.83927038203941,-0.0337182883290863,0.0678729114878184,1.77209718629801,2.5218517559281,4.23385917501637,-32.3254410861226
"plausible_anchor",18820,1.63927794860138,-2.37123445165241,-2.85739047350024,-0.685076211674076,2.3774914909778,-1.35844844021816,-1.81017849396544,-0.0924998685507165,0.367076015883034,1.4632880464604,2.83551772587865,4.75549432790293,-34.2554123561236
"plausible_anchor",18840,1.86294259264359,-2.47108464771294,-2.76284019514801,-0.673682056738866,2.30335811800926,-1.51732029434993,-1.85016875623083,-0.0848464864606093,0.555246900603656,1.65100352733775,2.73917879342555,4.85101822878999,-32.4960629458546
"plausible_anchor",18860,1.45694538174831,-2.51268630650533,-2.65128636416674,-0.689623147571133,2.3745562499713,-1.09494207880438,-1.89289232028113,-0.11885363839165,0.501189877160704,1.69395320677352,2.75721370371981,5.15085844376458,-38.8717648680239
"plausible_anchor",18880,1.74849937800361,-2.44093045737055,-2.79480406682944,-0.557952404781937,2.17948726367727,-0.829931040649676,-1.77962893863791,-0.183205671445831,0.380216248526613,1.85676251615406,2.64376005947162,4.9051115954289,-30.7359216967258
"plausible_anchor",18900,1.57952611016909,-2.41276080091949,-2.79357345693831,-0.621398832498709,2.23691125762619,-0.716776383323854,-1.94688250162126,-0.149964232002676,0.174767905382208,1.88364517635908,2.79408891110393,4.87271648972787,-32.9267796986257
"plausible_anchor",18920,1.87997034143368,-2.49057181693922,-2.88660246734866,-0.522824777251307,2.01523472695387,-0.877848517299532,-1.70429194850137,-0.0514646705791774,-0.0220130715385813,1.97297044597352,2.46417157389437,4.75973535440376,-32.4289696264648
"plausible_anchor",18940,1.54619761813453,-2.36261281300035,-2.98813695953992,-0.487319434525383,2.2493613953154,-1.5194257596711,-1.93533155382732,0.0518094847071834,-0.0383313511323808,1.65692850192864,2.8816277195368,4.90420627625721,-33.021793325689
"plausible_anchor",18960,1.55674262061266,-2.42715657034266,-2.93461908360918,-0.459452675505509,2.2057122636112,-1.73823668878863,-1.72513684995359,-0.0166399919741113,0.00966814643743991,1.78071042802715,2.81139325346484,4.8479337881647,-32.5226192152203
"plausible_anchor",18980,1.50885078047811,-2.47632246654977,-2.86414401708926,-0.535742158195571,2.41294702254833,-1.62858092910066,-1.57304096434905,-0.101502507439896,0.166868636570225,1.48435263276386,2.90488758191644,4.97451742231817,-34.9850483463297
"plausible_anchor",19000,1.24655327803118,-2.41976262638996,-2.76916935958733,-0.604976460763094,2.21715420145824,-1.5823747960263,-1.85578001738034,-0.240347116407559,0.185778819495177,1.68434420561391,2.89411306128559,4.70839738778997,-33.2788903757074
"plausible_anchor",19020,0.821451941630444,-2.40579666349764,-2.74204711203698,-0.677745084229561,2.26610925491732,-1.95770090926177,-1.7960883814008,-0.143301467974334,0.303453798790503,1.73568317042718,2.88743619427867,4.94353025363718,-39.5492005554357
"plausible_anchor",19040,1.74511007551823,-2.4137515121899,-2.87327184285405,-0.677629963442483,2.39419597898432,-1.62917303292614,-1.92354754390379,-0.0519460459926756,-8.72908707421766e-05,1.43512604100412,3.04309580114628,4.50058354847009,-33.7309608312003
"plausible_anchor",19060,1.67140661294517,-2.37905505069504,-2.87160918312803,-0.653937885790961,2.42979352779781,-1.61425168166009,-2.0429216527374,-0.125215917117253,0.347783951872613,1.34226572189458,3.06644068821629,4.50847371644847,-36.1979921958123
"plausible_anchor",19080,1.67210725497982,-2.32671979375982,-2.98761291907041,-0.472277521260142,2.16933188354562,-2.28229051322808,-1.81716969181107,-0.124841543869286,0.475730232713843,1.59514017496566,2.85355260937832,4.24938078973596,-37.4915322216741
"plausible_anchor",19100,1.8593713586584,-2.34255180405088,-2.97261834062167,-0.48340785258655,2.14881807181756,-1.04176632066278,-1.8311943755542,-0.181952021194379,0.311912177602443,1.62017533027214,2.77632428339785,4.36089710746595,-33.4815851012541
"plausible_anchor",19120,1.82219428881794,-2.39541221192122,-2.90456200350037,-0.486287707126654,2.0318120954951,-1.37089352868757,-1.94790375468733,-0.108950385364685,0.408783388665751,1.65923358938573,2.57128874623099,3.92894093712292,-35.9848801894724
"plausible_anchor",19140,1.93722995311517,-2.40552338686164,-3.0080765647412,-0.477296639093661,2.30770265502692,-1.88679715132711,-1.78990864031586,-0.0854889662564115,0.0125535090228784,1.50232406908256,3.10524079614091,4.57731395717168,-33.3506816909068
"plausible_anchor",19160,2.08719408688366,-2.3542300803888,-3.06157068170031,-0.491708162213626,2.24638175660052,-1.18359060959437,-1.7449771953425,-0.00941745968088948,0.172169233990601,1.75961961816449,2.58364444776299,4.90775794530672,-35.772544445468
"plausible_anchor",19180,2.17377556154018,-2.36790993131902,-3.02723706764734,-0.573779846715008,2.14523064323364,-0.522642890457901,-1.93207520288087,0.13084455085348,0.00301680819354724,1.89308493805742,2.48597845282311,4.62679960327026,-38.5647412950699
"plausible_anchor",19200,1.80425588257744,-2.45877424999108,-2.9387792105857,-0.542030866081886,2.12832367501815,-1.15746116453079,-1.76098955202065,0.144139652857345,-0.0959455494611412,1.84056419847262,2.93837666967271,4.64641337201185,-33.5885263641092
"plausible_anchor",19220,1.84587743635439,-2.3332377283752,-3.00217552333865,-0.468371253882672,1.89316003457132,-1.00870032892462,-1.92552468606206,-0.105795588955783,0.088766377405252,1.90235030466183,2.60904716359509,4.52153863488495,-36.4648145569005
"plausible_anchor",19240,1.51372005303338,-2.54670678211321,-2.77598043383177,-0.533426832392957,1.83888645232328,-1.64197882286138,-1.78288616549738,-0.127399441329133,0.189326858029651,1.96946024766651,2.4354144724981,4.8598633662162,-37.8561088863098
"plausible_anchor",19260,1.78388683010448,-2.47828224406007,-2.8289294131203,-0.530321402493563,2.01241092990132,-1.21800137367066,-1.68867369255111,-0.165018734905276,0.215100879944587,2.12226599955597,2.45212716564024,4.35015025661381,-34.9422747369013
"plausible_anchor",19280,2.09503421285533,-2.47475624880365,-2.84917297558319,-0.543446129553326,2.17922688076906,-0.897661714366229,-1.65991714661155,-0.130329564537471,0.383672020062805,1.72748660785632,2.51229161239492,4.39479877202084,-32.9660975944078
"plausible_anchor",19300,2.16155610471259,-2.45524339754749,-2.80359245045816,-0.639073299874913,2.18513525707092,-1.26030776137112,-1.518912631544,-0.0315361855107861,0.403808934285755,1.63820566771773,2.54875293554654,4.48030033373885,-35.7999283870484
"plausible_anchor",19320,1.89032738209657,-2.48674111789483,-2.84659845945058,-0.5925791123546,2.23920939276783,-1.40785875060795,-1.68281780513747,0.0570284684928594,0.314129963996102,1.612117305769,2.67999534990397,4.88849576799744,-31.64343829482
"plausible_anchor",19340,1.98552639537354,-2.58142423783799,-2.85616988927422,-0.559476103501903,2.36605671250378,-1.36749581273123,-1.81039945995882,0.101753732182338,-0.0418464030661206,1.63471241613983,2.84856743985428,4.57403009723381,-32.6847241799034
"plausible_anchor",19360,1.7356469671114,-2.45303363725275,-2.90621532923855,-0.524463020239673,2.39449143237641,-0.910810851246089,-1.84147240185893,-0.0185118968630145,0.160625791145776,1.66664304108537,2.86413176228561,4.95243925564408,-31.3772612237201
"plausible_anchor",19380,1.61043862590052,-2.42735840769157,-2.81647249065629,-0.587982746877297,2.35473238297787,-0.447655108476363,-1.76796683237048,-0.0449448254383198,0.281187599448461,1.73694348284248,2.81285340819016,5.26701148151523,-34.4926303180582
"plausible_anchor",19400,1.86857464076857,-2.41302331774095,-2.82415164138058,-0.665701432671143,2.36280286036408,-0.958893482829223,-1.81373274660179,0.0152504961503957,0.213229660102416,1.72526214564535,2.73830444142159,4.79644858107289,-30.9289117769214
"plausible_anchor",19420,2.11403404745506,-2.49997121640894,-2.81737691889245,-0.575622589407109,2.30826740842213,-0.840112810868938,-1.74371692415002,-0.0686659048196343,0.155181511497016,1.63785562198427,2.86079668990716,4.74116500769602,-30.0586102937103
"plausible_anchor",19440,2.17345084241643,-2.56876104500778,-2.79582463649912,-0.578645079176621,2.22751809929871,-1.14376228284485,-1.81598523560534,-0.19422800103262,0.173543976368781,1.61645258389907,2.60953756747236,4.71818032995634,-32.5128616835574
"plausible_anchor",19460,2.19740183118107,-2.48436336888107,-2.8245248985547,-0.612346197640336,2.28834859582316,-2.1320150653117,-1.83863952347408,-0.0818714467694549,0.12018605066351,1.50418821626835,3.11417218887478,4.61420787019918,-32.2507817417752
"plausible_anchor",19480,1.86125270564527,-2.53307827385258,-2.86773698906636,-0.579637608916261,2.19431673208808,-1.44377217234022,-1.6581164905531,0.0956383314874471,-0.421604020089869,1.69888048075509,2.96931970264074,4.40660005790069,-33.422328071406
"plausible_anchor",19500,1.59065035249757,-2.50599569617902,-2.83780379246619,-0.587551531178417,2.2143635863536,-1.03601770136262,-1.80594270311001,0.0867318880647928,-0.284738392194659,1.70580266063047,2.89448209928598,4.70861776409283,-31.7357277139298
"plausible_anchor",19520,1.410412850916,-2.50740151717905,-2.89085828125891,-0.506813836988483,2.24085201541522,-1.95241458123443,-1.81835496583841,0.103793910446945,-0.219991133350606,1.69626328574689,2.82074546774277,4.59550413147795,-34.5930312514926
"plausible_anchor",19540,1.80890645820885,-2.58502432087845,-2.79765378564404,-0.576503445624213,2.35578096695484,-1.45125938044818,-1.80820801168336,0.0417237703235049,0.200450443801624,1.71012076946249,2.96640847759593,4.44053472919812,-33.0711132374538
"plausible_anchor",19560,1.93996165341446,-2.57154264041185,-2.83011831823288,-0.567358923594362,2.37374042101388,-1.67464874318686,-1.91873910829555,0.045137196276914,0.0707151484540079,1.62968199772567,2.98229521075852,4.6216170922118,-32.1272984311906
"plausible_anchor",19580,2.02929486213246,-2.36778779372496,-2.89224257068815,-0.548584699223561,2.23040650959129,-0.994971389850477,-1.9052021868829,0.0599196368174749,0.276902040696878,1.68829439476635,3.12579693905479,4.60480289735139,-36.0715507814692
"plausible_anchor",19600,1.98159638008462,-2.40483832166793,-2.86072836115783,-0.547106772544432,2.11404949211035,-1.12234732790876,-2.10072549605633,-0.0169049300764399,0.271762081605554,1.59822764406541,2.93962440099972,4.51008848610845,-35.482752871762
"plausible_anchor",19620,2.22042437950209,-2.59394295793921,-2.77680618121828,-0.584699296284567,2.33496362046866,-1.24357355677389,-1.85919199222727,-0.0708186781836957,0.0823254418133884,1.57012149810166,2.88884639535143,4.75537838370659,-31.9512673025246
"plausible_anchor",19640,2.00763873233761,-2.51366703894596,-2.76737564942372,-0.60750828419538,2.29668419945977,-1.96942266172655,-1.8386774334833,-0.120422051517549,0.172930912807222,1.63022239035856,2.91870707652345,4.95465087653859,-30.3318206114028
"plausible_anchor",19660,1.70801336162456,-2.39832156778296,-2.87802827523901,-0.508566227062372,2.1718443229521,-2.08969634387853,-1.86999445961879,-0.163901505188514,0.25440143775104,1.58659288025175,2.76518974621372,4.78760531692723,-31.2684330109596
"plausible_anchor",19680,1.49765162397001,-2.42606487110569,-2.81715062297431,-0.563846998808625,2.24818616084556,-2.20047231348116,-1.86045198762304,-0.161589746368899,0.289392020893622,1.67136096498061,2.7965484485592,4.41970199368711,-31.4203478987687
"plausible_anchor",19700,2.21303325734192,-2.45078257621857,-2.78669142208069,-0.65004561648201,2.35521955319529,-1.72192307522497,-1.82338680951964,-0.176540815451731,0.105416482870529,1.71216068864505,2.69284174553207,4.57039978876327,-35.7811961691163
"plausible_anchor",19720,1.75202683799304,-2.37952869606295,-2.80905101398397,-0.576507659826453,2.14192326056917,-1.57182515649509,-1.88629901009362,-0.222984259418231,0.190083831842907,1.87898627004115,2.7239496508193,4.25764368829932,-33.6107462018033
"plausible_anchor",19740,1.61139188219683,-2.34296766744011,-2.86480629449021,-0.577283340680347,2.274269762002,-1.88984165930611,-1.93496303542275,-0.259115588701809,0.241700777161548,1.65378229907923,2.91574122878923,4.24056348745204,-33.9403002706066
"plausible_anchor",19760,1.81454189940568,-2.45678283321004,-2.80115355388292,-0.604097666812478,2.34765008519152,-1.0460137489138,-1.88732067713199,-0.119125423215319,0.119798576747609,1.54637758438742,3.03331969924604,4.2296290756448,-32.3644178137436
"plausible_anchor",19780,1.89838077344723,-2.43844228392013,-2.83780113275211,-0.573137057761511,2.2188052356442,-0.154295089787915,-1.85454375517188,-0.0765085423449678,0.26172699676764,1.49877000076935,2.96035489202163,4.38777135332581,-32.4471586726714
"plausible_anchor",19800,2.19716773389159,-2.42456716726173,-2.94569481137494,-0.577861347286248,2.27002788614429,-1.01464185711628,-1.93317907760388,-0.0695769132185016,-0.104101919034392,1.75146662256572,2.94837521889614,3.92081905341035,-36.0435972943888
"plausible_anchor",19820,2.00042895199282,-2.39977425056645,-2.90673736126541,-0.552945458634032,2.31576583542499,-1.16225066643922,-1.81562023760492,-0.0672387224415916,0.186072533527448,1.66885575584564,3.1789812312873,3.96040574372206,-33.5874199499898
"plausible_anchor",19840,1.99157577382491,-2.38350281496775,-2.93021694814767,-0.502292446289112,2.31035238299779,-0.847219525817803,-1.77587428378637,-0.086164408576722,0.277107172984849,1.43524792037556,2.87231575315308,4.72208783227828,-32.2138034989338
"plausible_anchor",19860,1.73423732499709,-2.43528823754474,-2.85121548667233,-0.537150596182024,1.92596985068617,-2.26659463211139,-1.74671902798166,-0.0211657219353272,0.205240201430382,1.87605123568173,2.37846562280962,4.37606994228612,-33.0977993761171
"plausible_anchor",19880,1.63505365854469,-2.45065186526492,-2.81517611462166,-0.581181717987005,2.1277096278088,-1.15502468632304,-1.90476187979269,-0.0355772151239606,0.387898697855134,1.76223557136078,2.4316070236605,4.89741222815188,-31.549538190265
"plausible_anchor",19900,1.66859639214936,-2.48899452644599,-2.84122635186331,-0.551999417767442,2.14934291686493,-1.74979676328193,-1.9069940711985,0.0117074590739305,0.170258399636495,1.68699813384946,2.52166653357545,4.63911711235825,-31.0177386248315
"plausible_anchor",19920,1.69437736704913,-2.48063956332084,-2.77312200319592,-0.666665452416942,2.30484601006513,-1.61533552200882,-1.8086945587005,-0.0394523301390972,0.240471226182576,1.61150386064077,2.50684349948638,4.77798141747691,-31.3784763285863
"plausible_anchor",19940,1.75472922535856,-2.42020998292231,-2.81459774549374,-0.562506408725596,2.13040746065572,-1.08893637979442,-1.72412846999581,-0.254474064669498,0.213624135717327,1.81816442046846,2.50297145465257,3.99648041279774,-35.4272974604255
"plausible_anchor",19960,1.73175390666877,-2.48134693654234,-2.84094319203378,-0.587556672434324,2.22059937958068,-0.880278257434941,-1.73625440477533,-0.00508323416226963,-0.141930891039336,1.75127945178937,2.5803333802437,4.12601906176187,-34.7063818349985
"plausible_anchor",19980,2.28640575887135,-2.47792820612669,-2.87719048364622,-0.57059508911864,2.27685660770083,-0.831282219560035,-1.82375958555747,-0.106835308652269,0.165497909549539,1.68279495038773,2.50227966328175,4.4847841087449,-34.8036329680972
"plausible_anchor",20000,1.81089125258183,-2.40529028606267,-2.81649125872321,-0.587837744492504,2.2153540485556,-0.941186184258732,-1.82213674230648,-0.117226906884234,0.398719722774741,1.84699039560781,2.58369870568794,4.49275831487286,-31.2458876230949
"plausible_anchor",20020,1.79029829253311,-2.47653882979766,-2.78817020104618,-0.604614585826189,2.273674883164,-0.117780557107563,-1.77994393099373,-0.100561459563436,0.332822644328295,1.82658224060912,2.694502073955,4.84697792151789,-32.8053924405933
"plausible_anchor",20040,1.85000956703866,-2.46053415546057,-2.85825096646977,-0.607322070551096,2.26379452326463,-0.584147926525998,-1.74757250376485,-0.000374816077873485,0.106648154363921,1.6906056694386,2.83007594105916,4.49390491613092,-30.2756810574522
"plausible_anchor",20060,1.86172184803823,-2.46171757183036,-2.81532129415562,-0.600490068553881,2.14478449641393,-0.336081825034956,-1.69799843335042,0.0657347429276575,0.381221954258363,1.51701543136569,2.7592484800543,4.79713815971046,-33.1429426706672
"plausible_anchor",20080,2.0716888064086,-2.50472386525879,-2.87689521810226,-0.516891221559897,2.28595884798457,-1.44017971058098,-1.79326032308977,0.0330734677515388,0.361617067567532,1.49155321523012,3.06797123431659,4.69394766966705,-31.7871391344583
"plausible_anchor",20100,1.96014615713784,-2.52450762780857,-2.83134849875213,-0.559040646932373,2.16920686238619,-1.26615067654854,-1.81952546195006,-0.116420680231976,0.279853485875208,1.59887451271713,2.80858623000616,4.32186007039554,-31.0756989350301
"plausible_anchor",20120,1.85802763800812,-2.43422985726624,-2.86119934612966,-0.593139300623201,2.19271761277427,-2.1448159970562,-1.73858170578889,-0.000242711794431555,-0.0168802691191919,1.68113072941433,2.58921202811479,4.83516695087774,-31.0648349820382
"plausible_anchor",20140,1.97240491979977,-2.47676268087138,-2.76740604717254,-0.625152670662202,2.19133068178655,-2.31464992892281,-1.76763263441765,-0.147509309824795,0.133529779673677,1.80825348053474,2.45697265161857,4.64484310005528,-32.6617841678066
"plausible_anchor",20160,1.91389839006913,-2.39782645869027,-2.85332579833462,-0.585761644180729,2.34299453180268,-1.32211577564285,-1.85629996955218,-0.129258747786619,0.340813399015375,1.4865502901844,3.04124370818685,4.52729266383796,-29.6945340853069
"plausible_anchor",20180,1.77510649736155,-2.49782439288841,-2.72364430033819,-0.642341899896476,2.32887408929304,-1.04072079756205,-1.64868883226629,-0.110197729396873,0.432275235681312,1.40529147372185,3.03994888115729,4.83284363396392,-32.2310070352376
"plausible_anchor",20200,1.5141483229333,-2.47027006050415,-2.90030745495087,-0.492415789853817,2.21044917633919,-1.5794392911414,-1.74470237171005,-0.0851447709889077,-0.0580839724891494,1.80287265191352,2.53494640058633,4.70901337315979,-33.0548235592805
"plausible_anchor",20220,1.61914507149938,-2.35999883666631,-2.95040553557019,-0.534577546067741,2.20186386450949,-1.03139077937,-1.86524383204068,-0.100663531790945,-0.093256431641987,1.97299279388343,2.40126779053487,4.98183300606002,-33.7450318518542
"plausible_anchor",20240,1.63644442619613,-2.37200531426032,-2.80463778072283,-0.609972228561625,2.23941381996525,-0.489972042796998,-1.84715384668914,-0.130087473276768,0.371873455831774,1.68285724598727,2.67718826818197,5.24703991249173,-34.367459846856
"plausible_anchor",20260,1.67425348893459,-2.37594174600264,-2.88838713025665,-0.61867824594179,2.17489497344894,-1.35405811641337,-1.68953650193541,0.0120291629576802,0.0106369453602584,1.82810191118608,2.72786849229195,4.8104355905547,-31.2923726545267
"plausible_anchor",20280,1.50649896589918,-2.32628299940025,-2.90996225744974,-0.546663240027989,2.20024528936515,-2.67120300404599,-1.60257375602947,-0.0876929491020534,0.159168577273561,1.69545126758967,2.88713091978683,4.76192051257285,-35.9171577157078
"plausible_anchor",20300,1.96507457351003,-2.47755470483602,-2.83829757858348,-0.606330427709848,2.28955803720954,-1.65750073587742,-1.58655442270384,0.129049569946014,0.0360703003028117,1.75497480112618,2.92047449488825,4.95025046530141,-33.8826048587266
"plausible_anchor",20320,2.22789926808735,-2.4057372740596,-2.95211156490179,-0.591672248125108,2.22620048769251,-1.97586449925342,-1.65737073251829,0.124578061771255,0.0999920683734935,1.56704683916085,2.83045130419038,4.17412853883774,-36.168663899939
"plausible_anchor",20340,1.72085060333361,-2.50972196692507,-2.83443026953483,-0.559269751166899,2.2062433439748,-1.6916004148306,-1.79927535461784,-0.0691077979728348,0.0621766154056643,1.95102254138064,2.54522607109944,4.37411760792691,-32.1095175935603
"plausible_anchor",20360,1.52348520039628,-2.43037897460341,-2.83450771997961,-0.601878831718154,2.20996717153874,-1.6956260968467,-1.75590995558372,0.100385423007171,0.240029566892081,1.72431283183537,2.76845801940613,4.54502824613246,-31.0482376648993
"plausible_anchor",20380,1.74750780632445,-2.49448367819819,-2.80615886385517,-0.591038552542758,2.20809938417165,-1.16363698488915,-1.67368091228798,0.130450557951829,0.208992514222623,1.67953459074575,2.70025899556776,4.76166746275652,-31.5681548195275
"plausible_anchor",20400,1.92440773268934,-2.55415105210773,-2.77827461348559,-0.626520834874103,2.26199293375772,-1.28019085166036,-1.64055053654021,-0.0843288407872959,0.388953025205118,1.17346524880462,3.06555259259644,4.28207531817445,-34.1956840532106
"plausible_anchor",20420,1.75481593546957,-2.4862783496512,-2.75407007879812,-0.701190767494254,2.33636777427787,-0.660502708553012,-1.66565758779619,-0.0145261991677133,0.412258190995709,1.08975309168301,3.16560220070755,4.7631107284401,-34.6002916178032
"plausible_anchor",20440,1.4083545170377,-2.43929305101353,-2.81153993096445,-0.636673359829495,2.28765076716406,-1.82295178790997,-1.61473237323696,-0.0117642440747309,0.418514978404744,1.11418938179733,3.02424497158863,4.51192733134673,-35.2752705466089
"plausible_anchor",20460,1.64291191579221,-2.46329327277219,-2.83107227765906,-0.587533819856992,2.29719490020504,-0.606400244482755,-1.68156304806792,-0.0727623592662315,0.415936342934846,1.24438219747165,2.81877968328252,4.67137552127899,-33.1831816880163
"plausible_anchor",20480,1.61171420913045,-2.50430511164239,-2.75392615325624,-0.647238601376068,2.43748949653278,-0.736670109471764,-1.76384162285643,-0.106488888456168,0.429974021684797,1.05580322716369,3.07893772237543,4.7504945836536,-34.9248385118976
"plausible_anchor",20500,1.91393199454505,-2.51735459487831,-2.86513586845046,-0.60783240826312,2.34410360289498,-0.891582578669545,-1.87381432422281,0.110601859331061,0.200364962657919,1.21053516736169,2.90471035738902,4.46403848448841,-34.6501610424183
"plausible_anchor",20520,1.6990328267446,-2.46730607684594,-2.95773580869692,-0.532964364881764,2.30479347157771,-1.24824361300969,-1.88620295174476,0.188399404969892,0.170626044300661,1.2990856270982,2.82339089973428,4.53376481089371,-36.9201496373085
"plausible_anchor",20540,1.79651199790591,-2.38688569358683,-2.88190679847012,-0.545556311502709,2.09064766596655,-1.57596824683498,-1.82316285182574,-0.0626259794053214,0.484651216255446,1.5006271865888,2.51469969798549,4.46477225929714,-33.0025835948989
"plausible_anchor",20560,1.57932072140954,-2.39865914824461,-2.78216356940469,-0.541883681650979,1.82407634416471,-1.32326481866894,-1.84925658745417,-0.168668789418772,0.438200051358056,1.80584735169192,2.4261083835102,4.49243596145171,-34.9273909221378
"plausible_anchor",20580,1.68742241617338,-2.4271428080177,-2.76370912781732,-0.657279233917467,2.16786815944356,-1.76100859380084,-1.69682844023801,0.123368692884089,0.30765920150799,1.88080081387232,2.4403793604886,5.06748679265157,-37.0191518689365
"plausible_anchor",20600,1.91526946551781,-2.50132866732296,-2.8347294617098,-0.564676718928548,2.18282787076011,-1.09939337511211,-1.76672038426671,0.161343371153625,0.164965412372041,1.87326622316646,2.66029014698007,4.88134604324954,-32.7945000109095
"plausible_anchor",20620,1.74112299329132,-2.47162490280953,-2.91738234068509,-0.554033776674828,1.99448153380229,-1.38219313410502,-1.84285980286955,0.0735208867549239,-0.337305297395853,1.77272633070553,2.3931855670989,4.5036310926002,-34.7001673314824
"plausible_anchor",20640,1.62333372085984,-2.49774586673078,-2.91635339072293,-0.532577702348192,2.02009534142278,-1.40911641109896,-1.77468214047858,0.0606893201989938,-0.43451023869897,2.05907881713187,2.30215183144106,4.93871543443713,-35.4702912126209
"plausible_anchor",20660,1.77297893244456,-2.5274460578733,-2.89568632075405,-0.51000203022137,2.27294146220963,-1.06186791553597,-1.64783459787795,-0.0472366660683246,-0.11690387926128,1.64349724519678,3.06093266834656,4.0706104262468,-34.8280930197117
"plausible_anchor",20680,1.43198530214271,-2.40144806131655,-2.95649751815693,-0.48149213780239,2.23310558239546,-1.38556322949378,-1.70150689028148,-0.192663712785639,-0.167841090729742,1.96590244053907,2.87178628293982,4.20471391405199,-38.3722459528635
"plausible_anchor",20700,1.36567792155886,-2.36502554763823,-2.90984082051694,-0.562970499430723,2.25410813800202,-1.15649108775938,-1.7808037215854,-0.11666892539393,0.172806264987481,1.58126283814492,2.94463259453019,3.54615064152701,-35.9037504687881
"plausible_anchor",20720,1.62493936360086,-2.3453179051253,-2.90439414694298,-0.575923519759723,2.28921245340455,-1.28418885547924,-1.72916140377039,-0.125774372270544,0.295102229359946,1.36209296312185,3.14348263550863,4.06998000397758,-33.0089556214232
"plausible_anchor",20740,1.80871339453053,-2.28823356354896,-2.87805447955303,-0.620103730153075,2.25733250874277,-1.20244688897124,-1.8043045056522,-0.0637142354787598,0.668750411375774,1.4052800070083,2.87868651403263,4.69011747609003,-35.4708538482518
"plausible_anchor",20760,1.83508924012315,-2.41152843329725,-2.73097941664064,-0.726103715049301,2.17620632339806,-2.06886749595099,-1.61266495808838,-0.100584992868674,0.57342525968836,1.60028512968333,2.48620153726985,4.59836015049004,-36.9981146484157
"plausible_anchor",20780,1.67075701195699,-2.37982797364809,-2.89352073394739,-0.591641099006899,2.21742318917952,-2.31250145044724,-1.79565773082608,-0.0789632012554493,0.0574382835277795,1.72595066503518,2.37073434891584,4.60796632395317,-33.9704178564304
"plausible_anchor",20800,1.98236619562778,-2.51785887361429,-2.87905038126718,-0.529474078458922,2.05092424359553,-1.74094041424313,-1.75594595724128,0.0670223544631564,-0.133479472376072,1.96519646527897,2.15103527775945,4.88872816373455,-33.8488532648015
"plausible_anchor",20820,1.94130111190061,-2.43969829525384,-2.86769388094542,-0.621945672082657,2.32844077371247,-2.43295187752516,-1.71390876961281,0.119853823647657,0.188761488369378,1.65071040246816,2.39671559057278,4.52592755118734,-37.6829840452358
"plausible_anchor",20840,1.6517911668221,-2.4023487998152,-2.83264594075705,-0.577529285700152,2.11231636226447,-1.49845579380308,-1.72336992266706,-0.0272441797573118,0.164879918056093,1.65895944399934,2.52120214610217,4.98470369541149,-31.7987077754129
"plausible_anchor",20860,1.8259751395763,-2.42718756761343,-2.79049993412648,-0.588671347048923,2.01969224408643,-1.48752886634426,-1.8479030762056,-0.146418557904848,0.216635209774414,1.74225614113849,2.34197485169254,4.87692582741894,-32.2599108092298
"plausible_anchor",20880,1.56932358600305,-2.44107877087125,-2.79371896389363,-0.571986230137675,2.13839824023394,-2.07024821501808,-1.72835083947844,-0.0408264994987578,0.350365982194352,1.82124472110939,2.71308656461056,4.38117871746373,-31.8791176819144
"plausible_anchor",20900,1.58643793473667,-2.48640589091693,-2.81795110766601,-0.612336862431284,2.22279648106652,-1.85582098686128,-1.71273719648661,0.110091066945142,-0.0831507299467992,1.80322258059339,2.5568119301099,4.8370727095377,-32.3890133742185
"plausible_anchor",20920,1.91437954835548,-2.55233034415953,-2.74512156250347,-0.597165134862533,2.24175774344117,-1.32849932490184,-1.55973284393917,-0.172765539384407,0.0612081303618593,1.80649076348464,2.86075931450037,4.22797049180966,-34.7963888575451
"plausible_anchor",20940,1.7709506155218,-2.37469233261619,-2.93979029773423,-0.487784736508006,2.19022772059194,-1.81017643612627,-1.60686917281029,-0.0769997925519294,-0.0966368584559375,1.85102373613577,2.84647414654809,4.13875469703413,-38.0468535412686
"plausible_anchor",20960,2.02599537147239,-2.4806734560781,-2.8157336973929,-0.613092605169238,2.17243872606648,-1.62248919005714,-1.75335710878167,0.026249069793514,0.167925910619127,1.73310324076973,2.40636002625667,4.66859877922915,-30.8269221691525
"plausible_anchor",20980,1.75034559717869,-2.4730084695972,-2.78279306403937,-0.602790078344493,2.2479127620134,-1.14306113543475,-1.75323745716731,-0.0313959285461825,0.35554287542014,1.79957735033928,2.66667363587814,4.8017525458206,-29.7334129266201
"plausible_anchor",21000,1.74673045093554,-2.46138941034418,-2.92242374590167,-0.507840624633017,2.3159435113177,-1.12591452539144,-1.85379299239288,0.0077417976427122,0.16588818176041,1.79901769251629,3.05494142578362,4.88449358080142,-33.9815718541404
"plausible_anchor",21020,1.71520028718894,-2.31551667425508,-3.02139701461017,-0.544141533662703,2.03606104202481,-0.813072897308588,-1.75912844901724,0.0913464460207298,-0.144750720706691,1.76666694492045,2.50064485027974,4.73113298999861,-34.6322695393664
"plausible_anchor",21040,1.76578461435182,-2.36294853784725,-3.00181030037063,-0.557306059379315,2.15509614993815,-1.13408357502117,-1.70355054257113,0.0581895141002478,-0.393995384624144,1.75212094351503,2.67655188884683,4.90479967300353,-33.942079049646
"plausible_anchor",21060,1.98665491569408,-2.48396728996649,-2.82884713142241,-0.616503734027836,2.27026818304293,-1.28552505825729,-1.73043479755333,0.0358091629137535,0.0617081783559991,1.76082276737113,2.26832396551825,5.1347495584613,-34.3449243236269
"plausible_anchor",21080,1.97918081861018,-2.53050441929868,-2.71987413307512,-0.706489999097455,2.39254931692664,-1.28042896151857,-1.64555976193371,0.00158879406875813,0.427094553803503,1.51002412680459,2.48664105548148,4.52486014358478,-38.0318875187793
"plausible_anchor",21100,1.80748418271661,-2.4687008096807,-2.82941467824172,-0.659884094424307,2.38913714030756,-1.58677687819305,-1.7488123266455,0.21670424489592,0.110965483411139,1.52568000300535,2.86253331457287,4.6179736772725,-34.1489949584477
"plausible_anchor",21120,1.51570375253589,-2.47453879623672,-2.83924202359827,-0.5479287307247,2.09386157262043,-1.93317110948013,-1.87643356178727,-0.0541490682890866,-0.214134722016209,1.76191717196574,2.81966735375511,4.61514661476492,-33.3321983351017
"plausible_anchor",21140,1.68181609413483,-2.45171223497537,-2.88347086697357,-0.558654701920412,2.23533499860355,-1.68896273451999,-1.84418569588268,-0.0110279513408118,-0.43110443291498,1.82658404770849,2.74898275524351,4.8904718888329,-34.1981516182424
"plausible_anchor",21160,2.10056506201817,-2.44241112343036,-2.95413950807405,-0.599495351756974,2.1522747079525,-1.91244526058168,-1.82379835089319,0.214058957998388,-0.309781981500138,1.80037913040306,2.62233518416454,4.47813621384231,-34.7453101410616
"plausible_anchor",21180,1.78627156228674,-2.44632465038324,-2.93396742209595,-0.537637576692836,2.016114212812,-1.5163903698473,-1.69027622807298,0.0834901814716998,-0.247843346087523,1.74645757218119,2.5537839954196,4.7255659356472,-33.2359192312338
"plausible_anchor",21200,1.88555046321354,-2.63899728633951,-2.65831495399794,-0.703989543861605,2.35829892400419,-1.07215206145389,-1.84072675708316,-0.0345500564208207,0.177546969441417,1.62539256889096,2.66060345026701,4.9399665451215,-35.016281417962
"plausible_anchor",21220,1.61976597861531,-2.49973772959146,-2.76547761715235,-0.632892101560988,2.39697376899664,-1.48275116648057,-1.92875126356473,-0.064053149678347,0.237220693623046,1.45672457166184,2.97019534160926,4.62989433402554,-31.2517292068556
"plausible_anchor",21240,1.92082643966621,-2.48206563034315,-2.8214246611482,-0.550828304730025,2.30076197753658,-1.27863538694579,-1.75441464986345,-0.0690517460675395,0.0281715520747943,1.67588920105652,2.70012518938525,4.80198000805004,-31.8962880264327
"plausible_anchor",21260,1.99157099858801,-2.4946272951709,-2.79509541834673,-0.532971495966498,2.19675662987314,-1.07416290657131,-1.75378058917163,-0.290411681174703,0.228452050331907,1.76979058121011,2.718857953287,4.8568773530064,-31.61117286436
"plausible_anchor",21280,2.16569111140079,-2.4658106561121,-2.87740640887979,-0.542666697139075,2.24562327944116,-1.16782978098694,-1.73301551541456,-0.137378272895631,0.214541637285746,1.64939558771954,2.9207239656448,4.70219869281473,-30.0624800729787
"plausible_anchor",21300,1.75594300051898,-2.43460137032503,-2.80949020211509,-0.552444952084892,2.23264534190791,-1.18186530868008,-1.77977181204254,-0.184880932703686,0.389173431245842,1.65398418238833,2.98297393372333,4.7395749351624,-29.5590003239379
"plausible_anchor",21320,2.025768813264,-2.46371819601619,-2.85269474108857,-0.566612665283296,2.3052077569269,-0.48084256705715,-1.82593407590562,-0.03994207724928,0.155950160875073,1.61658168217339,2.94161265467091,4.9134386879849,-30.4804527964628
"plausible_anchor",21340,1.82249658642454,-2.42585062295148,-2.83809239708655,-0.629493019778132,2.30772032378139,-0.715821740068958,-1.78699580659563,0.00904841633324552,0.182394004604924,1.55715640290242,2.90639764056376,4.81753806701296,-29.3523076108795
"plausible_anchor",21360,1.60301587504823,-2.3837661566557,-2.85643112639963,-0.614822629897612,2.13365351472041,-1.20303425821985,-1.8341614143893,-0.0658575243822512,0.185989890553564,1.7041031706428,2.7018531825947,4.0644280622404,-31.9954974239046
"plausible_anchor",21380,2.0455477952772,-2.45048146737197,-2.83693986842446,-0.665776678431794,2.39381074097662,-0.93802526830074,-1.65916299637422,-0.076129243080582,0.310955894159387,1.5054362828897,2.81955674878334,4.35296158888748,-33.731013807458
"plausible_anchor",21400,1.62773990609444,-2.48355852758387,-2.82488183334607,-0.632884931401128,2.36837906077779,-1.65829794014268,-1.76688146422406,-0.0620703339165111,-0.0540267018117064,1.28425347439347,3.19149716028845,4.43160505906452,-33.7987503123681
"plausible_anchor",21420,1.48295690037958,-2.55947919212875,-2.71161174532868,-0.701233612892661,2.22003537072651,-0.414090608408957,-1.78263945655351,-0.0310026850603526,-0.0272656405530435,1.47748060945884,2.71704277122998,4.70639587334491,-37.934200200127
"plausible_anchor",21440,1.64458891410589,-2.63131422636663,-2.67858714043059,-0.723657725685846,2.32927090446748,-0.788634931668638,-1.80460554230841,0.014471158232991,0.207976167529312,1.1707698984752,2.91007629378223,4.96947803286231,-38.6753670452845
"plausible_anchor",21460,1.3255378459033,-2.4558694564617,-2.72862539408875,-0.706497530542681,2.14836371841252,-0.827708060768424,-1.99046037989957,-0.0057209433833016,0.32722936935355,1.44661952777704,2.69881721478863,4.59736022685768,-37.2146619247341
"plausible_anchor",21480,1.66419994853539,-2.35615569387129,-2.86945860921871,-0.593811577060757,1.98349616786682,-0.9727695696037,-1.89715237450279,0.0422511161543373,0.205450390803375,1.69408090301153,2.65595526636511,4.3240983438574,-34.0400046648624
"plausible_anchor",21500,1.85596353598979,-2.3959360707027,-2.92579635619171,-0.516940907790372,2.0901533421952,-1.2092180531615,-1.83621272511118,0.0759531129543876,0.254215156756968,1.62209923305501,2.74810771658502,4.44799615923458,-31.1735006311379
"plausible_anchor",21520,2.01817269202708,-2.44331556999821,-2.86517262026498,-0.537944132573624,2.28836665653526,-0.842839104502324,-1.75395144867173,-0.0785899686782647,0.253276162038874,1.72995092300098,2.869014820719,4.84785382922567,-29.925821492009
"plausible_anchor",21540,1.78612585252852,-2.4670167400129,-2.80655771624235,-0.645064409408299,2.31317695260384,-1.46092032073425,-1.87289445040348,0.16320566402304,0.320461572640424,1.76127239811387,2.8797330141287,4.8132513886001,-34.2938599848277
"plausible_anchor",21560,1.90128717041283,-2.44341969769675,-2.92066691219992,-0.526518935819228,2.25520805490678,-1.3489390043582,-1.90181380214367,0.00714706690802037,0.223518470376011,1.73631623411124,2.67483637883756,4.95941886937186,-31.2228477520524
"plausible_anchor",21580,1.71428325376464,-2.40821779613961,-2.87796888542732,-0.519612258353261,2.17930430787474,-1.58090885409846,-1.91260726264676,-0.125914908284224,0.32264772942948,1.74727503371382,2.53010703957788,4.8582830216279,-30.701123887853
"plausible_anchor",21600,1.99749061261393,-2.44925296976829,-2.84295222403403,-0.548430099848071,2.16086721507095,-2.08401593709178,-1.82056908665985,-0.153681776395113,0.220266426664888,1.72484663263166,2.58660558270578,4.37303019107128,-31.2066322082208
"plausible_anchor",21620,1.99798410940021,-2.48469016277933,-2.85434348781976,-0.44486654299962,1.86696720224607,-1.49048020536782,-1.82048393457308,-0.098446590506599,0.353680438362501,1.94393651815414,2.32269464123712,4.42782308400568,-35.6232018914044
"plausible_anchor",21640,1.5969139039245,-2.33052073342901,-2.89503410740201,-0.547143999868168,2.03241308952855,-1.73222043169669,-1.82365115915197,0.0706153252163814,0.369486300176041,1.74227968258456,2.69784484484717,4.03921796000498,-35.5626388863581
"plausible_anchor",21660,2.00487023274314,-2.45049727490934,-2.7937752536482,-0.66839190461318,2.32740173084448,-2.18368652969491,-1.80227288328674,0.0392776364655243,0.234416475884539,1.77053308411068,2.929354591621,4.26343276258767,-34.096878134499
"plausible_anchor",21680,2.18472288697686,-2.57791573053227,-2.76705680135389,-0.620779751840817,2.25236936954786,-1.22058457378277,-1.80796315932974,-0.162570871044513,-0.083052417332277,1.9267509995358,2.77146293878483,4.13291850583421,-35.7979209763923
"plausible_anchor",21700,1.81402448666643,-2.41680182904879,-2.87169440593731,-0.53222177379423,2.08913637233958,-1.2641558326627,-1.75507150345349,-0.165665628899673,0.177948263830023,1.86700076699194,2.71145720946295,4.57272506539752,-29.8714020182643
"plausible_anchor",21720,1.70302203780986,-2.40333474046059,-2.77563976670548,-0.690919999140363,2.24093140063439,-0.988937776964236,-1.75522435006684,-0.0239876579516437,0.228913243706777,1.81874182386541,2.78788080949791,4.47902802127407,-32.3284603604351
"plausible_anchor",21740,1.75503144206429,-2.47580565304874,-2.82344184443345,-0.547182032081053,2.33995721888609,-1.65576520383722,-1.86264803006007,-0.120015660459429,-0.0326515196620797,1.68560898678055,3.11504230395241,4.92527470543853,-33.0913728281449
"plausible_anchor",21760,2.31474967960424,-2.45181012373832,-2.83893476513215,-0.580597426129284,2.24079098720269,-1.63686167382519,-1.78031989396166,-0.131162703237771,0.309928336374194,1.64439319108914,2.94915460839626,4.69024702726751,-32.1144105599176
"plausible_anchor",21780,1.84789403878885,-2.40517641289982,-2.83437217492414,-0.577670025028308,2.22885509360628,-2.58161706545462,-1.74760253866816,-0.0234393448521994,0.241913333719014,1.59234705687639,2.89996770289758,4.58015925594615,-32.3974804000629
"plausible_anchor",21800,1.95640274227775,-2.46209649009216,-2.85920180496235,-0.569141511878473,2.27009314591476,-1.76385235003722,-1.82851972196713,-0.104575857853845,0.138361567446558,1.6952576068932,3.01860311945232,4.37459605711336,-29.5217185046928
"plausible_anchor",21820,1.85510768655138,-2.44594362213079,-2.8429426657288,-0.570574684621576,2.19245181164638,-0.830883555673677,-1.77795325319815,0.0386167074128424,0.210900947354885,1.65709199018349,3.00448235286807,4.69269256634863,-30.1246598282157
"plausible_anchor",21840,1.75792502558682,-2.52139731321631,-2.79973339803954,-0.590419812110883,2.27760583113044,-1.52462694987349,-1.88935838274318,-0.166348682702627,0.356941201741438,1.48915780469681,2.94989691396118,4.65690983181408,-31.5391584878055
"plausible_anchor",21860,1.62339396827584,-2.45298343265012,-2.80246272706651,-0.568463304676694,2.31575421577929,-2.07120314430126,-1.88307168950978,-0.146654110332662,0.0963113561893866,1.58935576040616,2.91990492891531,4.9640683383972,-32.4284720772972
"plausible_anchor",21880,1.73155852664514,-2.47178811532034,-2.78507834521881,-0.586672126756452,2.39957687086515,-1.34279892610493,-1.88963079585543,-0.328249795572843,0.222333404506345,1.66060642240799,2.81488401616398,4.90865384993771,-33.6925996156589
"plausible_anchor",21900,1.82924647838627,-2.54124616989539,-2.69726050199297,-0.600255484384028,2.14068725464931,-1.33851725424527,-1.80300626938799,-0.263163005109524,0.0233547572161212,1.92467515071245,2.57991767222247,5.01869441240877,-36.0639779419388
"plausible_anchor",21920,1.41144889380427,-2.44841308261933,-2.79399063388709,-0.581737790561137,2.05144310933337,-1.50750967330488,-1.89250726326446,-0.12831246174264,-0.0146744826626765,1.70078771054262,2.50100661956415,4.5549243433778,-34.7481041488639
"plausible_anchor",21940,1.77131010739566,-2.45646678260011,-2.78381946522733,-0.604547539295975,2.16086390290795,-2.02142266501465,-1.66196363648103,-0.0931485732740442,0.372247068697999,1.41697627311088,2.68690473986614,4.49479631554188,-32.3897051358748
"plausible_anchor",21960,1.97185047130641,-2.46748530493939,-2.81390550852965,-0.569385198848596,2.25203593620093,-1.19712583700876,-1.89024580169541,-0.0505970254697956,0.515016879787658,1.51682394525445,2.75370975036258,4.48748416951672,-31.0661882542734
"plausible_anchor",21980,2.02213461902069,-2.45193220987415,-2.87558358931507,-0.543746456432011,2.22936641999263,-0.823701799443122,-1.68633669641978,-0.0487243859907382,0.0673306431161613,1.75863548079873,2.81878993295504,4.3922575132103,-30.9515996752606
"plausible_anchor",22000,2.01056022796646,-2.47388998829011,-2.83432234382291,-0.617144414324221,2.11022924866204,-0.622642063641641,-1.64817116559075,-0.0485492140528921,-0.0779496251527643,1.95948458859465,2.66431276164592,4.6199559062074,-33.6480125219074
"plausible_anchor",22020,1.91363382839598,-2.45391548135794,-2.8473752999659,-0.633997939506475,2.24888539606744,-1.36034845819896,-1.66449994622089,-0.00752494424392944,-0.0188865428993612,1.76035500576787,2.74288471489948,4.74073584333546,-30.1139560761692
"plausible_anchor",22040,1.9102386086195,-2.47928546264651,-2.76301023892293,-0.633108084338478,2.1916946575457,-1.01769728375494,-1.77765190630649,0.055758291199987,0.0312996934748404,1.66367027261529,2.77735121300811,4.46326091400182,-33.2440774737002
"plausible_anchor",22060,1.75112138005239,-2.42358909582134,-2.79507976413109,-0.631218759549058,2.10003131292203,-1.65277132213226,-1.77029998140848,0.00822102605747168,0.0735686946143004,1.77664494653186,2.72744880914803,4.14257499734385,-32.302543620515
"plausible_anchor",22080,1.8185150437653,-2.40487288485598,-2.79459289745642,-0.596107212197227,2.0751015677525,-2.50041629729701,-1.84418009386263,-0.153137337960462,0.295300870611601,1.51957122623111,2.63446094588353,4.69691980777801,-34.8425512454602
"plausible_anchor",22100,1.56860331579772,-2.45561606110596,-2.79528731315494,-0.567749011581584,1.98921427098858,-1.84701482571434,-1.78267842491638,0.00317502666626979,-0.00363783566812977,1.80564820386352,2.6033206551802,4.92024317425628,-33.713177147926
"plausible_anchor",22120,2.14435289665027,-2.43382148993366,-2.88934812469036,-0.530782345962102,2.20385265749158,-1.09725480208376,-1.94997643380155,-0.0820383526148853,0.159391366330349,1.59904912352705,2.83213979068902,4.898914648025,-31.8366081146802
"plausible_anchor",22140,1.71548738700189,-2.40722893138446,-2.77387455761181,-0.625046881801958,2.30844557582943,-0.572286863291245,-1.93689030543879,-0.153000690942872,0.382236392366147,1.6290865956297,2.8422476435105,4.74729496074491,-32.3827467282501
"plausible_anchor",22160,2.05583412935623,-2.51403529817992,-2.72101878117309,-0.660959632082051,2.06688370783613,-0.661921608852221,-1.74896749095052,-0.115274735942963,0.233873225702386,1.88195153316009,2.41971928941563,4.5039299715399,-33.5156910168088
"plausible_anchor",22180,2.11252573186563,-2.45597464438827,-2.89290337207097,-0.607309865160478,2.2292527593538,-2.05859477241262,-1.72142807751193,0.0283457999841637,-0.15008690414527,1.96941163870211,2.81020819556773,4.36298408753681,-34.116341526039
"plausible_anchor",22200,1.91935784076566,-2.48285494979048,-2.8523505073883,-0.594839886363671,2.16538008451724,-1.79641475798514,-1.55030792046007,0.0702367744053698,-0.235783030225018,1.92610296260606,2.84063726330298,4.52530126470257,-34.9389007076808
"plausible_anchor",22220,1.9875691150439,-2.58608000436384,-2.74422604999492,-0.62199108939571,2.22127242424832,-2.00875633508066,-1.49954868180961,0.0141908487818422,0.00491011016121996,1.91102352261585,2.82076056527808,4.42944475336326,-37.3713895542593
"plausible_anchor",22240,1.81135652471141,-2.48305718560112,-2.86165208943257,-0.579479588176439,2.25379470642546,-1.65081008395062,-1.60464945765573,0.0456323895045776,-0.125368866276159,1.51937260111069,2.86074504966111,4.40499435142566,-32.8514458316528
"plausible_anchor",22260,1.73472339042274,-2.44169251377204,-2.89542268911446,-0.551911209973871,2.19001513066784,-1.21655177350081,-1.60382555260524,0.0390701430100254,-0.0719968784425904,1.49443021370952,2.9972136478073,4.34661665558141,-33.0207507363811
"plausible_anchor",22280,1.9675356598109,-2.51067135332798,-2.85145278650626,-0.525644742469919,2.28424625022832,-1.15328063042093,-1.7869666465772,-0.108099868994033,0.225252212229445,1.42105514834786,2.90903914096512,4.21293341794298,-31.8236446862366
"plausible_anchor",22300,1.70018056932737,-2.44559620858455,-2.83155395417241,-0.573998206930488,2.36486712588767,-1.65721765875575,-1.75249441706089,-0.237229194742225,0.286821973886896,1.53615695803196,3.14956939166523,4.16143775574757,-32.6055212175427
"plausible_anchor",22320,1.77079020384079,-2.42801280054704,-2.79525045740036,-0.568766999742617,2.31394965163495,-0.312827796634103,-1.72255246790587,-0.114616607437999,0.483104305783025,1.68651151545364,2.74488277161401,4.74431037944415,-34.7447387971736
"plausible_anchor",22340,1.76047365294234,-2.33664479630985,-2.8344701831317,-0.601083453561988,2.21011895353702,-1.25388571694873,-2.02044802980203,-0.0823743657251942,0.414520958784551,1.88423819848743,2.52089651855205,4.82381570184086,-35.4050022705474
"plausible_anchor",22360,1.67104267750094,-2.39820461658052,-2.81522232703623,-0.613861569068331,2.22850003663884,-1.40579342765799,-1.89406733888247,-0.0776922319410983,0.256380718631943,1.44818282743219,2.72423396651017,4.75835881144931,-30.8516612246617
"plausible_anchor",22380,1.85506237622201,-2.46081600639182,-2.7836530566279,-0.584128130244904,2.11606049877875,-1.88570366593611,-1.83370867987331,-0.092232630915918,0.424048495191188,1.67759271699104,2.70343552677715,4.58825628273867,-29.4812813795769
"plausible_anchor",22400,1.78482167177829,-2.46201500940367,-2.88244939278796,-0.534796801230464,2.15848015255942,-1.04254222313087,-2.00741451350591,-0.129959045948206,0.0645088995142289,1.69854150779816,2.75247063260919,4.38096792782277,-32.9423674642976
"plausible_anchor",22420,1.87781470477431,-2.41726337997372,-2.90080598071912,-0.542455275766681,2.33580381371817,-1.48081808503437,-1.99484451542963,-0.0510012809808381,0.0854899650515561,1.61700479976401,2.80979957692492,4.61245178301467,-31.8181096231683
"plausible_anchor",22440,1.73796005565912,-2.39626687218116,-2.79605022010749,-0.581832310720407,2.0471042513889,-2.31110003374393,-1.90182203649197,-0.100788173479003,0.285475300108531,1.90052031175937,2.75050689575046,4.54545114130397,-33.6783975825852
"plausible_anchor",22460,1.75610286586461,-2.46425191895372,-2.7718300987459,-0.565548887145058,2.1197014502794,-0.96013917575335,-1.74031316527784,-0.0812226562639323,0.257170535152787,1.45416534740571,2.95938863702461,4.59780064821721,-32.7404037709148
"plausible_anchor",22480,1.86516405758724,-2.45990957770742,-2.85947427241836,-0.550112872687573,2.29924935938491,-1.57872521183117,-1.84769118844565,-0.0813158955372302,0.131442023302247,1.49952695548414,3.03793546343198,4.36146264809516,-29.5889043218553
"plausible_anchor",22500,1.8313853998149,-2.35360565888195,-3.01124574270589,-0.425722828172161,2.21360080723591,-1.58599699255226,-1.77741448562236,-0.0488770363167335,0.259826319088459,1.41846713006749,2.97249178483524,4.73919482096949,-34.2010772582368
"plausible_anchor",22520,2.04060407157336,-2.50069234673642,-2.9532154789864,-0.440755571471923,2.26899817036859,-1.77310527120886,-1.79196050917852,0.0597126787177266,0.160192061736957,1.45304766864573,3.28254550980311,4.57998465086806,-37.3932387153237
"plausible_anchor",22540,2.25940163367329,-2.54469672915277,-2.86193288540376,-0.546990697908476,2.30836648890821,-1.98423159355142,-1.98333581971912,0.00332368855555056,0.126993026291949,1.70747432004154,3.04979499333671,5.08213319459167,-37.0772392704004
"plausible_anchor",22560,2.18098835627724,-2.55528996224414,-2.78413907353064,-0.626575172590837,2.33308156010317,-1.89579715749561,-1.95371266101794,-0.05751559024459,0.369796367743067,1.58398033699662,3.02757255888648,5.04450259488056,-35.6414554963497
"plausible_anchor",22580,2.11592071499564,-2.52089831453295,-2.78654408128814,-0.61218883511305,2.36385620279002,-1.70980865873093,-1.94846309116631,-0.0758872607873299,0.496347226577652,1.70144504178602,2.84690370498768,4.85966526115733,-33.7592608038613
"plausible_anchor",22600,2.10998492994456,-2.57291337578309,-2.77459817456984,-0.610446912911601,2.38880893004178,-2.0804446451558,-1.87990361157298,-0.111130225134422,0.392074273217719,1.61713864161585,2.95235300247073,4.54744883030102,-33.1372541395369
"plausible_anchor",22620,2.06445490932337,-2.49673010916722,-2.8083382327754,-0.574165409619816,2.18130027085911,-0.550306816958596,-1.81635840432624,-0.106758667517343,0.3800157499678,1.93405777924155,2.27505508804755,4.85457658618922,-33.8412079531244
"plausible_anchor",22640,1.98270864672963,-2.46579984256989,-2.75553868627771,-0.614292183030697,2.25354870127614,-1.10186087669293,-1.9044075656766,-0.0769401606564436,0.439308407002989,1.65679005193486,2.64608692490657,4.60706672653035,-32.2829981269815
"plausible_anchor",22660,2.09797740601567,-2.47636164184591,-2.814307711003,-0.588218818390955,2.27757239483993,-1.53524818311526,-1.81477080953226,-0.070201931798381,0.279748527656347,1.74088638988023,2.79978959534084,4.68538910776023,-29.0462707909432
"plausible_anchor",22680,1.89997882228028,-2.38890469876561,-2.89965189264001,-0.528316832630949,2.19678559676062,-1.5326776494758,-1.86182182987379,-0.0605678665068458,0.220425517168155,1.80663996285837,2.64500077497274,4.95270388421235,-30.0168322018118
"plausible_anchor",22700,1.88674792446786,-2.53783372160669,-2.81067345690434,-0.532885671786676,2.23786867627348,-0.756777164374167,-1.70184406758882,-0.115008973052561,0.105694524926904,1.78478753495443,2.66976560063882,4.92251800874668,-31.1947012556939
"plausible_anchor",22720,1.78538561769738,-2.53471388802976,-2.77532833054486,-0.488136581409885,2.15794218386918,-0.944684447292519,-1.90768322378608,-0.0828910925099678,0.438857066003687,1.84055566215395,2.6197119816079,4.79179560236972,-36.0484941331502
"plausible_anchor",22740,1.71832601543323,-2.54119025627866,-2.74834846126398,-0.584508533730625,2.18776956271299,-0.702831569098127,-1.69222493766021,0.00914511604308002,0.257668227789518,1.72579915383468,2.8390206514333,4.16989429488376,-33.8606993095538
"plausible_anchor",22760,1.83220077620208,-2.58149195088418,-2.65862729255347,-0.637101098182354,2.10981524623242,-1.56808353279407,-1.61394678870493,-0.0320091694330066,0.202700954490761,1.92431459980402,2.70582601723552,4.70245917724557,-36.3673271367478
"plausible_anchor",22780,1.98339008594764,-2.42520513291424,-2.85069624743311,-0.583664916504849,2.17852696642848,-1.36239037673115,-1.78484261205222,0.050978625972934,0.112621335239038,1.94927478319328,2.55677155577746,4.81751834484605,-31.5886481895383
"plausible_anchor",22800,1.66177253924172,-2.37441402534871,-2.85113238343325,-0.56523005709213,2.15959307988406,-0.83823511688203,-1.76286450678319,-0.0858588257843252,0.333082596239216,1.71405513108894,2.65674878204407,4.77971922860406,-29.7285587722362
"plausible_anchor",22820,1.84576603918956,-2.34338007639506,-2.87296197870419,-0.574487690743245,2.21299386415,-1.94928563194456,-1.69460712944541,0.00475741796361634,0.287467470259409,1.70217944847241,2.8751182764035,4.81422154041694,-32.6771807533384
"plausible_anchor",22840,1.74294329242664,-2.45520530930985,-2.90347564639803,-0.460783207182586,2.12987978167868,-2.13940929047439,-1.80041401987744,-0.0729478973958528,0.129448309664225,1.52050937818718,2.82126741373447,4.19623403925503,-34.3734107768231
"plausible_anchor",22860,1.57389948736564,-2.49711383779324,-2.91419893965178,-0.482124734432689,2.38311195318722,-0.916555410844938,-1.7861057500383,-0.0858074467843774,0.0720650180417324,1.68072947827959,2.95748170608293,4.49350081180284,-35.0465168538103
"plausible_anchor",22880,1.84222588044662,-2.56702596006801,-2.78616743667295,-0.519075634020737,2.32992366894323,-0.821002706635158,-1.91690938709138,-0.134173715589031,0.340634173855554,1.67562795037306,2.85396165528967,4.63931612749588,-33.9449620444019
"plausible_anchor",22900,1.95294182173259,-2.55084181465881,-2.7870782749444,-0.609905761643305,2.3963215133126,-0.93344197993739,-1.92716821112558,0.00955654192413155,0.154000626357805,1.67965112997273,2.95453998362617,4.49394315143234,-32.6905982467228
"plausible_anchor",22920,1.75847223599374,-2.58654606852976,-2.71332424174758,-0.630232836268543,2.31074924218472,-1.50418256420058,-1.91648982580396,-0.0297772069812504,0.240912955826497,1.61710725382595,3.11578156964696,4.01241550830865,-34.8329111826039
"plausible_anchor",22940,1.82931906777163,-2.4629211174866,-2.88810516254686,-0.558887938866331,2.15371981044139,-1.28739519262802,-1.63897490628353,0.00954313898114813,0.22268392921412,1.65070597482811,2.83088552501572,4.53718801877372,-32.428925883402
"plausible_anchor",22960,1.53880889740516,-2.38246252137115,-2.96840723521758,-0.53629728230615,2.17123731157481,-1.3830607673869,-1.74377080876269,0.124513373537505,-0.101192025040697,1.59601708054458,2.94078742283869,4.82498173510255,-32.7143893257513
"plausible_anchor",22980,1.94153868201164,-2.42995358581524,-2.97826186597202,-0.51840381176679,2.19914489339439,-2.1384895991854,-2.02330647763253,0.0644525670211966,-0.338410683969593,1.78747293159461,2.98875905787017,4.97718216737605,-37.1668862775267
"plausible_anchor",23000,1.65028107682852,-2.49534850856509,-2.91033685027593,-0.519239549858499,2.05298152618611,-1.21863269033824,-1.89308880146931,0.162495101832106,-0.220786421612455,1.73321273421018,3.03379705859224,4.46890202450451,-36.5782514228195
"plausible_anchor",23020,1.71529143896138,-2.54401568363299,-2.75572036641902,-0.660552465040934,2.28550220867342,-1.5762093779152,-1.79691082959075,-0.0157362889689822,0.243456907546211,1.39328376145067,2.95406886824943,4.4466406815091,-31.001045202993
"plausible_anchor",23040,1.43568720259073,-2.43789669981545,-2.80020524936873,-0.667782919057642,2.28999832455105,-1.53788950525767,-1.79311482398472,0.0336328614124989,0.211501425794992,1.26494598896177,2.99464418282598,4.71135306275602,-32.3490295459033
"plausible_anchor",23060,1.26912158392172,-2.36417481297423,-2.80558374838013,-0.673923169625954,2.32550027034618,-1.6656668128523,-1.96777639062034,-0.0445398550594972,0.189306377575974,1.44219486696239,2.95630410428086,4.60520715150943,-34.7476698605885
"plausible_anchor",23080,1.73692026776917,-2.40511286325018,-2.92940353062943,-0.585614400684659,2.36416118050962,-1.69390020432859,-1.74069763555872,-0.0343732749688469,-0.21364796465366,1.5690814396048,3.14395156822238,4.5329889776886,-32.2905388801522
"plausible_anchor",23100,1.87477916412349,-2.49075965365576,-2.82352253793444,-0.633222913556721,2.23655287269436,-0.918186743167657,-1.85254467563572,-0.0387970909332295,-0.0323409334290374,1.53159146282444,3.18629813273744,4.58904237461721,-33.5687068360452
"plausible_anchor",23120,2.05787685051424,-2.53765845318936,-2.76001263355297,-0.604730227870634,2.005427584947,-0.697241537764532,-1.93192308266221,0.0180028171709578,0.183422420908876,1.7929056284422,2.73442539449568,4.413535183613,-33.8353004298131
"plausible_anchor",23140,1.46603179087979,-2.42073003921652,-2.85730864254987,-0.572992290332029,2.20073823910026,-1.31511472749301,-1.66927686184329,-0.11087179591897,0.0589570295209385,2.06304233249778,2.30275278624027,4.63271808694719,-35.0978595636782
"plausible_anchor",23160,1.47904650143899,-2.51634292377683,-2.81885921349823,-0.567200158170811,2.17137281617077,-1.32467740236881,-1.90297316248238,0.0461262668393555,0.0628502625756664,1.7437609894006,2.47124742142666,4.99553224657591,-33.4062962331749
"plausible_anchor",23180,1.47204131913557,-2.42872529295086,-2.85902681613685,-0.512773825385069,2.23711626139538,-1.10146220694502,-1.93355892663737,-0.117775943689918,0.636332043326117,1.36239616985697,2.90644611264756,4.64007394686189,-35.1236868696257
"plausible_anchor",23200,1.36919737014026,-2.4201667736574,-2.84740492475424,-0.601678779483147,2.42867804852567,-0.70746102578551,-1.86140794031274,0.00803730319046392,0.21649702570133,1.50734382824519,3.00033034090203,4.4760173579672,-34.219950275904
"plausible_anchor",23220,1.90970660724528,-2.43216925739448,-2.8800770623954,-0.637234568595699,2.39023887431548,-1.00289882074019,-1.68772723183144,0.0577449092905456,-0.113148440311461,1.87707535882689,2.87522977705911,4.67643871037161,-33.7093325212287
"plausible_anchor",23240,1.88580034371112,-2.38325997505781,-2.96735900689039,-0.523723078898255,2.27693803340298,-1.39833522151587,-1.78137141172724,0.0674389095801775,0.13301544379232,1.75625998111183,2.52110547115932,4.35013784442624,-34.435073419379
"plausible_anchor",23260,2.00357228958876,-2.38988392769311,-2.93403060162134,-0.569245718878659,2.37430647800678,-2.2011177879497,-1.96111088218187,0.00709938629770774,0.0984316371657258,1.68064959867613,2.92438448445547,4.62836320750022,-33.0802262471769
"plausible_anchor",23280,2.08968529438242,-2.48078700550966,-2.85008716109791,-0.599559664375718,2.26020974215543,-1.93821456150021,-1.93699545151142,0.0150904893716462,-0.122264889216918,1.69974497587006,2.87944220481044,4.61380790489044,-31.6389990044941
"plausible_anchor",23300,1.93142372856349,-2.47971116434333,-2.78695089777706,-0.567585507852991,2.22654786549762,-1.17620432010573,-1.71589537862746,-0.224512404242413,0.257481490836715,1.50385126123979,2.91213825273022,4.96678947182319,-31.281623495117
"plausible_anchor",23320,1.60417906624815,-2.38997952318402,-2.8328201817862,-0.586332001600168,2.2901181326367,-1.46413282607031,-1.67734318933421,-0.288752251792833,0.273232028028534,1.72172555626396,2.70282861699062,5.19796481937225,-34.9897954353276
"plausible_anchor",23340,1.49726858427392,-2.42388874367189,-2.7497021391194,-0.678142893723404,2.35970286899956,-1.34227281267048,-1.84860586750679,-0.260993150351311,0.338803048255145,1.74821291532608,2.93807674213142,5.15508770019345,-36.5319030939437
"plausible_anchor",23360,1.58163862211374,-2.42541994337212,-2.73035733316604,-0.752229992796448,2.4442280349955,-0.995894199396006,-1.6850467101122,-0.183538405366288,0.650679184947978,1.13962784378953,3.23070883705507,4.85792237185732,-37.5434449763073
"plausible_anchor",23380,1.85731973908669,-2.65413315918527,-2.65538271573048,-0.682619541768636,2.36250312039038,-0.806708466126393,-1.66925732101772,-0.19525340278365,0.445725533297997,1.33531227019031,3.03732210678059,4.89561271160747,-36.653877714093
"plausible_anchor",23400,2.09723320055302,-2.65302584486529,-2.7505722060025,-0.682398036002542,2.43384572173379,-1.09021142578229,-1.68072077944211,-0.0595537720092582,0.088512226204373,1.19880936354999,3.03294960208517,4.67250931400971,-38.1034049845699
"plausible_anchor",23420,1.56856926087124,-2.62405873257841,-2.70660905590461,-0.661221037533539,2.30696686457749,-0.883242349848008,-1.65460633668157,-0.00227980677223946,0.436024066046606,1.04687535998676,2.92076342415071,4.93750905501752,-39.6828699117944
"plausible_anchor",23440,1.74339337227406,-2.56829643726271,-2.714391063226,-0.709053185062779,2.30277792511127,-1.59904649718711,-1.74508215604521,-0.079689034127007,0.381944472438633,1.08487481028973,2.78875470316059,4.44864146028942,-36.5793143662504
"plausible_anchor",23460,1.51866797120136,-2.43018050082796,-2.86704466355063,-0.661921897357151,2.29434921575592,-1.11237850970081,-1.9294468241328,0.177942914398862,-0.0347046645752492,1.34379177444695,2.94323794426389,4.28304873668471,-35.8324659947111
"plausible_anchor",23480,1.85669042460718,-2.44093669115884,-2.89836889802738,-0.610893925282642,2.26800359384209,-0.972559619675116,-1.67302642212549,0.0908878327788278,0.051166319876414,1.52799856516673,2.66237077933856,4.44927774959864,-32.7798200142307
"plausible_anchor",23500,1.67146706648393,-2.50928827798546,-2.83585847335655,-0.599899200157418,2.2549694439594,-1.05274885610887,-1.72507160023485,-0.000471986074792409,0.126429920492992,1.70799736936795,2.6229227508399,4.59742899838764,-31.6874524570294
"plausible_anchor",23520,1.99622092533062,-2.41379454434842,-2.82108550650499,-0.520094334663322,1.88500697592299,-1.53152052819915,-1.64474145738115,-0.121583489500841,0.287789893633142,1.79835001643995,2.52059684581817,4.50967752446432,-35.0826836534689
"plausible_anchor",23540,1.35079727167249,-2.44758316113699,-2.75244516581259,-0.667617360511286,2.32370464568623,-1.11187617121633,-1.50461671584388,-0.061470424368591,0.142119574322962,1.68340548181123,3.23126431982104,4.4580949590472,-39.9585778495223
"plausible_anchor",23560,1.37984086860078,-2.3495593991751,-2.7953070521334,-0.60622089524466,2.30194061802127,-1.13621271337819,-1.68348869071749,-0.174157240748376,0.585891568755363,1.49776838954897,3.26273800345252,4.21621612462029,-38.6967879989433
"plausible_anchor",23580,1.0099530462724,-2.39516069961337,-2.70862151671572,-0.705348871063536,2.23960066392582,-0.968981828594184,-1.76084251161125,-0.135487825177697,0.4614661674155,1.4378370472858,2.69426261864905,4.65651702787472,-38.3435458004773
"plausible_anchor",23600,1.30596061346291,-2.38217964826988,-2.80723159970061,-0.67596529192827,2.48574181649845,-1.55506310985033,-1.72719795878085,-0.05911240799322,0.382140653149534,1.4759011350065,2.91495550551484,4.20780275722492,-38.0982307217519
"plausible_anchor",23620,1.72775316027423,-2.51210533305156,-2.75148522073393,-0.617503742973961,2.1791688615515,-1.73030508524627,-1.6790699719504,-0.178612490963808,0.3401604717324,1.94129535881594,2.7977457730162,4.7922044989092,-34.5890515817306
"plausible_anchor",23640,1.6107819494873,-2.34100682616283,-2.94510662618369,-0.519358849613236,1.95734465540879,-1.76849590127594,-1.80694312678796,-0.0836464741293887,0.192727653798122,2.15823664301408,2.53149319292219,4.57576917478391,-37.8718084380274
"plausible_anchor",23660,2.05147213825985,-2.37908763863554,-2.90450633945004,-0.595714608189891,2.06866873327904,-1.20643048384638,-1.74710486798846,-0.187856585022962,-0.0869133245042976,2.04531813383258,2.52414481985821,4.92251586768958,-37.0887278584866
"plausible_anchor",23680,1.87736724363052,-2.57021935729813,-2.78365736483167,-0.579685311749152,2.28478835741778,-1.8673363249837,-1.64623680086586,-0.250278932723637,0.225502441711275,1.67983384180756,2.82635872846811,4.87286075825414,-34.5975351836924
"plausible_anchor",23700,1.54182575677834,-2.48410094064958,-2.73148456594185,-0.606418801398303,2.20355070548132,-0.975215898733017,-1.94647285897628,-0.266142262164296,0.566657647720999,1.75713050519781,2.83184881165628,4.64136846170829,-34.7860875019637
"plausible_anchor",23720,1.75554523141131,-2.43910359595962,-2.83199621789064,-0.533665678033648,2.07216809436138,-1.31704872730114,-1.78706875830611,-0.143092099885263,0.248902633638725,1.91380135678453,2.95787214949872,4.5285580594752,-32.595492630186
"plausible_anchor",23740,1.50263653593292,-2.32784060777619,-2.976503575939,-0.551749412293288,2.32203930955846,-0.73407602108039,-1.80615122086274,0.0547743917372293,0.202153884408911,1.68700180390557,2.97371367330359,4.03791438665339,-35.8652886217511
"plausible_anchor",23760,1.60787780442647,-2.35309694234754,-2.8947786181895,-0.66338155702639,2.29177211864329,-0.784294439044297,-1.71930426154637,0.104330787929196,0.100894838821736,1.70759123942801,3.14896654476996,4.24116862493275,-36.9633206529317
"plausible_anchor",23780,1.90151730286353,-2.43856570252871,-2.92265327609549,-0.568853091149241,2.27948702843106,-1.65728444847502,-1.79348554208922,0.120487649669394,-0.0817658798792639,1.88278058091771,2.74339523939025,4.60414476647596,-31.316406185355
"plausible_anchor",23800,1.61500456845717,-2.48726108387371,-2.76818630224705,-0.638466302692001,2.32413495014919,-1.49371704145974,-1.77470874499579,-0.0558591227360266,0.181330759117564,1.68900188645647,3.04746789676963,4.88043831316998,-30.6558099781018
"plausible_anchor",23820,1.81914842515362,-2.489495158069,-2.77743461079161,-0.647492551941228,2.36272481350147,-1.30132078229598,-1.64766070123233,-0.00527088472371648,0.222948584573362,1.66546260311417,3.03360141076268,4.85906267982177,-31.3091808271023
"plausible_anchor",23840,1.94314504201227,-2.45024575500473,-2.84817691738465,-0.560414077473642,2.28404390362259,-1.15247881451456,-1.56321786797539,-0.0878090338127064,0.429805957833434,1.4511044036015,2.94977155800485,4.55430617481261,-31.8212478860871
"plausible_anchor",23860,1.63182804881027,-2.43151132741642,-2.97755787460873,-0.624432077367643,2.21261936562787,-1.27039143713692,-1.82693189477372,0.215094807045234,-0.676016210248884,1.74022002912976,2.79363125984055,4.56058086314254,-35.3046428926029
"plausible_anchor",23880,1.6325469370412,-2.37206754859618,-3.04724847377197,-0.516025701441226,2.17552173004196,-1.4809927193749,-1.91717246051308,-0.00670685946060855,-0.439488579324718,1.82143288771365,2.61355876217208,4.38316068721297,-35.4802348115915
"plausible_anchor",23900,1.93198515664936,-2.52706922783099,-2.87824811751197,-0.474725980610484,2.0412973499686,-1.5319343190263,-1.91840696016575,-0.100948568857248,0.0487594990754917,1.83231892505135,2.57334286664192,4.70835479340345,-32.9081548911352
"plausible_anchor",23920,1.86697195152929,-2.48580964366069,-2.76548848499456,-0.58931811756471,2.15283742543164,-2.11409341639043,-1.93227082095402,-0.184716787258232,0.229492518050109,1.8493299918501,2.67686492768426,4.81915106156974,-31.5239091096286
"plausible_anchor",23940,2.05234324812019,-2.44367226559878,-2.80752442696421,-0.611475007585057,2.23935518624637,-2.15531781584459,-1.9035175037592,-0.0909749770053608,0.327509195525703,1.76657230155482,2.69344143411231,4.84161850066376,-31.0951896081798
"plausible_anchor",23960,1.99412244916887,-2.49958148746184,-2.80192660678279,-0.575195114736111,2.22268321822674,-1.81885756691323,-1.89552773670666,-0.116959189465788,0.397039351154254,1.70136339412395,2.76731243906473,4.94083069437681,-30.6579246796828
"plausible_anchor",23980,1.77892336792249,-2.45405625663496,-2.79409105109269,-0.600443843898944,2.25759076686742,-0.902048016619621,-1.9209191728627,0.00369582716265561,0.486044625513621,1.55000920195861,2.82928023292974,4.85088343558474,-31.1082350135628
"plausible_anchor",24000,1.83304627896211,-2.49296267619181,-2.82062569189965,-0.626404473453745,2.44137571105369,-1.0982610472693,-1.75612181382376,0.032600192775294,0.561551879004858,1.39284880762065,3.03715648072919,4.9431826569254,-35.3139394159974
"plausible_anchor",24020,2.32844699581143,-2.52285376661784,-2.87137497279259,-0.590366214778512,2.39211741845564,-1.75145956707596,-1.82807944490838,0.090004546897204,0.347255170684563,1.59635108859558,2.95056670610586,4.9166849172148,-36.2294896996161
"plausible_anchor",24040,2.10953774952012,-2.5492775687462,-2.84811475643814,-0.573594580514878,2.35904108791665,-1.65516765477641,-1.88943091804781,0.0730370805849193,0.440115447834695,1.63063877504555,2.71594536534959,4.95677486829061,-36.6439550109259
"plausible_anchor",24060,2.05101865583441,-2.5324119859149,-2.84808072594125,-0.527873913236572,2.23986464550835,-0.260649092880535,-1.78278946779015,-0.0433190195373529,0.336842117956637,1.85266246391226,2.46384995128475,4.63014979643076,-35.9754928592993
"plausible_anchor",24080,2.14374523161115,-2.53279237356185,-2.83994225008219,-0.511378043081905,2.13433866742463,-0.205144836748422,-1.88078778674332,-0.117205115401331,0.232031857913515,1.89897644589356,2.46188305157868,4.55302044491202,-35.7830132735608
"plausible_anchor",24100,1.86528380887657,-2.50008882417526,-2.8893035813276,-0.490219548211776,2.01184719908311,-0.651677894446455,-1.82492372668419,-0.0169298521667874,0.151776939452835,1.92560564158895,2.44552045505645,4.70755107446005,-33.0737177733195
"plausible_anchor",24120,1.86032411072079,-2.54335481847817,-2.79871365557722,-0.569402899201166,2.06473552158269,-1.19083834094368,-1.87916789104304,-0.0688521812101652,0.26070864744987,1.80177250094689,2.34082926791116,4.69094511339932,-32.3369559720929
"plausible_anchor",24140,2.1318382218453,-2.50447454367652,-2.76913373082898,-0.586463890520496,1.88422747599127,-1.32938802370112,-1.90733451974358,-0.0358077952889564,0.163456900401323,2.0165343219227,2.2558389170172,4.76867808875646,-34.3283879707518
"plausible_anchor",24160,2.0467140929726,-2.38187250511242,-2.83697075124686,-0.576381047886641,1.99478306573465,-1.96386131290641,-1.9183147118693,-0.212335034250821,0.297815167728095,1.83644016965948,2.75282485361169,4.21282943484158,-35.6304391090487
"plausible_anchor",24180,2.23205754725253,-2.53672537745859,-2.77795096748159,-0.634664163152641,2.14160909243821,-2.11564982324427,-1.83512792374399,0.0424257968315583,0.236273125209944,1.88119940358869,2.69130538098538,4.74879006978936,-34.4117930117138
"plausible_anchor",24200,1.69708934441616,-2.5407450850921,-2.74537291100655,-0.655408661841189,2.28200785967649,-1.80096013818703,-1.62851957878194,-0.0349381481709727,0.103160013878692,1.75257805901717,2.72914984546016,4.8769907160027,-32.3586150341666
"plausible_anchor",24220,2.0540766208814,-2.4875910558222,-2.77366553230486,-0.573801706974622,2.19849411986706,-0.665904089381895,-1.59278951333214,-0.122586214040653,0.179835448041103,1.69032061524464,3.11896403573182,4.59205971316586,-35.7745911683775
"plausible_anchor",24240,1.67506841640171,-2.338998864389,-2.85238425670475,-0.600350239095872,2.19789334183852,-0.931636929748132,-2.01839596384987,0.00871906151786778,0.246777217774258,1.74232592921667,2.87295116601995,4.84062087129373,-34.5624861980347
"plausible_anchor",24260,1.85340083782371,-2.51202807577071,-2.71889732382731,-0.653530074656055,2.32361164370034,-0.93908112308828,-1.8103050426361,-0.0115985836669169,0.422727271358258,1.61682776136831,2.86056095877083,4.6619778378258,-31.976726883571
"plausible_anchor",24280,1.91217554244485,-2.62045507259721,-2.70759827554125,-0.607229676003033,2.17622576944885,-1.40413109159982,-1.82986224426915,0.0219363165552121,0.299866323562005,1.71794706062128,3.02198124408531,4.46015201645123,-33.7510914024368
"plausible_anchor",24300,1.64609051830435,-2.53563755827369,-2.71728876651806,-0.657611744540972,2.30009821058203,-2.39695350390043,-1.79666947018173,0.0144571643647144,0.451825060837548,1.63222113711127,2.98302772352631,4.67846396633504,-34.5718709795155
"plausible_anchor",24320,1.66884579327613,-2.54475452043877,-2.75281517372898,-0.608414676014675,2.37100332223072,-1.83205745071822,-1.87826269725729,-0.0870329474534006,-0.104622256152014,1.55422809717672,3.00666154692825,5.22140255300842,-36.8340970780819
"plausible_anchor",24340,1.57374456959153,-2.40469719309528,-2.83038465259599,-0.643677290232861,2.23843914161055,-1.9283508252643,-1.91663396488043,0.0498071872240286,0.0628575801136633,1.41246894710994,2.73491642411821,4.93751989625483,-34.7370016793752
"plausible_anchor",24360,1.61344297751788,-2.39301369975499,-2.88218414623256,-0.586991086127201,2.14770884879181,-2.71427309211821,-1.81382286432153,0.0277806984810872,-0.0483066775145746,1.64796406503886,2.65540596256143,4.76014732456652,-34.464794062874
"plausible_anchor",24380,1.77241016117904,-2.42595989894827,-2.90001649154492,-0.570269342647813,2.27123284646814,-2.19895476584724,-1.87811068806832,0.0734385138786424,-0.0818862070406868,1.65867762767797,2.86514195584736,5.03121009434515,-32.1430861813459
"plausible_anchor",24400,2.10460011614451,-2.44124849941884,-2.90029842400119,-0.559799330198031,2.19318758363113,-0.968977657155834,-1.89299208380402,0.058163141119608,0.0259306712881572,1.55422955108157,2.89284007612491,4.46173221338934,-31.5581081058321
"plausible_anchor",24420,2.07938625777043,-2.52046135632336,-2.72137638165686,-0.653729313993901,2.24885811013141,-1.00973913960669,-1.82183388354072,-0.14679748563284,0.214691005311927,1.51394963343817,3.10104077517641,4.32281237536182,-32.8761423298041
"plausible_anchor",24440,2.08620835781269,-2.56614177490308,-2.80599541203039,-0.569873598967451,2.21139022820906,-1.4095783860626,-1.88114094918799,0.0107670406683964,0.0579994252252708,1.52647712535841,2.72839961646622,4.57932326083596,-31.5466651517893
"plausible_anchor",24460,1.91060355657736,-2.56826386728508,-2.75984900410733,-0.549412246303446,2.17281127010824,-2.38313194262638,-1.78999304661079,-0.148689034046332,0.216983536312115,1.56877235024386,2.85116363750017,5.09554447103073,-35.1544348753136
"plausible_anchor",24480,2.23187103248965,-2.44939271963773,-2.98039004335922,-0.530401182523862,2.2638172872581,-1.86935149396329,-1.67827179720994,-0.0156309952085133,0.0435774328423091,1.66501993328269,2.823991300256,4.73841302121615,-33.7366289818243
"plausible_anchor",24500,2.18648418797899,-2.45842955323519,-2.9418133838448,-0.485592439221391,2.13513883869885,-1.94610129440569,-1.77671997133085,0.0630829095516499,0.257369166718366,1.58440781968289,2.66646111508186,4.66101912422744,-33.5932657386169
"plausible_anchor",24520,1.93447168133092,-2.45516470275914,-2.83611205043736,-0.523410066689529,2.18433126891166,-1.25273145729217,-1.62347777496337,-0.00485120485076372,0.346289458240409,1.66078984563696,2.90829122835786,4.26118966141095,-33.2225603550217
"plausible_anchor",24540,1.800523571725,-2.43967765376642,-2.81283690609309,-0.578182169147962,2.28084910245289,-1.35271667432363,-1.76697833872548,-0.14649559173416,0.475280333019134,1.50017752402162,3.01162221302029,3.93995047311862,-31.8350280782427
"plausible_anchor",24560,1.92291261581909,-2.4885605050873,-2.83993378006147,-0.487834754445838,2.24416715822756,-1.38660431073415,-1.85245730692991,-0.174367319009593,0.411855623748545,1.60051690417483,2.9339845164878,4.20764983786055,-32.5704075338551
"plausible_anchor",24580,2.03061060386989,-2.57295447485731,-2.75015320737639,-0.511581806920333,2.2852816181688,-1.52076305676219,-1.82052550018207,-0.186824184013481,0.538494047189772,1.44081728388313,2.895303684629,4.61919904620534,-36.0401831763341
"plausible_anchor",24600,1.8434856313406,-2.53954530522843,-2.73877241631426,-0.617646713622518,2.08584238959436,-1.25156649329103,-1.66028720003666,0.00751271074995177,0.34453014510134,1.53683179442021,2.74694741506379,4.36522976154708,-32.5138577812217
"plausible_anchor",24620,1.61654185186509,-2.51047163103748,-2.77318730696533,-0.607833590493917,2.1808075873722,-1.96534509580375,-2.02847593022326,0.01066529159434,0.403215740665997,1.44426096924449,3.0495393923588,4.23259398195481,-35.705711599954
"plausible_anchor",24640,1.51915989884107,-2.41298392518053,-2.83537893209319,-0.631331962651199,2.18136992070095,-1.71219729723399,-2.04330781596427,0.048975513961059,0.389302826827953,1.21443521448954,2.90985193125285,4.35416100807972,-37.154065503072
"plausible_anchor",24660,1.74338185381325,-2.42811717210092,-2.9345053990943,-0.61394339178297,2.37805688504795,-0.804594346598406,-2.02072013544121,0.0744215412958799,-0.154753800687856,1.56529109432473,2.95513973566194,4.25021246356711,-35.7711419238623
"plausible_anchor",24680,1.51946974441561,-2.39287480663446,-2.78337792428219,-0.657089456799136,2.2164154424009,-0.862466110698609,-1.7824850038781,-0.033020365315352,0.263275361475182,1.46996859636618,3.05268581844424,4.76997181230288,-32.5640584515737
"plausible_anchor",24700,1.40491401393213,-2.40628622938538,-2.8198518902758,-0.583910327004214,2.21563823852134,-1.32249558880909,-1.77897547628999,-0.0893245718093488,0.430337434038191,1.53205901989612,3.09822863227326,4.64575062196416,-32.2014026477934
"plausible_anchor",24720,1.16787325908704,-2.43304319341046,-2.80582300731659,-0.574113482024867,2.26560482643035,-0.959451127714159,-1.89129385400242,-0.0536603013220793,0.186507515704378,1.61062107391787,2.97005835162861,4.40315076181253,-33.8629044438699
"plausible_anchor",24740,1.3102728129114,-2.43714657023097,-2.78582165143541,-0.589005432071058,2.35561787315042,-1.09868129548898,-1.7985398032482,-0.0751717957729241,0.373923653462544,1.66478552656992,2.993530348521,4.62769318004266,-33.2439394528359
"plausible_anchor",24760,1.35874099158702,-2.50137404231831,-2.76209617345687,-0.594660665236742,2.36452771924219,-1.29576812858617,-1.8401096929698,-0.0434806465142246,0.407180730055271,1.5492794577561,2.99247884505981,4.45071464926634,-33.761343916774
"plausible_anchor",24780,1.39119901038537,-2.40042782495936,-2.76787545040873,-0.642957996588548,2.33182992723583,-1.32825483429907,-1.73041346278965,-0.0634053931120553,0.269801307431847,1.79770338496285,2.89120743978483,4.47678421324634,-34.5309342180452
"plausible_anchor",24800,1.51693683231159,-2.44295966281336,-2.82201753943597,-0.588141832216094,2.17820039039499,-0.714182900438194,-1.86238840451573,-0.0283453179893544,0.470276995096464,1.66164906233065,2.39308032129093,4.88361085585958,-34.0052259508867
"plausible_anchor",24820,1.7978794063096,-2.48394360487422,-2.82232566256818,-0.642325010422168,2.12439781196521,-1.21089275865735,-1.79854749264025,0.0920633965122536,0.126003927100259,1.83205056830956,2.77982922117824,4.64513839968309,-34.0792186808249
"plausible_anchor",24840,1.61656477529961,-2.34854807962918,-2.91573386754746,-0.593896946011509,2.13230535668735,-1.02395877433141,-1.90160623479083,0.0105420988654775,0.105298329894367,1.94660387913942,2.38347458785366,4.91140579691163,-33.3078920179681
"plausible_anchor",24860,1.69076990803993,-2.57319107278924,-2.7689408206458,-0.564657900759826,2.23860047455556,-0.699434828446452,-1.84549067962912,-0.100209310973648,0.0868893086856122,1.74206178368287,2.5810696992699,4.48950079197515,-33.7058558817256
"plausible_anchor",24880,1.97924375586931,-2.59949082914154,-2.72004573946405,-0.62013622704911,2.27301420671002,-0.945291144247852,-1.72044150310098,-0.104151371896702,0.0322317929575934,1.59610750788406,2.93390209706917,4.29768492228874,-33.3654772803786
"plausible_anchor",24900,2.00647238733922,-2.53318792765905,-2.84424182872582,-0.569977047467195,2.23601261695047,-1.63787498055005,-1.85376484228943,-0.0904816589742835,0.0816790360363613,1.40513458059478,2.96281717885426,4.48050689365744,-32.2440229376479
"plausible_anchor",24920,1.74819979438254,-2.44285107087309,-2.83856809508065,-0.584569513775345,2.25778533453865,-1.41099062592724,-1.94450329389475,-0.0532554587545373,0.295997688019856,1.38099787896161,3.02016156010139,4.6121548181799,-30.0787162451043
"plausible_anchor",24940,1.87486037863389,-2.43786453595317,-2.79469098517784,-0.647206227796498,2.26024498696691,-1.84143003327754,-1.85807216276713,0.00779809119340852,0.179692545295527,1.48459790874252,3.05098531766958,4.38510163191513,-30.9878888073749
"plausible_anchor",24960,1.71719419703925,-2.48241443343518,-2.77755795306684,-0.654091737857532,2.31323822910076,-1.05739777887663,-1.91039349933535,-0.0950341220303427,0.317055388698193,1.48175639226905,2.9097479800763,4.70668547796925,-30.0581576569639
"plausible_anchor",24980,1.80940614625823,-2.33654679658429,-2.89477585886814,-0.598453969233012,2.08486375008963,-1.50494109360392,-1.78487392047805,-0.0490725580520111,0.318715953670222,1.71688589884351,2.68070166883951,4.82909996481195,-32.9972254575038
"plausible_anchor",25000,2.00467468407496,-2.32966482405114,-2.98413043881895,-0.518056278487824,2.12043728241182,-0.592035348609688,-1.64046902470279,-0.0205967043209686,0.123938614037253,1.80177355510239,2.53715910299819,4.36232614986058,-36.1996427249468
"plausible_anchor",25020,2.18092667198619,-2.45644849293966,-2.91459252995187,-0.558329080092178,2.16610392510283,-1.08317983164213,-1.70294190498836,0.046717296317494,-0.140978331217452,1.87499367033578,2.75337576345075,4.49680474262542,-32.2717112499896
"plausible_anchor",25040,1.93689544383512,-2.48830919389933,-2.87829275281237,-0.525940476482531,2.26521262045232,-1.56721840003322,-1.59785002406896,-0.0469744583691402,0.172200926139531,1.67273700369029,2.77595018564886,4.57264598373521,-30.883259280761
"plausible_anchor",25060,2.0597410682376,-2.48340116389298,-2.96135971843939,-0.50493971329571,2.14799474882452,-1.44995929832095,-1.7195136929073,0.0600915558702188,-0.246650976890874,1.93430372724086,2.61570286142761,4.74857416121894,-32.1820483253976
"plausible_anchor",25080,1.85137557028443,-2.46043145575108,-2.82151639400589,-0.554823181874825,2.18714650138681,-1.87668415182157,-1.68847438004922,0.0543647107068242,0.12213479547977,1.90701847019281,2.61284773921608,4.60886130654865,-33.661317549894
"plausible_anchor",25100,1.8208640535164,-2.42752856428536,-2.81444856731844,-0.614980041618119,2.29666758524858,-1.53068763498637,-1.62607175418411,0.0118511054439483,0.277798890156592,1.62659975875239,3.00437456630589,4.82293063955368,-31.1130052715489
"plausible_anchor",25120,1.9912650498986,-2.49128648368841,-2.86212273189118,-0.536413645768522,2.12893794002531,-1.70396169081948,-1.75836112685221,-0.0868153518627634,0.106178868245282,1.91820766349755,2.81503743258457,4.68877538610516,-31.0744067182682
"plausible_anchor",25140,2.17667292309682,-2.46459818298921,-2.85563370234432,-0.548381785375246,2.26270305365989,-1.61302888052416,-1.66018001905227,-0.0938127680092543,0.118394836607361,1.63448160273849,3.13876491663462,4.28634708671196,-33.4579810365439
"plausible_anchor",25160,2.17461947547772,-2.43453796246113,-2.87390038021985,-0.50630165795463,2.15893512789094,-2.02158987425473,-1.88851472859414,-0.247529451284582,0.254492265309559,1.73681746388363,2.5039453102221,4.58684158020225,-35.1706774461467
"plausible_anchor",25180,2.11236692800472,-2.47669043139305,-2.82003848185492,-0.541473819500009,2.09901525248055,-1.8268790314153,-1.7951859678768,-0.207883818224503,0.219985691795249,1.92004969049724,2.5049864053389,4.68043773601559,-31.4777027770306
"plausible_anchor",25200,1.84006778014364,-2.45793289439044,-2.87880857333692,-0.5505120088963,2.16945260107897,-1.52667444104646,-1.94236583307459,0.0903027256577509,0.219621155053449,1.52018589318761,2.81122092424246,4.20901723833932,-32.160583484048
"plausible_anchor",25220,1.74363864078091,-2.45173975834144,-2.83183376109341,-0.629430049171686,2.27631256930231,-1.08890807456462,-1.77363187529976,0.0654265498412141,0.110886281589964,1.67184910023085,2.9046713892359,4.6043591736711,-29.2194222929807
"plausible_anchor",25240,1.71961131866985,-2.53396472109134,-2.80141794126283,-0.57915008238198,2.19847996812185,-1.24442686578898,-1.85778333765834,0.0293616921145551,0.0217081490191855,1.60861406547869,2.81224156650082,4.74313327470303,-29.891423776618
"plausible_anchor",25260,1.78982785142949,-2.44774592857659,-2.98096464676725,-0.589823719762559,2.3290885958844,-0.768608288992945,-1.7507669380147,0.225998337475401,-0.34025139801155,1.54025744263344,2.77738191094349,4.71569094724512,-34.8713351930799
"plausible_anchor",25280,1.80164206914613,-2.4326722885761,-2.95339422912587,-0.548943806238611,2.36020250109189,-0.577871106451048,-1.68060642628414,0.0718965621066022,-0.147720357734382,1.45744711143186,2.85766485641631,4.48132578102273,-35.0806840522239
"plausible_anchor",25300,1.75764510753029,-2.38247373475305,-2.935023619984,-0.525866827137445,2.30226886022496,-0.966676540509592,-1.84066563375503,-0.0942620354267634,0.152981237333607,1.56058010705345,2.97478806810009,4.5783422194907,-29.8568113493815
"plausible_anchor",25320,1.86538120117607,-2.40846629998644,-2.90024889718078,-0.523089535347073,2.23909222374465,-1.63635049294196,-1.78569220945089,-0.103896761867652,0.155024551620823,1.66762351893498,3.12683191150355,4.46013414885276,-30.5936270458036
"plausible_anchor",25340,1.67353822193666,-2.47565115309339,-2.90166879446988,-0.505958368593068,2.10558473540083,-1.74142992491806,-1.81396961076709,-0.0252147201707879,-0.0792642586220268,1.59568787375417,2.78951554127895,4.32959721545555,-32.6496519409117
"plausible_anchor",25360,1.61942056487458,-2.62848489337043,-2.70367599525734,-0.592637743018958,2.19288959822342,-1.51693174486686,-1.76244763188612,-0.165036121732265,0.363711298231647,1.39458436845187,2.88886575339864,4.59044768507635,-34.9666346191051
"plausible_anchor",25380,1.62604213531526,-2.63147332348161,-2.75153752193273,-0.574047445950574,2.29442666204173,-1.75779871290743,-1.79352506050698,-0.0601262363464486,0.527922768029384,1.21157164879631,3.2014332248991,4.22703572507955,-39.064759300056
"plausible_anchor",25400,1.57723430168915,-2.36615626368286,-2.92175639106553,-0.556525139883616,2.35071163025307,-3.4257273709646,-1.78987282500087,-0.0961742848262985,0.0340795226157861,1.60411348128203,2.9252906618843,4.3757156451923,-39.6727967128609
"plausible_anchor",25420,1.5967682771796,-2.30513281621354,-2.96643785448947,-0.588022549995661,2.25901099319721,-2.50614408928875,-1.96066338068486,0.0697277658135485,0.0413190120663664,1.57499347682403,2.59277082993153,4.77664325031768,-37.5481863690245
"plausible_anchor",25440,2.06470658597341,-2.52210925390744,-2.80949067191067,-0.62653753142637,2.31500423531827,-1.84329634070808,-1.78471286615979,-0.135523433407951,-0.15964010735894,1.86462190651045,2.84992557103393,4.68134797250702,-32.7951098393982
"plausible_anchor",25460,2.20606846089101,-2.58907779858462,-2.76677358302708,-0.579128956826229,2.17488862097289,-2.17937290916017,-1.72555694514408,-0.0701389469662635,-0.105732168541029,1.84781705429092,2.85193940157047,4.90998875672314,-34.8166807812255
"plausible_anchor",25480,1.80110388802612,-2.54327813423832,-2.82973090242369,-0.504460048919338,2.24177965161908,-1.72962362820247,-1.93166187257225,-0.0130837273617617,0.105493635131724,1.73497855113638,2.97612809248677,4.60748285349632,-32.1526951685562
"plausible_anchor",25500,1.91400962242648,-2.49366753056284,-2.83843527243196,-0.565461030863375,2.14908621368588,-1.8872273571001,-1.78148694499234,0.0193644200315232,0.149111784382047,1.33152551952948,3.02634862343377,4.67226562439702,-33.1704578039524
"plausible_anchor",25520,1.9280110224123,-2.44302685487879,-2.87455032166208,-0.515369612490822,2.11567624935352,-1.64438806438243,-1.72930214605155,-0.0777264519969767,0.165497342116263,1.69767295793782,2.61918516304187,4.73459707917132,-29.5365612957046
"plausible_anchor",25540,1.87694169242015,-2.46038145020645,-2.84133446862716,-0.505062481925659,2.08050079819354,-1.19320843273773,-1.65729743993022,-0.0455269746588612,0.151585191588454,1.73244671342224,2.6232672469764,4.42545610662917,-32.6697320380978
"plausible_anchor",25560,1.88996160355212,-2.43900160337369,-2.79401533244151,-0.569848504132069,2.06289652942242,-1.15299019729636,-1.86740624505298,-0.0533053351601849,0.354781516208535,1.82995033468189,2.49939712638497,4.33675008868857,-32.0826557750165
"plausible_anchor",25580,1.62441099103504,-2.35958964557705,-2.93196995174579,-0.589806971611906,2.3549129226967,-0.690715322400512,-1.69126612606465,0.0542862531740067,0.110307167245196,1.54596013491078,2.73114768850082,4.30160670317985,-35.4400178834032
"plausible_anchor",25600,1.87143196836838,-2.38962889877,-2.84835454578559,-0.544563756514812,2.17611013409671,-1.47759163558528,-1.91100131699099,-0.0959293245027213,0.446250861725558,1.67047355239746,2.67510820439191,4.36277972807754,-31.7551289730356
"plausible_anchor",25620,2.05798325172899,-2.44446043792882,-2.81746822420081,-0.546294932138529,2.11065773198557,-1.74518241667046,-1.79374493064579,-0.136775826235763,0.379575723211678,1.88699628432664,2.4854341475223,4.51401157065904,-31.7969175303221
"plausible_anchor",25640,1.98630063173144,-2.40880004044707,-2.81486905623359,-0.586039199975501,2.03863771839656,-1.14705905062244,-1.74041887781287,-0.105498530430509,0.423213519384494,1.7673415565738,2.60053686492965,4.74576405636879,-31.06825933441
"plausible_anchor",25660,2.12664226554978,-2.51776371308794,-2.8279737171499,-0.561138652184067,2.26047356159406,-0.954604869592594,-1.54502346908185,-0.0374894480167924,0.1374275712473,1.78358139017544,2.51531854001213,4.92635171882518,-34.3559339828744
"plausible_anchor",25680,2.13153771873541,-2.52534286870985,-2.80747312928414,-0.581378561397628,2.34460887018426,-1.22493004513567,-1.64157793108553,-0.139357761487908,0.0187521751541306,1.76719509051856,2.82178111402773,4.69483408084615,-32.5026639468423
"plausible_anchor",25700,1.81150754396251,-2.48924159404611,-2.87044843772527,-0.56882393759779,2.25397403346852,-0.746101427110346,-1.75497058781791,-0.150157264718726,0.0637667159959024,1.749938807505,2.7324083450421,4.87640011703946,-33.1435443320405
"plausible_anchor",25720,1.6369149159296,-2.54772635067701,-2.78509916680011,-0.544326950436877,2.32911609872286,-0.996900839275798,-1.69757649883909,-0.104822555229936,0.129225749275365,1.7207511553006,2.99326651894895,4.82463994067978,-32.4186014729843
"plausible_anchor",25740,1.82305585186226,-2.47862946551026,-2.85028456031726,-0.663629522998281,2.49600835590745,-1.24375076001142,-1.81205933104974,0.0809559299656626,-0.00832520428281937,1.57302917301192,2.96302056605984,5.12435960480222,-34.1087398080744
"plausible_anchor",25760,1.90533218427188,-2.44464144348675,-2.92025451808531,-0.513135365210674,2.05472816097946,-1.68593915271902,-1.82467279044479,0.125576651115585,-0.0105026795610741,1.82404708120081,2.74421262002984,4.72412486734452,-31.5935525992478
"plausible_anchor",25780,1.83424174196145,-2.50740398205692,-2.81458174733652,-0.594903602321014,2.13702335391642,-1.46376624115055,-1.66588507845833,0.0587748710570861,-0.115452297046108,1.81426090959571,2.82313766617092,4.51805146490863,-30.9690668819364
"plausible_anchor",25800,1.82032727793302,-2.5340075461772,-2.83877135759848,-0.523974684042623,2.28232893620967,-1.36030907563452,-1.62342569989754,-0.0342249712281381,-0.0943468605369686,1.78552986288833,2.90779298124332,4.75811783897241,-32.4266466145245
"plausible_anchor",25820,1.84142271912831,-2.50927819537722,-2.86264442913738,-0.499783414641463,2.35579122091327,-1.45948383973396,-1.72854758884605,0.0563491461376447,0.118205924009904,1.65733182518963,3.12659798850505,4.92958624263955,-34.2430366187153
"plausible_anchor",25840,1.87644402068391,-2.47262284186355,-2.90445183506964,-0.542605404811312,2.20866842024076,-1.85466431677931,-1.85541068610747,0.240432722471841,0.049261967244536,1.6337669967286,2.79640285767748,4.53161057682377,-33.7016849126197
"plausible_anchor",25860,1.9366749711758,-2.5829837562817,-2.67515010167524,-0.684185893691163,2.40733586570516,-1.28283313214778,-1.73300208438563,-0.0780884886189137,0.478192418307459,1.54460072895271,3.02728441842558,4.8920373066261,-34.1986955363585
"plausible_anchor",25880,1.67492442745559,-2.52418115445663,-2.80614486400257,-0.596338989015785,2.35970145944929,-1.41011503172656,-1.7831038044387,0.0959129704114334,0.279704757979829,1.37521599103668,2.945015560423,4.53189391911338,-32.0653058015751
"plausible_anchor",25900,1.62431749720608,-2.44127186120564,-2.79899428283691,-0.635050219499556,2.3258675366214,-1.31512532911558,-1.65195321645805,-0.020742639936606,0.360422681400672,1.55847971684818,2.86443601464331,4.82448801416794,-30.2898368075076
"plausible_anchor",25920,1.69294326054475,-2.55085493071805,-2.69498217710031,-0.709549678586101,2.26228804455202,-0.630501671589943,-1.69947742052482,-0.0626090735637804,0.470607140221638,1.41008831486461,2.6644078283073,4.55417201753824,-34.9374836895684
"plausible_anchor",25940,1.59370554229038,-2.49526092919609,-2.74873288340828,-0.72728121712242,2.25703194715362,-0.830788456400646,-1.82071858511769,0.00725259162726686,0.0129453165061805,1.50508010197623,2.88714306748695,4.80971699279355,-34.5293967925905
"plausible_anchor",25960,1.7245484359089,-2.37210855087506,-2.80800237539838,-0.618105338158369,2.15015553436005,-0.616486981286994,-1.79502310109806,-0.0680377123411844,0.713125500067325,1.44904746907227,2.86862900572848,4.44032455548102,-35.4285839839145
"plausible_anchor",25980,1.62820588849372,-2.44374267575341,-2.86296370350362,-0.561899265993422,2.19293282146103,-1.55637528101069,-1.75190847497514,0.055332788191059,0.29376645792521,1.80671773127134,2.69536964848935,4.37477852986659,-31.5201051939296
"plausible_anchor",26000,1.80746140508061,-2.49849240060074,-2.86511530779897,-0.569004408600992,2.20928240841872,-1.2622614542972,-1.7652957059282,0.171182592748062,0.10220311393264,1.69441430320283,2.68943753155754,4.56744293412475,-31.4116899866509
"plausible_anchor",26020,1.53632467136173,-2.4775485305935,-2.78843134578157,-0.590099423988314,2.21665720392941,-1.38533548984295,-1.60307177042311,-0.0330419086032789,0.424175664489389,1.51917650403355,2.89046201935691,4.95779785378502,-33.18118335703
"plausible_anchor",26040,1.97981188539731,-2.60069236569532,-2.70188087052682,-0.591201957082284,2.23543039954403,-1.81326418413115,-1.63356457236954,-0.105959778455177,0.36555632197001,1.46573014170899,3.15171209224184,4.42265030861934,-35.4894374413547
"plausible_anchor",26060,2.09621462152844,-2.58626392721766,-2.77724455435226,-0.588803634103403,2.30138392165545,-1.67309578340699,-1.77017928310115,0.0641698018182787,-0.161608455532873,1.48857256724443,3.15042355462247,4.59185130362073,-35.4443730562949
"plausible_anchor",26080,2.14548124826211,-2.47837509116683,-2.84314251109692,-0.502856004941299,2.20977111689071,-0.712781464852227,-1.59474800985151,-0.359431136451035,0.423373083278969,1.5159261466918,2.94288552317364,5.01604664421541,-38.6182833496754
"plausible_anchor",26100,1.92415395638327,-2.44415256649547,-2.78370192744965,-0.60355957176183,2.15769845967845,0.0629546916102517,-1.70018110857584,-0.232616161710393,0.533548141255858,1.61585319837561,2.96206619134559,4.63461886126439,-36.6649856399992
"plausible_anchor",26120,1.77410363216619,-2.38772251748198,-2.84551332989339,-0.601475940135,2.13798708658863,-1.19903432222316,-1.75363731288685,-0.0833371053707356,0.2000637212629,1.70474228786268,2.88090588189638,4.71822935960702,-29.9625009446576
"plausible_anchor",26140,1.90750095218523,-2.36858559556003,-2.85537039002337,-0.638351877697769,2.32270799497922,-1.52070703335697,-1.79158037526356,-0.0636383680582222,0.414515135745792,1.69402484367204,2.81894935970264,4.71641058152338,-31.1482269345774
"plausible_anchor",26160,1.82169199878924,-2.38732832484748,-2.84275978890718,-0.619303257106764,2.35476401476509,-1.27971541414021,-1.85718173086067,-0.0192206109790929,0.475754768042629,1.61070245923753,2.61720483980806,4.57738774171444,-32.716406937724
"plausible_anchor",26180,1.83250198207382,-2.38404823769021,-2.75236206136619,-0.716850078926867,2.36374855531046,-1.01295571148315,-1.69030072176435,-0.143733226835088,0.502399442505745,1.4146450282103,2.82674296074986,4.60945129977126,-33.8877971778832
"plausible_anchor",26200,1.61346897045546,-2.39721779309289,-2.88223706506234,-0.593072000715116,2.29618277891152,-0.522415349921193,-1.80531732592295,0.0835673753764187,0.33767114668664,1.58950412273687,2.7470233332941,4.82650028986851,-32.4166290429272
"plausible_anchor",26220,1.26462820251995,-2.4897394339053,-2.7282145610891,-0.566238406476486,2.23239205340169,-1.52194436956849,-1.88553553706642,-0.236759937568832,0.439865991457205,1.81865213390919,2.80865008790898,4.75440417000069,-35.5435413450494
"plausible_anchor",26240,1.11457309577886,-2.50862636381208,-2.76035935045891,-0.566072226884754,2.25723291434938,-0.419687442065349,-1.93586937345554,-0.148876620436497,0.150303830872049,1.58573131778261,2.7447550627592,4.67464227189979,-38.3327649210247
"plausible_anchor",26260,1.46582988928794,-2.42891764226926,-2.75884162589228,-0.626113453326085,2.14621032494456,-1.3596553862883,-1.99924594778217,-0.203882847468624,0.567013056666886,1.54474425298016,2.89761766673601,4.64113338510388,-35.1408781200196
"plausible_anchor",26280,1.72572248576948,-2.44644008541499,-2.85522616145943,-0.558896816345717,2.1740476992178,-1.06930559816835,-1.95596552462943,-0.0909682158078046,0.225526784345966,1.69554732612181,2.95381949540735,4.34632441769621,-31.2743028420815
"plausible_anchor",26300,1.82498971088255,-2.41406891137959,-2.77255296573039,-0.682851569573981,2.30017263564553,-0.398888840718217,-1.75627260265313,-0.184773792300902,0.308824508677103,1.52535731418015,2.83801539572032,4.3865382292169,-33.2916057558263
"plausible_anchor",26320,1.65372861728944,-2.47597246202517,-2.73371225799008,-0.686996604565662,2.41629456393694,-1.14406697765412,-1.84082144602823,-0.138463211182611,0.573118001130536,1.24034816391917,3.07930211998485,4.67415053417194,-32.5992861880881
"plausible_anchor",26340,1.71493969007119,-2.40246887669479,-2.92360224772786,-0.5939681722618,2.45897888830753,-1.18994956387463,-1.79036123618744,0.0250146375386775,-0.00155047051140258,1.44372649740873,3.05215648618945,4.67752834211059,-31.7592509618251
"plausible_anchor",26360,1.98868467906809,-2.51730694962273,-2.75492112273671,-0.620623673283703,2.29307242731312,-1.61275659667018,-1.76618203479526,-0.0543636627012517,0.342873342546146,1.53019268321135,2.93361082193029,4.91356126402502,-29.5394482148043
"plausible_anchor",26380,1.96885249817281,-2.41718256819984,-2.75652449642212,-0.700509327037476,2.3104476627233,-1.04750520775306,-1.70259721557383,-0.139673478012754,0.430637396958796,1.50281676950331,2.93775188083433,4.93910577064035,-32.1361255501668
"plausible_anchor",26400,1.7644642442585,-2.52930678772076,-2.72962604051613,-0.645205527104026,2.29091652070005,-1.0221808370513,-1.82511049235933,-0.082286607969921,0.496930136915401,1.47387379945949,3.05521279283419,4.55978958201463,-31.113188992068
"plausible_anchor",26420,1.55062058109122,-2.49374027727592,-2.80669021464042,-0.555227869993023,2.26102872349046,-1.79855968647856,-1.8114543152035,-0.0811363092040943,0.431761396253155,1.64333930119746,2.66823602240479,4.89536931523873,-31.5535360800829
"plausible_anchor",26440,1.66099487525074,-2.36350402735535,-2.8393732850312,-0.616826304679762,2.26434399675196,-2.04677996024902,-1.82110692114107,0.0205411295008477,0.38961280154613,1.84106876322285,2.56907806081716,4.9288547414898,-33.6304862564794
"plausible_anchor",26460,1.68303769020295,-2.48930032023227,-2.73354677013163,-0.661538541418182,2.11486643442733,-1.77779489696631,-1.68084556072717,-0.0391097281974791,0.366335101767364,1.79691930287709,2.7131283174285,4.04694427643196,-33.9433182832286
"plausible_anchor",26480,1.52608530031649,-2.3988476826223,-2.70072311559979,-0.699032940849398,2.17828147339331,-2.38255307587898,-1.86975074031997,-0.196724388851635,0.479027952993533,1.59981657613757,2.72371395331961,4.24022653493028,-37.3033931546903
"plausible_anchor",26500,1.27309993200242,-2.36561144340658,-2.84948356782051,-0.674573787119607,2.26533588562343,-1.61750246370794,-1.73987537457992,0.069880411039375,0.0879076088810263,1.63474350508683,2.5570217620111,4.10503927318687,-38.402042703589
"plausible_anchor",26520,1.96370925167406,-2.50246504267593,-2.78123173453169,-0.613478414371869,2.24800541780335,-1.48433665411427,-1.8179877816251,-0.0653225924123396,0.444924137446521,1.7262975798211,2.50432555805344,4.16106490236247,-33.7176950201835
"plausible_anchor",26540,1.72922530533893,-2.42189339992736,-2.75350944741006,-0.66527592902656,2.22667447160309,-0.683448195894882,-1.78811104956264,-0.223569588317552,0.618666939508904,1.9056633526088,2.22659898920905,4.74079702103775,-38.0977072680252
"plausible_anchor",26560,1.68408105072321,-2.40756526286528,-2.80826488960937,-0.701589569603453,2.36885645992603,-0.716096627725761,-1.82627973570295,-0.0674695473615097,0.215821355514767,1.93137439110249,1.80412056441716,4.95658723519096,-42.2005466418913
"plausible_anchor",26580,2.18640004862858,-2.49972617341687,-2.81173389271323,-0.620365078426973,2.24565586504491,-0.879617277067916,-1.78891722218447,0.044676345635952,0.282956981363871,1.8301788599239,2.20593388515095,4.63650583656277,-35.9158852032462
"plausible_anchor",26600,2.23930656367573,-2.48038421341477,-2.88890175188448,-0.585256785358538,2.29177273859036,-1.2981479334137,-1.75240576070284,0.096713874606872,0.131576799902801,1.69021235194359,2.59424986500983,4.80343561424798,-32.4790561326933
"plausible_anchor",26620,1.86068674247099,-2.50377042847059,-2.85757811827905,-0.563921599627883,2.15788923803662,-0.867009687458458,-1.69045748640073,0.149448916665136,0.115758809978586,1.58858338972004,2.81994726235668,4.77937467373573,-32.2958834648359
"plausible_anchor",26640,2.14888081237272,-2.41756517954379,-2.94487627068865,-0.559911526122688,2.32024621471965,-1.25420835600809,-1.6774727141444,0.118184135191438,0.036372334900242,1.61756219915906,2.95331041689375,5.03790915617627,-33.6929786888083
"plausible_anchor",26660,1.83199382839911,-2.39127604754568,-2.98845146998968,-0.487566131297839,2.33436387388269,-1.22675383734889,-1.88746849254405,-0.0711716064284789,0.163211766693579,1.51944322022421,2.83010925965249,4.96176330819297,-32.6237867280392
"plausible_anchor",26680,1.69476356074345,-2.50156249800997,-2.8434111673098,-0.537295704703845,2.34357502123791,-0.389829540507842,-1.98870857049834,-0.139713920199723,0.342433354670063,1.41277685123567,3.02571561676795,4.65418778580668,-35.0759224526655
"plausible_anchor",26700,1.79915379990451,-2.4228124048574,-2.81810249792689,-0.548649446736933,2.21672003352454,-1.13556969876737,-1.72348527528104,-0.064077964624921,0.370382945784619,1.55776001147268,3.06696520878103,4.70597673739735,-31.1051262521441
"plausible_anchor",26720,1.73549910404799,-2.48374060888031,-2.760371026358,-0.634834593980345,2.28346539309111,-1.74880945733266,-1.75801499321809,-0.162920919504551,0.058188033406458,1.85621622793885,3.07108439384387,4.61038010720075,-32.9711184435266
"plausible_anchor",26740,1.79684541868466,-2.46364185323342,-2.85000893590301,-0.590762807095048,2.32382172460989,-0.695739326385909,-1.75404044432758,-0.0357344544708578,0.183635809249864,1.72521529441304,2.85719535281812,4.4791293675473,-30.2603763422705
"plausible_anchor",26760,1.72177137530402,-2.41635303411,-2.85198903885687,-0.541955549136791,2.14022767916752,-1.6229389070614,-1.7129757639946,0.10085792210411,0.347217920825578,1.83317617064036,2.6357449493373,4.5999097994093,-33.2702605491261
"plausible_anchor",26780,1.76862022575777,-2.36900703706286,-2.89677343148791,-0.528607099710671,1.95508086357307,-1.6690285177511,-1.74282230100334,-0.122170117350839,0.104944944065122,2.05583603028589,2.30959375115131,4.56933279230973,-32.8926488128936
"plausible_anchor",26800,1.91510529345157,-2.41422552801288,-2.97888052631355,-0.47346181070906,1.98872216952156,-1.90279005428918,-1.76437528480214,-0.0394662638192815,-0.007787288372528,1.97515485709832,2.57619842342889,4.50669036016311,-33.2392932209827
"plausible_anchor",26820,1.85446069927074,-2.41854766255794,-2.9334110799095,-0.506676590385875,1.84804773615931,-1.77492324238741,-1.70859183042671,0.0365676663989739,0.0352645298601195,1.93123802209453,2.85471777304079,4.00514570958555,-39.391611484865
"plausible_anchor",26840,1.75545048736867,-2.34504058693348,-2.97439238981883,-0.519263088492086,1.89073981298092,-0.876624091658329,-1.61529077611413,0.108908812342273,0.275186931563157,1.79153536007403,2.57819846238778,3.88567185722268,-40.9481723778774
"plausible_anchor",26860,1.16748947627038,-2.31164748270397,-3.00140879355277,-0.492650962546265,1.67975767590971,-1.16352738595009,-1.65273080933198,0.0600988625524577,-0.119608142851772,2.16705120901094,1.83543649980984,4.60774338911109,-43.3738486544129
"plausible_anchor",26880,1.82350837959787,-2.49898719528557,-2.7893551001571,-0.606042200889261,1.98378195558333,-0.72359914758,-1.71714637050125,-0.125925148716804,0.218151679233168,2.08061815821646,1.90337604551267,5.20818440798358,-39.7384642804369
"plausible_anchor",26900,1.64408096241072,-2.45908582649052,-2.8001399869503,-0.635301440212007,2.11423804585078,-0.522363863532677,-1.58783677456515,-0.0114635287003226,0.184410303030703,2.05809611250189,2.27751146973684,4.84375374850275,-37.9268781170496
"plausible_anchor",26920,1.94773071166014,-2.50555119786698,-2.72850884419902,-0.674668389804735,2.2814215002174,-0.735127686627221,-1.5647571473891,-0.0921304957367975,0.310788401505309,1.86942411869934,2.45083427201523,4.4388439819589,-37.2761790694166
"plausible_anchor",26940,1.79434277291661,-2.51353414229764,-2.89641972358834,-0.541158320737207,2.32243308440444,-0.829790522280016,-1.75817282152656,0.0241240467355431,0.149802463045495,1.43834268014253,3.08895871671454,4.13229045252169,-34.1895470765752
"plausible_anchor",26960,1.4758316233301,-2.50165124574444,-2.79868551740487,-0.624555237497694,2.40266129055567,-1.28196996873136,-1.77395832756053,-0.101468640180037,0.374427171927152,1.36664418184511,3.16072519485559,4.0922875582761,-34.7360113571616
"plausible_anchor",26980,1.6956853416114,-2.45605551042271,-2.75581826148098,-0.708086081225978,2.31725168368677,-0.481353857494206,-1.76597714727314,-0.0903333605921629,0.448226967614639,1.31256820936923,2.85622930691396,4.36136582452273,-33.7210536301391
"plausible_anchor",27000,1.98632162460951,-2.43013900913736,-2.85682921271442,-0.580633082353687,2.08809719409274,-1.91045137998175,-1.68888055141481,-0.015531885400284,0.135996074640513,1.67648619935701,2.95515172848747,4.0533120298406,-32.664199290147
"plausible_anchor",27020,1.86488217980946,-2.49400633241692,-2.80292280298569,-0.57024703008908,2.25714593446017,-1.25589708836526,-1.85036145481333,-0.0842296915081191,0.0452791593966452,1.55380174264686,2.86364858228101,4.62592191162486,-30.1038538481696
"plausible_anchor",27040,1.64376362540552,-2.47250664082228,-2.81476808682723,-0.613353181385429,2.33060758717938,-1.2452901336611,-1.80134006758202,0.0291237398440528,0.000393496681514061,1.55189953748374,2.9879581935874,4.84564493364812,-29.9557913021343
"plausible_anchor",27060,1.78942492081619,-2.34564122512239,-2.93738008045943,-0.517026513551722,2.27128990450539,-0.314935630253291,-1.70496455753737,-0.0958577972453659,0.122586877313221,1.8499359238394,2.60115515957422,4.74294361728025,-35.5195831957919
"plausible_anchor",27080,1.7149641474415,-2.37395353223876,-2.85567180667692,-0.611421780964634,2.28096648044154,-1.38004936171133,-1.68054746766289,-0.14475088580773,0.146993665962367,1.6256844086727,2.80427563895777,4.02836535008617,-33.1858978098088
"plausible_anchor",27100,1.45892845327432,-2.37133712605177,-2.84145408902711,-0.543926641713189,2.17027637652683,-1.23876887534647,-1.81249930036089,-0.182328129545922,0.379500050505226,1.41470616907357,2.98283130881221,4.50326619910038,-32.2463240038576
"plausible_anchor",27120,1.80153369811053,-2.47388279261092,-2.80402636945036,-0.592075037023991,2.17280319408182,-1.43369741330602,-1.61814699048797,-0.13691178558788,-0.0453652491587475,1.56225134794621,3.03473789896933,4.64618963072745,-33.5726927673721
"plausible_anchor",27140,1.67374896493604,-2.39459816877732,-2.8222202613628,-0.576473062993678,2.09352704054522,-1.72334162516628,-1.94698060370218,-0.133544839020601,0.283116851694526,1.81535051260121,2.79334205040098,4.7417503010546,-31.5573834812478
"plausible_anchor",27160,1.91843134374876,-2.35972802564354,-2.87401821710582,-0.506935997741117,2.05348662936102,-1.07355619648984,-1.83413722489426,-0.142895974159896,0.314841021424865,1.7979122621698,2.59419306556306,4.78323962316799,-32.2982778861979
"plausible_anchor",27180,2.08908840878283,-2.51975067335522,-2.77539773042865,-0.579161730534952,2.32929673417788,-1.67490354270414,-1.90034215552217,-0.219830853053078,0.337735980384699,1.67110446623074,2.92322942675868,4.63265320658497,-31.2377122343859
"plausible_anchor",27200,1.77808985480945,-2.38664502053352,-2.8578611848451,-0.56748549032337,2.12936784200622,-1.41933103247001,-1.88076154727964,-0.0717587012642952,0.210933911434694,1.66252409089558,2.57085009897684,4.77539368587,-29.9099876356236
"plausible_anchor",27220,1.97627853439541,-2.44877288786925,-2.83580130695887,-0.589764483856197,2.31779593702956,-1.13534242574742,-1.82328734217733,-0.12699228945149,0.14500956881427,1.49440472380475,2.54020113182721,5.18798123584516,-35.0456743845736
"plausible_anchor",27240,1.35962549347867,-2.43176953151807,-2.91116403819895,-0.509479961793894,2.22676023996665,-1.77844481434309,-1.73431170757805,-0.00966751996370406,0.0456606280068841,1.75754991987895,2.46683532593735,4.75113999374778,-33.760460034808
"plausible_anchor",27260,1.40358590501115,-2.44865512362022,-2.8528950338843,-0.561558880227903,2.24304050684212,-1.39258122896131,-1.84667957305273,-0.071983842128248,0.0517395136500954,1.72888593611904,2.57943378695716,4.95049221419887,-31.4918654378329
"plausible_anchor",27280,2.07035669769198,-2.56695187490844,-2.78587842670222,-0.565124174886957,2.33416939916076,-1.061884113942,-1.74926844118748,-0.206238052907308,0.428358869502184,1.46439922132695,2.78371624794454,4.66343459854681,-32.1184065872674
"plausible_anchor",27300,2.03353072715501,-2.40783994508867,-2.9074364195927,-0.526176299991466,2.41083129074856,-0.608520464572085,-1.79193619813562,-0.104758202274846,0.27831075039842,1.38380177896583,2.99290152526357,4.76198923847504,-33.7079727478897
"plausible_anchor",27320,1.82423352877642,-2.42663639041573,-2.80275092444715,-0.631199297592983,2.25639496298869,-1.60800168649721,-1.87128425561027,-0.0471550234778,0.438427934693271,1.14372444278691,3.15803825689183,4.47960688211899,-32.4537228671551
"plausible_anchor",27340,1.59398853067312,-2.43553109671343,-2.79136315300596,-0.613569889904509,2.16161207477691,-2.09969539976847,-1.72591848821436,-0.199337752115792,0.314106637982762,1.57746997187935,2.85244129060282,4.85833981130462,-33.1750943180257
"plausible_anchor",27360,1.92979350490429,-2.40180117053853,-2.91666516015074,-0.503366579200513,2.07538450406866,-2.07332067016357,-1.61592777188254,0.0842277342403948,0.259071300994129,1.576278417758,3.15021355068914,4.52223714371953,-38.8409280450863
"plausible_anchor",27380,1.78345625419821,-2.30720968200152,-2.90646966764555,-0.616930986376288,2.38286036118736,-1.67729774841558,-1.72664341532076,-0.146973380964187,0.287263620076894,1.64062938987687,2.96711917194715,4.67691653262302,-32.5572986950598
"plausible_anchor",27400,1.97959030701301,-2.34896902113794,-2.92198528654232,-0.573177965946568,2.30529055724088,-1.80543454201071,-1.90104465568225,-0.161916367787216,0.236943148806284,1.70570872719602,2.87883723517388,4.68993503057894,-31.7874176395522
"plausible_anchor",27420,1.97203491080647,-2.44360148149465,-2.87368471818657,-0.548672117330081,2.17270780203429,-1.68913313785648,-1.88327024499972,0.00141202309124808,0.182018514729904,1.65723925219288,2.8944527727473,4.70166931205354,-29.2563697069862
"plausible_anchor",27440,1.94312275182722,-2.47098619457754,-2.83571173094429,-0.561658754704139,2.30862800235573,-1.52905434347169,-1.76341555185365,-0.00768371715876268,0.0372734214806034,1.76177084758617,2.94389647276652,4.80156412291663,-30.4575422313093
"plausible_anchor",27460,1.74596716561954,-2.42495546365179,-2.94480869146001,-0.57083649831324,2.33106611705819,-1.31942149214414,-1.7995387708064,0.0282842917485926,-0.259975457122841,1.52937637329077,3.07627130166495,4.77001407679177,-31.4264094542849
"plausible_anchor",27480,1.82443148449514,-2.39996799973948,-2.89019179001042,-0.549293986194815,2.10328696458157,-0.924409228323426,-1.82289690351045,-0.00349846276447607,0.0476668715091502,1.77937544214493,2.73526375566603,4.77812175480777,-29.7183750446273
"plausible_anchor",27500,1.88544415951353,-2.46645106571801,-2.81815233573438,-0.549050135332129,2.06137512096331,-1.21151218350417,-1.7452916474738,0.0452642952133879,0.196482799608359,1.84658722869813,2.5399093439146,4.72385471323421,-30.7290277896097
"plausible_anchor",27520,1.65050607725392,-2.49405250769612,-2.81907397016513,-0.519329693977023,2.19290371258056,-1.23111995237687,-1.93497504031918,-0.0607232863152857,0.156810832646713,1.84820628695184,3.00893461879107,4.89181977180545,-33.3447030445047
"plausible_anchor",27540,1.72688171596818,-2.50146826521295,-2.79687655976699,-0.654833875893304,2.27163149300277,-1.81755505107243,-1.73263047066903,-0.033522711801935,-0.155540948928076,1.87362961300559,2.85867118563847,4.71416267909943,-32.5301937162027
"plausible_anchor",27560,1.53593488040701,-2.34883678619094,-2.83542800802425,-0.65240695317517,2.23146891102685,-0.921164611801508,-1.74929779285615,-0.0841129730790938,0.200295251815004,1.78208132803492,2.88533692912616,4.6507675408927,-32.2503866196835
"plausible_anchor",27580,1.43073311702415,-2.36962630998959,-2.88252398250253,-0.566720004842381,2.12980502688996,-1.11096600654154,-1.88905098780292,-0.0579109555700334,0.0816016952519503,1.91912364443982,2.78696706656775,4.36445336209526,-32.3946558330625
"plausible_anchor",27600,1.41346298206805,-2.36652748210285,-2.8088798267548,-0.604731527791507,2.13952836238156,-1.39330291317153,-1.80396177835282,-0.166983851032696,0.401422175848757,1.66076782897412,2.66313035970642,4.74758476036686,-31.2316698299931
"plausible_anchor",27620,1.89857909804912,-2.41142380324325,-2.97716886296566,-0.523179408057012,2.18197251058982,-1.29425476240072,-1.72816071672462,0.00909412514705064,-0.200097570077652,1.82541134908402,2.70213127482797,4.27569332883129,-31.7952306621748
"plausible_anchor",27640,1.65292544948705,-2.46482915797967,-2.89111857522462,-0.565950593226118,2.16723844310389,-1.43132869898867,-1.8686145936475,0.125962623878432,-0.0545531573028659,1.5969570574137,2.73051310872688,4.65325336898885,-31.1646130622817
"plausible_anchor",27660,1.70287727128964,-2.47177994119768,-2.84685461980738,-0.537807374705356,2.10728316306407,-1.86954604019109,-1.78451702580684,-0.00554217760611073,-0.0864320018854342,1.75363982994571,2.683363093073,4.56599171395527,-30.7754241245406
"plausible_anchor",27680,1.8295668975099,-2.50087177966412,-2.79473769376361,-0.624491093321543,2.23058237987361,-1.59436443629061,-1.89743029035587,-0.080415362576855,0.057500128348213,1.62902821675733,2.75147275816668,4.47306932021657,-29.9664819099009
"plausible_anchor",27700,2.05434448237714,-2.54915477365195,-2.79478330043523,-0.613372291214845,2.33246676774034,-1.37338977369735,-1.8597541595319,-0.0426945820619106,0.0523102344613221,1.46344908803142,2.96352953767733,4.64775917841577,-30.2197628940449
"plausible_anchor",27720,2.05101824763968,-2.61151123479756,-2.68978932567346,-0.667609417162049,2.23199583914201,-1.13471387022698,-1.77651436328548,-0.209605719924775,0.210143110818867,1.52504919489485,3.01314858235977,4.8035061895242,-34.275105859652
"plausible_anchor",27740,2.06839788899877,-2.53584558085168,-2.82072507727878,-0.552001487646567,2.06069685210479,-0.924314317098389,-1.85125513009048,-0.0247587521977129,-0.102705280322649,1.68657991380601,2.96732880914323,4.71832815272725,-34.101516427302
"plausible_anchor",27760,1.89910326985698,-2.44640302194804,-2.85074103379932,-0.489025255578898,1.9960321116581,-2.32525016503737,-1.9952444362815,-0.162625813324119,0.145367417770014,1.76708693899013,2.74555906149452,4.34717082739336,-35.9390318950353
"plausible_anchor",27780,1.83536613683941,-2.39101684212114,-2.93355337127084,-0.502682505912017,2.18518365261837,-2.00094847768826,-1.91588044067214,-0.0734411664767679,0.137216033162578,1.5129400049774,2.69213628494494,4.91674522685178,-33.1584807370322
"plausible_anchor",27800,1.92342010411595,-2.44876178828297,-2.85481276467146,-0.576819843679628,2.21783804353465,-1.95859889891523,-1.93093130561904,0.019124154052744,0.297255807228789,1.20129556922573,2.88821647685546,4.64002416759976,-33.4073929843219
"plausible_anchor",27820,1.86276043697303,-2.53706714041998,-2.75233915301124,-0.62469790220127,2.28186504418179,-1.97488960435838,-1.92314595498605,-0.0586928911751168,0.342654870594112,1.18836921031443,3.07502726598382,4.55452111072007,-33.0012936792922
"plausible_anchor",27840,1.88007714890833,-2.520155226783,-2.77290561834014,-0.637920740023458,2.34865199135503,-1.41240313251594,-1.87680095652831,-0.010333539099207,0.517791047180214,1.10380539473385,2.991405187549,4.75354468760121,-32.2973519444015
"plausible_anchor",27860,1.67595557513053,-2.43336510671157,-2.74923307704586,-0.663045792166422,2.23159659453745,-1.11789491272305,-1.8891972993052,-0.08411319134313,0.566246246488547,1.24094075121942,2.80761057276974,4.86161854648152,-32.9279674425561
"plausible_anchor",27880,2.03629193555322,-2.48982742859973,-2.74221032997542,-0.63399932646305,2.25304949115468,-1.70668746195773,-1.93592529622773,-0.201473654686495,0.380456328035177,1.40327228959167,3.03812065094785,4.71376319455769,-32.1945433842681
"plausible_anchor",27900,2.12972905733807,-2.50423305811844,-2.79259060652862,-0.654811751050211,2.24440735401103,-1.78506243978934,-1.8913606279169,-0.181131171679954,0.00972859123954667,1.75541303435352,2.83921724337898,3.996934066978,-35.3309074340305
"plausible_anchor",27920,1.9522948329474,-2.45894028627874,-2.74776683143182,-0.694143827807207,2.23023090671021,-1.41617176331564,-1.83980642591011,-0.203002364393386,0.13855004379258,1.8036439646417,2.62868499486906,4.17497702452122,-34.5701447328872
"plausible_anchor",27940,1.84754235367015,-2.39654538209919,-2.81154240252681,-0.670175980928263,2.22665602765345,-1.35698327358006,-1.8182194691674,-0.00629900513499489,0.31560881585436,1.61383647661177,2.52135739922713,4.51795061411603,-31.7211775337159
"plausible_anchor",27960,2.10349392029575,-2.45840487906103,-2.80913405913374,-0.597791133083011,2.13085093866678,-1.84141571777055,-1.81100586674278,-0.0787229383902205,0.433518391437534,1.68352327550018,2.56184084368775,4.54638131795404,-30.8246148965303
"plausible_anchor",27980,1.67537594286206,-2.41802280676716,-2.90342750747678,-0.530751039964018,2.1954227538253,-2.00520924238675,-1.66073783099722,-0.0112962119245687,0.0814719712233488,1.67722023445651,2.82099310551215,4.33390046327544,-30.9794621441807
"plausible_anchor",28000,1.79982396950373,-2.38646016739638,-2.87552512082338,-0.552300726314177,2.22798577575945,-0.994019558188246,-1.57458498846953,-0.0859537524950414,0.256179647948765,1.86209940773769,2.72355695501414,4.90806291883172,-32.5523323945757
"plausible_anchor",28020,1.91353953447743,-2.46650730425461,-2.76009578213394,-0.633000225790437,2.23148767233793,-1.71312601770922,-1.81348527458944,-0.139807901650107,0.360143532578578,1.80215976405589,2.6175836277557,4.48471230796958,-30.212236380636
"plausible_anchor",28040,1.97190096385579,-2.43388177858047,-2.75648277983515,-0.640695633682329,2.18240104094847,-1.26239286194498,-1.90096599186129,-0.12416633505365,0.512562694032326,1.74492730679547,2.48807365113212,4.84324328994408,-32.0078429817584
"plausible_anchor",28060,1.89640431263298,-2.51567345512911,-2.81852694475483,-0.531336609291977,2.22000773929675,-2.19927349719972,-1.95127449991158,-0.254722004963586,0.0101339508177401,1.8579365141337,2.8796465666274,4.68861255319338,-35.0269711404187
"plausible_anchor",28080,1.5755636338804,-2.46060328437627,-2.79942049232166,-0.565140783436705,2.22751041026891,-2.12036375859571,-1.67537636574893,-0.159173346694846,0.226579042183065,1.65119943459426,2.54536051685289,4.96788048368242,-32.9827047159912
"plausible_anchor",28100,1.98791956830442,-2.51504768481542,-2.88381097650133,-0.606616571859302,2.42222765726625,-1.4505207234129,-1.76628073807662,-0.0642184234383522,-0.210407326646004,1.53689657024453,3.02990759999229,4.8217529401515,-33.2576921748713
"plausible_anchor",28120,1.89355898256963,-2.36869622532396,-3.02246081184267,-0.538828172247057,2.22587339401051,-1.55145163423766,-1.7405055881063,0.0347378392172791,-0.063586951100523,1.52790451414015,2.67395226397966,4.61359234305169,-33.2059941126235
"plausible_anchor",28140,2.25030122845758,-2.53148499251983,-2.87441297002881,-0.517527369320938,2.15850500427628,-1.80064705038389,-1.78011178382152,-0.107158749038576,0.178396494904432,1.76244481080234,2.23199344756299,4.66234996934174,-35.741652411431
"plausible_anchor",28160,2.08387842170314,-2.44433438709049,-2.85952530842814,-0.578938635157383,2.2396946826878,-1.83038600370414,-1.92222537793257,-0.0446329443580182,0.191233045804941,1.86522467005825,2.29786614812515,5.14068112935777,-34.5771182023977
"plausible_anchor",28180,1.97639831460271,-2.5179259693463,-2.75198618299559,-0.6405422337783,2.1879125860249,-1.43440215751306,-1.9546486786038,-0.0345110524461237,0.204366921594802,1.81588781422351,2.37749605995498,4.75682056850846,-32.0629545237425
"plausible_anchor",28200,1.74280239410235,-2.41355424426047,-2.85111240938021,-0.525272662927137,2.0733855056782,-1.2501419746473,-1.92395909879771,0.00913297435645531,0.282372533133418,1.85022732328643,2.29243653542436,4.89338093817595,-33.3116824057115
"plausible_anchor",28220,1.7106792119645,-2.41583887028028,-2.83494268646642,-0.548671554742014,2.09371695263269,-1.70216419244412,-1.83608643890267,0.0151125157143693,0.446656127144302,1.90142208123728,2.33548660878702,4.6212479262372,-33.5247880361019
"plausible_anchor",28240,1.62401795172579,-2.34143217311181,-2.87742455822335,-0.608623702136324,2.26744899039699,-1.92762272300839,-1.75525243411233,-0.000950923641385468,0.337157792909087,1.49071807867452,2.80566848057931,4.60050501066535,-31.0291833124036
"plausible_anchor",28260,1.97057562226822,-2.48037130165986,-2.84171902963032,-0.535335404576245,2.23963321137584,-0.699206785171871,-1.79545955384967,-0.093558618808704,0.191122926842027,1.76806123916096,2.63884632571188,4.86061720232033,-30.0312565026078
"plausible_anchor",28280,1.73521023512896,-2.38064644440699,-2.93600566285112,-0.527348017830162,2.1892373386879,-1.76182880354327,-1.85019728885908,-0.0550425922922839,0.0853601209049096,1.71909197983256,2.82702978561929,4.30260761773213,-30.0457125342047
"plausible_anchor",28300,1.67274587667356,-2.44669756198011,-2.92594998233203,-0.475003383469501,2.31656034063444,-1.52922198000637,-1.87608951557819,-0.00773040150786782,0.0668181223787499,1.6013790810061,3.15968931412269,4.3697187034479,-33.4268413053581
"plausible_anchor",28320,1.80623016366381,-2.46719939644114,-2.89033962331962,-0.477084796986432,2.39706519608041,-0.941112499873836,-1.81854584188693,-0.192891912838423,0.20049453005131,1.60262543764196,3.07281528187266,4.54010143386588,-34.3036179747835
"plausible_anchor",28340,2.05507088730929,-2.56755108547408,-2.7535522540722,-0.596554727971653,2.20745421211544,-0.581892731889661,-1.46748601584112,-0.0725099329372408,0.193686885827549,1.66599230352905,2.85354668206639,4.54679118393938,-36.0954430882244
"plausible_anchor",28360,1.91601380482129,-2.47217628178546,-2.76148862671804,-0.703375221537247,2.32897819079371,-0.644710675071077,-1.75974709104336,-0.0919152852246751,0.410893876919752,1.52661514701093,2.86782182845007,4.46127337663457,-32.0882822367429
"plausible_anchor",28380,2.05662064564365,-2.44743385466768,-2.96167961304152,-0.580932431401691,2.34248183324586,-1.36627070892778,-1.79875466681854,0.155210152038753,-0.354352505256793,1.73026422080517,2.97226708249117,4.88245627498191,-33.0809821728505
"plausible_anchor",28400,1.73501931177139,-2.39430315170266,-2.92944342601032,-0.607463146185518,2.12893030728081,-1.09019800000303,-1.67107649738166,0.0652924756376035,-0.352366732398882,1.99358889594409,2.84967266564656,4.42914363920273,-35.4568945176821
"plausible_anchor",28420,1.99348843231026,-2.47968179132951,-2.88168203799831,-0.558672896561092,2.24531792954739,-0.910610277494327,-1.71555974938719,-0.0583554265924748,-0.0964407729548345,1.80279671803438,3.11113918991595,4.02071487095151,-33.6610904189538
"plausible_anchor",28440,1.50114926585756,-2.4601441847676,-2.88683485356704,-0.55998218012101,2.1186259853201,-0.540599428913206,-1.74231647913519,0.0195049641964125,0.0174387539363874,1.96861995125031,2.4437364082392,4.60502807733756,-34.5951299841056
"plausible_anchor",28460,1.81828131883661,-2.44837634834782,-2.88807790210181,-0.498897224016477,2.09976416903541,-0.981599255108352,-1.82061562744875,-0.126218729920432,0.212049859508366,1.61576812378059,2.34633030770464,4.89720818267091,-33.8087057537885
"plausible_anchor",28480,1.47464920468432,-2.43754311178145,-2.87827897838289,-0.534616316077307,2.23240029577015,-1.46516093825178,-1.85166763317401,-0.191469982919358,0.271248737926162,1.64606243961325,2.95418043109518,4.60449037386181,-33.4589330222987
"plausible_anchor",28500,1.47250640045922,-2.44306589848,-2.82114291649076,-0.560498973447227,2.17945087755122,-1.31987724390422,-1.75184262252197,-0.161129056072235,0.392734983399056,1.71363151800109,2.76045273171136,4.33109576591542,-31.240907432878
"plausible_anchor",28520,1.87135298972512,-2.43710426356725,-2.80076992596547,-0.581557826059311,2.1385667492342,-1.52248662704608,-1.85072208533306,-0.153963576175312,0.510697747901556,1.48281260945276,2.87243725936778,4.3193539480756,-30.6680460780602
"plausible_anchor",28540,1.61461098098361,-2.41586474964976,-2.88084474650516,-0.536381293739342,1.98203473463993,-2.03876508365685,-1.83308954211721,0.0374969449297809,0.230629284650424,1.77124579377514,2.42149991070351,4.54448075772327,-32.6301379466527
"plausible_anchor",28560,1.75629068455254,-2.364503601893,-2.88377619410865,-0.561238002767327,2.267250499363,-1.00154792263782,-1.65524347442546,-0.111828981890129,0.0964578162239984,1.45261504301613,2.989776622011,4.44148906153735,-33.3448659241408
"plausible_anchor",28580,1.56669637220887,-2.4394745279889,-2.7990244866967,-0.54964296797674,2.16947123125794,-1.18368980771729,-1.79911513030141,-0.259279394905036,0.40103493667257,1.55416060212164,2.66234148169289,4.76265449499837,-31.4583651319285
"plausible_anchor",28600,1.49744727897879,-2.47578470592086,-2.74338369510527,-0.676669388932889,2.2403137338016,-0.407269447857994,-1.86693805914676,-0.0306073182923605,0.471583204788541,1.28797392268213,3.0121966724872,4.41610330933959,-34.6742708959716
"plausible_anchor",28620,1.82563842077609,-2.49897151932778,-2.81494791599322,-0.596143192066195,2.23786616388281,-0.925879495103638,-1.7896758197764,-0.0940285439008476,0.161473373850574,1.4259427331362,2.86868770646634,4.11406016492056,-31.9260120243291
"plausible_anchor",28640,1.63818843739962,-2.5420357280156,-2.82959365654201,-0.532002904432655,2.23608832508533,-1.43840038776652,-1.72892117596313,-0.0413565866676899,0.135352903796557,1.61326896270907,2.78902658501271,4.3331923071978,-31.7534934760126
"plausible_anchor",28660,1.93275639124754,-2.45554424065532,-2.90018705141664,-0.543459171007755,2.32544488362201,-1.23864818010761,-1.74443207626077,0.0362299660932408,0.0305519943227221,1.53130228383119,2.87607099104014,4.7079897092055,-29.8460023865487
"plausible_anchor",28680,1.71829202043259,-2.40347417519178,-2.89146624041683,-0.548022797454189,2.29666636366229,-0.597982860575072,-1.76351548710677,0.0068999144007765,0.217247796759007,1.52952367412762,2.89378885029593,4.96205523390826,-30.625701608825
"plausible_anchor",28700,1.95545169347124,-2.46699229876351,-2.8375980299021,-0.526518189889322,2.25501579984811,-1.77799397807541,-1.85940075904505,-0.0269700839353921,0.499089225498579,1.72394061169426,2.82740777828186,4.96707266425422,-32.7195644376015
"plausible_anchor",28720,2.08908095944982,-2.45692308248238,-2.92914878397096,-0.55112585881949,2.34684007822353,-1.53088500016397,-1.76567675980256,-0.0131377109277704,0.152875780003475,1.57778033033797,2.94875888268786,4.86787293042374,-30.819992407021
"plausible_anchor",28740,1.8175284314716,-2.53061199018148,-2.86688637237633,-0.541703313627106,2.14671627398142,-1.17410051001933,-1.80745509172679,-0.0521755950875388,0.179242603552483,1.82021319649004,2.58638980912552,4.50925915200232,-33.7859647021142
"plausible_anchor",28760,1.88897286493605,-2.53061858322422,-2.79990102782066,-0.5537235899073,2.20607072343377,-1.43704478243841,-1.86513326729063,-0.176893940989195,0.548852890315997,1.4781686987906,2.63098389441212,4.63363307229904,-32.8416715411026
"plausible_anchor",28780,1.88160422380983,-2.55597673989103,-2.74119220345957,-0.558871740767828,2.14296808901879,-2.04095128343379,-1.77422094883805,-0.164645361407994,0.59056260190281,1.6350552267133,2.66274170490736,4.70100824402901,-32.9412330386519
"plausible_anchor",28800,1.59525814408845,-2.45322138000569,-2.81656081697539,-0.516537907862807,2.10917730091174,-1.50323131592803,-1.86162035513866,-0.294794895438313,0.484232431853298,1.81584702804385,2.56969229679527,4.36241423139755,-34.3342335920956
"plausible_anchor",28820,1.92720832560036,-2.49822500046949,-2.82187944618888,-0.569892590771604,2.15778844408566,-2.1850958961512,-1.88169969448295,-0.237809206118959,-0.124959930047097,1.9967580188298,2.76375612080898,4.65615394646314,-35.8158359945057
"plausible_anchor",28840,2.13296783070016,-2.52220847561644,-2.86459404978366,-0.538777335964257,2.23985985943082,-0.92481677248268,-1.63374262903538,-0.1537350547255,0.308929292241373,1.41049292887827,2.78063205825799,4.85879223766935,-34.7855320240002
"plausible_anchor",28860,1.94212659884789,-2.59431823595657,-2.69103332392973,-0.700444547627193,2.42005021092085,-1.31379624351012,-1.66637727082817,-0.176479402838239,0.370371236948701,1.58604852895697,2.75443951122392,4.73897246398522,-34.1127045345906
"plausible_anchor",28880,1.94212659884789,-2.59431823595657,-2.69103332392973,-0.700444547627193,2.42005021092085,-1.31379624351012,-1.66637727082817,-0.176479402838239,0.370371236948701,1.58604852895697,2.75443951122392,4.73897246398522,-34.1127045345906
"plausible_anchor",28900,1.66795457408411,-2.46778786305406,-2.79679933493499,-0.591053613570315,2.30747956504034,-1.43123352312069,-1.79386358063243,-0.187820958788776,0.428694142739966,1.66093694204036,2.76269219658472,4.44357606049975,-30.4887985526787
"plausible_anchor",28920,1.53541474496395,-2.45904641823251,-2.79493285659527,-0.564739240628573,2.23135387816968,-1.09313537883887,-1.73729127511152,-0.281141262741704,0.19952887004909,1.73120317937104,2.97824288003068,4.4661425726931,-32.3025138899435
"plausible_anchor",28940,1.6626094999448,-2.51179729845419,-2.83937919375786,-0.582166200523651,2.24784861819215,-1.19059204296301,-1.62247653343842,-0.00329614683893734,0.129561245683029,1.61345822957013,2.99847221823382,4.23786805689363,-32.9441826412884
"plausible_anchor",28960,1.95267432049904,-2.59111437665909,-2.72058556527161,-0.699270841325217,2.42565223382434,-1.89713527662795,-1.73693408987896,0.0567237761217122,0.0872609211914243,1.54961923054185,3.06694139378371,4.75407648583794,-33.8994259144434
"plausible_anchor",28980,2.05886021834569,-2.53224930086105,-2.81481514006015,-0.607073147238589,2.27026533138161,-1.911042676009,-1.66136570053701,0.0199946237448124,0.0632038355052853,1.69758594187539,2.73677534443739,4.92870382087688,-31.1265336197131
"plausible_anchor",29000,1.80171638325622,-2.53434893137826,-2.86482684868282,-0.51408374688843,2.38876161533739,-1.48408980275518,-1.67907592287221,-0.183646840064276,0.420365369117056,1.10818743209118,3.08198152572592,4.93568111498125,-37.7851372896061
"plausible_anchor",29020,1.25790686115002,-2.3791697070915,-2.88090245246869,-0.565530044398047,2.19789393662414,-1.7153159645905,-1.99174992781524,0.000928123374089762,0.447169670354194,1.33101648111748,2.97531086767785,4.13119493348133,-37.2723904314304
"plausible_anchor",29040,1.64589897067146,-2.47234824094128,-2.81741121906639,-0.632925514095199,2.22151987109087,-1.10814737681991,-1.76532309365951,-0.132800522841523,0.043292624314032,1.53820158576913,2.90891416445103,4.38284025297978,-32.6062933545019
"plausible_anchor",29060,1.32147964616185,-2.36211522995951,-2.83538959132295,-0.627283846688068,2.29535278755425,-0.656337816162592,-1.99488492153188,-0.134828762977593,0.269867275765256,1.67048945865669,2.8617938116874,4.91703348897989,-34.8507928596641
"plausible_anchor",29080,1.46633461722187,-2.4789545690366,-2.86654110684753,-0.61350196855298,2.33378538832655,-1.1659848177024,-1.8516092618567,0.09843706787202,0.0475652959079645,1.46669186562972,3.09974824098354,4.34520263184341,-33.5393707507358
"plausible_anchor",29100,1.37206000245515,-2.43998096155742,-2.81598153087362,-0.597336715223188,2.17015861440779,-1.16005246262696,-1.86061424540137,0.0466482570124488,-0.0764961053461659,1.92450498931118,2.6704629063212,4.54367502657757,-33.4794378661944
"plausible_anchor",29120,1.66658964078447,-2.52595123067244,-2.70815971415245,-0.655374655383503,2.32554546358322,-1.81876379729374,-1.86511277153876,-0.235818772849634,0.205221106091707,1.89542125239721,3.07730819506162,4.55935343767403,-36.5889765952803
"plausible_anchor",29140,1.76121837457091,-2.50082062463748,-2.79214943400596,-0.598743425663489,2.24054970954657,-1.41619919579232,-1.87021471794293,-0.112910740534036,0.417155838452044,1.65513256699715,3.01209506907967,4.22103135709392,-31.8640833842363
"plausible_anchor",29160,1.93513639517124,-2.50182614040782,-2.82730988865496,-0.561799487472791,2.26204098915282,-1.23100084141463,-1.81536767224267,-0.164936967571132,0.159551037315226,1.77791141019794,2.86678319572465,4.20841427379031,-30.6054053455027
"plausible_anchor",29180,1.93314686796305,-2.43288443982917,-2.80949605835328,-0.614011064586734,2.18488459709986,-0.45250078031641,-1.83212257021126,-0.177761559645661,0.172285207064173,1.76058148845089,2.88275794948194,4.10841008721567,-33.1175032512468
"plausible_anchor",29200,1.97438583602175,-2.41940563067476,-2.90818514990766,-0.542358316857084,2.021218704427,-1.11084964899444,-1.8089934136263,0.0338757013123392,0.0744190070351129,1.57144466216993,2.77089826641466,4.03238130344877,-33.9454308890388
"plausible_anchor",29220,1.97035533020433,-2.3980513317268,-2.85832646119578,-0.58655814693215,2.25030327237516,-1.25531336158323,-1.83537305294816,-0.12792653854143,0.226260146157376,1.77482797402105,2.92313926663132,4.56800503082931,-29.591397718911
"plausible_anchor",29240,1.66141034818756,-2.4020041782404,-2.84277229873647,-0.551273270020216,2.29114649184216,-1.60834957605119,-1.63560550015076,-0.0610835603022657,0.141790769832197,1.42175829077484,3.08793283922123,4.36213909862986,-35.2469298784158
"plausible_anchor",29260,1.46725217527862,-2.35587608051976,-2.89090614674927,-0.611717478187523,2.19125799272906,-2.01269153477119,-1.67884605459547,0.0188762074463452,0.03994286847597,1.77323325496105,2.7624607333213,4.14376815280716,-33.7776928065645
"plausible_anchor",29280,1.71819077251123,-2.40106959889181,-2.89016245286933,-0.560914485369062,2.16516178341956,-2.04364679703143,-1.91251797779409,0.0129202603435759,-0.143167767486496,1.57835595500964,2.78402546896574,4.42472161949415,-34.4666607027396
"plausible_anchor",29300,1.57428000451361,-2.49082380517408,-2.73176458665233,-0.609789038568482,2.05657480194641,-0.633190308085689,-1.7187318601408,-0.0536049821528902,0.321116331086223,1.8519945030231,2.71725612871401,4.51839269170177,-33.1019769940604
"plausible_anchor",29320,1.78785849164327,-2.39342000874437,-2.90271681168951,-0.558170717691621,2.18500888539744,-1.77675586122909,-1.68842443464619,0.111635951893374,0.0123339787624715,1.70242991164137,2.8511388409952,4.73739866213738,-31.7065280090894
"plausible_anchor",29340,1.9537828718254,-2.43889848982566,-2.90993214115856,-0.571778967334177,2.14252262466945,-1.99829380897666,-1.80609874920009,0.0685620196635663,-0.13173754843205,1.61918025504964,2.7964178190265,4.4849279938512,-31.3924872396783
"plausible_anchor",29360,1.80952932545552,-2.38367921591798,-2.94349928631645,-0.578456116771845,2.11270542111503,-2.27409477728559,-1.86067219464585,0.102898622664974,-0.027089473181761,1.65552423876843,2.65328641565212,4.13438670089786,-34.6065151352265
"plausible_anchor",29380,1.94183819656066,-2.43732155874122,-2.84771271108743,-0.552815271301831,2.1799953515588,-2.21191059880927,-1.71796063934546,-0.114837138345409,0.656739125259832,1.38660875654818,2.57092687521576,4.72804655528718,-35.5422056612015
"plausible_anchor",29400,1.67364001726401,-2.45485871898774,-2.76825271121251,-0.564929948532171,1.95440599202293,-0.83791321017593,-1.7444131221722,-0.111164549816216,0.32941559683537,1.74133437331384,2.52845529443723,4.60240129956896,-32.0512515894583
"plausible_anchor",29420,1.49317301798833,-2.3959207266877,-2.7679752213271,-0.599258890965729,1.95868298744872,-1.43015182210201,-1.75499373728523,-0.0970510013558878,0.2261938684942,1.82492268543542,2.32219946047096,4.61676011744447,-34.3253972805099
"plausible_anchor",29440,1.98259749900973,-2.4839856635189,-2.88929978707305,-0.482733780326242,2.16580117393414,-1.75849951950556,-1.80558811948932,-0.0383474684525703,0.10088490713843,1.75942984454843,3.01489315720267,4.41157863185137,-31.4521830327668
"plausible_anchor",29460,1.89061770425162,-2.45532699967913,-2.87874656566529,-0.50796099267433,2.14667937167352,-1.88126118184144,-1.84147133795801,-0.0833343891807297,0.0921040397732345,1.90731352408015,2.90411926225474,4.67908975352178,-31.2407465043444
"plausible_anchor",29480,1.94929373479534,-2.44080980596258,-2.93859805035433,-0.543767694309298,2.22622508508457,-1.44229903895803,-1.7328265092099,-0.0233107576118641,-0.0272401374819175,1.8212619915688,2.57036932947839,4.76677443570134,-30.2746272003791
"plausible_anchor",29500,1.83057710060755,-2.55668602204132,-2.78406129551409,-0.602963306435888,2.29167734280762,-1.37091224029233,-1.76991523903513,-0.0912795007624982,0.130426490665975,1.62238495959976,3.05907571523676,4.31651409818519,-30.7781399928517
"plausible_anchor",29520,1.91928471119954,-2.36560978168188,-2.99720474117936,-0.462523397928846,1.91616148033834,-1.59471126660353,-1.81836441945907,-0.131049445862236,-0.0274022249010431,1.78085785373981,2.65046516036739,3.87829511874582,-37.999848815023
"plausible_anchor",29540,2.01495255439075,-2.34502460197663,-3.01313996512026,-0.446092906769941,1.89939874151633,-1.72136532813029,-1.89429607540275,-0.105092285759483,0.122573853421307,1.79640759914798,2.30955467712411,4.23067831553796,-38.9597127169068
"plausible_anchor",29560,2.22958486232736,-2.35930496862899,-2.99508943434676,-0.478837882813622,2.04816778018038,-1.89955555727763,-1.80095888573222,-0.112132962327014,0.154534412225525,1.80388559695242,2.4383955726961,4.50142985791503,-36.5175357660989
"plausible_anchor",29580,1.85908973358833,-2.40415772300501,-2.86330079800556,-0.585995737505155,2.24714826674455,-2.37444844169218,-1.77936737460903,-0.0966363961635661,0.21090130704653,1.35652586740861,3.08780842983743,3.63788817079782,-35.5709249243356
"plausible_anchor",29600,2.12673281299232,-2.42805003891816,-2.79165437959985,-0.690429646147533,2.36274381777427,-1.53165467377482,-1.73252985437438,-0.197831534527728,0.449410507968471,1.40008352776027,2.98743207259044,4.36219416766085,-33.1250574568402
"plausible_anchor",29620,1.94426291292058,-2.53065670700826,-2.76982347620977,-0.617789320083895,2.16829011484695,-1.32569217194351,-1.85996747297004,-0.0181691378682797,0.0312107403136367,1.77562846520996,2.78064943887228,4.78064108883343,-29.602987251889
"plausible_anchor",29640,1.65139692200547,-2.49710877054736,-2.8055700486124,-0.568353915160702,2.22047089410726,-1.32722466201485,-1.73525561680482,-0.000348828638589,0.216043328729733,1.96349052989333,2.81359928145764,4.71104748714664,-32.4125834135025
"plausible_anchor",29660,1.96217516264447,-2.418571333162,-2.78109296704848,-0.601564518131498,2.03731927932773,-1.0726619448944,-1.8026439366981,-0.169483427337618,0.365940705651953,1.9719513010436,2.37604173186347,4.79251671143176,-32.2875894136032
"plausible_anchor",29680,2.25707093578828,-2.5557764400088,-2.73277973832193,-0.60054052391612,2.29512381187399,-1.79308491472702,-1.69268643911874,-0.237483968835044,0.368679420801424,1.81708156738209,2.66975205125301,4.97038110418534,-34.8672761214292
"plausible_anchor",29700,2.05620035955314,-2.4099365042314,-2.82995688287194,-0.589329900641319,2.09831487922471,-1.62068581211584,-1.72554245882097,-0.215050602615376,0.528931100473791,1.76431088325387,2.26948110309763,5.10831972663331,-36.7329934544925
"plausible_anchor",29720,2.10296436901807,-2.49184569987185,-2.85924002101334,-0.478519846264899,1.8037213962008,-2.35420285980914,-1.83205622802766,-0.180451113576326,0.28456386212558,1.92441551259961,2.26263587729945,4.68566538564594,-37.1706883905069
"plausible_anchor",29740,1.87748040790824,-2.44272821393995,-2.84804264309707,-0.553200779226294,2.05302749620857,-0.442026912634282,-1.89511507524386,-0.211237677075279,0.144210578922114,1.62571718230485,2.4357356678857,4.92606224581161,-36.3885216532889
"plausible_anchor",29760,2.15360513804776,-2.47834672295226,-2.86749140373968,-0.552581912091181,2.17145699889589,-0.983063088639933,-1.96655087791456,-0.206427906518788,0.0963620894480584,1.7108380225739,2.61254815578405,4.6995369547234,-33.9755115727949
"plausible_anchor",29780,1.64907270668633,-2.38961024416731,-2.84346425952974,-0.572356138833215,1.98698414053151,-0.972995231796973,-1.79176224172836,-0.0959101823589241,0.169397584476532,1.97874001986415,2.19200583160662,4.60206404783056,-32.2629744578893
"plausible_anchor",29800,1.93093193250856,-2.54346771190537,-2.77314013543797,-0.524973260356573,1.90799453087524,-1.29981870447181,-1.85796523296077,-0.156492421292157,0.474791450381869,1.80378217929869,2.279719277448,4.42237637332208,-34.4586358073073
"plausible_anchor",29820,1.78575555303027,-2.45652284896302,-2.75272521798862,-0.583856083824179,2.19043845061771,-0.972241737903874,-1.71954048394409,-0.234255191275837,0.39301639031172,1.67528656729423,2.73229439727084,4.41227760036769,-31.7964222869616
"plausible_anchor",29840,1.39392956936379,-2.39993869697427,-2.86717652801706,-0.534080467769287,2.01299540106661,-2.04308220227301,-1.84347143880267,-0.0736201787004152,-0.0895873631192213,1.95944666526101,2.4193955664044,4.85572754111364,-34.5579228632968
"plausible_anchor",29860,1.81491870794854,-2.37600238736682,-2.88094716800244,-0.568440799208656,2.04237557102126,-1.30532009178081,-1.82653055220363,-0.130984348612292,0.124323464392941,1.71896716364563,2.54272870866662,4.54493208112939,-31.3450343758052
"plausible_anchor",29880,1.98502866768202,-2.40929934636549,-2.88000576239888,-0.537875171623188,2.16974228105539,-1.63747330927371,-1.79087662342939,-0.125398826259866,0.242623260356459,1.52386506239568,2.68085736194549,4.67339160744178,-30.4728978335312
"plausible_anchor",29900,1.94115061273232,-2.3998259734704,-2.86582862098838,-0.554217762537626,2.14280578968264,-1.26918552419974,-1.81151589541857,-0.207629941385798,0.339549370119295,1.45732697643306,2.77684369758664,4.42398006906657,-31.838553874403
"plausible_anchor",29920,1.86391833888254,-2.46036524161198,-2.88803149261538,-0.551598202571208,2.35803876161253,-1.03632370650545,-1.77907554717132,-0.121768894597313,0.0828620951560243,1.43661744709635,3.07230799719291,4.42689113398171,-30.9431276232098
"plausible_anchor",29940,1.57228867575652,-2.43289128704988,-2.87231299986238,-0.550258656638456,2.28120841042088,-1.16058517531447,-1.80659443174972,-0.0817223997441364,0.0792100735470836,1.77507014607963,2.85065340744083,4.5089466023652,-29.6185521868493
"plausible_anchor",29960,1.66124446778469,-2.48512635487904,-2.85437790922452,-0.504348936528858,2.03963809578844,-1.21410541129749,-1.81420216520368,-0.0553858241616536,-0.0893197511761073,1.83674919189064,2.74267843935862,4.12275625510407,-32.976860625537
"plausible_anchor",29980,1.75617832689866,-2.49354283652105,-2.89905416681219,-0.42450224361955,2.00835508675239,-1.16736683698872,-1.73121699580282,0.0619513058883806,0.21613565679645,1.56229827261498,2.66024516532098,4.49238952811071,-36.336354808782
"plausible_anchor",30000,2.03521180369314,-2.34388677873461,-3.04335610795225,-0.524503452530422,2.15701715934111,-0.756589004167028,-1.82074240926842,0.078685053017726,-0.0723629371714879,1.78642497601732,2.97737126576544,4.56862249633635,-34.5992096966206
"plausible_anchor",5020,1.65033621761209,-2.49522984233091,-2.76198507455574,-0.618566054657727,2.26631043226634,-0.964861790917,-1.81251864622616,-0.0591073596983943,0.318988105793363,1.67428976330066,2.8484118216865,4.1195329506643,-31.569166897491
"plausible_anchor",5040,1.69396613134091,-2.45710120489386,-2.79286115446946,-0.660131937516914,2.2354809364222,-0.759829634373956,-1.8635706195309,-0.0604406044386497,0.141794025691681,1.55559664659438,2.98198468545348,3.99292844285642,-32.6070263565667
"plausible_anchor",5060,1.79163726430125,-2.42491382899126,-2.79157708668133,-0.658009566560955,2.18487843285494,-0.955578720141762,-1.95785002754982,-0.044925418620139,0.23928502187691,1.86414536213166,2.81752630717834,4.30860801813912,-33.2646384077629
"plausible_anchor",5080,1.99742005236046,-2.4094856213322,-2.81722724560924,-0.581539455575045,2.22609122933801,-1.46852549115892,-1.89715114833681,-0.13112201067985,0.363554855401875,1.68730412845717,3.10702707530114,4.66002742818575,-32.1403680806854
"plausible_anchor",5100,1.61902631623471,-2.53003100249624,-2.78843877308391,-0.549558233370759,2.24232540767034,-1.52433444491561,-1.74966816617957,-0.117919037991622,0.309171969868071,1.77601195252295,2.81346696842638,4.71113352615911,-30.6512508982184
"plausible_anchor",5120,1.86955470506408,-2.46621047466311,-2.87037488935355,-0.599137419766454,2.37007293921532,-1.39885911052531,-1.84182570880012,0.0785076766780695,0.166949401672673,1.67481624954863,2.74925746055362,5.202236119411,-32.9382601758604
"plausible_anchor",5140,1.6438230167314,-2.44874433903721,-2.73819470522483,-0.702836947820311,2.38439883739627,-1.46547229478138,-1.8070114160124,-0.0483220667377537,0.239174855444083,1.52040279222808,2.74746723470523,4.77296240828089,-32.2993488484162
"plausible_anchor",5160,1.60562152049341,-2.53242205734401,-2.79701798631452,-0.621328424003296,2.26513583977938,-0.923796534702531,-1.8526997125343,0.180559124985058,0.00357399105250771,1.59896971902872,2.88657536993276,4.97081913780928,-33.62836911801
"plausible_anchor",5180,1.54574066948321,-2.50932003123348,-2.81988888626132,-0.601316351111147,2.22914371938441,-0.94998201947483,-1.80621253207311,0.10813852766023,0.100557920853521,1.57955557091103,2.95368496313277,5.18346033093853,-35.8731931173684
"plausible_anchor",5200,1.76587325226259,-2.44695789852511,-2.8195802060964,-0.59998817111022,2.3510535438131,-0.976981905759015,-1.80922855435357,-0.0923512812098536,0.225719937770705,1.50489068874734,2.93102921670494,4.9408102857723,-29.0483824041911
"plausible_anchor",5220,1.94852532557951,-2.4121655310649,-2.8342007722366,-0.609432801131256,2.32105949279918,-2.05795426499706,-1.86960999960647,-0.15101502870535,0.272844049748653,1.51430284905285,3.04126488121511,4.50938731949898,-30.4271754342465
"plausible_anchor",5240,1.96295338400257,-2.48939405659072,-2.76461924897557,-0.61944570314176,2.31802796280738,-1.87470753662298,-1.85877572548373,-0.109426514950651,0.0678882797291693,1.75910534452142,2.99539484866913,4.96878925813184,-32.3003438781446
"plausible_anchor",5260,1.99651516250793,-2.53023365107503,-2.83165160376618,-0.521454633330842,2.26186092376641,-1.14758838780604,-1.86883965481855,-0.131302025418791,0.25938944899809,1.73062147801501,3.02637822993943,4.54829912021194,-31.2186011066506
"plausible_anchor",5280,1.90298709198729,-2.3904907071506,-2.84487731198381,-0.570264683148773,2.19155194408336,-0.994251926703265,-1.80707844927317,-0.163539624405859,0.446459666586077,1.76006779583448,2.81221502314118,4.12053505724236,-32.1004795158821
"plausible_anchor",5300,2.22030873154261,-2.42856456989622,-2.83257961931225,-0.544649275989355,2.21447178110621,-0.815947218091341,-1.85089718988768,-0.160065445995205,0.51659949881697,1.94767854146273,2.79372671587555,4.55195385282279,-37.8877098502538
"plausible_anchor",5320,1.79258217811306,-2.47354519138802,-2.89116738217405,-0.515240064717809,2.16351639189928,-1.33442722965504,-1.65581976274601,0.0708561037053533,0.0929620363507143,1.8243864286344,2.82365398806908,4.16153332332506,-32.6592998265667
"plausible_anchor",5340,1.95994915407988,-2.39652020216872,-2.86567319691668,-0.561743650456052,2.11982156040142,-1.06039900267128,-1.80859832084712,-0.0153672387657243,0.316452327385975,1.76972839527514,2.77829569995579,4.4717709452105,-30.1739358192358
"plausible_anchor",5360,2.02138960000192,-2.48764658722518,-2.82465861707967,-0.587122285390115,2.23383446639349,-1.58452523407747,-1.667300011504,-0.149902273495195,0.349319923471805,1.6252764878249,2.72717505451553,4.57558346241401,-30.2754436599148
"plausible_anchor",5380,1.83421511244723,-2.45306892127681,-2.85802828677477,-0.535033180600238,2.08310525438429,-2.21712794983589,-1.68446536253353,-0.0908436603918541,0.144985876923191,1.81651071317165,2.70107490863355,4.69999057387479,-30.9946737447531
"plausible_anchor",5400,2.00864714974135,-2.4959456014824,-2.87490680797907,-0.561293809952191,2.17565518148529,-1.39078182520431,-1.80933384484978,-0.0586911271331384,0.0849964446604302,1.70166820822423,2.71314936877086,4.64272002615484,-30.0822389452947
"plausible_anchor",5420,1.92039829873316,-2.46474636251235,-2.87303069784839,-0.596207302715387,2.24435884279355,-1.43843401603928,-1.80112258650272,-0.0207402020100814,-0.125619307485809,1.80026663679256,2.79258009738717,4.79851149004721,-29.3200151683298
"plausible_anchor",5440,1.97965598243062,-2.44449876979764,-2.94105519381934,-0.520854961332941,2.22914892366039,-1.30524082242027,-1.83897033415071,0.0111063339214372,0.119403984101557,1.53416724667748,2.8665604073443,4.50432274481225,-30.1058092640885
"plausible_anchor",5460,1.97306727142064,-2.39505392774764,-2.89647933897469,-0.603113757528424,2.28340904359174,-0.913098401290158,-1.76515838678219,0.0141088302821938,0.149027151113797,1.58838594743086,2.82398763970184,4.71544472434172,-29.4912493871023
"plausible_anchor",5480,2.06349163109407,-2.52615338073596,-2.86037526666724,-0.551058632084336,2.21615508065033,-1.39180023791907,-1.81193033158441,-0.0800559469601725,-0.0180818835643773,1.61436135684745,2.89469620745485,4.47483770874151,-30.2946999635028
"plausible_anchor",5500,2.24455846760081,-2.56500401672591,-2.78284151343148,-0.653820691931745,2.23194758863646,-1.41203799133398,-1.82894926794952,-0.0262706050737394,-0.0159624566822621,1.74424940247712,2.77186987653592,4.09155969486517,-33.9536822607304
"plausible_anchor",5520,1.79397548811581,-2.51856550495445,-2.8769443351985,-0.474240714461893,2.19800288760831,-1.80989945024312,-1.74626702685286,-0.0528628098690055,0.0599066261504402,1.84418964748557,2.7087796883955,4.22674513705647,-33.9877342245933
"plausible_anchor",5540,1.8589930923542,-2.58903455044987,-2.80845438537412,-0.501633388988214,2.22552677353143,-2.03772134112571,-1.72175524451615,-0.125447505672683,0.0554745974725374,1.73373639034815,2.62817742144542,4.55518685530547,-34.4680733414247
"plausible_anchor",5560,1.75124325437807,-2.3635328303524,-3.00096411030409,-0.49631196531637,2.14959973903902,-1.86024925785778,-1.84414497400629,-0.074108963245912,-0.136966887354599,1.77397584529332,2.74008135865269,4.79200359367484,-32.1498289892761
"plausible_anchor",5580,1.84055452273326,-2.37030286861763,-3.01804409193018,-0.495673365270775,2.13448065974787,-2.36651548375055,-1.82077172171134,-0.0222579766397561,-0.12897928517894,1.71236987865022,2.80194777462062,4.62943041790568,-33.4965024564397
"plausible_anchor",5600,1.86397896677689,-2.35840178719374,-3.06193763604204,-0.542002671173916,2.29009098815069,-2.03170709625572,-1.83119049659037,-0.00472796139426605,-0.394395449904296,1.69570251509667,2.97762620092776,4.59797933383479,-34.0642543009199
"plausible_anchor",5620,1.53814020874239,-2.42808227075937,-2.98280557147161,-0.578441899252075,2.16588126621227,-1.71072213210823,-1.7678157134037,0.0604875074505631,-0.593868862156293,1.7680372000669,3.03716789952099,4.41869544365166,-36.6869196887548
"plausible_anchor",5640,1.91767571445516,-2.45177212122822,-2.83321900943009,-0.529643380703823,2.26462838797832,-1.19502584999486,-1.69290211263287,-0.117373994923162,0.0777449590606099,1.80945962312612,3.01543367319376,4.90826478715885,-32.9281152619461
"plausible_anchor",5660,1.87525333647807,-2.45350471000084,-2.81177901815128,-0.514856343290965,2.12319004444997,-0.456252903855833,-1.85689339968819,-0.121100898845162,0.432503910268891,1.6580459786459,2.78579359572409,4.41630489883792,-33.1083904609626
"plausible_anchor",5680,1.68503829138139,-2.39064149800948,-2.92987630860618,-0.530561174030325,1.98697329683192,-1.06106963100754,-1.76541238872934,0.0790175261617258,0.212478225266375,1.66107593801269,2.77363790844367,4.05122060454381,-35.0006971598377
"plausible_anchor",5700,1.6099272815717,-2.37115431543661,-2.94638254800566,-0.530933962794353,1.93520471456413,-1.66423620453236,-1.78601231240754,0.16111264217477,0.0326036203468845,1.67763035310717,2.83082748836503,3.95886567371812,-37.7463655934258
"plausible_anchor",5720,1.77754067658388,-2.43422801516589,-2.81960659639584,-0.578121665101545,2.24975996975341,-1.95605670223382,-1.82650268720072,0.0120687272048231,0.596587493728984,1.19402296124486,2.92850329479761,4.63091943341802,-33.300322644977
"plausible_anchor",5740,1.8807384467847,-2.59615883460399,-2.67542059479623,-0.688410525853698,2.17218135490578,-1.51899250545952,-1.87320166981177,-0.151979358008646,0.564994516035948,1.53905617564342,2.80045873956977,4.3085034668944,-34.8902724456227
"plausible_anchor",5760,1.60432942006894,-2.41340128307174,-2.78569949464194,-0.682482138056467,2.18804998731854,-1.60561854998166,-1.7993740450041,-0.0391758561971777,0.459411993122374,1.39450718615666,2.77201871873455,4.71399858860232,-32.7865068846819
"plausible_anchor",5780,1.63824024880558,-2.48419733016296,-2.71809692755106,-0.672193564876988,2.21434154374956,-1.25724132403581,-1.76422302089375,-0.214282099696646,0.531553446085178,1.6768406769878,2.55956948785912,4.76541730627897,-32.5883233856897
"plausible_anchor",5800,1.63813629622134,-2.47607829825937,-2.73134963505086,-0.638139045803339,2.22289843716539,-0.994576987227824,-1.69740346578238,-0.299495155219419,0.580328797434077,1.69790681078893,2.66374594831818,4.49818335511809,-34.0371096057377
"plausible_anchor",5820,1.86237029131265,-2.4727369903965,-2.76802167422094,-0.589562462752968,2.23326863606812,-1.70785441555348,-1.76717384926384,-0.201252926951729,0.450630796676419,1.66637932676683,2.63979939580224,4.8685192880475,-29.8300991995137
"plausible_anchor",5840,1.81595860866506,-2.42630954905982,-2.80155347263996,-0.597698453528669,2.27180787275384,-1.67264842277273,-1.82867315329551,-0.174892036286235,0.34168981893074,1.50561596691299,2.91399575910172,4.74714339347499,-28.8368045421885
"plausible_anchor",5860,1.56668847082894,-2.40680114691913,-2.80820316862203,-0.617483669132604,2.17293782796785,-1.6100778201189,-1.71883039013287,-0.0383472572669237,0.0794694615051168,1.67269819254509,2.80690772678748,4.69054045772864,-30.448951158023
"plausible_anchor",5880,1.69135712642729,-2.45957407340438,-2.7943700292192,-0.574871738368495,2.09160916292408,-1.868256696087,-1.84982921165828,0.13992944656865,0.171881234044516,1.87556350608202,2.72467073983343,4.69302466018861,-34.4032051040801
"plausible_anchor",5900,1.76212775046779,-2.48237999197593,-2.87170352520021,-0.59226610110228,2.16538078855138,-2.32600331651789,-1.79956214268288,0.02205181025611,-0.279241901527137,1.73850758962701,2.84721155637992,4.40963869853087,-32.7506114561455
"plausible_anchor",5920,1.9050893054555,-2.43416490652643,-2.86317913238654,-0.615268916207129,2.21220312880626,-2.13921041962738,-1.69361258159015,0.00013257023411482,-0.230818257882356,1.59696975578583,2.91578310826025,5.1215551838707,-36.4328348692595
"plausible_anchor",5940,1.88894874168292,-2.35556916817558,-2.95106193669172,-0.51412171718771,2.18340938864986,-2.592621953645,-1.80794178804536,-0.0240662199199645,-0.0907197612130165,1.7071798250667,3.00992444466967,4.9953255812578,-37.3883342419435
"plausible_anchor",5960,1.80231665235328,-2.48532379170792,-2.85328259433191,-0.517037046129966,2.20212236995785,-2.28180416915316,-1.92695102503509,-0.138219860782102,0.094106676290377,1.7557885540074,2.8108647995719,4.50407706996443,-31.8226340155499
"plausible_anchor",5980,1.57540788509665,-2.47545539087419,-2.81540013852667,-0.510655142498169,2.24287626016077,-1.89860678229303,-1.74712237622376,-0.381574971668254,0.168717378882706,1.78397422349765,2.99550395163485,4.03235000259901,-38.3664773042126
"plausible_anchor",6000,1.41485916888914,-2.44779961391389,-2.72267180885168,-0.668256240045398,2.21974053465141,-1.82679275727421,-1.69798764651779,-0.206884349169127,0.239275395485757,1.87675897477615,2.7936225713059,4.34742736410928,-34.8053833777895
"plausible_anchor",6020,1.63765825687441,-2.47283751226236,-2.82290375580395,-0.622342256718885,2.35705508263731,-2.01505911178854,-1.82900493240261,-0.042625782769843,-0.079694279999713,1.63308532689331,2.87462478182254,4.96980308349154,-31.4438073237885
"plausible_anchor",6040,1.7283947163939,-2.46117083334508,-2.82588628104696,-0.54461106721989,2.25597431216232,-1.10998771459054,-1.76467975861642,-0.123424223636591,0.324361058509993,1.36119459280732,3.07877803429741,4.57566883154371,-30.2625669583137
"plausible_anchor",6060,1.80353469276194,-2.47400070841073,-2.78253179059328,-0.536454412589843,2.16000912297986,-1.16660872200265,-1.78405099437524,-0.0623996879369458,0.250166994799696,1.59012752324993,2.86314128623275,4.63501954925291,-31.6123928135399
"plausible_anchor",6080,1.9906026314645,-2.49787457568857,-2.82615163862325,-0.59496337077421,2.18969191000151,-1.01442269029677,-1.82510205030335,0.137890026012776,0.0670666880620837,1.74279603564552,2.71683733573227,4.43365885371835,-31.5183384708037
"plausible_anchor",6100,1.99882220742818,-2.40755851940425,-2.85888896948343,-0.586394068587249,2.28828784038459,-1.37868267841602,-1.84273723437429,-0.0551953845858962,-0.0428428831086197,1.60779842095483,2.91455390403108,4.96950610765765,-32.6729404437429
"plausible_anchor",6120,1.98794209599484,-2.4677784476478,-2.82212217604239,-0.59743218768151,2.26469686107328,-1.53096435938843,-2.04403956581376,-0.0657565411335702,0.230745582455323,1.51705700079299,2.88552809611043,4.16389421618469,-33.0700364450638
"plausible_anchor",6140,1.77963442101839,-2.52719188082354,-2.78760236451402,-0.703451968447961,2.36750516108184,-1.07693111076552,-2.06567099333605,0.0848133232518133,-0.0294587995677143,1.64764351329996,2.89945421665058,4.80176559742712,-36.9707482908313
"plausible_anchor",6160,1.72465265372837,-2.49458916366765,-2.82647661983433,-0.704788619221036,2.35854561394394,-1.17716924319202,-2.09695887789903,0.095779402250867,-0.0907395133396965,1.66633512292359,3.03739948126635,4.26859661330094,-40.1427275786819
"plausible_anchor",6180,1.68081132285216,-2.46758684627001,-2.88331823656192,-0.578707601267477,2.23890031869033,-1.06234112879611,-1.89873853513568,-0.0146367399438043,-0.300019671924813,1.58757857098981,3.08303784987513,4.60701797791542,-33.0949165206393
"plausible_anchor",6200,1.61056138010083,-2.43149296946399,-3.00785695900273,-0.514602626917811,2.41504110132998,-1.18532449983941,-1.7316256121764,-0.0160847177926657,-0.28651203191958,1.55814501022146,3.0848736568958,4.66488062742099,-34.7809739405678
"plausible_anchor",6220,1.66319315626719,-2.41958974665194,-3.02491242240508,-0.573489308603431,2.42518130571893,-1.09268651297046,-1.76221171769876,0.0890481356240748,-0.367379666413978,1.6892111673663,2.96536653902997,4.61571093380361,-34.6933644833447
"plausible_anchor",6240,1.588950200993,-2.36178127133283,-3.01142249039961,-0.513260489816044,2.34592789533285,-0.89749466217015,-1.87076536253339,-0.106536284228284,-0.172992281978954,1.72796048665385,3.09212063952568,4.39370035470453,-35.2359534166462
"plausible_anchor",6260,1.49395779551139,-2.34107372979086,-2.95461506661182,-0.540429991751171,2.24422985534836,-0.704839024892466,-1.78650393787921,-0.0715746030467672,0.0590726662915237,1.69146459096527,2.82657363891732,4.05582333418094,-34.0159167656649
"plausible_anchor",6280,1.49153482613823,-2.33070893151334,-2.94802724737972,-0.518429300460648,2.10992447703724,-0.697023618908748,-1.76988316626311,-0.104739304562121,0.0339863442229182,1.84992300003119,2.72461266857612,4.38490715633937,-33.1699852067374
"plausible_anchor",6300,1.90565754577076,-2.49250318704254,-2.71915274047036,-0.623770562870803,2.15932416526349,-1.99844828055774,-1.90364270997732,-0.163016058512508,0.4247611369767,1.72255438631795,2.48848541917429,4.65272336057179,-32.5183244736545
"plausible_anchor",6320,2.01620202647461,-2.43370949833494,-2.81739930327132,-0.619084651295949,2.19686417996252,-2.40174768966236,-1.73472656656675,-0.267337501036269,0.173326398844252,1.78524409385255,2.60550084859809,4.06875247517953,-36.5397760757623
"plausible_anchor",6340,1.79305774200276,-2.42275956723384,-2.82833116427654,-0.61284479571947,2.21486127742696,-2.43128143910135,-1.7913866673071,-0.197834018256236,0.0464119904518265,1.77289314136725,2.62477928965111,4.30640935348152,-33.9143617804957
"plausible_anchor",6360,1.81237489511252,-2.38718835607565,-2.91050928919248,-0.506705558106021,2.03483496974304,-2.57837008113042,-1.69293848307985,-0.00401627568657141,0.0918641900572809,1.7287750185254,2.55072917029759,4.82088417205798,-34.9179433713668
"plausible_anchor",6380,2.05875656189375,-2.568821655891,-2.73755647301227,-0.597132552515175,2.10095309131485,-2.47190997466558,-1.77711771006528,-0.14536977552415,0.321221200292976,1.79140096343202,2.36379259737854,4.44472242829752,-34.6775612287083
"plausible_anchor",6400,2.15616421000851,-2.53857872499562,-2.83802625816129,-0.542822143614637,2.06134484209288,-2.01230391608782,-1.89091335975037,-0.140772155148779,-0.0240987127855465,1.82291234079782,2.49503137020868,4.3319671979411,-34.5534847919843
"plausible_anchor",6420,1.88112097023452,-2.41220981616027,-2.93497121354608,-0.476768803563864,2.13034513576242,-1.37985573664553,-1.74019893788384,-0.0588437553772664,0.154688647811766,1.68210237711243,2.87742225052405,4.71589491413434,-30.3480336466849
"plausible_anchor",6440,1.88230465747582,-2.43887760667286,-2.92964838700779,-0.444361884748094,2.19194167194216,-1.74205399756118,-1.84446796031752,-0.16368898851467,0.130854472133175,1.61247416728343,2.92725579241683,4.53397379090871,-32.4860065723263
"plausible_anchor",6460,1.76489632305157,-2.40749637056164,-2.83744527220551,-0.605675252167297,2.27547140254007,-1.55561871725595,-1.81320553415569,-0.144116000068758,0.169661814589727,1.62074147134518,2.93013858586259,4.56880668036462,-28.5955146157819
"plausible_anchor",6480,1.64731243482327,-2.43418840541246,-2.79981181583718,-0.618074709847613,2.26383234732011,-1.5672500938065,-1.73529976227818,-0.167193843910898,0.229773110985652,1.73725621596549,2.83154455499896,4.53558186068003,-29.2827855490973
"plausible_anchor",6500,1.4599190238816,-2.38674606706793,-2.86439398683928,-0.608247938264613,2.24770867353023,-1.66100176457891,-1.75058859673515,-0.0924857227395194,-0.11123923081236,1.75967670239817,2.96536503316577,4.65064699426239,-31.942651633677
"plausible_anchor",6520,1.54949722894022,-2.35384493273856,-2.84657675225409,-0.587255388162534,2.17687585350084,-0.16464929286752,-1.90366626949586,-0.13421966437233,0.23369517061312,1.67725836174978,2.62863344403119,5.03271440313207,-34.46638692081
"plausible_anchor",6540,1.38261152733183,-2.37251036525836,-2.7933978063325,-0.527742752090993,2.04496790237749,-1.7811040662007,-1.92705057180271,-0.198407594601929,0.370194165181229,1.55181835181945,2.68526787012302,4.71903379379681,-37.417843271799
"plausible_anchor",6560,1.5696748406268,-2.31464926084362,-2.92509400666463,-0.523011204697559,2.21447770617573,-1.23033704539215,-1.98997916066335,-0.0676597024036252,0.366519715355043,1.38527221990364,2.87836316372696,4.512224395042,-34.4088714234932
"plausible_anchor",6580,1.75401198090944,-2.32756588766935,-2.92858251875302,-0.55156100561296,2.30351442213256,-1.81900830779448,-2.02204800270672,-0.062543748759686,0.237874834799384,1.46922669925402,3.00818779642078,4.93937304235415,-34.1262837437895
"plausible_anchor",6600,1.48915481006164,-2.32796847761379,-2.9972904215613,-0.485727661382017,2.28647739811529,-1.47509379846835,-1.90313002227511,-0.0757305338121467,0.085031859304275,1.62883788874674,2.7281826122603,4.5959474307044,-33.689042455224
"plausible_anchor",6620,1.69178701282334,-2.35866893617914,-2.98752719695984,-0.533259627161808,2.35639052543055,-1.36282992398949,-1.87797615959041,0.0128059385871575,0.0275002852778804,1.51370385558699,2.82481616894502,4.69728015644571,-31.5829367326238
"plausible_anchor",6640,1.81669416180701,-2.39702918105107,-2.81120638146746,-0.60337796911198,2.19726322584347,-1.64600571367231,-1.85678058723081,-0.13291988678268,0.481830863597884,1.5013176184988,2.83673971179843,4.4542073996285,-29.9117072424107
"plausible_anchor",6660,2.10493994325152,-2.5092689323629,-2.85734422429795,-0.572940241664023,2.27140004775489,-1.45281612789031,-1.89078960486436,0.0786698555715961,0.139485047252018,1.44221996218663,2.85511431994872,4.7191314588807,-30.8865494850087
"plausible_anchor",6680,1.88528145697676,-2.49382485764401,-2.81867631218135,-0.590525953917279,2.24655494600878,-1.6051770098387,-1.75042687785843,-0.124997404982966,0.128836223480949,1.55198358428258,3.07012983853997,4.6431367944988,-30.0122035094276
"plausible_anchor",6700,2.09848378418089,-2.60312911694268,-2.70063035070974,-0.643715105721904,2.1810777766153,-2.06300273495633,-1.62470429001109,-0.0314139715203656,0.032226439000018,1.78082733091277,2.91571723797307,4.34640266673438,-35.3191839781059
"plausible_anchor",6720,1.66936279631843,-2.55621854334828,-2.76881214791871,-0.639757127360523,2.32458904545031,-1.41090318150932,-1.65957073600988,0.130873504071097,0.0250141203311691,1.36659877032723,3.16529322798962,4.00494417724274,-36.888992556274
"plausible_anchor",6740,2.02132633819227,-2.5403970199178,-2.76011365485216,-0.637274461135673,2.23310055970315,-1.59774196027102,-1.77584201656843,0.052201160318056,0.257280496603479,1.34275623372103,3.1203545721169,3.6320499858098,-35.3591537210998
"plausible_anchor",6760,1.80430992933239,-2.4703434321036,-2.81364771669898,-0.625564158558983,2.39573774553537,-1.08201053371413,-1.83764745541256,-0.121458217731547,0.240848097479266,1.56474499208261,3.03355229983642,3.91504750308474,-33.0876310820993
"plausible_anchor",6780,2.12454402034327,-2.49155976513326,-2.83679717743498,-0.573694630742909,2.1628929489113,-1.43221974898407,-1.82942565732543,0.0119553208682034,0.267483166017159,1.59390551855461,2.72210146873097,4.56827613502452,-29.6872440970187
"plausible_anchor",6800,2.18271759199043,-2.48159260194037,-2.78631498145847,-0.704172922714141,2.40518958006135,-2.21659650460551,-1.72549097628884,0.0860859849172727,0.31652017751009,1.58550902752978,2.74932720791863,4.77508668865966,-35.7525141777358
"plausible_anchor",6820,1.7031064572885,-2.55066385536421,-2.72405240069023,-0.675009814121392,2.40293922699283,-1.91813976964162,-1.77008017434315,-0.0742352442910179,0.337436353523885,1.5114121631416,3.06962248017148,5.08636664947126,-33.9714685300063
"plausible_anchor",6840,1.6640805803442,-2.52121708476485,-2.71062317384976,-0.668141369083364,2.20287073831184,-0.428132201024965,-1.89420205737679,-0.116021052428248,0.477307664466048,1.51559536607551,3.01064281420898,4.84001453086789,-35.0997223074786
"plausible_anchor",6860,1.7319084596952,-2.55766393687452,-2.67399036702087,-0.647576053942087,2.22278853539983,-0.456301130921753,-1.74775544176941,-0.257707392437368,0.53698696864215,1.55138036938949,2.9598071384201,4.56022479588668,-34.8923888897492
"plausible_anchor",6880,1.80308838783925,-2.54658664278811,-2.76495855524958,-0.543138663444556,2.1411253086359,-2.34121653610521,-1.66716480202637,0.0354876737679595,0.419613100723959,1.6050165150143,2.74058607327438,5.20099798583083,-38.3090903589924
"plausible_anchor",6900,1.7306250204205,-2.53888518132513,-2.78590291335083,-0.520820370187844,2.22006089739248,-1.55998944512982,-1.7530830762013,-0.082642359259067,0.241739805165316,1.47353675938092,2.80715136640362,5.0268846092189,-32.8354461455037
"plausible_anchor",6920,2.00478347064895,-2.43671775121029,-2.84559471981142,-0.550718903526084,2.20607512588647,-1.27008855377206,-1.61924883391599,-0.0199290659076394,0.549854634534933,1.49503749674026,2.712184360826,4.5896215561032,-33.0690380145202
"plausible_anchor",6940,1.5897011891723,-2.4643764586568,-2.77712741896114,-0.572301669313423,2.16809814315677,-1.25130445039156,-1.61838325807861,-0.121904648152312,0.375796341577355,1.57674674510893,2.66607595980705,4.65278837705185,-31.4840507425823
"plausible_anchor",6960,1.85375588936249,-2.40143670893756,-2.82693284156496,-0.683625276208645,2.42913252719371,-1.06531660063568,-1.84879660555301,-0.0360798436912529,0.00975386556677944,1.36034462749596,2.93077401081304,4.91015697369432,-34.7034444123579
"plausible_anchor",6980,1.84717560660344,-2.48428175768091,-2.84485975817774,-0.600142731584129,2.41852165663127,-1.29510093643184,-1.98781551339077,0.060222486678828,0.227675342116926,1.46404772357979,3.03139810158725,4.75943037144104,-32.1376613600443
"plausible_anchor",7000,2.00499106954297,-2.54110147077391,-2.80548667098591,-0.639959836520526,2.34821331190626,-0.335771429466754,-1.87592931800873,0.0881535603609594,0.205478879158737,1.43197299240594,2.93059546223512,5.28531863672345,-37.3403990395658
"plausible_anchor",7020,1.6549529808774,-2.46433525002094,-2.7753266442113,-0.626696356244436,2.29913646397874,-0.88669461017696,-2.02952102236365,-0.0888852985936636,0.333654676333601,1.34226425337667,3.21783290387604,4.72875188359146,-34.6778608078923
"plausible_anchor",7040,1.59220846714925,-2.3319260435905,-2.91731869652767,-0.528367825739469,2.24647933188342,-1.65715809680988,-1.75106002361704,-0.208509647737448,0.134649516406914,1.49813316114603,3.12247311214618,4.9600538042036,-35.1831215780312
"plausible_anchor",7060,1.3780876091164,-2.36481400834479,-2.81530445060207,-0.571459444957183,2.23143522522027,-1.19874954403131,-1.76353436252693,-0.143519078215772,0.199231878893643,1.66052174418954,2.99381703464273,4.60230835106242,-33.0721469765103
"plausible_anchor",7080,1.756715810916,-2.45436741495414,-2.74455832282789,-0.583877755109988,2.12270992130315,-1.18136557550859,-1.85850133412713,-0.169900031702526,0.435052973832023,1.69690098591014,2.91933985621116,4.50176833079619,-31.3993558998812
"plausible_anchor",7100,1.75753422915549,-2.54920025337354,-2.78818542559477,-0.570981413144595,2.26561690321766,-1.27724530064703,-1.80505549638187,0.0383015518283039,0.243977890323087,1.51269657328976,2.93819973361606,4.68392872868054,-30.0383575594734
"plausible_anchor",7120,1.72959742269798,-2.45183977921303,-2.79683432331726,-0.665920280831483,2.34504840039314,-1.32458176632235,-1.8521430377135,0.0122593780012273,0.351888956881619,1.48435405153533,3.15390273879367,4.18130514069596,-32.1806023549127
"plausible_anchor",7140,1.44404291172355,-2.41143376015327,-2.78454916765228,-0.58345647887505,2.17205404071141,-2.14269434984863,-1.62186710425874,-0.250569982444347,0.414293294252194,1.53925319771672,2.89806212556146,4.21695916892494,-34.8971097821319
"plausible_anchor",7160,1.70149247939505,-2.48003977137743,-2.83301345739744,-0.588485521359379,2.2362302791424,-2.14240862057308,-1.75219589551298,-0.131530035807506,0.144313558034157,1.62167504335987,3.0988022307187,3.78254445362185,-34.2738746884732
"plausible_anchor",7180,2.013632350315,-2.58200082935726,-2.81215778296897,-0.520552914206968,2.0989912303358,-1.65644363374708,-1.83757876729047,-0.11370820342294,0.299394018765405,1.69517947344976,2.93165331360358,4.36995486997798,-34.0165019492316
"plausible_anchor",7200,1.88732882814201,-2.56990487182757,-2.75684008147526,-0.605711848999386,2.2948967190947,-1.21036272927448,-1.79339964804703,-0.0999703818287514,0.527386528560992,1.55599431324412,2.99154684206803,4.63536467982335,-32.3292006874588
"plausible_anchor",7220,1.88732882814201,-2.56990487182757,-2.75684008147526,-0.605711848999386,2.2948967190947,-1.21036272927448,-1.79339964804703,-0.0999703818287514,0.527386528560992,1.55599431324412,2.99154684206803,4.63536467982335,-32.3292006874588
"plausible_anchor",7240,1.95389963097368,-2.50643024920779,-2.75942371852192,-0.650706294011174,2.34514524115995,-1.68778789067198,-1.83682388693805,-0.296872812975255,0.395546234185187,1.32760440188661,3.13371853164719,4.57041777570415,-33.2718619684021
"plausible_anchor",7260,1.95063290163786,-2.56365763061011,-2.70168138373752,-0.668065183222408,2.18830694497908,-1.31814038095346,-1.80118035400283,-0.329126697578884,0.413741031166605,1.62455653350488,2.95195596724833,4.30439282535062,-36.0218759618874
"plausible_anchor",7280,1.64102196157484,-2.49035204824717,-2.75245136737998,-0.623162463478208,2.20142723274981,-1.53523918931513,-1.80168493832322,-0.204389483337243,0.398745704834676,1.70824295668626,2.74797834473915,4.39225153519357,-30.7333813868395
"plausible_anchor",7300,1.91250608487003,-2.40977424915812,-2.77166592921851,-0.682463940501559,2.2819285090407,-1.13517968691433,-1.92960213767772,-0.132022886743498,0.597650472831385,1.57047295223385,3.07724072653373,4.56664424195869,-34.8535801353921
"plausible_anchor",7320,2.0729001298225,-2.45588877108738,-2.79090000369239,-0.741715639803193,2.3522868543337,-1.02425166241899,-1.88378979248068,-0.0412329040093079,-0.0362383263644032,1.41942831964581,3.1542008680359,4.7161866728894,-36.1458773027661
"plausible_anchor",7340,1.8317582334504,-2.38792399814837,-2.8503772713243,-0.642499404513408,2.1966324635995,-1.64230693770667,-1.61925652016451,-0.00426250072790262,0.0980105478472464,1.71225727524066,2.53924399977956,4.534051399981,-32.6074179514226
"plausible_anchor",7360,2.04948182474579,-2.57023349963069,-2.75246622273541,-0.609124387038189,2.28456922348931,-2.37533817208921,-1.82673248444927,-0.063244617389585,0.254355129600256,1.63512331009218,2.59470345732045,4.86566969747393,-32.7238784900895
"plausible_anchor",7380,2.16009974847619,-2.52908661668864,-2.80970051416703,-0.592293099331032,2.3283797000859,-1.42427509671707,-1.69957594661911,-0.0975180572327896,0.199835153537863,1.44265374131135,2.74835217436705,4.97250053703037,-32.006330196803
"plausible_anchor",7400,1.9710021845819,-2.47124281236083,-2.81210310739835,-0.599170738287702,2.25260715776862,-1.63161631182992,-1.86200389424289,0.0145579100381086,0.200082670967246,1.41108230380534,2.84616471566279,4.69134484653358,-30.3576927089806
"plausible_anchor",7420,1.73683371389229,-2.43880656772165,-2.95188185597385,-0.544269592595708,2.2052678157252,-1.46682694115084,-1.77413034543911,0.128061539697148,-0.0875758502242506,1.49731289011979,3.00373120323119,4.08380278171228,-32.8866601480665
"plausible_anchor",7440,1.82719413640329,-2.51014710139486,-2.84103966619025,-0.500757835301209,2.00703793663512,-1.12895964066802,-1.77767057211974,-0.0275250631241679,0.00975600953340477,1.82709244777847,2.81410934288523,4.5892096423497,-31.6950531420102
"plausible_anchor",7460,1.77438125315882,-2.50220479451426,-2.83497963486808,-0.527952078875266,2.15638751893728,-1.3344183235115,-1.85681713421756,-0.050690298383545,0.0238317397454644,1.65077425764939,2.99771645273358,4.67103337009509,-30.4675809710956
"plausible_anchor",7480,1.79964398444469,-2.41059195944952,-2.88593910066023,-0.513768253137723,2.10761385941679,-0.789905249834133,-1.8651758732335,-0.106977446830167,0.263227264119106,1.72973702511979,2.84727080919151,4.71036279955644,-30.6238640485502
"plausible_anchor",7500,1.81295712148497,-2.41203268490354,-2.81806273881325,-0.600219176619127,2.23428369997913,-1.74937795628998,-1.65491196669341,-0.129956732168666,0.30932778669824,1.60166499796336,3.09028810858747,4.82970556755019,-31.6709198280571
"plausible_anchor",7520,1.85105814410311,-2.44303714174039,-2.77212784228929,-0.632647638333406,2.3939979061868,-1.57339792876145,-1.77233568396511,-0.222691199874019,0.351185905228339,1.68333198393644,3.11660303056745,4.77285682520605,-32.2102568577114
"plausible_anchor",7540,1.67808019990506,-2.50269000107238,-2.74210399727076,-0.616704810595359,2.29628234550084,-1.19676878589699,-1.83314118009002,-0.0548292766351492,0.187078223181024,1.5446037061959,3.05763710485773,4.95909231025158,-31.4651890433128
"plausible_anchor",7560,1.76262794989552,-2.47277766198234,-2.8702642836916,-0.567778122352971,2.25709231891705,-1.62874350478379,-1.73303682089823,-0.0844014424685984,0.242305849020329,1.42051606330344,2.92843684394465,4.83478929424354,-32.3384196446697
"plausible_anchor",7580,2.02536851044482,-2.42178541673808,-2.8491955873273,-0.569288796469866,2.29069587871925,-1.47877720693805,-1.9524470752906,-0.104675097827135,0.417094098679328,1.54203823067799,2.8157293253224,5.00662493283364,-31.3200981432496
"plausible_anchor",7600,1.68805591811592,-2.47439863095508,-2.88134804157674,-0.526930229030847,2.36876335218098,-1.0421655779427,-1.76695971848183,-0.0640824710113044,0.0868641745553678,1.5027666131171,3.09048752849875,4.9726866918938,-31.4980558895757
"plausible_anchor",7620,1.72615928362744,-2.41894696853708,-2.80380348567329,-0.611759765620814,2.21790008072823,-0.70893676997312,-1.87517772744601,0.00139774573573119,0.315159623929787,1.69387066536956,2.73840992004125,4.99660440658049,-30.9248069475165
"plausible_anchor",7640,1.76990985758181,-2.42428239308019,-2.81557045379983,-0.583724123113358,2.33827348296274,-1.01971711790591,-1.82094931950918,-0.162500992185757,0.284121950416403,1.79648054862042,2.66072891521515,4.93536967114305,-30.7124160016854
"plausible_anchor",7660,1.50268303516429,-2.47477572960893,-2.77575315475298,-0.63082646450267,2.23892766499596,-2.25104793881607,-1.69942172738525,-0.128510395322181,0.334940748011584,1.43291522381074,2.66604733861276,4.88899870526385,-34.4074663081111
"plausible_anchor",7680,1.77302032653152,-2.41743095569607,-2.78436093674769,-0.711025233127329,2.3981098367472,-1.7329754574327,-1.97832763066739,-0.0608715669444104,0.692368696789345,1.20957583627242,2.99642274703219,4.34618930690419,-36.8299054909653
"plausible_anchor",7700,1.84662352168141,-2.41894861696701,-2.82338952097544,-0.636335910795961,2.45204494668887,-1.41623844082592,-1.95062173737302,-0.190625289696358,0.525363368574257,1.48831902100312,2.83873090356225,4.94511726489171,-34.0340476113296
"plausible_anchor",7720,1.72341952291548,-2.47487489384888,-2.71459100629066,-0.712795318607829,2.33497827496861,-1.64193006531995,-1.89185423466099,-0.200629500634594,0.440035367154799,1.18837880947562,2.83387606394891,4.78905703822283,-34.0257946341466
"plausible_anchor",7740,1.79432941728937,-2.40848041663303,-2.87994150175816,-0.634332818102449,2.36905398702114,-1.12943291345409,-1.8967215946243,0.0287971240375087,0.193931346538126,1.34788164613024,3.23048092673158,4.56627331505292,-32.3568349393474
"plausible_anchor",7760,1.90794124043537,-2.5218170575679,-2.76677279673607,-0.644958651179684,2.37525642045304,-0.441719226049828,-2.06463639875874,-0.0436113272577474,0.416610571873078,1.60880976753017,2.9172110597928,4.92695012294436,-36.3601628419648
"plausible_anchor",7780,1.66575095987495,-2.43731805848642,-2.7522495505581,-0.622555636282189,2.29922429657523,-0.84083282372313,-1.96006161979503,-0.291590649801265,0.36354047068157,1.74858479319824,2.61649752797277,5.06437028851036,-34.6301931941782
"plausible_anchor",7800,1.72484460800633,-2.43796621291755,-2.80515606864132,-0.590989414784708,2.30821288188555,-1.1033290917565,-1.84111570285353,-0.341334878470623,0.305811342154556,1.68510411784016,2.67310304764726,4.73862862816119,-32.6696383160559
"plausible_anchor",7820,1.6284064314444,-2.47123750532381,-2.81124066585862,-0.63151627571298,2.30402606089649,-1.47043040317904,-1.8781963672101,-0.100824901873426,-0.124048461079428,1.77278167375253,2.46553511598787,4.97851888328871,-33.8433233000648
"plausible_anchor",7840,1.95337344735787,-2.51154945685424,-2.76362180075218,-0.633219395151844,2.0430434577261,-2.43044786541841,-1.91448552440814,0.0322900584510999,0.274626486847857,1.83857630929011,2.54390371873846,4.55882823312638,-34.5193747051642
"plausible_anchor",7860,2.002154996414,-2.4559062987388,-2.85920898581062,-0.562259637492321,2.06080129932541,-0.810964849257601,-1.877612921266,-0.037595572089645,-0.0708458254700987,1.84314207197217,2.44827822427367,5.01734750914376,-32.5715683802856
"plausible_anchor",7880,1.63166912596487,-2.51153373038201,-2.84308181948583,-0.550860797274947,2.23320687583216,-1.5684290182593,-1.79483214983676,-0.103962959765757,0.330594829269959,1.6622191035105,3.00732576028287,4.16695780602869,-34.5110942181052
"plausible_anchor",7900,1.58969002266938,-2.55102836441907,-2.81372337177738,-0.557590542578912,2.16095363527521,-1.46544388097326,-1.79782605288732,-0.0406809861695689,0.14198071491911,1.74828729292438,2.72186262972055,4.27819855075206,-32.6150326332236
"plausible_anchor",7920,1.67000529202209,-2.45900923690495,-2.77234994594829,-0.552965368715115,2.1280647617449,-0.893974544917236,-1.74983740594863,-0.278529231521792,0.385976884904998,1.72872016893927,2.56603136996149,4.49480388840269,-32.3868967605141
"plausible_anchor",7940,1.65261640713637,-2.40169735306855,-2.9056463235609,-0.532379544532964,2.25036582568219,-0.749920666279179,-1.93067556770464,-0.109183344923058,0.0332718266352472,1.69805764190282,2.77455109600385,4.68626405246425,-31.0701683990831
"plausible_anchor",7960,1.75179499700952,-2.40319340424058,-2.94006985539521,-0.476236340936315,2.15870253443992,-1.21085601549249,-1.84910719540409,-0.176397624208891,0.0794873261123274,1.60055211552206,2.85308262410463,4.95385071097196,-33.4961455840035
"plausible_anchor",7980,2.11998773974739,-2.44855613450805,-2.86586255682689,-0.549700464943385,2.13333375658843,-1.01107516542755,-1.89860061744993,-0.184075524774232,0.19859734221687,2.01483088561828,2.4340788276912,4.58595825745956,-33.6304855605462
"plausible_anchor",8000,1.56968414935848,-2.42608417779975,-2.99211795709027,-0.469393240528482,2.12491145790022,-1.04475148632594,-1.9873578581147,0.127579692991085,0.0161405491246533,1.6724417363004,2.77630954736855,4.28749022182844,-36.0952634949816
"plausible_anchor",8020,1.93059137439373,-2.532409696635,-2.87391780721096,-0.50890226312172,2.1734822177557,-1.04307442090395,-1.92624378914629,0.138420654667797,0.292746912747217,1.52346982572406,2.80325642051348,4.35039470609639,-34.9288637287917
"plausible_anchor",8040,1.8162602710798,-2.418667891027,-3.01845346174166,-0.476314398257929,2.27002281415148,-2.01837686267792,-1.89946936666684,0.0961112783542852,-0.244077576543739,1.48874963067098,3.01176529816347,4.53008498459704,-34.9623692337939
"plausible_anchor",8060,1.89411948461946,-2.53672080668959,-2.87602966016686,-0.571322574614869,2.39310904852202,-2.24629565288107,-1.82056181297981,-0.0538825600695797,-0.142968954898227,1.34762287755517,2.97221406389806,5.03109562000795,-37.1467742506247
"plausible_anchor",8080,1.70893873931652,-2.51330747366755,-2.8546716990786,-0.511667039744678,2.13829883298563,-1.26207657203306,-1.85575831878075,-0.0808337906105167,0.237769415747556,1.62316632439974,2.66888975602814,4.6874869585701,-31.5674977984855
"plausible_anchor",8100,1.75591885776749,-2.50157327753085,-2.77355093419742,-0.598102049563153,2.10785159271287,-1.45682469106427,-1.810912943625,-0.146068886332903,0.107758126887985,1.76098658338336,2.61537029053556,4.67987451568086,-29.8579918859534
"plausible_anchor",8120,1.57203079578762,-2.43337545535696,-2.85733724049611,-0.650031961099377,2.39344116679982,-1.6266029085894,-1.84817975944266,0.00275518569892089,-0.0637284753473892,1.7108573698848,3.0560728013138,4.6420810282528,-32.2463566956048
"plausible_anchor",8140,1.53052343168577,-2.39881852229915,-2.86367159017079,-0.653749555860346,2.35950639227137,-1.22285363865975,-1.68374541466786,0.0788838060314302,0.0898628909928273,1.59474597135611,2.92514479676914,4.87703510357843,-31.9760217397841
"plausible_anchor",8160,1.39218751323538,-2.3374128860359,-2.79118612027462,-0.648895959448099,2.29561573105138,-0.91345023192069,-1.77904784969332,-0.165058544023795,0.512329005747467,1.53774884387105,2.66575609666277,4.93657919904871,-33.9659512044159
"plausible_anchor",8180,1.87702315544714,-2.40554360434757,-2.78374830304528,-0.646221064734294,2.15733922391474,-1.46754007817628,-1.75666946817228,-0.0328097450458489,0.361428716911694,1.5562559125216,2.95401599141691,4.47463367830874,-31.0028963947452
"plausible_anchor",8200,1.95847665131103,-2.42433348842976,-2.79540025818898,-0.703855787766765,2.27067844949366,-1.08174442102291,-1.80530469384406,0.092146829074662,0.111989704263372,1.56181261486095,2.77529541986935,4.6952207767951,-32.7037278206324
"plausible_anchor",8220,1.87781671296119,-2.48642453487435,-2.81321169843315,-0.591756272205188,2.25825712123449,-2.00215765738365,-1.68657098867517,0.0150447692557216,0.0978725544609349,1.61493973137733,3.08338631459323,4.3793619465983,-31.017572168257
"plausible_anchor",8240,1.61980213499154,-2.3715173857244,-2.85226948379853,-0.515175834055431,2.16284759891786,-1.91357857955101,-1.62255190638491,-0.145890247361712,0.268559332114775,1.76370591724035,2.96610032291033,4.76537185491434,-34.0497532751258
"plausible_anchor",8260,1.69092821857495,-2.40068657550503,-2.8306921808395,-0.587872437640679,2.09286686106025,-1.17577353422282,-1.70565063565459,-0.104950381933864,0.194045176359846,1.99722738322541,2.80069471892103,4.50266963574422,-32.7900188679679
"plausible_anchor",8280,1.44696470143163,-2.47006648847266,-2.83503296031807,-0.596957543135413,2.28902728074725,-2.02436907167853,-1.63918146281323,-0.0378865509071966,0.069712721688205,1.45204363366277,3.18513661046734,4.71289116635824,-34.8636211245283
"plausible_anchor",8300,1.54459343540141,-2.42285916599369,-2.79967556961925,-0.664329771682595,2.19497471808254,-1.86902310352133,-1.69304770358249,0.00772641071448023,0.173193821961112,1.50778528415026,3.05579060666094,4.0295556468775,-33.7597101819363
"plausible_anchor",8320,1.87037666181891,-2.51092285470605,-2.78683989065602,-0.599814013816383,2.12288608249027,-1.1380271696901,-1.74711681035012,0.0497881890824765,0.172922284373364,1.50695453973813,2.7777802458959,4.63938158842568,-30.7275323651196
"plausible_anchor",8340,1.94914016337333,-2.51576295534682,-2.81889504908174,-0.549237504151286,2.06559826232537,-0.9299276053608,-1.86085960056761,0.0474517016857783,0.0543906784576535,1.60562810184,2.87521346786928,4.39766151138432,-32.1108255752067
"plausible_anchor",8360,1.93179308969744,-2.45878031976276,-2.85296046037715,-0.518140903336652,2.06297220005357,-1.4121273706441,-1.75986034062659,-0.0893796173367379,0.195888087026683,1.68287257513558,2.5988387924906,4.5442505908865,-29.8735740440106
"plausible_anchor",8380,1.85940957636348,-2.48167753456213,-2.81888666205754,-0.575323080135598,2.02481219759206,-1.36161871965554,-1.74557918183524,-0.0576293873389453,0.00647229662350632,1.82936368722388,2.53079579014719,4.40811896662027,-30.4574707996697
"plausible_anchor",8400,1.69488721385326,-2.41522469959215,-2.88404869811166,-0.550715378863415,2.06774047902471,-1.01519205603505,-1.78403726050021,-0.0507557465089635,0.0696167254375894,1.88692142712475,2.42121729676772,4.56845657338908,-30.2649514066007
"plausible_anchor",8420,1.57373775730434,-2.47183978676934,-2.78136555681587,-0.597744128111971,2.20567284561755,-0.81950466642052,-1.7150608361884,-0.0908433815748459,-0.00213201665573142,1.77482632746344,2.72817909430896,4.55602143946448,-31.5845173916227
"plausible_anchor",8440,1.61396087410785,-2.5800014641163,-2.6953342887875,-0.609697728682569,2.07422762685469,-0.8400126263357,-1.76102637294533,-0.165720835085731,0.151825660670838,1.84600451664755,2.60530903391276,4.32169325425541,-34.3618627749858
"plausible_anchor",8460,1.65281147302004,-2.44192971988147,-2.71919854283432,-0.678604977978171,2.26603128880672,-0.872975762101454,-1.65045202368427,-0.160861458280453,0.338813290546703,1.6392430127995,2.70764995298123,4.22075503110627,-35.3101416109029
"plausible_anchor",8480,1.55945945856259,-2.4181206021861,-2.796166328941,-0.580753248942563,2.22233096795419,-0.840960601492445,-1.80683506396798,-0.240220347348583,0.333737208740899,1.78302967001955,2.88156487748324,4.98643613954115,-32.2886550248177
"plausible_anchor",8500,1.79140535320266,-2.45833463241833,-2.74180518667866,-0.6842473062381,2.31428011519556,-0.396862405625669,-1.79368357689703,-0.137720546675675,0.349387372003052,1.82373347864887,2.78038678411819,4.99381958545913,-34.1103192310355
"plausible_anchor",8520,1.67635934928016,-2.39841448489563,-2.82523759320167,-0.588137073084752,2.14452212233233,-0.255761676511267,-1.65591208950966,-0.10730444526149,0.0455149227102617,1.7585240570306,2.7959051308829,4.55484974299491,-34.1160574728979
"plausible_anchor",8540,2.12692330535818,-2.50128656612512,-2.78430140059206,-0.697540665529394,2.3398748204838,-0.84111921272769,-1.75670043737981,0.0850225043382078,0.037841624299355,1.42931014095773,2.95113896671454,5.05816235653747,-34.4721111988535
"plausible_anchor",8560,2.20753092725751,-2.45867136469987,-2.87483943361532,-0.591148735982673,2.22679766802087,-1.26777362340687,-1.7328445735114,0.0714454706814263,0.170288065051114,1.37683309382895,3.17283696522709,4.81595359112763,-34.7997724231178
"plausible_anchor",8580,2.02091632365418,-2.46413832782418,-2.88467498069536,-0.60175683259006,2.41578073802784,-1.76741954738616,-1.62867053255635,-0.0220058595884616,0.0982725976302785,1.40015298791055,3.12179720908585,4.80103857288955,-32.3786173829002
"plausible_anchor",8600,1.92259904180091,-2.4500163368577,-2.93315365451742,-0.567875868694758,2.18633471353347,-2.06030478176022,-1.86272670563755,0.114899949179248,0.109421636556306,1.57439627360294,2.75810692279614,4.50469508481618,-33.3816121708376
"plausible_anchor",8620,1.74848419004726,-2.4392160732031,-2.91878056472465,-0.534823271729757,2.16674718517642,-1.80853502273702,-1.7970886682833,0.0667805355712369,-0.0396822058179212,1.91622041100232,2.92683402426228,4.13114336880132,-32.7972641143696
"plausible_anchor",8640,2.22416524707837,-2.56779301803862,-2.76246154705697,-0.593930023644634,2.20871461450935,-2.21809405532649,-1.72955184661898,-0.137069052110233,0.359966926531892,1.6051223777104,3.08972962378918,4.86659472802603,-35.3019432970873
"plausible_anchor",8660,2.07051558300415,-2.48266983397098,-2.78675728982087,-0.561823216158855,2.0614304435073,-2.18701317302764,-1.8261934611132,-0.262283189458999,0.429271991416684,1.87082532002003,2.94624441688047,4.34890472275391,-36.6333057305774
"plausible_anchor",8680,1.87738073902238,-2.45115103889935,-2.8136175149933,-0.505426553767664,2.11351597391189,-1.27326355767333,-1.83066190349124,-0.352124436179021,0.49782355461291,1.81225268645591,2.9147334673373,4.75560809086501,-35.4897457704962
"plausible_anchor",8700,1.82499841612634,-2.47654854633405,-2.84029406446824,-0.502913960806341,2.32059355345389,-2.09932212485569,-1.83533177020735,-0.360877450406857,0.442426711483383,1.57477313134205,3.08599080729359,4.3462002385848,-36.4455424519648
"plausible_anchor",8720,2.12792219720494,-2.4769260510695,-2.86195425330963,-0.540949361030521,2.22484704333583,-1.93943423822433,-1.68342903994137,-0.249454647803503,-0.0663424696463036,1.88647338911272,2.7212751707897,4.93539140393602,-34.9059365268419
"plausible_anchor",8740,1.91992997276082,-2.38522649435341,-2.79006743395307,-0.640089612760242,2.30192067687828,-1.0449295827038,-1.7653992496206,-0.261505990310727,0.148088945764101,1.72120171995609,2.97412060143248,4.55437044801847,-34.0662996762684
"plausible_anchor",8760,1.93868993622413,-2.31563081033021,-2.90364921076635,-0.612703341651399,2.25026901802426,-0.517257050718159,-1.86212262045534,0.0337697378781336,0.497242308320257,1.6108274104831,2.9230778070673,4.58018758590042,-36.1822436282761
"plausible_anchor",8780,1.9436788408738,-2.46365669132622,-2.87350812214961,-0.59187721553802,2.17936033749895,-2.22661175049121,-1.72522368730944,0.195727826544009,0.140364203648614,1.68078898411196,2.83530461605978,4.76613649979375,-33.8937362799143
"plausible_anchor",8800,1.64581318356968,-2.42420451107697,-2.80354175349037,-0.519071993463734,2.07845930052426,-1.75500551984565,-1.83295184001614,-0.0834160649517331,0.467083960240975,1.69993451535906,2.76635799451971,4.8308884451175,-32.298202218596
"plausible_anchor",8820,1.59446602213528,-2.48347274037764,-2.80604995611398,-0.528843549351657,2.14833424463203,-1.60112055772867,-1.79080834844573,-0.0137896697357258,0.369517951823809,1.71882104253593,2.95519403272795,4.44423168565509,-31.6879700278858
"plausible_anchor",8840,1.87219580405087,-2.56558258281182,-2.67753545070631,-0.633196778862332,2.12792157548179,-1.77057325541884,-1.91054236080366,-0.208377931298246,0.420172983347115,1.73572068088676,2.61571902174635,4.50751485379542,-32.9751581176302
"plausible_anchor",8860,1.78197743906906,-2.4770521850469,-2.84839504431526,-0.526439956737262,2.12819095836909,-0.627564995788633,-1.98366928383017,-0.0767592555741083,0.319213394811794,1.56791949484622,2.76900010171624,4.72623824378837,-32.7391331507606
"plausible_anchor",8880,1.36519962976887,-2.46579429097696,-2.76371292301396,-0.627887498147404,2.13255226058354,-0.181127993435957,-1.86264696285217,0.0267132319350748,0.189977247996169,1.5898169628754,2.85964278591902,4.61321153161353,-35.1566771054029
"plausible_anchor",8900,1.27231844879213,-2.4761893332062,-2.73301265889215,-0.651155684495539,2.15413751216204,-0.940916654807251,-1.83108797197606,-0.026399499874922,0.478656850500819,1.38821958537953,2.85179638568476,4.38559901308497,-34.8571068549406
"plausible_anchor",8920,1.09597936618833,-2.32904489922062,-2.94142729490158,-0.536669191502379,2.1659095841219,-1.10113228918475,-1.67150772568857,-0.0150005989107594,0.216789393625864,1.72028461305613,2.78854656716906,4.58667484529338,-35.142953420218
"plausible_anchor",8940,1.08300160193703,-2.31012293174161,-2.97914684107304,-0.490528452345188,2.11370241566847,-1.63011136667865,-1.77020237848533,-0.122722662953711,0.21329521277149,1.84467389838311,2.66099057398751,4.42367826218124,-37.0267822651697
"plausible_anchor",8960,1.70285796873388,-2.43173008724259,-2.84798982252255,-0.536252945144002,2.14652781010885,-1.84908423406771,-1.60145899156118,0.0208092206846256,0.235796828184437,1.70523802458779,2.55119955701196,4.76082369499912,-32.7180863190967
"plausible_anchor",8980,1.53794832248587,-2.5278409965677,-2.83558367017495,-0.440273137978544,2.00672457641106,-1.29172195042462,-1.62011747967161,-0.073546155676374,0.0800717733886824,1.53358694185326,2.80502260885316,4.44992292952695,-39.5661992121223
"plausible_anchor",9000,1.69293523825273,-2.3734326282954,-2.89916601971973,-0.500402281496023,2.13694107078683,-1.20501583500006,-1.87583296070271,-0.12335280720733,0.465796493229992,1.32485817922525,2.84863561403088,4.63558740607316,-33.2289776357814
"plausible_anchor",9020,1.33198913391639,-2.42515423148436,-2.83813056214567,-0.545925403345527,2.12101761277108,-1.54441099522104,-1.71424249014965,-0.0576919904982247,0.186572365028844,1.60546501987924,2.83067963959505,4.63240976129149,-31.5129961863132
"plausible_anchor",9040,1.65965579876219,-2.51989353393355,-2.75530129558042,-0.547775490710099,2.12726531723337,-1.26468772280663,-1.84993587647402,-0.121001614190601,0.305613380685983,1.44075916088457,2.84952722636719,4.6917290449623,-32.4014447374687
"plausible_anchor",9060,1.8320805562583,-2.42991927957516,-2.82239551952085,-0.550757632868811,2.35011296386504,-0.839677583755862,-1.83286665493402,-0.20594809773905,0.505619515569268,1.51022752597566,3.08399334646039,5.1830951497575,-34.3373921497658
"plausible_anchor",9080,1.93453647743423,-2.54583525092219,-2.72642024131285,-0.645218979125764,2.30614154419694,-2.48896433528698,-1.74752480023637,-0.205252023526838,0.218088328778268,1.74333272269382,2.9523462122725,5.06765222863233,-35.4492763853241
"plausible_anchor",9100,1.93427959124373,-2.60554563105104,-2.7694847040328,-0.535663905363263,2.32522265394963,-2.25712774928843,-1.75130819555713,-0.105125633198715,-0.0251377904760427,1.72646450180468,2.9972366440777,4.93708331050711,-35.3689982162656
"plausible_anchor",9120,1.58518749424662,-2.48257440521131,-2.72172987156759,-0.605484545397663,2.29695113815761,-1.04976773449422,-1.9278099381403,-0.0850379412693943,0.0419503023008116,1.68639672404717,2.91039271446468,4.91959850221711,-37.4623737616006
"plausible_anchor",9140,2.03590968284523,-2.52596278409043,-2.78534216009092,-0.5530735357976,2.22070495809295,-1.45199097949608,-1.93478507375676,-0.0594142598841539,0.0900306366448712,1.73163201810581,2.57642436710761,4.77471666198164,-33.0787451103719
"plausible_anchor",9160,1.81369688339139,-2.47437900586046,-2.81410488610346,-0.596749277325985,2.17083682402428,-1.41880329522992,-1.97734660377178,-0.115871218944986,0.122577645109109,1.80499365314093,2.66496796300585,4.54087466746453,-30.5811506535109
"plausible_anchor",9180,1.82037693320354,-2.52627626562141,-2.79024310092412,-0.599643303450371,2.21327968462161,-0.726913381747513,-1.98640060066666,-0.0300794528808404,0.290496446908693,1.49987754078255,2.80155998463439,4.38807322258566,-32.5716729432823
"plausible_anchor",9200,2.09396820813704,-2.54504657482195,-2.83750215166159,-0.552871974427554,2.15389665210444,-1.36186524969455,-1.81397257757041,-0.0112750709707476,-0.30809956165262,1.87597448974213,2.60072057715848,4.64976073024936,-32.9087037425108
"plausible_anchor",9220,2.03006401126686,-2.51023665139055,-2.81387892379388,-0.630509802010787,2.12574088156872,-0.94757028902226,-1.62290596435102,0.164650034661009,-0.19546188348869,2.00951190113845,2.62772306793638,4.70891442038265,-36.5801165710846
"plausible_anchor",9240,2.05684888058828,-2.53179654052114,-2.72276086994367,-0.625890127711498,1.92276132949797,-0.738187599419175,-1.79196350726205,-0.0279319682553432,0.156470672227546,1.96122483736644,2.66646613923813,4.30146228334231,-35.9528473984224
"plausible_anchor",9260,1.87636770987345,-2.46064320597483,-2.78042004076739,-0.68776047213634,2.1518576444009,-1.06675106687641,-1.87738587515931,0.035088805796773,0.029628520307861,1.75434139406876,2.64800513994013,4.56367793846301,-32.0233508723546
"plausible_anchor",9280,1.91090631008443,-2.46056294715493,-2.7844520493431,-0.659383101275735,2.23638672032681,-1.51853713172586,-1.67842795712556,0.0469852449851576,0.0769390518288861,1.81232364654282,2.65251837247161,4.85348931311326,-31.4371689277862
"plausible_anchor",9300,1.69490195308263,-2.45342423310532,-2.81064026710394,-0.571894951239717,2.26262958983242,-1.57268145108444,-1.84745659455627,-0.0191122476086956,0.251496859698308,1.35946236313827,2.82571869200387,4.66661766452949,-31.5041413322802
"plausible_anchor",9320,1.90868504016206,-2.41843527472843,-2.85226501373935,-0.52367552120777,2.22849753974136,-1.93073757354292,-1.83098721721594,-0.00112408422292049,0.385257934659311,1.63446804168894,2.6785762473861,4.75008725365708,-32.4204107133382
"plausible_anchor",9340,2.05343086148742,-2.49019910434734,-2.80297054214517,-0.573799864677971,2.24015031406888,-0.834861187116514,-1.8731242770457,-0.0662160201902189,0.368671178979944,1.68833381951601,3.00546874059333,4.61645871068449,-30.7969020790851
"plausible_anchor",9360,1.99484729903609,-2.53564753293699,-2.84476040120135,-0.609107129454748,2.27908152186113,-0.826954892035807,-1.83157148515298,0.051726995188836,-0.151573527597216,1.70082148989116,2.87983587312427,4.82173925859781,-31.0919578755873
"plausible_anchor",9380,2.07945253636891,-2.48754386562255,-2.83314453591024,-0.635720630228808,2.36376097338515,-1.29002941835909,-1.77022119487387,-0.086578061410714,-0.213703110805795,1.54924929903154,3.08212448427032,4.4243483846094,-33.8615503377931
"plausible_anchor",9400,1.72306983215791,-2.42549406465542,-2.78718077061329,-0.576427527879218,2.22851922387622,-1.33809244043715,-1.71101372193538,-0.126269329566015,0.361688961734181,1.49551303753037,2.83794041867961,4.5200812114896,-31.078290994861
"plausible_anchor",9420,1.70575802793026,-2.40099128641206,-2.81393723495922,-0.646279594570917,2.24896652474998,-1.18239300431866,-1.85930559723878,-0.0907102061524123,0.272763411076578,1.5760833092656,2.80079669234899,4.79272729886044,-29.3605705951806
"plausible_anchor",9440,1.77578461854283,-2.4057438639991,-2.85389150862526,-0.587249501318489,2.24435603839202,-1.3054730425953,-1.73998468378791,-0.0590810436357618,0.257916685827624,1.6947951763837,2.90567529684741,4.88994920136537,-29.0430378711958
"plausible_anchor",9460,1.77840296002825,-2.33139441773605,-2.91304041891681,-0.564842278454561,2.13770062771131,-0.778607826247193,-1.72023339996595,-0.0699197041025662,0.154940576997408,1.73383178037389,2.65901924536425,4.93079827513159,-31.6879926332924
"plausible_anchor",9480,1.60029245424221,-2.30283027673372,-2.9144328784011,-0.571751785354294,2.19084942261844,-1.49124781874434,-1.70977109316423,-0.114305068323415,0.273691944721901,1.5717324548842,2.71753211352685,5.02555711952012,-33.3211657499265
"plausible_anchor",9500,1.7280363087342,-2.45222577402258,-2.81822900193084,-0.543507527740276,2.33865677869992,-0.416985960823106,-1.81709900982767,-0.204896994981207,0.600417501594581,1.49853210528065,2.87076467064822,5.01938390688225,-34.3671636055816
"plausible_anchor",9520,1.8913519311701,-2.41898726032129,-2.85682781608032,-0.580483352519311,2.16649928493758,-0.703967232978102,-1.69779829716678,-0.027725294769608,0.484075487143976,1.34448789432285,2.77365344802773,4.77638960715657,-32.9696705150202
"plausible_anchor",9540,1.70520724759687,-2.49078173560526,-2.75831729491122,-0.605144577900844,2.29790622328365,-1.42435109899904,-1.76023949967054,-0.240172546402621,0.257873240605649,1.47134879046448,2.80203717820326,4.75933368293096,-31.026817914524
"plausible_anchor",9560,1.83476624102115,-2.42461409361205,-2.80400066337493,-0.602485748400369,2.31939723339712,-1.99584476033243,-1.86088574265314,-0.316051894324484,0.24598317028321,1.66917925309694,2.60401762184336,4.43871867575273,-35.0193173716367
"plausible_anchor",9580,1.45100258588719,-2.31270435449573,-2.8587361080512,-0.614961093974768,2.2614073374375,-1.5245508952103,-1.92529930530333,-0.048847897926952,0.327094720353052,1.64930749672985,2.59651319704943,4.64707751758842,-33.6491774759283
"plausible_anchor",9600,1.90575522585956,-2.34647235538771,-2.8540177696912,-0.603005229768853,2.3221021572505,-1.60015751988952,-1.76975561698576,-0.263299334862721,0.481373127593302,1.6489160003575,2.59914015985181,4.86386345684835,-33.410434978294
"plausible_anchor",9620,2.13439127374752,-2.40756381828279,-2.86299136414318,-0.523970357731242,2.13922556274175,-1.9607633307817,-1.91509917546586,-0.158625402439714,0.491746589145184,1.44874234817344,2.87388751558785,4.22601940916875,-34.890211156993
"plausible_anchor",9640,1.97084300202813,-2.44578259195516,-2.89708516234276,-0.546442384047685,2.27108233068234,-1.35930943195312,-1.86707893350166,0.0211282071829178,0.248250646812069,1.38548036827306,2.98801328407908,4.80252797037461,-30.2188413966781
"plausible_anchor",9660,1.63628370276615,-2.45122439620468,-2.80874402049385,-0.578943177407477,2.24314260637994,-1.93531582640898,-1.86200401303794,-0.0469440717464696,0.208597639755077,1.60591053269172,2.90805462950799,4.80684813422245,-29.3500950419222
"plausible_anchor",9680,1.76643491810701,-2.46071728317532,-2.83703448025345,-0.578144523312418,2.27154130653732,-1.23515759252304,-1.81382343494554,0.0513098723073123,0.249958925793742,1.72168541393292,2.87808818745996,4.91520476601437,-29.7164012659618
"plausible_anchor",9700,1.67811089344329,-2.44936052812308,-2.81757741319807,-0.584353617631804,2.26954896825968,-1.44321059604967,-1.77526645239548,-0.130079266789061,0.240338351420814,1.66052440284579,3.02369141944345,4.6816310272061,-28.9066386604887
"plausible_anchor",9720,1.832135608194,-2.39523200538404,-2.85798056498371,-0.625019490180162,2.30874825240308,-1.82101204286015,-1.76413018783106,-0.048805841545643,0.302087356887861,1.69250130755149,2.82683655738382,4.51673497976129,-29.9249619289248
"plausible_anchor",9740,1.51079455939846,-2.41824392482913,-2.85400592786075,-0.671293616671538,2.20075068853173,-1.13344800245965,-1.70782483542172,0.0235377688572937,-0.106410112758822,1.5657040146591,3.14623261534592,4.27030377971818,-36.8471919157708
"plausible_anchor",9760,1.53677077043702,-2.39608826874056,-2.83509440347971,-0.618171319183977,2.20713386879167,-1.01448780704782,-1.8693681602679,-0.287388293619874,-0.0518533073610008,1.69509698697749,2.97912798638972,4.39183840015001,-36.8580790766528
"plausible_anchor",9780,1.42034149427254,-2.35527983711038,-2.93549040816912,-0.562448115312899,2.36195792025597,-0.610718607905413,-1.79514817323431,-0.0763832157160829,-0.0214762807530839,1.39532230553782,3.06473269070837,5.11899008885754,-36.0445085737523
"plausible_anchor",9800,1.5419555775257,-2.42421607415826,-2.87851010299671,-0.564076103245937,2.3722312019729,-0.626334565753166,-1.78094562629189,-0.1372604702863,0.132645869092211,1.38081685467713,3.11083299309533,4.97002234037533,-33.4650492909337
"plausible_anchor",9820,1.64213357310568,-2.34971755332018,-2.91640509529929,-0.607540283220086,2.39337044213083,-0.593579962108327,-1.77691289232886,-0.0642453301376706,0.0372150701715061,1.63099719325511,3.12395825673665,4.63151730608082,-33.2335683039293
"plausible_anchor",9840,1.8281863632497,-2.52359865522959,-2.76330527825949,-0.675283933450332,2.36315758309614,-1.21719676695407,-1.95846863368847,-0.0555592769287599,0.0451087244648224,1.68838175385629,2.90550659299336,5.01476725105163,-32.9871164770012
"plausible_anchor",9860,1.92531597866605,-2.42802651863625,-2.84158932465564,-0.560860370071486,2.21952149152087,-1.53171610099066,-1.80438125589988,-0.133058809432816,0.183301484126549,1.74399955686402,2.62983808256954,4.95158201037199,-29.3149630020513
"plausible_anchor",9880,1.89224679574571,-2.41354763115616,-2.89277381250017,-0.573309596633171,2.31499530192482,-1.89795185993781,-1.74051295504082,-0.100006349346188,0.3094624635247,1.58212604612674,3.32629074051274,4.28344270469397,-35.9401308019336
"plausible_anchor",9900,2.15602412636009,-2.42715136629653,-2.86324867032634,-0.62021101439243,2.36618547180208,-1.27587819796909,-1.63668694017578,-0.124430501474349,0.230945634416724,1.58516614675502,3.06106746168187,5.11848258243134,-34.7793740458454
"plausible_anchor",9920,2.06725786204474,-2.49780315551553,-2.83311392159813,-0.571804153074539,2.30642284612217,-1.05390096050288,-1.73155386324224,-0.0642000840146393,0.366744184904377,1.52914104884415,2.88828622844278,4.56471415772943,-29.5539147014155
"plausible_anchor",9940,1.94300770341588,-2.45006013048627,-2.84259910698169,-0.631748646184102,2.34259802981766,-1.47952872698753,-1.70679965977411,-0.0559532136230698,0.3056980940064,1.3187222359501,2.88707215140425,4.61251410331376,-30.3334548656352
"plausible_anchor",9960,2.04729450130656,-2.46615642905733,-2.78200768906725,-0.671908365619944,2.3932648322174,-1.70413926479648,-1.87666848521686,-0.111301868540805,0.454758505638555,1.5038387170264,2.9928451908014,4.47835101239007,-31.5714714936516
"plausible_anchor",9980,2.06428304386999,-2.51941043576142,-2.77572621557877,-0.582891449801788,2.16917018359724,-1.78662038372208,-1.74141647562704,-0.0722699920066615,0.290377524474691,1.70143554469227,2.67963754850549,4.61170541161192,-29.4227991179894
"plausible_anchor",10000,1.65926026221718,-2.42991673537175,-2.93518742005172,-0.513450171589917,2.20847705397909,-0.753392605040202,-1.80487319588055,0.0757545142681141,-0.0543996785487038,1.70783073190589,2.84904540555028,4.3994816291816,-31.4925725909709
"plausible_anchor",10020,1.97558645547848,-2.47346251022871,-2.89116942983389,-0.553553444667925,2.13051404709231,-1.16060623564186,-1.83521661081872,0.092814048368871,-0.256389065412469,1.7858857546289,2.83511136468445,4.7783742621864,-31.4481270921865
"plausible_anchor",10040,1.96608042827749,-2.55537262610568,-2.77271709878194,-0.589720276023404,2.10724275841265,-0.956380974328589,-1.90001142971635,0.089835249126138,0.131352149341806,1.7966547977035,2.85841558449229,4.43088086955779,-32.5432781757727
"plausible_anchor",10060,1.77298063832104,-2.49504611940376,-2.84185111532935,-0.679717488178983,2.34220106344734,-1.72743017311187,-1.82955837749068,0.0713406240763052,-0.257743820638842,1.44370112335486,2.93883446019125,4.6837376439903,-33.7359099760912
"plausible_anchor",10080,1.90160645289371,-2.42696788988333,-2.90059586580326,-0.558343396449117,2.18083265892523,-1.70710972255873,-2.00279492019213,0.0590867135766163,0.0431433091053128,1.55082559038501,2.82729625695778,4.7587274131178,-31.9831706534232
"plausible_anchor",10100,1.84527710231827,-2.40955478161555,-2.9725173906157,-0.508343134605109,2.25030687824174,-0.92285222775572,-1.74960867931827,0.1278264769623,-0.0285270003707168,1.40816553461893,3.12584488371109,4.83277881296761,-34.0241978591307
"plausible_anchor",10120,1.72445360102478,-2.49373542026674,-2.82753292805504,-0.567345893666454,2.15894700813709,-0.616997533488193,-1.80181952483398,0.108390028420411,0.277120488218501,1.61109299761022,2.78675283555902,4.66741506608655,-31.7509625822123
"plausible_anchor",10140,1.8496580485714,-2.42404127882461,-2.8742548949375,-0.527662302689924,2.29976400755486,-1.437406385543,-1.7288541178096,-0.0230761617718295,0.4036356797401,1.53549070154182,2.85770625829607,4.71463743577765,-30.0363524240185
"plausible_anchor",10160,1.68600024258556,-2.44813743380612,-2.82684694137375,-0.574216070515462,2.24318158337032,-1.0108734150234,-1.66912707810454,-0.187017119334385,0.272899118374587,1.41737028871725,2.76423455453183,5.02794911635022,-32.999260848676
"plausible_anchor",10180,1.55256041337942,-2.36351642142225,-2.85858232722114,-0.619887424466196,2.32266021262815,-1.94224352950034,-1.90410871999574,-0.196565746911312,0.119593759087438,1.53503419189927,3.09928812970924,4.63594048960805,-33.3282819086618
"plausible_anchor",10200,1.60529906324242,-2.4937303182733,-2.81028496820968,-0.625099309251056,2.30989842289057,-1.72306379811731,-2.03584749267939,0.0716204388363513,0.125610706167199,1.38273590349974,3.05665947453627,4.08574036042084,-35.42413761126
"plausible_anchor",10220,1.721030956035,-2.51218451030939,-2.78169897137293,-0.608519432413517,2.28720628642508,-1.64837029028502,-1.91178832512537,0.0294450203153031,0.314995780095635,1.16802482488879,3.06045043237521,4.4885127214159,-32.9808355164227
"plausible_anchor",10240,2.06751639579144,-2.56021563064218,-2.77510235847069,-0.692185356783083,2.41389025470726,-2.42814434841483,-2.03192622567032,0.0641135055710516,0.192777387576384,1.09465828413983,3.27754241614947,4.70014255094153,-40.4283737138295
"plausible_anchor",10260,1.96896676910372,-2.46062736984935,-2.7627060549403,-0.71121946243424,2.31204181016226,-2.03554298552183,-1.79210855447917,-0.0623485663827364,0.23393867517967,1.50700316037967,2.73703044827916,4.56890430888167,-31.9295736979806
"plausible_anchor",10280,1.26719972089841,-2.50428448777507,-2.67679308102465,-0.694715856349336,2.29009620753532,-1.31199005136699,-1.89121029432801,-0.130587463356806,0.463880981062676,1.43468331555372,3.02272079503633,4.57639212690094,-34.8635709666024
"plausible_anchor",10300,1.25172355302858,-2.44347482930683,-2.78108653604006,-0.603313954289469,2.17956201573833,-0.645534589754733,-1.74543887846381,-0.134446783457951,0.587694290204267,1.37609749711143,2.83370497565259,4.72056988553432,-35.4977185703768
"plausible_anchor",10320,1.19137198119875,-2.38795002686626,-2.90587415050227,-0.539273950850747,2.15515351177596,-1.95771606181332,-1.65965219447332,0.0291523463372059,0.108764076610004,1.52974351296028,2.8456596203348,4.46176987622697,-34.9256954173654
"plausible_anchor",10340,1.49488584616899,-2.4286454973079,-2.96571442177825,-0.489273730234529,2.1466417849678,-1.97591450020313,-1.82088304844824,0.0478478428040308,-0.0873088263525483,1.99572184471682,2.46000555763433,4.34822830548485,-36.1113703841777
"plausible_anchor",10360,1.49842363955256,-2.50668333893044,-2.85070050222614,-0.595179031275641,2.17240463120452,-1.3632816955707,-1.6566527360379,0.0384274036638663,-0.327476859148719,1.92153253266871,2.63455567073282,4.83133055754166,-34.2649777374153
"plausible_anchor",10380,1.79800747603621,-2.47141573189827,-2.92884203635019,-0.577937866441016,2.0582440326036,-1.54733131955833,-1.77329579483562,0.167429411061137,-0.352158732828924,1.76858849110994,2.45921132137246,4.54631118801627,-34.0915131575264
"plausible_anchor",10400,1.77384690318306,-2.45913597448144,-2.91397313745151,-0.618239868536084,2.25214188760231,-1.81061157467563,-1.9220688789674,0.137453615021051,-0.116770349862027,1.68466417359383,2.62873153834458,4.43739576073619,-34.0577235832792
"plausible_anchor",10420,1.91255125820012,-2.37468171937582,-3.0822296622634,-0.450952980725566,2.16342825817213,-2.64017602024636,-1.84806715404729,-0.017231668909689,-0.134829461853468,1.57168034316665,2.75477695342881,4.61236035425854,-38.4393318598608
"plausible_anchor",10440,1.88466964779326,-2.41193568712503,-2.96396105106345,-0.51613195791374,2.16094303952886,-0.888032565164889,-1.71774816957343,-0.036681387373149,-0.0282368963312998,1.77484272169654,2.49546834825875,4.61145915434024,-31.6475233528511
"plausible_anchor",10460,2.02706298515727,-2.45473614227231,-2.8824417799585,-0.523952586661762,2.19055353910095,-1.69409303529333,-1.43804708805975,-0.00704991149409694,0.178752971058838,1.91277392195738,2.46669078259343,4.7716235636967,-37.9876109224528
"plausible_anchor",10480,2.06663227393479,-2.45542728639074,-2.80827659942005,-0.636743315863386,2.1998202143749,-2.33147686087019,-1.62462808409391,0.0665831648084867,0.307777351121221,1.79434960644905,2.71101133159789,4.64455739778467,-34.549449808413
"plausible_anchor",10500,1.87525045303885,-2.49078664558558,-2.77119099981483,-0.615409425300737,2.14344434860692,-1.38142302107669,-1.72749198503325,-0.102508898569325,0.132963546773583,1.77291262962138,2.85452900526379,4.47004635841164,-29.4689428220263
"plausible_anchor",10520,1.98260900812276,-2.55460495145475,-2.7436995795323,-0.526393674639278,2.2897033839756,-1.21382398301539,-1.86986647358277,-0.130061866279946,0.29335221525147,1.66117276093337,2.94803682325373,4.92070175189865,-35.0047061447353
"plausible_anchor",10540,1.9763628202554,-2.50011876248974,-2.82279784317031,-0.59786414883016,2.29233850554962,-1.2068405030928,-1.75545296919748,-0.031093479897067,0.0954969403076752,1.65931874101793,3.05044238947924,4.64101053641949,-29.0599899025468
"plausible_anchor",10560,1.92402041405048,-2.5026075403009,-2.80969383298033,-0.61910402942003,2.18594797935666,-1.49034256754261,-1.76352043357979,0.0186118745090121,-0.0106666651026722,1.87696872384939,2.93074737360787,4.37441423316654,-31.162535743504
"plausible_anchor",10580,2.038644221395,-2.44674043934661,-2.89370356083041,-0.500141652114823,2.2117480927839,-1.21853176267989,-1.79971436796415,-0.0766207738435448,0.189475485128565,1.82319147700803,2.88697888481189,4.82666874795345,-30.4561188755953
"plausible_anchor",10600,1.89166078515624,-2.43821502896257,-2.90714135884098,-0.527042661487713,2.23319319173306,-1.33594793585544,-1.73299605250926,0.0718147100733793,0.0412275043347826,1.88670167355633,2.87384078104046,4.65168848440798,-31.3176324884983
"plausible_anchor",10620,1.87624342327152,-2.41697160244564,-2.89102605715331,-0.541829958004729,2.22244008259776,-1.37211463989642,-1.78949816511636,-0.0110535645550247,0.161529946859838,1.82458598760556,2.81904592054563,4.64027775374219,-28.9216284465624
"plausible_anchor",10640,1.52828867324325,-2.4066287580903,-2.89582721838094,-0.604825164822098,2.30206134809205,-1.15373536784039,-1.76733530127787,0.0786171944806579,-0.120988189473299,1.77520157632278,2.70935563489579,4.64970559970759,-31.3246399746918
"plausible_anchor",10660,1.40143600719444,-2.45720424168205,-2.8015973491472,-0.622428440844903,2.24976532248705,-1.59653948210833,-1.93556185542526,-0.0218139224378097,0.00674410167997209,1.70769342320206,2.69859570041566,4.3608944460879,-32.8838504219342
"plausible_anchor",10680,1.45424179898801,-2.3665135112254,-2.82967601651547,-0.627676598399788,2.29370658144149,-1.49350409936717,-2.00044942181031,-0.0739028338324396,0.150680054619532,1.5790816576924,2.88019511996523,4.82154784057243,-32.7300197255116
"plausible_anchor",10700,2.04381994987676,-2.37266620544893,-2.9353990724625,-0.600509446222138,2.30431262321105,-0.99159768808564,-1.94272566750341,-0.0291376965209707,0.120750382364663,1.45048933834015,2.99775341283711,5.05234630589711,-34.4641941686903
"plausible_anchor",10720,1.47905380732492,-2.37463770549962,-2.99601645409312,-0.518138278169169,2.28402579648543,-1.55406437223046,-1.72238718931494,0.00037508586401281,0.110602152489782,1.64062794062973,2.88755572874193,4.51413814272432,-33.2424349159444
"plausible_anchor",10740,1.75989467020358,-2.36573835385734,-2.90263896010162,-0.616812957533379,2.34900939790516,-0.473700257061744,-1.87174157228126,0.0709143001828558,0.440347146738422,1.41876408783403,2.92740075068901,4.71651243053097,-34.3207686760411
"plausible_anchor",10760,1.80942295234782,-2.47054489708226,-2.80065965888339,-0.616065207128291,2.37931946783831,-2.13144283798338,-1.80063499852609,-0.139890900723133,0.269211444712969,1.47046329697899,3.18722645459682,5.10455891574566,-33.7118126891107
"plausible_anchor",10780,1.70567880710014,-2.49796133973565,-2.81408814822795,-0.637570787233886,2.40624013610459,-1.90844351310456,-1.8098626998461,0.0645974862952368,-0.0106263199155825,1.40026550536013,3.14387932287833,4.84025653684139,-32.4385988733661
"plausible_anchor",10800,1.64871613788375,-2.34976807694198,-2.83236966971368,-0.65340685605693,2.41519420788821,-1.23875530900119,-1.86402080953361,-0.124006882534137,0.359264066183421,1.4762161272075,3.06384138671502,4.70918792121895,-31.7805228957236
"plausible_anchor",10820,1.90121949183971,-2.4482087927633,-2.78572440285993,-0.604052639683776,2.26077662979114,-1.57523680494829,-1.88600694873954,-0.250748060972728,0.358588122528493,1.59917357290413,2.95164536875941,4.77938876527039,-30.2101539968739
"plausible_anchor",10840,1.79132049816878,-2.44765818138562,-2.76696068430698,-0.660563308388215,2.33552970733406,-1.88391464078669,-1.9293337911463,-0.169598061028837,0.3098654344101,1.61663334313771,2.80125393122626,4.7746693753435,-30.658057703615
"plausible_anchor",10860,1.724380767661,-2.43610067927544,-2.77878869852689,-0.661809469609871,2.2511391917995,-1.40352420538585,-1.81218382227027,-0.0725687075334633,-0.0497315880304299,1.83289307771264,2.88399909687975,4.75204771705512,-31.7084882846309
"plausible_anchor",10880,1.77999060779098,-2.49844376148483,-2.76531662468967,-0.679664057404733,2.30890438206088,-1.79533138075499,-1.81529896942779,-0.156941658784977,-0.0181967356158926,1.68681368338501,3.16568100460883,4.36225823268078,-34.7441743860659
"plausible_anchor",10900,1.73958431168335,-2.51082017452273,-2.80209111857673,-0.61814233522537,2.2962937946033,-1.52552507814888,-1.8908954029929,0.0534035818754488,-0.160654844663009,1.97107260966428,3.14248758794389,4.74724604186933,-37.2767710334503
"plausible_anchor",10920,1.7529558693385,-2.4656071762189,-2.88587322989049,-0.58127957555435,2.36819336816519,-1.02871538541059,-1.81357009994902,0.0575179170908887,-0.197980374288455,1.79137875526548,3.18315906617946,4.83337143559185,-34.0455758338527
"plausible_anchor",10940,1.99385611491173,-2.48945270827091,-2.8308285428254,-0.534905328945617,2.2341620020749,-1.50687922686889,-1.87295190865349,-0.115219047929534,0.251623367154134,1.86824250365234,2.64603400930086,4.88342311970278,-30.2721813399614
"plausible_anchor",10960,1.83038758860218,-2.39161720355141,-2.84087712375847,-0.598831497220102,2.3270270221928,-0.970456417792961,-1.70136863356956,-0.176846824432099,0.0970884957583898,1.77459319717572,2.74006290848144,4.90890275519917,-31.6195820647592
"plausible_anchor",10980,1.73586874401375,-2.41640859178967,-2.84413232602874,-0.628472790021644,2.34949583574554,-1.19658728049319,-1.62075607433828,-0.193029638105158,0.292634336079775,1.6060459690865,2.77471901938951,4.51402035935279,-32.8731338958805
"plausible_anchor",11000,1.9894628792932,-2.45480254239773,-2.79597260757862,-0.657840132946851,2.41065504415726,-0.98544033262538,-1.65434340034017,-0.0956907260494842,0.0312909794122622,1.61514864512947,3.03545644438492,4.83159890705501,-33.1685226609823
"plausible_anchor",11020,1.97980411036197,-2.40580969028159,-2.81341530048495,-0.632247620051823,2.17732521409627,-1.24458798049125,-1.65862431450086,-0.133533900552324,0.187273672335009,1.67029901504081,2.63382132617658,4.61163408943055,-31.3252600427777
"plausible_anchor",11040,1.76375857210983,-2.47141322520319,-2.86731500649323,-0.547544367878728,2.20129940367847,-0.985445489893534,-1.85628978879933,-0.116556687533703,-0.101093057382943,1.67910885135566,2.82157371934397,4.70070666365887,-30.5326913894604
"plausible_anchor",11060,1.80301234540143,-2.48987795291561,-2.8511335758068,-0.615231555372661,2.31901473557669,-1.37701758800459,-1.89872850339634,-0.0288985555336512,-0.0828304064372299,1.68094576506192,2.9235506672534,4.78397191155258,-30.5180454958108
"plausible_anchor",11080,1.68471593670351,-2.53803069018001,-2.74603745928682,-0.640372982044992,2.32254688567602,-0.88954249513963,-1.86643845173771,-0.00210262778332139,0.28989314119347,1.38468537096285,2.95245624281219,4.57449055998838,-31.2725841063337
"plausible_anchor",11100,1.71175590821968,-2.47277338346013,-2.8186941009678,-0.607765950243684,2.27135215790758,-0.782899747740445,-1.73661532968445,-0.092849696678429,0.327437400688051,1.47518156706639,2.92117073935867,4.62061577250423,-30.2992289541768
"plausible_anchor",11120,1.81450969559874,-2.43048814371379,-2.81899959634981,-0.663935702150221,2.44219185003333,-0.999173966898398,-1.60933593585507,-0.170921209867053,0.336822296204671,1.39067210903646,2.94604181271889,4.56770188533908,-33.4357331684869
"plausible_anchor",11140,2.28797144973487,-2.4348287111904,-2.84063642202321,-0.628260189321977,2.2049622984477,-2.16966422923185,-1.53322119692519,-0.170599481695459,0.199831152667878,1.848850103386,2.73153859384678,4.40996870570345,-38.4928813537645
"plausible_anchor",11160,2.20039209182051,-2.44225916821695,-2.89918984717968,-0.579745755492465,2.12581267401122,-2.36694865447709,-1.77870074454424,0.0781595393029078,-0.187801496369858,1.7929288749516,3.02947197765673,4.91046352960012,-38.4190466504765
"plausible_anchor",11180,2.12376510692997,-2.43197831984059,-2.87767885993482,-0.556746170111235,2.01501373989773,-2.12899878888297,-1.65067747782587,0.094390696445597,0.101082384603732,1.96062857675589,2.90687552160308,4.59500304399705,-38.4804162225342
"plausible_anchor",11200,2.11948040766372,-2.43041175411381,-2.87053449662401,-0.510645351903586,2.0955981733146,-1.83936027104778,-1.72958282467492,-0.0679590439695725,0.114500710591256,1.73407635315904,2.91051405105603,4.48906211902367,-33.0441494333104
"plausible_anchor",11220,1.98342513770448,-2.39273713920699,-2.87140038952217,-0.515826766267625,2.03473758797634,-2.12980831598387,-1.75061155272945,-0.13177291911371,0.299660764269543,1.99959425506636,2.61950549338013,4.82228006815959,-33.9044674730338
"plausible_anchor",11240,1.83256585412921,-2.34931349602567,-2.88299618900867,-0.531857858972971,2.08928472537079,-2.07033239521248,-1.76081450164017,-0.0278141905123084,0.223065403460587,2.06272730994748,2.74606500249941,5.00144075768772,-37.6267418234378
"plausible_anchor",11260,1.43465682523244,-2.35091580991409,-2.84634271979576,-0.606468243507677,2.22419526335049,-1.65941290382031,-1.93947749631129,0.0504745232007939,0.289281876871602,1.54985197847213,2.97730770890674,4.68897757409748,-33.2481699562539
"plausible_anchor",11280,1.87438412795387,-2.46709659791137,-2.90664501182522,-0.510259388239001,2.13600668857559,-1.20447448726903,-1.80768597107141,-0.00776422604337682,0.0777180470992532,1.88798678651598,2.6727503822183,4.60148646621248,-29.9259786222155
"plausible_anchor",11300,1.77977879168262,-2.41370427986489,-2.91728859066667,-0.492274844196492,2.14066946509376,-0.909690239099709,-1.85936592522093,-0.0317521819262449,0.26690618734443,1.76825386686962,2.71863532631128,4.63098961489044,-30.3921235014345
"plausible_anchor",11320,1.78022464324405,-2.39615668647048,-2.92594944991068,-0.551096961397793,2.24683381761344,-1.32330592561523,-1.79370021352016,0.108346532247673,0.162906935510113,1.58641723239354,2.6410621628185,4.7015095204407,-30.8469547388557
"plausible_anchor",11340,1.83172009833816,-2.51708361589051,-2.87738056601547,-0.588028403424945,2.29634744564241,-1.72595188887307,-1.89366582729759,0.136835604779386,-0.222309105264919,1.6199472790853,3.02711136003195,4.70165941295352,-31.9026539591314
"plausible_anchor",11360,1.76641415105839,-2.50585868193981,-2.77938516868926,-0.659904597316982,2.32124834257273,-0.922498018466284,-1.96020609319818,-0.0755512129865679,0.0362677322736635,1.63387809669187,2.9336331797846,4.64860518197568,-31.6726573281059
"plausible_anchor",11380,1.63137697682403,-2.47250457195868,-2.81102414209518,-0.613259474619248,2.28416772584277,-0.630634620407697,-1.92427784061824,-0.0141005822018643,0.261551498797656,1.61144675124529,2.92258454060766,4.71500308265236,-30.948785392491
"plausible_anchor",11400,1.69724462335758,-2.45175713912981,-2.9046868917536,-0.540227482834907,2.3697443921445,-0.238380267679072,-1.65036128498012,-0.0186469497287984,-0.0199245413340351,1.48689033268113,3.13731814211873,4.61146114701783,-35.0379200388645
"plausible_anchor",11420,1.72283274675198,-2.45392390871459,-2.80066190179709,-0.618844885266025,2.37111464537282,-0.886607387549606,-1.82475168408313,-0.0486591473282977,0.0122727375172856,1.54952439066253,2.97503714922924,4.70324358815998,-31.8735699928057
"plausible_anchor",11440,1.84902798663807,-2.48024375534137,-2.81577608863853,-0.632115061148628,2.37193261414315,-1.19893412975879,-1.75786155760785,-0.0850646082783821,0.202131489759702,1.69227427081004,2.85032582499663,4.80714278465699,-29.6338686173564
"plausible_anchor",11460,2.01244842552206,-2.51903467035563,-2.85161075142651,-0.548235721252172,2.2825351258846,-2.28324179575418,-1.68215495235004,-0.0995652825715292,0.132543413460398,1.5257151128024,3.03220888695372,4.70086425309985,-32.0098495822903
"plausible_anchor",11480,1.98496831023475,-2.5508459508773,-2.75822718069564,-0.642279378156759,2.4279526737215,-1.70473114680116,-1.78919721110819,-0.137145494924316,0.461113928636148,1.18937657624073,2.83516501126526,4.8141904321614,-33.4211046604217
"plausible_anchor",11500,1.9253632554467,-2.5860842313806,-2.70286509941162,-0.707688566629319,2.38430899087245,-1.73115918776326,-1.67490771242142,-0.126944447820049,0.17707701704078,1.23639904468131,2.94368993519982,4.74897597061178,-35.0906854955314
"plausible_anchor",11520,2.07128634581377,-2.51806863360789,-2.77607788387097,-0.655639288870425,2.2780567458517,-0.861552687299936,-1.67237066961604,0.0971383216565102,0.189504086634826,1.50103986557267,3.12713313106969,4.91766851710279,-34.3163923271995
"plausible_anchor",11540,1.95920549912204,-2.45964582815874,-2.8370224611693,-0.571437336128267,2.2246989600807,-1.79527207217978,-1.64007617092302,-0.0494363931581438,0.255839739854517,1.89616570602868,2.92091173704265,4.82347131326975,-32.7120069263218
"plausible_anchor",11560,1.56908150192537,-2.54093161588526,-2.79528076194327,-0.547998875773508,2.15731187806618,-1.68110400779894,-1.56890512401435,0.0152472228107853,-0.0768292336620821,1.77284960031696,3.04889264879082,4.25162004760994,-36.3040453456275
"plausible_anchor",11580,1.58307459568158,-2.42190343226816,-2.79988185110972,-0.579384509702582,2.30272030738452,-1.25583332504631,-1.71250629471069,-0.105749104347901,0.475649650780739,1.3836253776779,3.04800667046004,3.86409236058122,-35.2232883400491
"plausible_anchor",11600,1.81450100252353,-2.41199116608004,-2.84729949711659,-0.601219510766436,2.24395139850676,-1.19097204351513,-1.89960396558997,0.02291556826045,0.399201209859399,1.64686683102401,2.67948091757215,4.92992999912791,-30.717266080896
"plausible_anchor",11620,1.87857585690651,-2.40895946023016,-2.90561602599145,-0.594567657716925,2.31849089801351,-1.82222570358083,-1.99143097286381,0.00142637438245841,0.0977194438298394,1.71800673730176,2.78091654791165,4.63845968450449,-31.3211549185951
"plausible_anchor",11640,1.62955638861579,-2.34863667631283,-2.9279697657406,-0.673834206387526,2.33366969728122,-1.30957644692488,-1.92223575365275,0.0745253885087998,-0.093252929517764,1.62317622128627,2.96165099850023,4.58891381558886,-33.9164657691638
"plausible_anchor",11660,1.95013662389214,-2.44283397996414,-2.89907381178973,-0.62453711731085,2.20442193406702,-2.15314936597718,-1.77619466005589,0.143467832752689,0.0444197375112658,1.64355772293801,2.76006730427446,4.76006667017939,-33.4275428368795
"plausible_anchor",11680,1.93073826915383,-2.47782148314267,-2.87430552651332,-0.588204090160418,2.23434842088677,-0.820959733375032,-1.86363079193281,6.43623006613414e-05,0.420996207944054,1.49108309961329,2.83556518790449,4.71033673326928,-35.3215191078849
"plausible_anchor",11700,1.85500301634989,-2.483715709028,-2.87236035394689,-0.558701930082612,2.24238371768327,-1.49717380270333,-1.77738797990187,-0.0422537304780789,0.0737326686898557,1.8020934349999,2.92121978230401,5.03503487304928,-32.0692091235959
"plausible_anchor",11720,2.02762833092585,-2.47250248137339,-2.87848146514831,-0.582853284946475,2.25972410309741,-1.3832873036423,-1.87202081729382,0.153603046146228,0.301928996762188,1.6985595431626,2.82376849392621,4.80705261037676,-33.180217217119
"plausible_anchor",11740,1.58932126867576,-2.3885008830727,-2.91216434812348,-0.503331336065327,2.17701304994558,-1.23241336658701,-1.70199628692115,-0.0489588068696249,0.398633952513793,1.76371829694907,2.70916783686977,4.72067345368393,-31.9056476994064
"plausible_anchor",11760,1.77142925187156,-2.42493853409262,-2.89087642948416,-0.525477665163548,2.13867394489674,-1.11005145964301,-1.7816175640393,-0.0197288879993923,0.208460493907459,1.87352235249567,2.51043407565605,4.85896086818953,-29.904884873316
"plausible_anchor",11780,1.82716305673761,-2.41519815158208,-2.83538720562438,-0.597421954240433,2.1437805210306,-1.023850095393,-1.83971849249779,-0.105608876222211,0.143788894494714,1.91632501595239,2.39509557806588,4.76271143581175,-30.3025222340416
"plausible_anchor",11800,1.63196021147866,-2.37054128291637,-2.93430568852535,-0.547193449087677,2.14625246864039,-1.29251409371729,-1.90704634142005,-0.0924045036566374,0.119762205994981,1.80029900954046,2.54308608522363,4.83471608104579,-31.9522126069694
"plausible_anchor",11820,1.95052495181361,-2.4961122510162,-2.82914019558293,-0.541469412787071,2.09203784091756,-0.740044048407421,-1.76510031143745,-0.151541514958259,0.149535328629539,1.98411829392605,2.3670889508838,4.86169550384346,-31.8548305328865
"plausible_anchor",11840,2.22892676814263,-2.49754951763944,-2.86289249402103,-0.538188285816928,2.09642682753667,-1.1455431998619,-1.7137253565138,0.0172480371531449,0.0182955928158635,1.87834139952961,2.5116271118933,4.64753762627995,-32.4004484977042
"plausible_anchor",11860,1.71611466438528,-2.44558813496904,-2.84490963077437,-0.534569644914137,2.02599274487535,-1.79858479207822,-1.72082407402776,-0.048233250725001,0.165469187502295,1.68532336995433,2.88540862343459,4.42472765901989,-31.646267944512
"plausible_anchor",11880,1.63159298195468,-2.45464759012993,-2.8542540443001,-0.53477876222493,2.15512038991316,-1.46954661011086,-1.78727457424638,-0.0579520563966907,0.165516965594133,1.71132879778059,2.88296145990783,4.86789736334814,-29.8859289272219
"plausible_anchor",11900,1.44811776633569,-2.43999389364485,-2.90707189315453,-0.46547571023953,2.020789057146,-1.14276061872521,-1.77822650116621,-0.0374394839966877,0.201317199178586,1.7013194703716,2.72918144044675,4.6018222386543,-33.3984312534663
"plausible_anchor",11920,1.96945040212941,-2.5016354745604,-2.84059799441026,-0.494276224918475,2.25515496631227,-1.4545260763972,-1.65070575794086,-0.206890988197412,0.237129114329456,1.64133327557904,3.11689971738287,4.74425540983791,-33.0352144625778
"plausible_anchor",11940,1.8897137174773,-2.51577074030879,-2.75291080652676,-0.591070405976541,2.30815862232371,-0.857510727611721,-1.82259147251526,-0.212187361002366,0.238775873570076,1.5773824436319,2.95934458315064,4.48102085184374,-31.352682421973
"plausible_anchor",11960,1.75134594140985,-2.51858069192386,-2.77135292470177,-0.616024685028661,2.34400590211067,-1.16839268438865,-1.7950227998008,-0.200843688686438,0.208529594795735,1.55949897897133,2.86602288070837,4.47391948756044,-30.6133931200844
"plausible_anchor",11980,1.60662718516809,-2.49649044219979,-2.80193231831571,-0.55360990433903,2.32585099298425,-1.81553731110623,-1.77587799027162,-0.0944067952853589,0.176181189576809,1.55340730868874,2.92260967122547,4.88570716592355,-30.4940723392836
"plausible_anchor",12000,1.93937165529545,-2.44004403728267,-2.79249100255929,-0.523203056553632,2.14442773105582,-1.95073607057624,-1.77013936578531,-0.224502189358782,0.408172872703322,1.78764029496693,2.9077235359135,4.35836732420181,-33.6650114244565
"plausible_anchor",12020,1.74913142363638,-2.40454001890965,-2.80449581457275,-0.549984716550525,2.10725665216286,-1.53661252344663,-1.76193455642712,-0.297371835805058,0.314680247963754,1.86654538963294,2.87962490814052,4.03591591929591,-34.1786594652572
"plausible_anchor",12040,1.65419444256015,-2.39122557244836,-2.90573581634534,-0.527426884641422,2.15727225172592,-2.01050014558957,-1.83413252471677,-0.124727326469158,0.180862739235951,1.74740617396406,2.97664597043809,4.24381829269652,-31.991411043503
"plausible_anchor",12060,2.03538233576833,-2.40503510882753,-2.94056797324464,-0.506547766378684,2.09892084900897,-0.639727137922294,-1.88462024885353,0.0521931725019883,0.174908307006148,1.79366494061866,2.81890837737728,4.69263079898156,-32.782031236984
"plausible_anchor",12080,1.95071326264458,-2.35513242110043,-2.82632432329671,-0.607963390024653,2.08426652089128,-2.11372881630469,-1.6558099932078,-0.0693474148054267,0.262160224782658,1.86334768126196,2.55079717325765,4.65895979057942,-34.6813267530692
"plausible_anchor",12100,1.83189708729953,-2.34601895198202,-2.8749204561391,-0.591986652780266,2.19218481571524,-1.31124960792119,-1.78136285977968,-0.101910988968451,0.305088958710833,1.67280344582295,2.71733950616869,4.53395076122343,-29.6867128571685
"plausible_anchor",12120,1.89802754845043,-2.38929036149654,-2.83604779191412,-0.613678066472172,2.24689518227055,-1.47504384875714,-1.76890067907458,-0.0758046733686988,0.481053955663561,1.74908648250106,2.59611186497909,4.62873443654319,-31.0268888738968
"plausible_anchor",12140,2.04157238245823,-2.40851725591666,-2.84852154195897,-0.603210611146597,2.24152906009482,-2.2160323239862,-1.64223639478346,0.0185182696311422,0.327814438191315,1.65080705190198,2.67031716009553,4.642532359407,-32.9219307468178
"plausible_anchor",12160,1.89798577454208,-2.45833880518465,-2.79927444330214,-0.544720475390913,2.10446635274526,-1.40703021833962,-1.73086035382938,-0.17183140849945,0.254285991867125,1.88080911662571,2.55443325636266,4.36783155031844,-31.4491089485449
"plausible_anchor",12180,1.94456938427188,-2.48397930517265,-2.81168180882754,-0.569465141956586,2.2212024481642,-1.48843103480185,-1.74202232757337,-0.0841803461120569,0.188068978309325,1.83856325718365,2.89120487854527,4.73630572210731,-29.1845530703527
"plausible_anchor",12200,1.62380361693509,-2.50571713675179,-2.87228862631456,-0.550245388600759,2.29051082298027,-1.80950166228206,-1.86457609593268,0.0792887804432683,-0.193775731650518,1.87133077365206,2.8025468309547,4.46408277325159,-33.2095909758207
"plausible_anchor",12220,1.60972320897232,-2.46157094418665,-2.92893987620784,-0.54589874049057,2.36465289534086,-1.5166807562447,-1.76029683395399,-0.0113186237041879,-0.167676377985725,1.73734221417491,2.77522801096414,4.6169436192225,-31.9776792737415
"plausible_anchor",12240,1.99791646609624,-2.44081389942652,-2.87165690674691,-0.611656597701067,2.29444127920323,-1.36710132339864,-1.87100091446441,0.0819723505970341,-0.149483856175187,1.60211418801635,2.91226093427011,4.98222939906151,-32.1719433157743
"plausible_anchor",12260,1.94273062601256,-2.4015875344703,-2.90485836481804,-0.590643611277277,2.21108122761884,-1.68847268818403,-1.74470889582163,0.0070300385017896,0.141059884975423,1.71062901748633,2.70205094148926,4.90665427226107,-30.298723555259
"plausible_anchor",12280,2.02231641741465,-2.50247714795356,-2.82177698105197,-0.563343726971087,2.32077238806178,-2.22162587461446,-1.85590813253365,-0.0686433646553934,0.106164002582528,1.53997334915771,2.78901643440039,4.76310681213014,-31.8679962881171
"plausible_anchor",12300,1.91526534081512,-2.46074434511973,-2.88414391470517,-0.523013221900832,2.22208181869985,-1.54927921712732,-1.88351473426236,0.00559069746642214,-0.048251516082374,1.71045822901268,2.63688088175612,4.47652923100555,-32.447765814914
"plausible_anchor",12320,1.88295077312334,-2.51198178773639,-2.80603889280514,-0.555906638274103,2.24299380504822,-1.29707125712056,-1.97480097465312,-0.0442857839569548,0.0227705887822077,1.65939842920279,2.86030240636912,4.43658706507098,-31.9261852060352
"plausible_anchor",12340,1.85941499865239,-2.46769858524991,-2.8621752941231,-0.536417291493524,2.23734965725255,-2.08649952677263,-1.91844606148976,-0.089713649449725,0.178016078216344,1.61494665052753,2.92324505556495,4.51986550711186,-30.0243521760127
"plausible_anchor",12360,1.80170518206563,-2.49464285682167,-2.79580981790417,-0.612552262315724,2.28181232562204,-2.37375395060453,-1.81623452627915,-0.101260561928287,0.339377549351167,1.41566882813626,2.88072714488441,4.70573492875574,-31.064628865149
"plausible_anchor",12380,1.57436647632085,-2.38894439196386,-2.89441945131478,-0.501871679627797,2.21111709385274,-0.951018944331595,-1.71111509183164,-0.0930356809246568,0.279124231590145,1.65847762676596,2.6682846139915,4.87117303743979,-31.0464448539484
"plausible_anchor",12400,1.83924376195899,-2.36956873019138,-2.91726780095228,-0.527218850397396,2.1320861178581,-0.403535773629531,-1.68226542502202,-0.0746478124246896,0.404230878892638,1.59306877123082,2.72431165289532,4.91098818058225,-33.9568162219314
"plausible_anchor",12420,1.8458675827244,-2.37356310633888,-2.90248356220957,-0.559101581298646,2.05893796988841,-1.41813571188752,-1.70074040707748,-0.0276354847329173,0.297872047121431,1.80426935130763,2.71457024775264,4.69395772029171,-32.1438411159875
"plausible_anchor",12440,1.79261501657415,-2.41853557499615,-2.88541730076583,-0.562039219694416,2.11748060784396,-1.39133495327477,-1.92760127897189,-0.0302484913245561,0.110382708361102,1.75958136809034,2.76609259773996,4.74905753175324,-30.2166749283138
"plausible_anchor",12460,1.52179842102444,-2.42916005929051,-2.89095605669957,-0.555172296941672,2.22564199539508,-0.641728387488653,-1.9577374106357,0.0106478882680014,0.207701231506268,1.2984807774737,2.92722695818492,4.63016892616216,-34.4151577728007
"plausible_anchor",12480,1.99124811561307,-2.50357097823309,-2.78207495289877,-0.676163806342615,2.4206161553049,-1.76173199141649,-1.89614401149354,0.03498545388992,0.292488974298527,1.4533648352737,2.94367147636055,4.42301039996247,-32.4542161086487
"plausible_anchor",12500,1.69430849609374,-2.42372064553204,-2.87010142420786,-0.585147092170507,2.3473465457927,-1.52268621679904,-1.64676774972751,-0.18456466588323,0.188616628848259,1.62159171396886,2.63816703725422,4.60898433458513,-32.7094704303821
"plausible_anchor",12520,1.7710282320264,-2.4600259002464,-2.93193570636584,-0.471936087319762,2.27313335136789,-2.11023178217246,-1.79998882426481,-0.0480261105031029,0.224897669850522,1.64924323765132,2.83133693505091,4.79465844522399,-32.1919449113005
"plausible_anchor",12540,1.84900481437522,-2.42991957590621,-2.90617309531275,-0.533747146229993,2.20415681491222,-1.78156864623355,-1.74665379890741,0.0724443802666919,0.189713154958261,1.68529566099714,2.73708555275355,4.86112955438082,-29.9572668341515
"plausible_anchor",12560,1.94714325706254,-2.55571339936526,-2.78326360849947,-0.54646853848631,2.11578080308525,-0.737848799423117,-1.90025287991815,-0.0546634105014468,0.510506300709873,1.52091209164919,2.63960112112227,4.97733454925586,-34.4904472033151
"plausible_anchor",12580,1.94917428788336,-2.48098107743867,-2.81295705706144,-0.597807219864702,2.08894858039319,-1.72674109397817,-1.85229153173263,-0.139774781414196,0.0158520750971266,1.76015441203705,2.58999306004095,4.91979647541547,-32.3943971673647
"plausible_anchor",12600,2.1345498968307,-2.41074079314919,-2.9582369335099,-0.512058975537928,2.19892001412243,-1.17618575042202,-1.90823659602601,-0.147156911898088,0.0597996428975711,1.76641572202111,2.47011553667023,4.6080110059726,-34.1805718343466
"plausible_anchor",12620,2.12109512293633,-2.51729796580706,-2.88025636714519,-0.512760564277155,2.20595124670468,-1.64791368874008,-1.86404548005922,-0.0539825751398061,-0.297333329415568,1.66626928756746,2.77336362493747,4.83656243778438,-34.9144717090172
"plausible_anchor",12640,1.93248373873277,-2.53733226430556,-2.91975099503798,-0.493126312745581,2.40457566544447,-1.78058600242902,-1.79046275627658,0.057991562651545,-0.240731863563564,1.45827636536667,3.06953792290748,4.97455235960348,-36.104444741131
"plausible_anchor",12660,1.8498861967985,-2.50941928555896,-2.71246062562034,-0.721205420448011,2.45188343890084,-1.78291748841815,-1.8529083815034,-0.0785369869039593,0.127254036243982,1.53314779163046,2.98241425787163,4.85358159848183,-33.6128865339764
"plausible_anchor",12680,1.93933211854686,-2.45534241234061,-2.77608803271106,-0.656504622866267,2.25369258739889,-0.654494537590676,-1.78902076504459,-0.121045123306722,0.41221147753098,1.58852088866087,2.75865170618061,4.74348342351921,-30.2279064635134
"plausible_anchor",12700,1.92347906042518,-2.33803700578435,-2.84543513707084,-0.659712586031094,2.26243701538337,-1.50871642828181,-1.67851248316082,0.0139638919271254,0.339079195078536,1.38905395081807,2.79766309153252,4.81848789988279,-34.2239292097764
"plausible_anchor",12720,1.71137853457225,-2.44744620066379,-2.8071546667393,-0.589817231966793,2.22390024640542,-1.90359717749331,-1.61397688887554,-0.0444585470644323,0.302699586660413,1.40103430744037,2.7265213681343,4.7873298683569,-32.5111576364441
"plausible_anchor",12740,2.11669065321516,-2.50210230698381,-2.83746455989209,-0.6312405207336,2.24321886410797,-1.07587809803937,-1.90039486258177,0.0113166346002572,0.223993134564995,1.61058260740899,2.62858932862223,4.97546063622993,-33.6813479770015
"plausible_anchor",12760,1.66481736423868,-2.50857393498969,-2.79215076298666,-0.569743262566198,2.10602120613874,-1.55270060746777,-1.58566404652574,0.0264987702367641,0.333719016718711,1.59017975981107,2.8699890066385,4.86864685225359,-34.5767271976091
"plausible_anchor",12780,1.83204583671973,-2.46857377949872,-2.79735026640301,-0.524856667869549,2.03747446718618,-1.82647945085645,-1.68692634512265,-0.102917503352844,0.345317594881911,1.96228781647844,2.76950450180817,4.46575758005606,-33.3433421588699
"plausible_anchor",12800,2.06380786926258,-2.40538188472188,-2.91956503303585,-0.526093777216945,2.16920140119894,-1.37897953940045,-1.86204990702246,-0.0763199984939831,0.178311637731133,1.77585456859769,2.50047557222135,5.16467161474165,-33.0003277251919
"plausible_anchor",12820,1.92131457530988,-2.51408608824679,-2.80895573828711,-0.621408544105873,2.33342934743778,-2.0897731825334,-1.85938215526767,-0.0330623130598494,0.000610617371834512,1.62005973185125,2.58717992480173,4.73276583685201,-32.3854545912272
"plausible_anchor",12840,1.74472476347723,-2.50230459047932,-2.78299450061868,-0.582792427176169,2.12779672334146,-1.24709761479704,-1.72130253946432,-0.0807620243228665,0.000775709354014505,1.88138959310302,2.4693546672311,4.53826302116842,-31.2104136896651
"plausible_anchor",12860,1.67237859888832,-2.47049177307877,-2.73811411434279,-0.629193892357588,2.30325220307748,-1.01494233882877,-1.79936666774141,-0.0443947849695161,0.14928709773199,1.70892303925179,2.67214456804835,5.00460325418267,-33.4997094933308
"plausible_anchor",12880,1.25406541000881,-2.37380390357829,-2.80924234929083,-0.65901831036656,2.18188440800099,-0.871388673420484,-1.49310932936293,-0.144509828276402,0.0743050870604367,1.7675211597135,2.4967326264328,4.6320488215337,-39.88353923577
"plausible_anchor",12900,1.41501343234955,-2.51722078214259,-2.78327968439218,-0.606335605671699,2.28664692856131,-1.51742548340468,-1.61577108010951,-0.0705968030759994,0.436197509608339,1.20953165111599,2.82466586599622,4.46661549501448,-36.1797013728442
"plausible_anchor",12920,1.84555454636788,-2.57412364898403,-2.87583957226119,-0.577731210951797,2.432433622167,-1.40329371675489,-1.64136642505547,0.087180334555463,0.0976095663583019,1.27372282303512,2.83481251693328,4.76158412400846,-38.7066658597325
"plausible_anchor",12940,2.23693919276903,-2.57893931287139,-2.71895230212889,-0.630280129456013,2.30781119567673,-0.265522466140602,-1.74013636799627,-0.132583873062869,0.526128344403438,1.60457506295363,3.02295028195184,4.9803171707392,-36.9379814403147
"plausible_anchor",12960,1.9421313801744,-2.48418272730637,-2.81996829380389,-0.585918678791014,2.27226054620624,-0.928152742777866,-1.81883789553381,-0.201256617394706,0.448160177301013,1.1424843124913,3.11653337394942,4.6190641469693,-33.489350447873
"plausible_anchor",12980,1.98273140568406,-2.44918975695124,-2.83915456873237,-0.577449900133424,2.38987050887213,-2.38057988425585,-1.77668565069465,-0.221509509192406,0.342967688905484,1.35934184149439,3.00515069634341,4.58382485830204,-32.8158469002822
"plausible_anchor",13000,2.21924593940976,-2.54055762657419,-2.76731477502818,-0.616392985165954,2.34955719659747,-2.29080489764299,-1.75306669885022,-0.0578066618335104,0.433015943037532,1.20411284962684,3.27372496562952,4.40061268378088,-36.9351391826393
"plausible_anchor",13020,2.09466997927889,-2.51351308705609,-2.80208434485526,-0.594734841070688,2.34862210066124,-2.53844424149782,-1.72684304085432,0.0539272594623657,0.122750290812693,1.80359269160982,2.91782874676082,4.55861828214354,-35.9579695049414
"plausible_anchor",13040,1.95089840992462,-2.5146510401295,-2.81426577590048,-0.591681827328856,2.40498205381241,-2.46837093121738,-1.72312331989157,-0.101146601005483,0.187296160191168,1.56024109076439,3.10748299059823,4.5493555286717,-32.6404546411857
"plausible_anchor",13060,1.83706166706086,-2.46034589861071,-2.86813492427324,-0.575087582930631,2.49685588072538,-1.59092852957057,-1.89420585139552,-0.240419933848936,0.236656731784638,1.60776295862563,3.10560417821226,4.57212582442537,-35.5153150593641
"plausible_anchor",13080,2.03469019778038,-2.61987673493208,-2.70272274552466,-0.664643246956265,2.43962518442324,-1.54491360189548,-1.89332746957622,-0.231951547984229,0.11263898106048,1.49044841247527,3.30826484618969,4.75916544205933,-38.656202286975
"plausible_anchor",13100,2.02534639280892,-2.46029410551027,-2.76304169934893,-0.642648104591519,2.30673591611832,-0.228827187283464,-1.9327505324375,-0.150892631168266,0.466877939996234,1.20356144380151,3.04585627831318,4.35211194935458,-36.9762606513229
"plausible_anchor",13120,1.62033724997064,-2.39822817734137,-2.83040065799261,-0.545974903863799,2.14710013194076,-0.800539578649863,-1.76545693605146,-0.359433040533837,0.450957381179503,1.57914599810054,2.72239916738588,4.24377816814516,-35.4891917469976
"plausible_anchor",13140,1.64847757231347,-2.39454426286503,-2.9165780852513,-0.551201748732363,2.17816981718809,-0.57745421861209,-1.65008981889339,-0.114930805778549,-0.0212499320764368,1.57203171211114,2.94228721488156,4.23792055936779,-34.3536692431364
"plausible_anchor",13160,2.06160032689188,-2.45185771238919,-2.8411041864773,-0.578071512566277,2.15695486563172,-1.21878433043415,-1.6418109959367,-0.157985356255475,0.24684473527937,1.59858329625565,2.78383897203918,4.46893878870088,-30.9146541135168
"plausible_anchor",13180,1.49946146557525,-2.41044443537635,-2.7992752434505,-0.538942120934529,2.1774381127906,-0.672344155167568,-1.66095223555155,-0.305893886499543,0.290983932757307,1.64707117186746,2.86239135377914,4.37411034794196,-35.2892046453723
"plausible_anchor",13200,1.61317027968503,-2.52045116146371,-2.72567191120384,-0.637314968871245,2.21029907461143,-1.11224570346261,-1.75995481905857,-0.192413616666841,0.268590659518057,1.79561813421096,2.75318802259555,4.04903382861439,-33.2849730198708
"plausible_anchor",13220,1.58832699057096,-2.58579126261049,-2.71447351098252,-0.517239288046725,2.12432654738574,-1.79829934509662,-1.74838667260079,-0.308311423267718,0.111244034623581,2.00901268448624,2.57199280853441,4.45694469798585,-40.9603245752763
"plausible_anchor",13240,1.73693901324608,-2.45616297386484,-2.85139656090611,-0.580290135148514,2.25193764864091,-2.41570461702551,-1.91299877500845,-0.186333157575609,-0.137061356016412,1.84433064271359,2.73411553521293,4.3024870464302,-35.5408899197287
"plausible_anchor",13260,1.38785386537981,-2.57391116828852,-2.74706497364373,-0.578989296696536,2.34054808619501,-2.01181758465743,-1.71302716577621,-0.0786310030732088,0.210989217247295,1.5049332988096,2.89990623659395,4.3997861362187,-35.7337363229635
"plausible_anchor",13280,1.3402849959103,-2.41563450981957,-2.91461439106908,-0.549253167026613,2.47806906579217,-1.39763402334392,-1.67505734549529,-0.051337612038328,-0.0201663214354596,1.74424977576027,2.84848321608685,4.87769563483466,-35.8880837361885
"plausible_anchor",13300,1.64168909840012,-2.4322687070534,-2.89936285603206,-0.602985071589168,2.45484249098919,-1.61541021461244,-1.88662609268587,0.109188582448462,-0.0120325732023605,1.51349075599655,2.81055984007926,4.82426154451778,-33.4031729672245
"plausible_anchor",13320,1.7814950599533,-2.41131255569013,-2.866889812104,-0.515389416308569,2.311970538607,-1.00939333760708,-1.73229624813904,-0.0963454639380056,0.527490033253175,1.7737123344218,2.99317818811949,4.97417876016901,-35.2870723679423
"plausible_anchor",13340,1.92957890111421,-2.44243438614638,-2.86019987341064,-0.598905970987835,2.36852164218465,-0.49601024639359,-1.69226143903208,-0.0614717222486297,0.19095608513117,1.52596704083081,3.1665324924065,4.88859478236366,-32.5851355766371
"plausible_anchor",13360,2.08528663244509,-2.47500663265179,-2.8261478316772,-0.590236158158692,2.2940751370718,-0.309054549745251,-1.70599848668494,0.0219254112318747,0.270659144098183,1.58877653710114,2.9253996202298,5.18189891425626,-34.23494039298
"plausible_anchor",13380,1.71533651021156,-2.39087469518076,-2.96304089962893,-0.483252676733162,2.29819495443365,-0.119603835161183,-1.70490920447849,-0.105020033516912,0.170648321275782,1.48397760401084,2.9511858923938,4.73325437379726,-34.7893106685953
"plausible_anchor",13400,1.92871905844335,-2.46590349378426,-2.82847827133618,-0.572244009629828,2.25478932971983,-0.444463804512665,-1.84364859092275,-0.0444761816315302,0.0943776289610219,1.48652902285249,3.06859678302569,4.83308658738235,-32.0003223994964
"plausible_anchor",13420,2.01813084837696,-2.4775020112526,-2.8605520975771,-0.581048848633005,2.2364218857436,-0.843478769504626,-1.90580729626339,-0.106949930035314,-0.0124992833354338,1.67575079358311,2.93779321391594,4.64191610487659,-30.8539358556904
"plausible_anchor",13440,1.754241731109,-2.39962645896753,-2.87385699617801,-0.596978157522635,2.35333206279257,-1.51008661988793,-2.00168428018193,-0.0701312342944263,0.26525076425539,1.31699043354275,3.24505578529695,4.28439456276411,-33.8589086436532
"plausible_anchor",13460,1.82469517570646,-2.49450351094794,-2.73629614499954,-0.63810430193042,2.32817424294071,-1.59519599455526,-1.97731998159899,-0.272991538974502,0.39808171446567,1.53461261058274,2.69843087674376,4.81161375651725,-33.1804873232251
"plausible_anchor",13480,1.8727237064578,-2.56062326177747,-2.68290196100219,-0.622429335907203,2.18126133383677,-2.18308798351088,-1.65884220858743,-0.130662218417649,0.266930210179228,1.6715706632615,2.7268033771086,4.63855245594946,-33.956929679884
"plausible_anchor",13500,1.95358785926868,-2.49823133556227,-2.76622220446927,-0.656844980890595,2.30022587109181,-0.904259775048691,-1.82463647495463,-0.00214576155452534,0.533463106335562,1.38642098000808,2.90693209763059,4.22622954602153,-32.7129149721538
"plausible_anchor",13520,1.88344897854944,-2.39646435832592,-2.82482132851393,-0.66339412881095,2.28643873536549,-0.721850538789054,-1.80215841162149,-0.125841940351114,0.253094291891912,1.44815312478275,3.00249854366168,4.54258328574874,-31.2110526017153
"plausible_anchor",13540,1.79946775243317,-2.42484123646487,-2.8759048112431,-0.536349513969071,2.17836883093302,-0.93841940318083,-1.81202045756712,-0.113764741316885,0.101815572126852,1.51876299684089,3.24800913491859,4.16847276773804,-34.2915753288502
"plausible_anchor",13560,1.62554588786289,-2.51653005296511,-2.85593781652837,-0.54801872272977,2.30898941089029,-1.12822951949164,-1.87899780463492,-0.0102344136749563,0.0586457505749732,1.54255303761373,3.11474662746879,4.65892567050687,-31.8579373531658
"plausible_anchor",13580,1.75552009572114,-2.54066930109931,-2.71047355655851,-0.633972745685009,2.22633717233372,-1.18549141265551,-1.88998394857329,-0.143107505942685,0.538472858610632,1.65680232364225,2.81227356449532,4.88516634064755,-32.134278685992
"plausible_anchor",13600,1.79618977283164,-2.47052541125259,-2.80374481979878,-0.607515594578751,2.19325599774923,-0.581595865962942,-1.75141594954896,-0.173251607992803,0.255738718909396,1.53534766124638,2.80877276535839,4.79130027625043,-31.5036948596437
"plausible_anchor",13620,1.44878512802946,-2.43690021030879,-2.82631591481469,-0.573823376537582,2.34145406800135,-1.11452180354402,-1.86191344937916,-0.151339281472847,0.26145587066225,1.68897536350424,2.83527209264539,5.12098585958306,-32.132848492949
"plausible_anchor",13640,1.73383504446761,-2.51748809282893,-2.72122629151386,-0.689185684272382,2.3539904187736,-1.74244013718146,-1.78382807732216,-0.0585272668701326,0.263722057115469,1.5321982188846,3.0495930889055,4.89045465180012,-31.0967180746377
"plausible_anchor",13660,2.06708538055772,-2.53933779100898,-2.8332167185105,-0.686999926633358,2.47558597912031,-1.75627240426226,-1.86961981748514,0.083450987472658,-0.0470302307357671,1.49294460738128,3.0508733448541,4.61231090917387,-35.0819050810003
"plausible_anchor",13680,1.9937951667898,-2.48469943609788,-2.83712382246673,-0.668882525821181,2.46257527613711,-2.64644842832174,-1.8697402299942,0.0115789563333001,0.0924317486968375,1.65124448007213,2.87322452796895,4.39185341781238,-36.6736983174452
"plausible_anchor",13700,1.74040923423034,-2.39794017789186,-2.84075462128077,-0.633450689922252,2.18624427456177,-1.91111924324801,-1.83110662741422,-0.2020755205522,0.14822979351288,1.61657098433254,2.59703067324324,4.23753198076866,-34.7638642956165
"plausible_anchor",13720,2.04494222345824,-2.39307830173257,-2.78173451761396,-0.621145663735747,2.21983386422737,-1.77462151684553,-1.9531172073935,-0.310728040591781,0.736817589587967,1.54698785729523,2.4407628398844,4.52561733801818,-39.6659605710553
"plausible_anchor",13740,2.08110792042607,-2.44739002126602,-2.75094332804046,-0.633403135882946,2.09365411021919,-0.756676201685265,-1.89574296065046,-0.115600274735761,0.307971628324087,1.78990693325038,2.38491696368555,4.91803506798909,-34.0154327459798
"plausible_anchor",13760,1.83639266747827,-2.36712335226059,-2.85867374050677,-0.615238788669914,2.07225396506199,-1.03304699759448,-1.72227230247472,0.064184024957868,0.198839607704489,1.73770926457944,2.59421574154912,4.69528723825267,-32.1248272626406
"plausible_anchor",13780,1.77273360185746,-2.5260080769056,-2.71021029630114,-0.656133724168675,1.94044646118032,-1.1432109196284,-1.68959306135368,0.00376440974537476,0.30760732375606,1.83560336665309,2.31570956952738,4.34956256612609,-35.287223620494
"plausible_anchor",13800,1.79833459260085,-2.49626175610474,-2.79935093096115,-0.582263461233327,2.06332831892351,-1.96623666127151,-1.62180571921256,-0.0945842574713873,-0.0270715278825073,2.07708973712994,2.19761622609393,4.54626909084321,-35.3713354850548
"plausible_anchor",13820,1.51804027777793,-2.45743653643732,-2.81334624040476,-0.604355316284627,2.19808774481448,-1.03897045024779,-1.65631650744225,-0.252833225161024,-0.0631322221543422,1.78198195327651,2.55967472649017,4.65579684977958,-35.6815191930704
"plausible_anchor",13840,1.58521487096238,-2.33489727092685,-2.91502513114145,-0.5104582435819,1.92549565185982,-0.223457798044953,-1.825235302392,-0.284920560723284,0.180577331633429,1.90407286253565,2.38850502850431,4.44667873075228,-39.1425219397323
"plausible_anchor",13860,1.76556024444933,-2.38574045438014,-2.85976466022994,-0.51874535746287,2.08152812814994,-0.993410612222495,-1.9073214031217,-0.283759966307169,0.338221386370753,1.77913898255473,2.63145738314359,4.25999212145592,-33.7587324186178
"plausible_anchor",13880,1.75070444535176,-2.39976947070169,-2.81128406408363,-0.608815210627128,2.22080201630779,-1.7404332661131,-1.736748809875,-0.230166326680027,0.318759785556545,1.64428464458328,2.91520085314393,4.55339027661924,-30.1355384482883
"plausible_anchor",13900,1.82036287502996,-2.51405439248758,-2.78066460177375,-0.600274273170493,2.29750710092286,-1.8364080951834,-1.73141635710089,-0.204235533513962,0.157243283351832,1.68759225277212,2.69802806893769,4.68917806144146,-30.4963479568316
"plausible_anchor",13920,1.89142532863398,-2.46286965278367,-2.85022483304069,-0.570243395140942,2.00448554500909,-1.08045876856602,-1.84698745046749,0.0705180791486097,0.281605124215886,1.74174237646031,2.37194624154366,4.80130820431564,-32.5971939439572
"plausible_anchor",13940,1.83519953221127,-2.56587554076788,-2.64560907543949,-0.703865937307951,2.15076168596374,-1.94207321275423,-1.79319961469024,-0.158458187459722,0.42232302459106,1.77838647936204,2.35747582875518,4.542562647159,-35.4752432240181
"plausible_anchor",13960,1.69899997997416,-2.45546268337516,-2.79234937651776,-0.624236919281769,2.17959485443909,-1.50892516228807,-1.72804522726956,-0.0774340601947521,-0.083522757261897,1.80842422803299,2.91844719638297,4.73170114746135,-31.3339209561809
"plausible_anchor",13980,1.55683141630754,-2.4618232093854,-2.80362075666426,-0.617212164558657,2.18391910010267,-0.866253971077706,-1.80652005569373,0.00588168331146308,0.058949620921026,1.62859700662553,3.06066968519125,4.9992103217905,-33.8181405865917
"plausible_anchor",14000,1.6555135616382,-2.48512855670643,-2.83812530188589,-0.564694968419013,2.16844802272054,-1.02439105394816,-1.92153275571732,0.00241875676233282,0.268372634737422,1.44857490766422,2.85979039498891,4.52676971254569,-31.7045226684191
"plausible_anchor",14020,1.61688371196634,-2.49405986868737,-2.82679074435379,-0.55381186109943,2.13698827547398,-1.32504072187955,-1.97574339246052,0.0352582192591349,0.316526661794733,1.50213560435188,2.70617539987786,4.60922695125858,-32.8260514585997
"plausible_anchor",14040,1.65642938992889,-2.38629948398961,-2.8579970755369,-0.563091123065974,2.18921718951291,-1.51631087367067,-1.72584612765612,-0.0577464135978918,0.369192385651933,1.20629322461685,2.88922656188051,4.63200044730288,-32.7727619779998
"plausible_anchor",14060,1.52922500135278,-2.41606930167442,-2.80684435282951,-0.569219194661749,2.25417188186901,-1.93852226023617,-1.70914802952606,-0.123631822249327,0.475970043834988,1.43878321520066,2.82923813857536,4.95572497409838,-31.9660087896579
"plausible_anchor",14080,1.89251026546143,-2.43753355470069,-2.85827948613244,-0.593254279503075,2.38327293395511,-0.934397074534388,-1.61593356257606,-0.0738435265705213,0.123270088732413,1.48168332058145,3.05239705303707,4.59772525896132,-31.4970407264617
"plausible_anchor",14100,1.83746085976215,-2.55255377691474,-2.78380833380067,-0.529861529020502,2.20065861438023,-2.21644367069264,-1.71125945053152,-0.206435349472746,0.303298885659575,1.6801809360029,2.60980701024211,4.58655952325837,-33.0463771654862
"plausible_anchor",14120,1.92347217571571,-2.54464094519181,-2.82121314126544,-0.546998678718487,2.16720286830363,-2.42780865722885,-1.62390674744612,0.0569841976428266,0.372094350243919,1.67804494819592,2.7945873038909,4.6091323082591,-35.4191957780626
"plausible_anchor",14140,1.7559604038664,-2.49568715930898,-2.77521644274613,-0.559234640211984,2.30219970643798,-1.5349281797807,-1.75604762547639,-0.210078100331774,0.370111076010557,1.74627202998245,2.95491513829692,4.96547181428311,-31.376951176129
"plausible_anchor",14160,1.38911196618907,-2.42150909592466,-2.80728400300984,-0.665437997085749,2.38972714654861,-1.92977417210897,-1.94112410882144,-0.0502054198975373,0.252890319146242,1.46734790954714,2.96535586334716,4.7836660297731,-32.7755715203527
"plausible_anchor",14180,1.45748885386527,-2.53360039064855,-2.73420618635829,-0.708352042135517,2.46185638576738,-1.46916143288255,-1.62231173914562,-0.0231982575738989,0.333922360887819,1.10208897990824,3.24601411314695,4.61761596864432,-37.7125410586115
"plausible_anchor",14200,1.7238257968633,-2.55172010725236,-2.76864475707932,-0.613146316925976,2.16547810844778,-1.48704511305852,-1.59246511136707,0.0792759971965708,0.0136175080792274,1.61605238924116,2.70450490591525,4.66039215190766,-33.2872432903722
"plausible_anchor",14220,1.78636411118544,-2.53256294154242,-2.76626761658001,-0.57312102159686,2.17140515599245,-1.70051291498954,-1.79696650455637,-0.0297975823120783,0.411425714562424,1.7537822114642,2.43106360635453,4.61061576855927,-31.9411046128192
"plausible_anchor",14240,1.51414898157757,-2.44583400217649,-2.7748694131565,-0.64981555809677,2.06572347492984,-0.77504571115204,-1.79603250335572,-0.0289466732550577,0.19136846535235,1.86719056157503,2.32353365674625,4.68367905210604,-33.1624731676543
"plausible_anchor",14260,1.9376616048044,-2.43389964162591,-2.88642502235997,-0.566706389146237,2.03015666338526,-1.68054928389439,-1.77283658779051,0.202337866357348,0.039270885123947,1.79460718495846,2.41841588403331,4.75374594449643,-34.0886422848267
"plausible_anchor",14280,1.80184741683569,-2.35502149857998,-2.80203218207556,-0.648536365483195,2.06079767103169,-2.0567735105279,-1.90566230725614,0.0127819652284319,0.328186294876284,1.84248582683239,2.15090512516499,4.49840635117625,-37.9782944480358
"plausible_anchor",14300,1.7758272883958,-2.44011883286215,-2.81597056009837,-0.601663416277118,1.79025753759981,-1.66513481815061,-1.82435778949357,0.0585368122369857,0.339871351009061,2.03954730157564,2.18381270661477,4.16451551662617,-38.5949863444013
"plausible_anchor",14320,1.78379865591216,-2.47148790237298,-2.84698174996329,-0.586611532106359,1.8374980433993,-1.05178012266594,-1.8010064703478,0.0884243006861779,0.0498656258727116,1.93798565351624,2.29128027332104,4.3296370320982,-35.5302566849697
"plausible_anchor",14340,1.96855485804461,-2.47972595167957,-2.86162019531133,-0.56821571840059,1.97494860308724,-1.94486578172063,-1.71204930437593,-0.0697052689276108,-0.204195380505612,1.74224404615889,2.72738127590811,4.92525545226692,-38.0449107053398
"plausible_anchor",14360,1.60644837720226,-2.34330246675867,-2.94168676682117,-0.574079016536099,1.78571571774945,-0.810380136766679,-1.99392945559283,0.108573110151438,-0.218162672948452,1.95311845035672,2.47782247662317,4.57289010311088,-41.3510300075322
"plausible_anchor",14380,1.88191454281905,-2.38750647711501,-2.84637945541318,-0.690875588943605,2.17663841712023,-0.717209779936107,-1.8684978869794,0.00979816121847511,0.0567334979288347,1.54138823194245,3.07257409738264,4.66454895635968,-36.5714356281499
"plausible_anchor",14400,1.96014943486666,-2.42921213861586,-2.84353765659869,-0.654137920060266,2.24820702776419,-1.01448956479338,-1.88640986003593,-0.0131019586248213,0.0668151620014214,1.95642197714942,2.6608888324766,4.6553031242293,-32.9490621370649
"plausible_anchor",14420,1.84131598311341,-2.38281189470446,-2.84283006068036,-0.590341245927357,2.22310111479672,-1.28441575693739,-1.8213499295594,-0.111071479181406,0.222503365221539,1.76260617358925,2.79919307718507,4.62186601654113,-28.9555961055579
"plausible_anchor",14440,1.94735296345254,-2.38078616376894,-2.93980604468591,-0.540956069858149,2.27602026381748,-1.93280358933101,-1.71191599351701,-0.000599941124865777,0.267242096027521,1.5094292632646,2.88862329905792,4.66576972814766,-30.5600369056211
"plausible_anchor",14460,1.87140373088388,-2.30514356689534,-2.93656438298221,-0.512193360517345,2.23064895044352,-0.970641138866892,-1.74696038125413,-0.0439565611116918,0.387015508414348,1.57755463222594,2.99802710658532,4.87589293957384,-34.2150651994586
"plausible_anchor",14480,1.63711570217565,-2.42661392312182,-2.87762405624792,-0.550568565859741,2.21628423374457,-0.972679860864865,-1.71921629456485,0.0533300719633385,-0.127974994092898,1.7003491447905,3.03137605857217,4.88819231427225,-32.7859501004215
"plausible_anchor",14500,1.77384899089057,-2.40311874342211,-2.86709269753515,-0.585484030755831,2.49396480578463,-1.43169391184064,-1.65064082498487,-0.1139783908982,0.218868988244011,1.56699917325888,2.99094102112762,5.2282414788781,-34.8460280397763
"plausible_anchor",14520,2.00282602519271,-2.39416603000287,-2.88172035837037,-0.545994173077146,2.21765279045989,-1.85672865420429,-1.73446477120575,-0.0787506427210933,0.129959143592347,1.62693368824166,3.13095846043651,4.81735523462766,-32.8320647982326
"plausible_anchor",14540,1.93121849351719,-2.36889918700977,-2.89082338329407,-0.516297875896647,2.08149764883503,-1.54309834547351,-1.76222385594574,-0.0155773620251963,0.177265836819702,1.62554264239247,2.8087708827935,4.83735518980693,-33.0815031082062
"plausible_anchor",14560,2.18333164594679,-2.53516277076589,-2.82083942042164,-0.529872940591956,2.29410985249868,-1.34902957214121,-1.69718178365593,-0.164494489852215,0.510304945125209,1.50044619671477,2.77765261491834,4.79437910753566,-32.5544744341764
"plausible_anchor",14580,2.15416236579603,-2.61763418755892,-2.75725820719909,-0.602883980670776,2.3802513923515,-1.68370164181722,-1.6697162258737,-0.0563271026958345,0.452701068079865,1.29943088077304,3.0299695309255,4.82820567978927,-34.0867097683284
"plausible_anchor",14600,1.66686914456728,-2.41293670273624,-2.77845015896229,-0.701300537089646,2.33580205844102,-1.5110144609815,-1.65708479772059,-0.109880149144005,0.546922149080165,1.32398883144984,2.67381873165524,5.05990679659031,-35.6339996351859
"plausible_anchor",14620,1.80568379121741,-2.48748256985375,-2.75307434516211,-0.606754477641003,2.2573486442634,-1.73245935910158,-1.84422951129627,-0.246650979041452,0.510396346941067,1.57730610668708,2.72506235489199,4.71035595749716,-30.5076208245536
"plausible_anchor",14640,1.68242061579214,-2.49218240391324,-2.81152403901364,-0.591819340478638,2.25335142028709,-1.13927933910355,-1.85871340176007,-0.111190137620556,0.251258209000567,1.4601332796749,2.72082573806961,4.82872798598124,-30.8501066197178
"plausible_anchor",14660,1.64385085909477,-2.56494281913877,-2.71205497084854,-0.645163407911554,2.18684623715138,-1.87176485724558,-1.8529826746741,-0.0971738825453659,0.118064320316088,1.70273339695865,2.50743077960098,4.99006384068281,-33.962602503197
"plausible_anchor",14680,1.96718196575532,-2.47849730477072,-2.80495504988108,-0.68723030738897,2.27361449429362,-0.562862250685008,-1.95025193269281,0.0531818825068404,0.122929773756659,1.55534089667367,2.64860583544212,5.11294757468433,-35.9412212926748
"plausible_anchor",14700,1.95054768309388,-2.5010955376377,-2.75140704882696,-0.644585067792221,2.19163146602954,-0.797465986141379,-1.80527223285916,-0.0984681546343148,0.36237188556467,1.69624966910039,2.56812253736136,4.57739470354419,-30.349550257019
"plausible_anchor",14720,1.81147832804483,-2.45603235501041,-2.8574053264798,-0.588649316983033,2.32059611535829,-1.50572590241787,-1.64340695288196,-0.087897500587382,0.336515559769344,1.43892461156056,3.0024291285431,4.35649373608895,-31.1828773788702
"plausible_anchor",14740,1.93096271223095,-2.49603420166535,-2.79437981648948,-0.577881500626184,2.155084938656,-0.982514528550917,-1.87475182852775,-0.0894969645761764,0.0803540079124783,1.73524207084635,2.47878041355775,4.6628683213141,-31.0893999724492
"plausible_anchor",14760,1.86655524804898,-2.42848048855665,-2.89552819569149,-0.499456029409378,2.00060969021476,-1.37351437395263,-1.55504186888017,-0.0825768655966764,0.16235183883002,1.78015463256945,2.34581955886121,4.5423033568092,-34.4875957529352
"plausible_anchor",14780,1.96051559824627,-2.35788758518435,-2.91525235140483,-0.545163149932019,2.15847051813064,-1.87040950251146,-1.74328173497641,-0.021480032411231,0.322054993206936,1.81069533737184,2.59137460681469,4.67314664441235,-31.3740508459521
"plausible_anchor",14800,1.97178685174553,-2.44550535494024,-2.92957910382608,-0.540254968632835,2.2569341896709,-2.09015136672376,-1.81460415115355,-0.123397541359096,0.0927591329951873,1.55589018687763,2.83801978426693,4.66616772050142,-32.5256524472507
"plausible_anchor",14820,1.69829527867955,-2.61736752085395,-2.77584306061531,-0.590304465814727,2.26081214078467,-1.02727172224273,-1.83508883246316,-0.0608462392225953,-0.170735855970994,1.69213442215902,2.56939840275793,4.6802185057183,-35.6710658271598
"plausible_anchor",14840,1.54069072923221,-2.46944185434955,-2.79673032199341,-0.601850089211225,2.0329360928335,-1.55547766397297,-1.83138042380244,-0.00419045822832735,0.0183124752797906,2.11120313280298,2.12665708203971,4.61825576269195,-34.550701163805
"plausible_anchor",14860,2.10932788638459,-2.5009256279135,-2.89616114475107,-0.524668171854801,2.11643719670263,-0.660376528519999,-1.90331743499343,0.0414995990107733,0.103869750268816,1.65989510869417,2.5979154245442,4.43331378060148,-33.2615306037544
"plausible_anchor",14880,1.96600943196952,-2.46283428591476,-3.01399750089191,-0.523727790617225,2.15091955157362,-0.824069226240759,-1.94624242689546,0.232091570821798,-0.522513581196679,1.91284972285774,2.57494034252182,4.70563245254668,-36.6491972950579
"plausible_anchor",14900,1.67823715879532,-2.39343741757889,-2.93265956451124,-0.598458688647031,2.26316374269919,0.144398110865837,-1.99457089568278,-0.0418528059245488,-0.0795109707060291,1.88755022840411,2.63738298797742,4.46713685749419,-39.502635616767
"plausible_anchor",14920,1.71509596842119,-2.47405176838155,-2.72630954500245,-0.667567812998018,2.15015325737798,-0.393500162111007,-1.90089295539672,-0.08338458713037,0.295696591578763,1.94180762963004,2.58651267786467,4.82786671347792,-34.6521648175906
"plausible_anchor",14940,1.7401896621994,-2.4841175663499,-2.76775397512509,-0.673428703961979,2.24147113329694,-1.47584945246654,-1.70221146476177,-0.0951028655552456,0.0801762709042005,1.95295531518141,2.5893596524,4.57309624908195,-33.1038521006627
"plausible_anchor",14960,1.84494480889968,-2.44845628864885,-2.87088631827996,-0.584553930343269,2.08897323985232,-1.40953619265114,-1.64527498328567,0.0800688280244659,-0.120943889169614,2.00707292607368,2.49841411413264,4.85857890455445,-32.8005807090206
"plausible_anchor",14980,1.59622288747813,-2.44963026139304,-2.77971049262641,-0.636001810534616,2.35240895453559,-1.00303746970229,-1.68769810097354,0.032086736701906,0.219971534465109,1.8382355433442,2.69144406979044,4.89370016247295,-33.644135153062
"plausible_anchor",15000,1.89989665149567,-2.5295172944987,-2.81123796366709,-0.584067809396776,2.31509984214036,-1.08078575457906,-1.83559745940705,0.0151899518369517,0.150644109692538,1.55893351336606,2.86549853809461,4.82802621577956,-29.132665814103
"plausible_anchor",15020,2.04994191796202,-2.47276534633287,-2.86059588558232,-0.506090229333679,2.22090733057916,-1.14829073007387,-1.97670159898231,-0.103369124327694,0.198444712618615,1.63544091270645,2.92712392587176,4.64441607938963,-31.4413363923994
"plausible_anchor",15040,2.00140443503429,-2.46739707260197,-2.87892438698833,-0.574413783574002,2.17780331975811,-2.01569267704009,-1.82837240503854,-0.0287440943279165,0.0520314468824625,1.73276558382237,2.574544522951,4.55499857399542,-30.4512657761693
"plausible_anchor",15060,1.76774892271114,-2.4756808406506,-2.83781484276769,-0.594225539861937,2.27437442969373,-2.10640313837062,-1.74400896116122,-0.0574838304276557,0.0581886429442477,1.7501616680341,2.61182244754809,4.72133581215441,-30.1863036463511
"plausible_anchor",15080,1.71333457452872,-2.48232088597824,-2.82348808980506,-0.614606012327429,2.04445954263133,-1.16131489258451,-1.91547360774947,0.0722182725815368,-0.126098477995702,1.8767408454162,2.58689562611245,4.46416966171633,-32.435121869543
"plausible_anchor",15100,2.00495710061116,-2.58000849808801,-2.74303627329517,-0.636695914137879,2.12762416588616,-1.62819330263272,-1.76367121438375,-0.0585483252100356,0.191847550785675,1.9035460504574,2.37629954823367,4.85096642432515,-33.1294628538061
"plausible_anchor",15120,2.09552820158953,-2.58491924701835,-2.75088229701732,-0.586934241132242,2.29925287081067,-2.24859889567183,-1.76583711199815,-0.16270991419347,0.229929375132042,1.84697598783219,2.29864177125626,4.89994791403932,-36.3402215723051
"plausible_anchor",15140,1.84096684954832,-2.46101959696868,-2.78684404040865,-0.580745183633053,2.16115340201897,-1.71220642463374,-1.78138445396681,-0.151697431857132,-0.0226253849487358,1.81356982926244,2.66881562521013,4.49550282304492,-32.2675801103464
"plausible_anchor",15160,1.41210708725842,-2.35185225129699,-2.98270318856933,-0.554239203610337,2.30934194559031,-1.46909562078259,-1.72933528079504,0.0429591970109952,-0.13383910963388,1.5378409540948,2.8334194393051,4.3984312169779,-33.8730572649545
"plausible_anchor",15180,1.79632822786102,-2.508431902724,-2.79908390853019,-0.637676291263398,2.49038406403375,-1.36433778804861,-1.67045835159499,-0.0515623003562644,0.387611793185662,1.22132521776907,3.02115270772275,4.96611937290866,-33.4238173631518
"plausible_anchor",15200,1.98865165167965,-2.44843987858268,-2.92745420683237,-0.578041559224636,2.34707294020775,-1.55125396634174,-1.68705579657775,-0.0276522323963018,-0.151116877817386,1.59116695362069,2.99236448980688,4.68719482905853,-30.8451658733424
"plausible_anchor",15220,1.68067009821057,-2.39332326723963,-2.82013092392608,-0.638285883927339,2.42163430951717,-0.506210424074942,-1.72418495291339,-0.0561734821863537,0.209014758912502,1.55641966612348,2.805439781444,4.96013455830728,-33.5675043198783
"plausible_anchor",15240,1.88092720777667,-2.36387184272187,-2.88238388356918,-0.616948084876757,2.31517096396397,-1.22957468673789,-1.92723054799772,0.0522084633896843,0.393293353258365,1.78746053281714,2.71600840793134,4.19496795187772,-36.1892588784508
"plausible_anchor",15260,1.70877757531365,-2.50009906135507,-2.85058822685634,-0.575102813573324,2.40155027483224,-1.68776073178616,-1.80475196518229,0.0474048193151269,0.207663163036179,1.65730945414199,3.0911536770401,4.82744618890599,-32.590181969014
"plausible_anchor",15280,1.53920981187184,-2.4141150115826,-2.84638351997993,-0.634956876476986,2.35097084972661,-0.66232086347036,-1.9880965277416,0.0433989125779514,0.2211484699691,1.40697342475442,2.98488933148127,4.14426980660113,-35.3914394902004
"plausible_anchor",15300,1.58110866813867,-2.42226742380797,-2.87071311135627,-0.550349856721058,2.09395028942387,-0.708085116746336,-1.94371740705891,-0.0685057381478882,0.250579721790002,1.82385740908699,2.86488450971721,4.10417411496271,-34.7410719881822
"plausible_anchor",15320,1.78630603053201,-2.51246291973618,-2.81881043931533,-0.520967853422114,2.22571751068504,-1.92465243866406,-1.93784586077406,-0.157541961298295,0.288403758515147,1.74822276015917,3.13378665457102,4.226710828815,-34.6272048072838
"plausible_anchor",15340,1.96724855218383,-2.55715061441478,-2.80818098214294,-0.519782590748286,2.27461293135542,-1.96849896113712,-2.00789561917991,-0.10462315762994,0.234314175763867,1.71094463036634,2.8672145559758,4.87910414169154,-33.4684107571571
"plausible_anchor",15360,1.48114883888454,-2.46786137866259,-2.89096706825595,-0.525637449056226,2.24607104217344,-1.15597024803205,-1.81372309527728,-0.0775074250531199,0.259400698976237,1.74060568544315,2.5824953177634,4.73083854097245,-33.749732652615
"plausible_anchor",15380,1.3967175495082,-2.46547252154498,-2.85277238679536,-0.52581842487747,2.12029953634593,-2.27857168429737,-1.79941991367204,-0.107175807856331,0.1060006764275,1.91280615962343,2.54420879224047,4.48450949369062,-33.8306056676417
"plausible_anchor",15400,1.52751438209305,-2.45624877562581,-2.84821950275153,-0.476646740342811,1.80708218666068,-1.05467077781851,-1.66685263045645,-0.108550030397744,-0.044916865485925,1.95160630262169,2.18510505804471,4.87515500357133,-37.6335575448585
"plausible_anchor",15420,1.76368009612877,-2.40815600529203,-2.9130970901561,-0.478800820222515,2.05574447575878,-0.827820531270691,-1.76457461820576,0.00111967703361923,0.318325192153647,1.6720774511627,2.70825828285677,4.44330514879347,-31.9974929359381
"plausible_anchor",15440,1.82012067392127,-2.45213549888835,-2.85267986414611,-0.49176594286321,2.09023926387824,-1.26774892004016,-1.92220467526353,-0.165969604636288,0.201099094777924,1.74186608604913,2.80882817954895,4.47211893288368,-31.1365071459551
"plausible_anchor",15460,1.76620300396659,-2.49319330455966,-2.75790994811207,-0.600015015749552,2.23170464244502,-1.68267798435322,-1.89191431565208,-0.0119777133960071,0.186468963067204,1.70529256124014,2.9626083371911,4.4681186087131,-31.0696895138712
"plausible_anchor",15480,1.96264986523787,-2.53035173400443,-2.8020461740492,-0.608995045297053,2.25142679068965,-2.13484201057827,-1.76687674423511,-0.142537689134958,0.00231831237105581,1.7754201760139,2.70004653639212,4.67539898816112,-31.4570090051503
"plausible_anchor",15500,2.08951799078114,-2.49754218836476,-2.79049389627239,-0.571266911434829,2.22026766204391,-1.62563626632581,-1.83634083285061,-0.14744746292557,0.458178258632108,1.75574044683831,2.47870441490546,4.90930851321509,-31.4312126890184
"plausible_anchor",15520,1.96058378457689,-2.45913028979431,-2.86111685087945,-0.508328222837228,2.28029367740865,-0.855082679316873,-1.63799389590739,-0.108464551423083,0.457880258898271,1.51435797065644,2.63167122340094,4.79878106645171,-33.6183038389747
"plausible_anchor",15540,2.01098008658049,-2.39607897960007,-2.87717987617069,-0.557524962726906,2.29518169610393,-1.18150482347437,-1.83786468061733,-0.180781829107011,0.370309448741792,1.54209799232683,2.98999937684143,4.69305973106263,-30.1196297751011
"plausible_anchor",15560,1.88003763277704,-2.49014567266682,-2.86811904984271,-0.483648816048549,2.09188875604228,-1.21518732436883,-1.81699947912382,0.00633498410503455,0.207328406986071,1.78464740130554,2.82609678338658,4.60408693453693,-30.7171310075515
"plausible_anchor",15580,1.83923825985513,-2.35656098465091,-2.95854621346498,-0.543329883123681,1.94818294720663,-0.966478440421099,-1.65205078234851,0.00678963919054035,-0.0175383613344892,1.9550980172999,2.54750071593671,4.74425351233701,-34.6141807394191
"plausible_anchor",15600,1.79029644734897,-2.50020388157758,-2.82812918770743,-0.506104159884469,2.10184664096936,-0.846723931629918,-1.66528027453014,-0.142590294199036,0.322836931580985,1.64736397080501,3.02478207288878,4.34708101651584,-33.6498743392777
"plausible_anchor",15620,1.9990413865784,-2.48937667181454,-2.7562167877759,-0.681934604301083,2.17901813018377,-1.58704378765251,-1.827908961427,0.0446681532895951,0.113524168960317,1.68013723544702,2.6904253920369,4.16099796194007,-33.0063465774503
"plausible_anchor",15640,1.63060645016307,-2.47142473485831,-2.83516458800323,-0.578139261475814,2.00591101481516,-0.757717849478841,-1.79698796438204,0.10136687187045,-0.0934389500469963,1.8613058549649,2.53546610852743,4.3886288322532,-33.1385182291372
"plausible_anchor",15660,1.89346989899865,-2.49601156732229,-2.79933210602724,-0.612828637620038,2.16056080038158,-0.912613833169579,-1.83416933389747,-0.0751075132159225,-0.0647933261587884,1.69074976492905,2.72270417869534,4.51426722678323,-30.6274785500127
"plausible_anchor",15680,1.90681240345127,-2.52700688271097,-2.73930554378081,-0.621575862436313,2.13059775861116,-0.869455469067099,-1.83690588970404,-0.143249540162055,-0.0219648727827777,1.65405436545956,2.80934770011068,4.68249715394633,-32.6722731815057
"plausible_anchor",15700,2.23137005096696,-2.49980655788334,-2.82704107450225,-0.577691519717741,2.29584134638939,-0.942329205876277,-2.00732943976308,-0.178145925554495,0.172964044211583,1.52209753818713,2.83360999967531,4.75120986065966,-34.0971869689224
"plausible_anchor",15720,2.18588442536338,-2.50841482400845,-2.88073192265396,-0.536672548436695,2.23887866498177,-0.932073964271459,-1.99557372372383,-0.0662506551541055,-0.0674094526669875,1.69797137859747,2.77897207355953,4.61302112068061,-33.3373854800158
"plausible_anchor",15740,2.23203133438384,-2.56573690609804,-2.77308978316646,-0.637351545707753,2.42353244810408,-0.946934621196056,-1.73307607001571,-0.165564236724365,0.294827231624811,1.51195721691227,2.97809745696697,4.94485376901437,-33.0231061258685
"plausible_anchor",15760,2.29327597553783,-2.51484970996509,-2.78226538625465,-0.628791775651017,2.28086945199754,-1.33651618387514,-1.67722567106342,-0.0448655272815267,0.392455709935085,1.37277772018961,3.024674614901,4.49709980413954,-32.9867199500274
"plausible_anchor",15780,1.63144661030121,-2.42901882540598,-2.79001046539015,-0.683857440951294,2.33178532334894,-1.07774031801822,-1.73018595866277,-0.112007153469923,0.448033930110021,0.994201344172347,2.91796721419256,4.70073014003428,-34.047305081647
"plausible_anchor",15800,1.48807421758944,-2.36772413099539,-2.87869279191385,-0.668804534554275,2.25801984773698,-0.673368415907594,-1.74110804880256,-0.00367102872098765,0.163038201488295,1.31804345652501,3.00510214348818,3.91039398065075,-37.3291255798579
"plausible_anchor",15820,1.78360238792207,-2.4258023018943,-2.92849771189328,-0.53889592773909,2.32022932160827,-1.20458001684834,-1.65931744145809,-0.0572425371382431,0.227315412137787,1.32222874835066,3.34323392701365,4.30213072289542,-36.1769818732933
"plausible_anchor",15840,2.00309083247299,-2.48650983821806,-2.87777850324663,-0.620169973681909,2.26551393536696,-0.860665546731076,-1.71681397796828,0.172845259409081,-0.136482123022788,1.54762119091123,2.96403049047151,3.78441153541553,-36.212556274234
"plausible_anchor",15860,1.94136645919008,-2.57325269756818,-2.70354145288172,-0.710855206901946,2.2245653470429,-1.25923526173735,-1.78747009255631,-0.0259188870155713,0.0671134463737495,1.60372978292664,2.87954049439137,3.63341198233023,-36.2668584552992
"plausible_anchor",15880,1.85211252534183,-2.40649354370545,-2.81047166340544,-0.58536742447345,2.09620115185392,-1.49448005574961,-1.70946198088213,-0.0703647126871269,0.297756532152463,1.85088349718694,2.97557518349188,4.23995072556245,-32.9565834191131
"plausible_anchor",15900,1.58490408099582,-2.34832049388988,-2.88093466040826,-0.584806833413166,2.07020744373846,-1.25153049680191,-1.64681725902673,-0.121416409792973,0.0763791047878899,1.85159930628975,2.99854445904142,4.05440371400654,-36.3221119418839
"plausible_anchor",15920,1.8022830938096,-2.41542448789909,-2.82714003580669,-0.608059680646854,2.21912091387153,-1.67814018656412,-1.65713769558859,-0.123752748714746,0.247185717186727,1.70507955656025,2.99184268383465,4.46307566146521,-30.4399123583787
"plausible_anchor",15940,1.80702626402081,-2.45304974234336,-2.88199571112417,-0.498658194609944,2.10811265271819,-1.35614033970615,-1.81368870069418,-0.0541114159326894,0.11283901787839,1.85445816586239,2.93567563146894,4.22386950075285,-31.3341248498473
"plausible_anchor",15960,1.92340173299818,-2.4537950125133,-2.89650767634407,-0.52967760674426,2.16964382876477,-1.41888378258289,-1.73216454766624,0.149690430549181,0.142440218703825,1.56721280024507,2.9026240892426,4.43037735066645,-31.7190986972757
"plausible_anchor",15980,2.12965252821448,-2.62348374402771,-2.72868796151931,-0.573235442679036,2.15452375235478,-1.10679742618016,-1.75557763280564,-0.014205870187975,0.351791124084838,1.6038613709602,2.86279485548248,4.70390629915354,-32.5871977917462
"plausible_anchor",16000,2.09310307175232,-2.44974607646228,-2.74128430222921,-0.69136935860998,2.16348612317724,-1.40742399596663,-1.74803578230914,0.0776320865643611,0.244464881174951,1.72976302139242,2.61254736965897,4.63107330518342,-35.3647785896692
"plausible_anchor",16020,2.01317957705658,-2.48087622458741,-2.79222738238914,-0.662618216157202,2.1658066513652,-1.04478391360345,-1.83776113811264,-0.0608902896035887,-0.121101064280765,1.83100418730347,2.5866766677992,4.61669374149292,-32.3433787444459
"plausible_anchor",16040,1.90980416649187,-2.39327510775717,-2.84943525547605,-0.597615015116528,2.05623874330169,-1.27612638746207,-1.88673724901217,-0.0767104864683701,0.0658067815841543,1.96700826565943,2.16722204377987,4.77712542987415,-32.8703798564053
"plausible_anchor",16060,1.60695094964592,-2.39491691723105,-2.88977741700153,-0.561552525549822,1.86828206838387,-1.01625205724713,-1.75275886833826,0.0446721515248385,0.135901459163715,2.08290673024094,2.08507724103977,4.55126834176795,-35.2797211738617
"plausible_anchor",16080,1.85371145849841,-2.4476265950719,-2.98675659800077,-0.471584464823677,1.87714095682987,-1.31727964555799,-1.64033180228236,-0.0253937672800264,-0.210614393512671,2.02465708122331,2.33422639441772,4.46540088807944,-36.3810455692225
"plausible_anchor",16100,1.92780616793652,-2.44826557821481,-2.93442665301289,-0.518578029133735,2.09333473645747,-1.39042193058221,-1.721863974814,-0.105317544162078,-0.221052181714578,1.95061071089609,2.69971187881803,4.88203324634545,-33.0911555039548
"plausible_anchor",16120,1.84038665969818,-2.4285208041718,-2.93078394550236,-0.523382365441514,2.19815261181887,-1.65957142412869,-1.85205724775875,-0.0597820820059163,-0.146645672136962,1.68098843682257,2.94979461317867,4.8424423835931,-31.1307643917178
"plausible_anchor",16140,1.48278297712921,-2.41035708745802,-3.0015654718723,-0.463254910028436,2.18233124743401,-1.96449907382489,-1.84859381906748,0.0312607075105619,-0.253832961705611,1.63940387270578,2.96130232774616,4.83352975686693,-35.2575163226407
"plausible_anchor",16160,1.76001087595143,-2.47459596570131,-2.80168890181067,-0.669630075136238,2.20828129648553,-0.736385005299162,-1.66373099979916,-0.0108871850207543,-0.129490950453286,1.68142509682017,2.61592607291299,4.76552007292293,-33.5337478828598
"plausible_anchor",16180,2.02153317251958,-2.49088757718043,-2.83886996441208,-0.623450085690261,2.37381035626501,-2.15544758561126,-1.82290519048663,-0.101684314737912,-0.135320417239072,1.35251144192985,3.0229480970849,4.32384510934587,-36.0489744593614
"plausible_anchor",16200,1.95691407123294,-2.4665826397554,-2.73590504981612,-0.653164489275727,2.2940575103513,-1.77692919649431,-1.72176047850252,-0.226209145635739,0.268070448851208,1.54647102288972,2.93442530760276,4.65774904853059,-31.3966119769829
"plausible_anchor",16220,1.99579706516492,-2.40775123387484,-2.76553492250782,-0.670654990209467,2.32374680710944,-1.907704100226,-1.78380639894595,-0.147972436862864,0.498545698723072,1.53138651610769,2.89585254475264,4.72335141156687,-31.6750037098391
"plausible_anchor",16240,1.88999853227473,-2.45605915815571,-2.7263661108977,-0.67772242212912,2.23698778704441,-1.03119529011564,-1.87938741461611,-0.16103908281351,0.614192958821626,1.5384621717408,2.90682122442964,5.03329592714227,-33.8406753013917
"plausible_anchor",16260,2.12110443330447,-2.52923353941077,-2.79667395932368,-0.661431701815966,2.31630198316211,-1.07746585884608,-1.83194672651252,0.0811919576335545,0.343334738567671,1.52584158653508,2.90627406434937,4.93279506476335,-33.3140155887691
"plausible_anchor",16280,2.11622714960412,-2.55251280945523,-2.80956484709743,-0.554932119178399,2.17537664600141,-1.26711015878448,-1.82673671696041,0.0569673186003974,0.160840379510055,1.61364692737133,2.90903745926948,4.92254545768124,-31.480266150193
"plausible_anchor",16300,1.86945807917444,-2.46587290874991,-2.83934992550877,-0.506153634716509,2.07323016023038,-0.671512268848121,-1.82272882789862,-0.111450032153212,0.178667485897692,1.67261866996878,2.61830820177303,5.01226955599826,-32.2271666444562
"plausible_anchor",16320,1.59178389015297,-2.47710994046352,-2.77141269014561,-0.575026565825317,2.12027028629653,-0.5140672373754,-1.67215049442445,-0.0694179684737179,0.19517622276911,1.84603048530229,2.85425307318857,4.9459426426636,-33.6747480117081
"plausible_anchor",16340,1.54769392997084,-2.44989579542842,-2.85210874781038,-0.541506384099403,2.01309848374026,-1.19897728361822,-1.78483424217348,-0.0729305208184214,-0.148107182775441,1.90650653517026,2.75135362027702,4.83460485520478,-33.2650851266219
"plausible_anchor",16360,2.04782068325168,-2.54215222796406,-2.80294575097076,-0.632888243123872,2.13235243632386,-1.06692749835858,-1.77059495205969,-0.148305102517032,-0.328359535662533,1.71726145695922,2.88815083029019,4.8734222520669,-38.9364440820326
"plausible_anchor",16380,2.0051581886901,-2.63640403241669,-2.70118143996131,-0.629590668591319,2.07009286747229,-2.10250586841558,-1.95697632619272,-0.158067661459314,-0.221794281212976,1.91316620793916,2.35861535028972,4.6991759095308,-40.2597896201654
"plausible_anchor",16400,2.16252565538837,-2.54412981862872,-2.80030644246238,-0.568465796558556,1.94896031492372,-1.96342529186506,-1.88550134796902,-0.010790438473139,0.241130535629426,2.1312066058324,1.48855391745153,4.91982457794386,-39.9033223236031
"plausible_anchor",16420,1.53580545427211,-2.36136460824981,-2.81588791500902,-0.589602351238129,2.14030403028276,-1.78744796499109,-1.90627177034055,-0.208160060826328,0.417504598179111,1.85730415251309,2.10917488189868,4.62601105372041,-36.0999000005508
"plausible_anchor",16440,1.80237212419003,-2.54247482841736,-2.74817155864952,-0.606241876886795,2.26421103267108,-1.4100346336742,-2.03025967170419,-0.0243991812324205,0.000404210771063021,1.75411008327293,2.53183195439954,4.93789751758999,-35.263158194789
"plausible_anchor",16460,1.88885743952903,-2.5677892471792,-2.68966498976412,-0.613326467159896,2.1839625732304,-1.45481390124198,-1.95749695399146,-0.237107348664594,0.128226749453512,1.88066417844544,2.76022464876668,4.77324644225282,-34.5012473077595
"plausible_anchor",16480,2.14818000848629,-2.63638641387274,-2.73680172792802,-0.603000790795535,2.16849414903947,-0.948877711234391,-1.85529066123739,-0.134859455012651,0.372942920278243,1.65734688096099,2.78470390718492,4.63589040034677,-33.8731897329282
"plausible_anchor",16500,2.12265560341185,-2.41810563688529,-2.95888509274287,-0.461723775979511,2.23766515119963,-1.50206642516515,-1.94292302361618,-0.0855337246449907,0.164254517181095,1.64733720029321,2.99143093602955,4.32987507392997,-34.0292600289433
"plausible_anchor",16520,1.97094204175384,-2.50153997969149,-2.83105157882982,-0.496528328161606,2.18965354288078,-1.54865935184302,-1.81635136940453,0.025411605460925,0.280688803199772,1.70101210234377,2.80625110584371,4.64895944013359,-31.9348541375223
"plausible_anchor",16540,1.83635691524434,-2.41435807314044,-2.78376097498769,-0.653397578795414,2.30274959791305,-1.70658924856627,-1.81019321887003,-0.0515434524554072,0.29727201517043,1.61041206435166,3.00692489431178,4.81350012414342,-30.1621633121311
"plausible_anchor",16560,1.89286134635431,-2.44221248384321,-2.83155639899637,-0.603988312814247,2.30585132669367,-1.76540529489169,-1.84286534971362,-0.110006711097734,0.354836025514425,1.76996034287908,2.69292975177648,4.70972098674476,-29.9941454712743
"plausible_anchor",16580,1.81563147798245,-2.41826888841639,-2.79780980197283,-0.634357414690858,2.32415390938428,-1.43510295798686,-1.84369215882444,-0.125523056531596,0.40951051387203,1.7407665896275,2.63814283661566,4.91991233093808,-30.3887280267617
"plausible_anchor",16600,1.61301242025599,-2.40140730642524,-2.84490390144897,-0.565848730939052,2.25128678177733,-1.7761332271908,-1.67579440064709,-0.179824113428642,0.430310949477938,1.58486227223045,2.88073958478193,4.19248923876126,-31.796076885593
"plausible_anchor",16620,1.95750267307404,-2.52448816029328,-2.71908504958245,-0.681004986100727,2.25710164750199,-0.829862794063888,-1.80240953471941,-0.0721957258960503,0.540273343942356,1.63556813635748,2.91891928023867,4.56152826609,-32.6780589155213
"plausible_anchor",16640,1.98057905248104,-2.41531517705802,-2.78850671943959,-0.665087652188189,2.2737525173379,-0.932786835927808,-1.7368666273536,-0.097790556698354,0.301675673903301,1.5043782054313,3.11445094122991,4.57351403265807,-31.5817273198466
"plausible_anchor",16660,1.4390196373175,-2.42013281382015,-2.87111350522427,-0.575693904496093,2.2624042601407,-0.537537358869369,-1.69907315246335,-0.0108360177099864,-0.145252224246613,1.67858998513286,3.12873885971124,4.25917195529526,-35.4687005442537
"plausible_anchor",16680,1.66882341902948,-2.54062118719066,-2.75502084713701,-0.528443981333442,2.17282461996142,-1.67043285455257,-1.81962311038926,-0.217507904659104,0.0636914953368276,1.69186399409745,2.79181435327911,4.19537222354353,-35.9184169452598
"plausible_anchor",16700,1.68028998048167,-2.49164467490677,-2.7903231008408,-0.571663995259504,2.26719627839466,-1.67550824323292,-1.79653118187905,-0.175239299299588,0.163557357995437,1.65474662707465,2.8557617137158,3.91258338807879,-33.1533818480186
"plausible_anchor",16720,2.08994655030443,-2.54023084268009,-2.78537982879001,-0.596451442329795,2.22669737415954,-0.975034771072663,-1.75959680657085,-0.0989825787070775,0.284561795007988,1.83586619917501,2.83019986041139,4.54325002188919,-30.8876956084198
"plausible_anchor",16740,2.01489719874208,-2.49651738160173,-2.79055016153941,-0.640665132839396,2.23511106058274,-1.45720054971299,-1.71132342311098,0.0656312209763902,0.410294993927269,1.79282185441497,2.66169471460391,4.51278913393518,-33.0549826823191
"plausible_anchor",16760,1.79542102605848,-2.48602917590276,-2.75387901025718,-0.638839992713232,2.27601370024794,-1.13096171758925,-1.61061679792402,-0.0880914492146807,0.455583411927387,1.52575732877398,2.77212631626129,4.51765415922264,-31.3311211638666
"plausible_anchor",16780,1.68057695119143,-2.49179988510556,-2.8027109352121,-0.601141224009645,2.12262117979597,-1.67554410188213,-1.87883932849027,0.0965222616975823,0.0303554860310313,1.56241843269757,2.77380261222785,4.56068011607135,-31.7632765638174
"plausible_anchor",16800,1.78480725213783,-2.49837761107104,-2.73794957627997,-0.561747577913121,2.14792761149644,-1.66117107773466,-1.69610552164234,-0.142850725234662,0.589620171732717,1.57878834641059,2.52889673462271,4.70615605102253,-34.3228775985885
"plausible_anchor",16820,2.00323180467499,-2.43534571088223,-2.83709563498684,-0.590199922998155,2.25507374087675,-1.47315882416167,-1.75434459908373,-0.0873482844036039,0.432673146886324,1.39335075340681,2.55107983630856,5.05530236224202,-33.2847497611367
"plausible_anchor",16840,1.68308718997424,-2.35541865976731,-2.9791533436506,-0.566252587189986,2.22922379928863,-1.1197751057081,-1.6785578200448,0.0661206337872154,-0.104927876775884,1.78400809464824,2.58694536110544,4.78205781706075,-31.7960176360502
"plausible_anchor",16860,1.85333729563802,-2.44107248076557,-2.84744767111278,-0.541939551103694,2.26233539703,-1.51403556051814,-1.71887283957337,-0.0492569337781944,0.338362217187871,1.53100491672469,3.04657110873922,4.53360875460956,-29.5329684441534
"plausible_anchor",16880,1.87825496519962,-2.53581433957342,-2.82766815650919,-0.590377204044027,2.41721440504366,-1.33263461095528,-1.70005310949313,-0.0125637849357698,0.12266225172595,1.59586049134461,3.04296942164976,4.40736167860611,-31.7776439349288
"plausible_anchor",16900,1.86516253885861,-2.41233019826337,-2.85041310761231,-0.563861617832508,2.22158497011736,-1.48291146780342,-1.81039251167298,-0.24150567640426,0.409693759844573,1.13466735839135,3.23457413628794,4.32679992207667,-36.017198206509
"plausible_anchor",16920,1.69825566540875,-2.57652655695793,-2.70051000909381,-0.659387948303242,2.29061868865088,-1.73590888849828,-1.79212300862707,-0.023983002005686,0.208285692774819,1.61596979274978,2.74146903720615,4.52539718375325,-31.9414816668043
"plausible_anchor",16940,1.36559478581713,-2.50854782329671,-2.70915935775032,-0.656093834336986,2.25242101491274,-2.63971068183999,-1.69563774361287,0.0569625397122686,0.0229439921309029,1.66828730293359,2.8582776793842,4.98177887288382,-39.5467972558379
"plausible_anchor",16960,1.38716101899058,-2.50349449885643,-2.737214454572,-0.595560857600293,2.19894701429538,-2.68377524171675,-1.70069013195871,0.0375463646228608,0.0606917345791481,1.64032729829935,3.00138145387626,4.90323134051421,-39.2655046329403
"plausible_anchor",16980,1.53564453679031,-2.47103033509856,-2.85126015465863,-0.593794794355773,2.25367845882204,-2.20919204196613,-1.78042139352751,0.128534343310077,-0.0615418397138907,1.80382726020692,2.71441398272034,5.13218031562415,-34.6750140224271
"plausible_anchor",17000,1.26540121409164,-2.34130565691814,-2.87631056356455,-0.569544140803299,2.26470379294722,-1.93348349723846,-1.87114327558295,-0.0320729648752916,0.36166063739154,1.80156789530101,2.84333930384565,4.98568115490508,-35.0419886398065
"plausible_anchor",17020,1.78758886049381,-2.47773269110337,-2.78616657779862,-0.659000712694858,2.34649929930944,-1.84780911220585,-2.04459783387435,0.0131803420409794,0.19219734162969,1.60970137242346,2.89002761024995,4.6772899520063,-32.4910525479849
"plausible_anchor",17040,1.72134256328885,-2.43844791895154,-2.81470571117246,-0.633074745964844,2.2746435552647,-1.26429004698239,-2.00044095593893,0.0379947555168344,0.159250587449539,1.62257432478847,2.82893160296763,4.48783240212554,-31.2451376207101
"plausible_anchor",17060,1.76826682644338,-2.4299706197984,-2.81594386166744,-0.61771575716994,2.33917812522345,-1.28839818938016,-1.89359591677129,-0.0965561039171692,0.156712059296905,1.63457771515062,2.92344448812848,4.5456040507933,-29.4007225004768
"plausible_anchor",17080,2.077101492315,-2.47201672364801,-2.81567639955049,-0.607114370290226,2.28855497266604,-1.21695443314429,-1.75018152172927,-0.125922998420122,0.240053784442423,1.45361841260064,2.97546793128133,4.30013697350244,-30.159018772553
"plausible_anchor",17100,1.77432843689673,-2.46879287297076,-2.82430175693493,-0.592195582530886,2.33569049756694,-1.31318259792705,-1.94144940029956,-0.0845781663977633,0.13800030958283,1.63115058402363,3.00225091801212,4.44927332737125,-29.919367995218
"plausible_anchor",17120,1.67425986628369,-2.4005630864396,-2.76910527250359,-0.685183444678106,2.34674703933651,-1.30228397225377,-1.90377345765481,-0.158203157749236,0.452787132337146,1.58128011664852,2.67966263787911,4.96223245263984,-32.2597694836768
"plausible_anchor",17140,1.60760861244282,-2.3880442360848,-2.84251312536652,-0.581660372507258,2.20860293642511,-1.72651319361873,-1.95542397459371,-0.186126480534484,0.289666023822633,1.91478042996255,2.50509035082991,4.79617659618217,-32.7546941757636
"plausible_anchor",17160,1.75176894330668,-2.45643439770464,-2.79496480474865,-0.610708215134372,2.14031118407498,-0.586522824635712,-1.83342965845096,-0.0483889346427177,0.139457618475474,1.87861978407691,2.63179837642554,4.60132687991619,-30.5085528736933
"plausible_anchor",17180,1.70407800364801,-2.56038676523299,-2.75927153693436,-0.608376734170428,2.10141255002379,-1.59150602527636,-1.79374597910577,0.122973004740392,-0.0929915743685454,1.66742835708954,2.76966271438332,4.36961970293028,-33.439667510473
"plausible_anchor",17200,1.98157858574521,-2.44133526734007,-2.82494421950664,-0.531783071181849,2.00635399946146,-1.1455553228536,-1.70140170055246,-0.0982829445393581,0.139081875095547,1.79136298853362,2.77067022519529,4.22864269031959,-32.9804621434588
"plausible_anchor",17220,2.08051613439468,-2.45850845105485,-2.83565963752233,-0.59403333459389,2.24084800300636,-1.21716521967996,-1.67019743151724,-0.0837936962711611,0.131160903299173,1.71414611058448,2.6944411799462,4.13843955142571,-32.5389266337951
"plausible_anchor",17240,2.20727838985288,-2.55969911269715,-2.73527324150372,-0.670260895132398,2.2361802828596,-1.86392856764314,-1.69798633033237,-0.148812712324992,0.211306788140709,1.87295892071621,2.70227123294728,4.32707955834563,-34.5589991975053
"plausible_anchor",17260,1.64984240053834,-2.47723054066617,-2.74648614359114,-0.610455586223537,2.20317309090636,-1.49607772417467,-1.70350894794718,-0.134098238443998,0.338432115480038,1.47355572284178,2.70852714718942,5.0251708521528,-32.1604054368354
"plausible_anchor",17280,1.88390465341029,-2.574047056508,-2.67495717581672,-0.726927022434202,2.2291483396,-1.01194971743421,-1.79084447860577,0.0257224399069625,0.17202681116125,1.52079390807091,2.48896492960435,4.82129412466736,-35.8602941883331
"plausible_anchor",17300,1.78346407267459,-2.49340552294715,-2.70236748996201,-0.670856698516726,2.1636087362622,-0.939350725183044,-1.86186357409802,-0.112187984956301,0.435541476475408,1.42785691985225,2.64931852483271,4.73799272372538,-32.7631451423754
"plausible_anchor",17320,1.67879683147456,-2.47828487717286,-2.80252340505753,-0.565225769596844,2.10917065844584,-0.825221082016992,-1.8045201058895,-0.214198410823791,-0.149177821309107,1.85447609205538,2.36868462328563,4.69110642001874,-35.8811398979535
"plausible_anchor",17340,1.78530048577378,-2.49205497423091,-2.8053030404207,-0.535355267253334,2.1092321356686,-1.89474148198421,-1.76091584994161,-0.0531023409647336,0.260081509099226,1.56149286983654,2.7921526683146,4.31037751395646,-31.0473175286823
"plausible_anchor",17360,1.47683021661596,-2.35084121141527,-2.97919748658261,-0.430982018577068,2.14289128496861,-1.64184299299306,-1.91694089234847,-0.0653669531765903,0.198493586601086,1.60182808161978,2.9430029959766,4.35544170778188,-35.122795516426
"plausible_anchor",17380,1.93992447588209,-2.45280868622657,-2.86811309135542,-0.53591146588473,2.31552910450778,-1.42493312883229,-1.78555340186588,-0.0694641958475599,0.382986935468514,1.53349080473407,2.76597226243417,5.03985664316798,-30.4309278214824
"plausible_anchor",17400,1.80441224110178,-2.42955571496222,-2.85114549068217,-0.534194347224441,1.95857540586957,-1.18850061517031,-1.9144189499297,-0.0901170836830584,0.322035650940885,1.70954045598579,2.57762334174352,4.66809473956349,-32.1588471883416
"plausible_anchor",17420,1.71357345134107,-2.33285934975273,-2.87777403036488,-0.506663113735165,2.16041589258215,-1.6769229792731,-1.70872864034717,-0.304221854257755,0.383504289969385,1.94371449365685,1.95240921670899,5.14355194560589,-41.90604311648
"plausible_anchor",17440,1.55913448146936,-2.3518674450437,-2.89184963105062,-0.513786729112395,2.22529964767681,-0.606820743415676,-1.85684866242426,-0.238627209917841,0.388596306341175,1.76658787000979,2.21613204859762,4.76959671333711,-38.0689978991168
"plausible_anchor",17460,1.69816787522504,-2.39079487321566,-2.94928303480553,-0.601781048127792,2.23406225499904,-1.16932640852351,-1.95300414097396,0.0604417445714172,0.0526322246620795,1.56265417766859,2.59033168960102,4.75265827875309,-35.0259700496492
"plausible_anchor",17480,1.74570564733558,-2.35531944873351,-2.79830925305454,-0.598157156635727,2.12878289074555,-1.50544376453341,-1.68769065991959,-0.218159563261716,0.71237586926327,1.72290112515252,2.34409710014772,4.65360401074152,-36.4241967764725
"plausible_anchor",17500,1.915921562417,-2.41419897863285,-2.80595474675477,-0.527827523036006,2.12622926791616,-0.937443696878802,-1.67041863184353,-0.10273130861167,0.433177436631159,1.73136829703506,2.62916464658312,4.27234931320342,-36.9581897407542
"plausible_anchor",17520,2.28981243242642,-2.44794752641336,-2.87806742771081,-0.523813490744857,2.25301466921983,-1.46853514450942,-1.81550902342044,-0.0800525978360541,0.508236036895941,1.76608762624332,2.680753329138,4.3613569140105,-36.3377893593864
"plausible_anchor",17540,2.01913787147884,-2.48555989724493,-2.91963305168927,-0.46384063132765,2.07599960720103,-2.03766605398608,-1.90921287629725,-0.00430708363078345,0.148138680871194,1.82009387320138,2.75820369192096,3.8284474509397,-35.9799047983262
"plausible_anchor",17560,1.86547038912762,-2.39863495508764,-2.92755773724916,-0.547571738762448,2.26259196930897,-2.03472918812832,-1.81995046250231,0.0213411097467736,0.116779925840371,1.39746329811285,2.93240655757036,4.64710890475099,-30.850683672725
"plausible_anchor",17580,1.69833712417415,-2.37702277417001,-2.83459853925781,-0.651535320277271,2.26088557352526,-1.46461039498017,-1.79859953804638,-0.0834498679359555,0.240619833022642,1.54774703383697,2.76350472132997,4.45783757339237,-30.1038207940411
"plausible_anchor",17600,1.68214803578625,-2.42776864360824,-2.80219712099401,-0.647463816769526,2.35824984160181,-1.07514556990883,-1.77114504622481,-0.0809561675958166,0.435655394615269,1.46985570889093,2.79870626841415,5.28367239908442,-34.0218015096975
"plausible_anchor",17620,1.59707245938994,-2.48113524458387,-2.78089755413074,-0.634122253842573,2.14497990262703,-1.54035302633934,-1.8144563048492,0.0208406365811718,0.154995398073474,1.88628177437946,2.56650953913593,4.60103646262373,-30.97397736034
"plausible_anchor",17640,1.44949671104535,-2.46132301653721,-2.72687057752405,-0.619773479909062,2.13085419466635,-1.45356985198036,-1.78966233528246,-0.234387670822613,0.3986500082158,1.64037766923483,2.81060347005713,4.74273157486353,-32.0393001864469
"plausible_anchor",17660,1.72866742360041,-2.43906394532239,-2.8227312854806,-0.605363237794284,2.24471307073759,-1.65810468623102,-1.71914072060394,-0.179111270103083,0.0741305999683498,1.734765070268,2.90082631123487,4.67210039397754,-29.9893578387063
"plausible_anchor",17680,1.91841179416235,-2.45740597087232,-2.81412493588119,-0.604861542548056,2.22269251990501,-2.08701604972646,-1.79300487471654,0.0507983281508664,0.186145678704433,1.6414568943942,2.97974298728535,4.57551116810898,-30.3368783770637
"plausible_anchor",17700,1.64567433545313,-2.4247112411798,-2.80224766703545,-0.622983492278712,2.18345303325231,-1.10126729986697,-1.80783139250402,-0.028863149386545,0.344005501380908,1.43047389269757,3.0266817014359,4.79473250959495,-31.2745144946105
"plausible_anchor",17720,1.64619409685279,-2.38763714716008,-2.84438225466528,-0.633899077521264,2.31919843096467,-1.2467626031131,-1.98415791481175,0.0562896985443992,0.228746100411253,1.66640846481785,2.93650319113829,4.69724887705857,-32.0300234442596
"plausible_anchor",17740,1.72012111053614,-2.38365387110625,-2.89334343237177,-0.592006045343799,2.29775503118441,-0.962638882893561,-1.94814323179181,0.102228473209872,-0.0228604284340433,1.74312918379505,3.06068949999973,4.46399416411978,-34.5565333084804
"plausible_anchor",17760,1.55417290837401,-2.40857654922578,-2.86450290943808,-0.557987359140476,2.13665781309667,-1.09526802756897,-1.80772187197946,0.0466886703170255,0.137052452218458,1.83279623731674,2.75301533298421,4.3783157058152,-30.8494628316734
"plausible_anchor",17780,1.58046496636938,-2.52554615349406,-2.72467445228805,-0.624184883393551,2.13528103259027,-1.99191601669495,-1.83144057582537,-0.00563409454079348,0.207881549812533,1.52368193865018,2.68392068716275,4.63056350774687,-33.0994803008044
"plausible_anchor",17800,1.8817571883501,-2.57534076903363,-2.77307159701009,-0.612744630423503,2.10296085185445,-1.4374219928456,-1.75814433206884,0.0775618322947081,-0.0286747452994885,1.69519242268435,2.83764562899265,4.56557879931016,-32.1336807850373
"plausible_anchor",17820,2.19411669930211,-2.53842381910068,-2.82790673215257,-0.595783835583331,2.25672896666959,-2.29237969627611,-1.80867813518402,-0.0835716213949839,0.203603680364125,1.54426829019377,3.01202645814783,4.40580503054411,-32.9626560150945
"plausible_anchor",17840,2.0668573879987,-2.57411969604981,-2.76520430778842,-0.534137099029535,2.05206101336442,-1.261375945398,-1.6940304897602,-0.0832466414566322,-0.157597035256556,1.78124330292515,2.80856393248629,4.59898995666318,-35.6343361588833
"plausible_anchor",17860,1.53594445184905,-2.53478683735275,-2.81049442381166,-0.560854801376398,2.17674708499062,-0.691588298353527,-1.73456024612995,-0.0337615722126392,-0.19157140195496,1.70044847225238,3.07430370102926,3.93627302527221,-36.3439053887912
"plausible_anchor",17880,1.47914720009429,-2.42755345850686,-2.82230167731186,-0.598965583483441,2.28512206954582,-1.20265135688797,-1.82658730308194,-0.114502090892415,0.214294012795843,1.434022885208,2.90762976377277,4.56996589240453,-30.0455679490647
"plausible_anchor",17900,1.70696051704296,-2.37349949739523,-2.90117469253878,-0.58044907685391,2.27915043390404,-1.30453154296486,-1.6841910591073,0.0126062666741201,0.0346549748658473,1.70666945641964,2.84633344327648,4.70879906610519,-29.983140474689
"plausible_anchor",17920,1.41633100740362,-2.45010887126256,-2.84493721180611,-0.57201859444072,2.34197200649528,-1.16827531520636,-1.82371747488654,-0.0873452007475588,0.173320481990648,1.63532809803903,3.03705933400946,4.33253255458556,-31.4982532167062
"plausible_anchor",17940,1.4181452045089,-2.41472608669198,-2.85976532352771,-0.548117616842897,2.27222305408432,-0.985809962683687,-1.84890752386877,-0.0431172132674964,0.140507932040475,1.7431178371705,2.77415075467403,4.54127352597616,-31.1649477593545
"plausible_anchor",17960,1.73986308843163,-2.47956109894555,-2.85604889391883,-0.518135223734243,2.08258881446236,-1.47328519967072,-1.90241537498142,0.0208532385464291,0.244690410703758,1.92319512128655,2.77641776498201,4.24341230531604,-33.0891326477767
"plausible_anchor",17980,1.91910523232305,-2.48180433150705,-2.85245327164325,-0.506045601671964,2.15624601060722,-1.56878067985853,-1.77116922800356,-0.0540905237543674,0.502347646036801,1.62198265101341,2.74809550381217,4.63922241974475,-31.1098731762322
"plausible_anchor",18000,1.87453252369779,-2.46949936135907,-2.87342658697261,-0.565306992962753,2.27205007282958,-3.31028444372394,-1.78943537616064,0.0540379095057764,0.0954887213355126,1.540815448512,2.84997805727251,4.72776107879248,-36.1623119192521
"plausible_anchor",18020,1.73978863382735,-2.44956530190462,-2.86806941964867,-0.569106038593048,2.31650551099819,-2.1616853501909,-1.71671245202442,-0.0117831400104094,0.284785566672968,1.65151724231711,2.79524414693478,4.38510011702279,-31.4588990258203
"plausible_anchor",18040,1.76468855245583,-2.44980413415134,-2.88137175712778,-0.597895188589503,2.27728603375965,-1.61395233379511,-1.90285569023684,0.142091319931106,0.127875130204387,1.76790305908764,2.56991160051926,4.83716302205391,-32.2252522228545
"plausible_anchor",18060,1.35307804154809,-2.45331697624606,-2.79164274712669,-0.576464012596775,2.22353991192836,-1.56233714947635,-1.98400554496648,-0.00345429967058248,0.537870861537831,1.619466433851,2.78813664047166,4.51078581549049,-34.932568755185
"plausible_anchor",18080,1.2964967648289,-2.34831054749312,-2.92627538915035,-0.502201839928448,2.11479883297694,-1.30199464838512,-1.70607434653299,0.111783942769683,0.274217981940165,1.93564917948432,2.75828237045652,4.48923813849687,-37.9462959894923
"plausible_anchor",18100,1.9088595493886,-2.59221736890441,-2.74317475154226,-0.629143608467833,2.35382416850875,-1.62288211097418,-1.72803980186252,-0.0385434571759873,0.414938056004521,1.7040174577105,2.762005329337,4.75258882431163,-32.9807701076533
"plausible_anchor",18120,2.02458098576298,-2.56438757886637,-2.78006036419842,-0.582319913677191,2.19978528648918,-1.03724606370359,-1.82350234487104,-0.0907121311621967,0.205861024192615,1.6131268219589,3.07039943826078,4.17922612983766,-31.6664960935112
"plausible_anchor",18140,1.74610729497255,-2.47665633423601,-2.8539863535375,-0.525875809570715,2.24580787979665,-2.05134084007788,-1.74707509138344,-0.129936691100555,0.0129260174759978,1.86535136250116,2.79662868603926,4.07488478939435,-33.9672148807996
"plausible_anchor",18160,1.83154066479117,-2.49243629574973,-2.74548603588988,-0.651274094965793,2.14206730710188,-2.18155380960196,-1.89986908027703,-0.0466942419001289,0.283816181678557,1.68380932337647,2.82771341845663,3.88584582937693,-33.5714027176479
"plausible_anchor",18180,1.84147001935633,-2.47906201955555,-2.82449281594494,-0.593439486710245,2.11711751615487,-0.388997687627182,-1.82632099431316,-0.0530934613660977,0.0504579460685477,1.96425372554726,2.41883736130789,4.57802794302318,-32.4944399251683
"plausible_anchor",18200,2.08565395804461,-2.55297538266116,-2.81147061235703,-0.525852285570464,2.01036065654256,-1.36554934485774,-1.74679795612767,-0.044150312669135,0.469937019505282,1.86737451861626,2.37974586040323,4.8385812396522,-34.5361009773254
"plausible_anchor",18220,1.69476870400185,-2.33156952922817,-2.90162683574059,-0.598525298497999,2.27538524027438,-1.48576284560941,-1.67814998877763,-0.160039526945952,0.223466248666521,1.65778914384197,2.80381909360105,4.89756100137264,-31.8425651600642
"plausible_anchor",18240,1.98836517653618,-2.41862207059408,-2.85701874959037,-0.563191005773174,2.3536844473782,-1.51609479503722,-1.74906966160357,-0.238879031480184,0.24525908076937,1.55745000317645,2.75168046233065,4.93063792851325,-31.5945199488774
"plausible_anchor",18260,1.94549186993633,-2.34395312996502,-2.8508805674613,-0.567948238051292,2.01714332425757,-1.1480454119111,-1.8212090294552,-0.0812649126323313,0.499651195678001,1.79923935183961,2.43299809313155,4.63174262894804,-33.4624794478522
"plausible_anchor",18280,1.77531396295352,-2.359830841359,-2.83974632701535,-0.598547237224247,2.10872644165406,-1.27182917660445,-1.83113780821064,-0.057955241789058,0.467517866485083,1.5651226497896,2.58739362948457,4.32967414739171,-32.3214286050567
"plausible_anchor",18300,1.80050871293871,-2.47682027786157,-2.80944711595962,-0.599399192615997,2.32905413386192,-1.20379638807445,-1.70888501206148,-0.042523519693832,0.456626521660011,1.263101361461,2.88684281741971,4.62523636192375,-30.7094310826564
"plausible_anchor",18320,2.0520465745054,-2.60281162613306,-2.78992205362801,-0.579634750957782,2.07825385630914,-1.47699321225956,-1.84621174043244,0.0381975212666827,-0.0341581545870694,1.77126609930393,2.60080753838933,4.32089546468659,-32.8754034425803
"plausible_anchor",18340,1.91163281881017,-2.49288688704449,-2.77701337551691,-0.60928511310224,2.34580544574279,-1.38181851761134,-1.90106112741517,-0.224384359492626,0.391314881830378,1.4238399936286,2.85815466284841,4.65167495112743,-30.625511021092
"plausible_anchor",18360,1.81401171088901,-2.42254498605764,-2.81259703173747,-0.64956164913164,2.26910531160371,-1.7929820009069,-1.83906412216636,-0.140986828054254,-0.0861983931606428,1.67188015442426,2.88248682146224,4.68896215487411,-31.9045568524363
"plausible_anchor",18380,1.54769300856376,-2.43100128330347,-2.83411845744814,-0.652781156804239,2.48822316176469,-1.40524359601432,-1.8875765873374,-0.0775066908961976,0.187041674227426,1.7166802638542,2.8713277721537,4.75404564090744,-33.7819778074882
"plausible_anchor",18400,1.476186055372,-2.41701845656952,-2.86123535065919,-0.517402491409652,2.28877474813345,-1.32588508907679,-1.92554984180555,-0.119242341876542,0.295614967232946,1.6516526174885,3.05839886733789,4.3885532401629,-32.4507356900194
"plausible_anchor",18420,1.35121887212687,-2.3364905499036,-2.83523877392243,-0.561571048756607,2.15509270770082,-1.32472518755842,-1.91630561295616,-0.239231575619933,0.386682623749731,1.79595287447992,3.1723871471772,4.30364918379008,-38.8737403841838
"plausible_anchor",18440,1.75325104356514,-2.46839848568344,-2.85411939327303,-0.523233297766845,2.15449993869648,-1.70873261062603,-1.89048833571778,-0.0364601650416432,0.217636917861039,1.69172149303829,2.81124263338046,4.66440260122457,-29.2413307603278
"plausible_anchor",18460,1.82655923566153,-2.45115430269448,-2.88193469892372,-0.513759759173316,2.07997657623613,-1.41858702531464,-1.75840880843391,0.0184326631173557,0.333870711553111,1.70725365013575,2.59975794058175,4.78394946408893,-30.7665216823196
"plausible_anchor",18480,1.95625541158739,-2.37725064767519,-2.90416084968691,-0.545014820265449,2.23856171720908,-1.83194834259914,-1.79413175188363,-0.2476019624385,0.0186773062790928,1.86697113424765,2.59562107760573,4.495657014777,-34.2812412701437
"plausible_anchor",18500,1.38543874074309,-2.39060598979934,-2.88724797931552,-0.564328413414756,2.38654644420052,-1.53633766146899,-1.63549174816445,-0.158890435513393,0.0114982248482164,1.47804395313688,2.92440616501328,4.49071461272509,-35.4026023935229
"plausible_anchor",18520,1.82872920848229,-2.32797233466442,-2.88097464659702,-0.637135436043937,2.23447162775051,-1.64969556811975,-1.93004567032861,-0.101951261354302,0.357819568206419,1.78041897979444,2.96372527536388,3.59517710742673,-38.143243933167
"plausible_anchor",18540,1.79630240435789,-2.50693855413977,-2.71837267000641,-0.694957215024008,2.3309085973918,-2.65199455927816,-1.70845770373654,-0.13496275464943,0.399634014979281,1.53825526385141,2.94045204919831,3.88624245094034,-36.8074373479007
"plausible_anchor",18560,1.43570383197538,-2.35683012122203,-2.8249784415415,-0.608920156752409,2.28620521987759,-1.73254984775889,-1.82677557310664,-0.127737224831002,0.452214001101278,1.49841714745576,2.94185628518121,3.85089980335567,-34.7202189452771
"plausible_anchor",18580,2.06423448195788,-2.52658147504233,-2.77920082191105,-0.638846704689116,2.32458021848161,-1.39542277152731,-1.82521620993942,0.0403559251210214,0.21461260561117,1.68933440128275,2.9814447863347,4.67497145142828,-30.4411787902648
"plausible_anchor",18600,2.00661950969038,-2.45186417687132,-2.82756778527325,-0.649486580946676,2.38872582585064,-2.03563097974369,-1.80900126999654,-0.0539526539701636,0.111576808237299,1.68903802249987,2.77580829274533,4.88176144823282,-30.9349497311778
"plausible_anchor",18620,1.87963276303151,-2.56221813185801,-2.79427562905006,-0.574860485358387,2.22207469273551,-1.83941856218332,-1.80369710267171,-0.0087496965041648,-0.0836398439558495,1.74191678442779,2.89535502471498,4.54537970649527,-30.3161196281639
"plausible_anchor",18640,1.61717026068682,-2.41522786553477,-2.81409400986158,-0.665230688511168,2.24996036166992,-1.54125218243516,-1.76495513040911,-0.115605752803168,-0.0335535039320598,1.61659836140008,2.87126285002664,4.63965617849779,-31.6872786165253
"plausible_anchor",18660,1.83605793611527,-2.44577870800625,-2.86824204948857,-0.546751625760622,2.26892001858279,-1.32416357697617,-1.92797463888475,0.00599889657013642,-0.129061612995042,1.73587011009505,2.90869697485954,5.04330193827211,-32.7816013678891
"plausible_anchor",18680,1.61277277484866,-2.42328760672377,-2.85518882174823,-0.604887610170166,2.26450630650004,-1.60244660498414,-1.91152316295228,0.00671338118877447,-0.167036646350718,1.66726129156419,2.74248563254144,4.68795437153098,-31.9849786631557
"plausible_anchor",18700,1.65590271700006,-2.28433440200582,-3.08900347283474,-0.465794980742213,2.21042897415572,-1.4405122357952,-2.01821158389482,0.0622662538439547,0.0019557817512742,1.6904010168227,2.59712059627754,4.71677523274805,-37.834652694907
"plausible_anchor",18720,1.58666651977994,-2.3888271584683,-2.95556788001092,-0.56369314381349,2.32499008516817,-1.7326792126325,-1.96659242539672,0.0243265825121936,0.0131045917068338,1.72700591437746,2.71549349816743,4.5768099048418,-32.6280301960834
"plausible_anchor",18740,1.49078048697074,-2.29491284195478,-2.98302578101915,-0.618595757104817,2.29204363887962,-1.50486317495941,-2.0003187161956,0.0486389236659133,0.0506396195755503,1.62431505204679,2.66113886122387,4.52069610821364,-36.2648571060282
"plausible_anchor",18760,1.70274811667686,-2.38297183933832,-2.93342373840355,-0.564923092272442,2.29384198043895,-0.602214199744943,-1.74492438266445,-0.0869193067065685,0.0951166905212068,1.81483213457255,2.5929014373251,4.75572116038399,-32.1802914682834
"plausible_anchor",18780,1.58451418680109,-2.30784642071291,-2.98329794037272,-0.579692830137898,2.24463894493278,-1.52992645096893,-1.77706596053518,0.0110681844966889,-0.174323252014736,1.80647616489507,2.94895715344459,4.59751640179961,-33.0260854501911
"plausible_anchor",18800,1.57180152515444,-2.37463028445891,-3.0374846468767,-0.46170359282054,2.22418846140859,-1.51806689846159,-1.74698838210077,0.0773087822911293,0.00949231024733181,1.88346386595068,2.47606683895803,4.74284268420295,-35.3663121653433
"plausible_anchor",18820,1.41356838091856,-2.36240537696998,-2.89778841618113,-0.55746530708588,2.16476175459761,-1.21504924676534,-1.67533511181046,-0.103548271309485,0.146987027560805,1.57875910324481,2.80094755967091,4.55996965075302,-31.8774297036786
"plausible_anchor",18840,2.00945137034702,-2.48688460377881,-2.89541423917624,-0.557550345772827,2.17371855556067,-1.17340723071785,-1.69825171447175,0.0527508866971569,0.0680516026775538,1.50284442323464,2.73046412911795,4.60019352052021,-31.6577839961499
"plausible_anchor",18860,1.76126510951428,-2.36660879226626,-2.97585917101179,-0.498568006832426,2.19515093970601,-0.96668595710403,-1.83616955131769,-0.041379650857211,0.0612925537372586,1.76785073849809,2.61295272545724,4.93966666060021,-31.0404025739456
"plausible_anchor",18880,1.88938219921312,-2.40820481099389,-2.93676471397369,-0.588062185050582,2.33063318890218,-1.76224331649787,-1.72728971485417,0.0945534269475095,-0.0326859551176228,1.57781516927044,2.75748803508909,4.79943636614013,-30.8991308228981
"plausible_anchor",18900,1.96101317437022,-2.42531009751207,-2.906024929372,-0.602602169715015,2.39172543889623,-1.73188276247759,-1.71894806177541,0.109986658987495,0.0688675268507303,1.63290048319377,2.86295610442595,4.81934176793456,-31.31014600049
"plausible_anchor",18920,1.99019279100607,-2.52879018066479,-2.69257630994326,-0.7329312187258,2.32747623858599,-1.07659720016995,-1.78316449349543,-0.105917890719217,0.296135681093698,1.53966265374418,2.88235365359117,4.88106841769988,-31.7573191346481
"plausible_anchor",18940,1.69002369215914,-2.43817910723108,-2.80742331475767,-0.626219783441737,2.39044752434542,-0.997248310602877,-1.81258715187236,-0.180011782970703,0.246735980146028,1.58501834462902,3.02924562613623,4.8618448086969,-30.381283935536
"plausible_anchor",18960,1.73550559118395,-2.36648700250624,-2.8773588051608,-0.586425903480138,2.26804438566271,-0.978325757212395,-1.71130612503322,-0.136224138075431,0.286226519781124,1.46884011349384,3.08952561075933,4.78410063268681,-31.335224270606
"plausible_anchor",18980,1.77968508559233,-2.39211041941671,-2.90929401858303,-0.615658144558619,2.23018349932099,-1.63187227408377,-1.85504862920449,-0.0528745031417383,0.0124623491759461,1.70353965513672,2.89139128730423,4.67370073866403,-31.761099691352
"plausible_anchor",19000,1.58082017509289,-2.44930015076279,-2.81137613320962,-0.564820743664908,2.19645875591945,-1.64694030298851,-1.77762263681457,-0.0112501582461466,0.228336679856445,1.53773550546671,2.88418950719024,4.43318080199513,-30.1772748541917
"plausible_anchor",19020,1.64154510038184,-2.4192511164537,-2.90833102631784,-0.540419264817903,2.24801934021773,-1.43976703333218,-1.97128199792708,0.117157341240915,0.066871023860346,1.454354850619,3.14438450908198,3.82482270107429,-36.2503000062496
"plausible_anchor",19040,1.75049187449893,-2.56882161684211,-2.7457972229248,-0.543426416246722,2.16642999056824,-1.32612666303077,-1.7290742319717,-0.104064397532474,0.108451672284657,1.7125711526078,2.81175004691402,4.47123863291896,-32.1051548588845
"plausible_anchor",19060,1.94181646034925,-2.58140479601274,-2.80330728571377,-0.576910307861638,2.32945161799928,-1.42469661213198,-1.68582868748849,0.0961261763769565,-0.201133098340979,1.64549311314941,2.74686596881948,4.91817344751812,-34.3371977055681
"plausible_anchor",19080,1.73858290842758,-2.40083780462624,-2.79734593342567,-0.564742783415915,2.29587302735094,-2.06337429754995,-1.68231842779674,-0.208459794364653,0.128330404885727,1.71918368773697,2.87571165186487,4.79066984440516,-35.8373385591812
"plausible_anchor",19100,1.53998082435782,-2.33801513954971,-2.9342681752888,-0.554107844025847,2.14057729057777,-1.23188084906454,-1.62830681425761,0.000773121323742118,0.186777692321475,1.67492738354269,2.83515587127022,4.49721537131145,-32.3501050176673
"plausible_anchor",19120,1.84972302347725,-2.33010976504609,-2.98492604439906,-0.50593254689539,2.08500491673274,-1.8526627688184,-1.65811081112829,0.0102146494977748,0.0976935922872029,1.67792568511797,2.79676184916634,4.58492442536608,-33.1241828835103
"plausible_anchor",19140,1.67695232417093,-2.35040119776188,-2.93161315390747,-0.495638874266185,2.14835774627565,-1.17717746691419,-1.62415589211656,-0.0354869532171715,0.383650210336797,1.72256565064297,2.51959386080377,4.6421036266083,-33.6863672382798
"plausible_anchor",19160,1.97220336577189,-2.44433554287716,-2.82601524042746,-0.565414070297102,2.1476938022855,-2.06232094298389,-1.88789858668766,-0.222195560678295,0.502966620426936,1.91281236734984,2.49995657544274,4.82994986745782,-34.9555932010399
"plausible_anchor",19180,1.93654639519633,-2.43865123934501,-2.85164610851169,-0.588886020782406,2.21442969338724,-1.59023813560535,-1.73198157976112,-0.0716672684530576,0.186090940739466,1.8786487027903,2.7462933052745,4.85733456531664,-29.9709766793428
"plausible_anchor",19200,1.68739245518655,-2.43711131243592,-2.80160033291029,-0.576479494449597,2.18983606688296,-0.958937463518494,-1.81164469175593,-0.230661484435809,0.269786208696545,1.7645211329986,2.90145570531642,4.75058306126031,-30.45817108353
"plausible_anchor",19220,1.91494760266482,-2.43200819854328,-2.88572774007082,-0.474960378987017,2.17134673045787,-1.09917931238411,-1.81199952779662,-0.128289286674445,0.217027401653062,1.65540489804946,2.82839587273153,4.81008674620305,-30.5805450500812
"plausible_anchor",19240,1.99075494833698,-2.48134835606206,-2.85968234840665,-0.546269753995263,2.17768884064927,-1.89450197438379,-1.84285513870147,0.025500294473375,-0.11372561717428,1.79135502365311,2.78726000888595,4.68583440675767,-30.6462206614403
"plausible_anchor",19260,1.82824130855584,-2.47844698227974,-2.85170263642685,-0.550573622093985,2.28896888579527,-1.77931241538551,-1.63543231151136,-0.107367913503225,0.135125899041695,1.46480567800605,2.93589567021187,4.88747134990772,-31.1200950252033
"plausible_anchor",19280,1.80053024862661,-2.3895262320688,-2.84461638856364,-0.593479341131331,2.29131863785231,-1.67083270518567,-1.87106707691608,-0.148921061951842,0.295216136606289,1.47965665956995,2.82129222271628,4.50224285013235,-30.02933652343
"plausible_anchor",19300,1.73049132590553,-2.40215470401408,-2.82243746226372,-0.654282249637956,2.30317430854726,-1.96849006919118,-1.72086192011564,-0.21217023171137,0.29095832344117,1.47015651858716,3.04536308519515,4.21776933732061,-33.1736360373496
"plausible_anchor",19320,2.26487429749939,-2.54498996198183,-2.74018444983643,-0.681256814102956,2.21827680606728,-1.93341738151624,-1.69642704180059,-0.100455894924122,0.208953490625734,1.66690712253949,2.70018564490578,4.7362239755731,-33.3769159709083
"plausible_anchor",19340,1.73925367336881,-2.53730313137579,-2.73573031963652,-0.66513330739494,2.39888515086094,-1.73818898310047,-1.71450757491259,-8.15266273068993e-05,0.453988082342048,1.39925350745791,2.90967164923546,4.63980105469968,-32.4520828515676
"plausible_anchor",19360,1.80001423431133,-2.52676945063651,-2.81039592620149,-0.594130711510062,2.26019186893404,-1.88290251460707,-1.80542928869389,0.0036096466822569,0.19866621836371,1.90631401800507,2.91005332379231,4.64759001446788,-33.3957031826763
"plausible_anchor",19380,1.94289462255703,-2.40064927596142,-2.9760253655101,-0.548541609228552,2.17809222877453,-0.955285790875406,-1.86408342695339,0.0358378511567717,-0.340939163910108,1.86167690315662,2.93615739606938,4.64638101048879,-32.9053233957297
"plausible_anchor",19400,1.46752934993731,-2.38166410648608,-2.94446928007923,-0.527818182578058,2.2265833054109,-1.09876811027288,-1.86987624377223,-0.0466231929877835,-0.0869422946595501,1.88041343817857,2.86694602877553,5.01475615159736,-33.1348319029168
"plausible_anchor",19420,1.91104781900714,-2.39072128467345,-2.94948907955385,-0.517517168545997,2.12854956469711,-1.94933598978005,-1.78724848362534,0.0366874468624105,0.0570433474033531,2.00718520308737,2.3800894187262,4.99834860080433,-33.545468240019
"plausible_anchor",19440,1.80394383174266,-2.38122516717465,-2.84543402353877,-0.586783638044157,2.02977957448734,-2.32518819719512,-1.6539052300939,-0.0250086657119302,0.132402919463957,1.96482555757335,2.23961138228773,5.07897192481775,-36.5360724554078
"plausible_anchor",19460,1.79966338422095,-2.34934378966458,-2.91469900206732,-0.494267037751863,1.99904070450564,-1.05299156668433,-1.7041875288529,-0.194753196968181,0.0888555985194668,1.88303183510577,2.13772937331568,4.77812065534528,-36.786984849132
"plausible_anchor",19480,1.71583411474006,-2.39915024142412,-2.80524255736024,-0.60943327739271,2.00077902617878,-0.857817012128178,-1.66333894232103,-0.0607208152536918,0.234601423237317,1.88269773461073,1.99585570965894,4.70103416305954,-35.1476786710233
"plausible_anchor",19500,2.12403429670046,-2.59972069009303,-2.7049007422307,-0.627831822388312,2.22294856537072,-1.60169642599011,-1.67588577552533,0.0161035156286756,0.235452080636818,1.74945381260105,2.5967806093471,4.78604229352861,-33.749102059641
"plausible_anchor",19520,1.90234731415178,-2.4184641047858,-2.87085821349985,-0.584409513061987,2.19981454367775,-0.800399007574044,-1.7799117789005,0.0867466843676482,0.0062041247131914,1.60843609756288,2.94933681681869,4.67319087379308,-31.3132785346866
"plausible_anchor",19540,1.83294619405296,-2.4461257394135,-2.78579529690381,-0.629213569692303,2.19271348222914,-1.27974341519427,-1.82462654183827,-0.0294098679440933,0.277873394232868,1.67090981274707,2.59300435794887,4.89673761750757,-29.3054679857539
"plausible_anchor",19560,1.81717636934792,-2.50728694624997,-2.73713921718855,-0.648361835377925,2.1390243986008,-1.13475915190819,-1.79930237786992,0.0436130489568768,0.188667624957571,1.66539315418689,2.75146320135016,4.81392068661615,-30.7369122466905
"plausible_anchor",19580,1.60424374448756,-2.42139652249973,-2.81271384570688,-0.595339386047505,2.24854066814794,-1.22249607267709,-1.79711486454938,-0.0471786328655999,0.342039834722656,1.45283260279826,2.91098162848347,4.6787380219018,-29.0394870052369
"plausible_anchor",19600,1.84389097027902,-2.5065990755072,-2.73600128321199,-0.617597245438678,2.1398207296756,-1.2479886382333,-1.72609740290616,-0.0608492350562451,0.30476513307445,1.74888425518979,2.60945367335161,4.57286075163001,-29.903334315001
"plausible_anchor",19620,2.0028173759653,-2.4885705591379,-2.75614931364321,-0.703006786260993,2.36518330614604,-1.61896829534106,-1.7851381614747,-0.0258785641180023,0.282682379110161,1.57956241153575,2.83275490612578,4.6341142930234,-30.4859580246367
"plausible_anchor",19640,1.75604261923111,-2.4683271425129,-2.86757084469837,-0.568973066915566,2.36280026852701,-1.25586756232801,-1.75145292127431,0.00917491493530729,0.104599232526503,1.71391262239973,2.67388482047337,4.90405917862191,-30.1850700490062
"plausible_anchor",19660,1.66610131938463,-2.4878549322272,-2.82069605754085,-0.576016092264085,2.22081854502818,-1.43132618185764,-1.86345655114102,0.0333802924611825,0.117709689443073,1.92916776722493,2.44019659516815,4.61666386894582,-32.0203689869873
"plausible_anchor",19680,1.48220121921546,-2.36906360994659,-2.8622537761054,-0.520423559433956,2.12201751541427,-1.71919073348674,-1.79687257135423,-0.201151038508836,0.327987802564537,1.8125114716001,2.90025769639951,4.06449089577759,-33.5651944530859
"plausible_anchor",19700,2.03904458851908,-2.46509877099932,-2.91835615784533,-0.571101104396186,2.35619064507578,-1.95113133118743,-1.84956901378412,0.00247816710134969,-0.0240332558034014,1.51660948383965,2.93511464502257,4.56933334400631,-30.871111122388
"plausible_anchor",19720,1.71778031041693,-2.40152567946338,-3.0185743315362,-0.517879849146871,2.34400635947763,-1.17904691709612,-1.80060770139961,0.0688543031338368,-0.0265518817818488,1.35356346027595,2.91876019285548,4.32547603168667,-34.5532413444677
"plausible_anchor",19740,1.90626516157896,-2.49072274763889,-2.95183964356752,-0.474596627312986,2.22503111385636,-0.524760086923386,-1.73795256000647,0.0751041357932362,-0.012225942671526,1.60424998439906,2.99746018384922,4.80141762433152,-33.8089586304246
"plausible_anchor",19760,2.11570361674075,-2.52925574504467,-2.91646980278357,-0.531150708093447,2.35760157326999,-1.48415188441563,-1.76249267701879,0.00721925464662514,-0.0435989491831901,1.48838483642419,2.93433639623392,4.69192995715366,-31.9217359325019
"plausible_anchor",19780,2.07118027057739,-2.54980336424762,-2.79324282631488,-0.56343298180943,2.21409222985998,-1.25714194685035,-1.59676402797829,-0.085808181710822,0.184209022855864,1.46406729646803,2.99555059927096,4.73508598099262,-32.3060301615742
"plausible_anchor",19800,1.89692998906695,-2.44978202847505,-2.80973990312938,-0.584430130649828,2.17370084191426,-1.63134296744865,-1.71150515221382,-0.101047567077879,0.29799632923781,1.58244764990463,2.70498962094337,4.67482309561267,-28.8521187625125
"plausible_anchor",19820,1.7700828677265,-2.42250479785433,-2.87886860013175,-0.595558165713898,2.24215668140156,-2.08567021354271,-1.66197694098022,-0.00558323512426989,0.123936417900093,1.69640805050332,2.99133463223096,4.82863716037356,-32.3208214795508
"plausible_anchor",19840,1.65788034066157,-2.4034798118373,-2.87148916112658,-0.581683114506764,2.23375826570269,-1.3887761834356,-1.64252163366358,-0.0520881479659851,0.0197248884093592,1.7926302121651,2.73231067541004,4.76895206160211,-29.9530587219068
"plausible_anchor",19860,2.25121908448935,-2.5717923278295,-2.76444632442197,-0.600646267080432,2.17680940799694,-2.09723004867756,-1.76632666086867,-0.0214477185567974,0.337253095989708,1.72309913209375,2.44218396277947,4.53616433989385,-34.1316781699003
"plausible_anchor",19880,1.98645155079261,-2.42156190692711,-2.90606271952085,-0.558351293989736,2.25657449884874,-1.65455991531171,-1.7559986087852,-0.0919207886636669,0.144777298596842,1.62321065108084,2.61939080763437,4.4262323506045,-30.9521911948992
"plausible_anchor",19900,1.97840865560629,-2.38965738482919,-2.96078901771624,-0.519903079636272,2.24022467793684,-1.00218874909236,-1.72832642458393,-0.00833811136210773,-0.00667302790029765,1.75336452488877,2.65725785786895,4.42811563388941,-32.3973174227667
"plausible_anchor",19920,1.71607460743197,-2.35381165396545,-2.88920863153082,-0.583331897232053,2.31880174062208,-1.36530908661431,-1.74668270615184,-0.0521631086474065,0.214997681447698,1.88026666687451,2.79306726391392,4.46479175376427,-32.3431552718031
"plausible_anchor",19940,2.10244021826169,-2.47832011391982,-2.84540723364814,-0.60751561431572,2.44028124497901,-1.92923914296099,-1.72130240475708,-0.154332383576997,0.0336497339141199,1.65870567921829,3.18938098031309,4.04872161083766,-36.6443011360787
"plausible_anchor",19960,2.10267463687553,-2.47525258158931,-2.83481994856453,-0.585587564830073,2.28604966367438,-2.26875822221652,-1.80644121083741,-0.144012656477606,0.0336801416438473,1.80427784845353,3.01925647385746,3.84869926739283,-35.4956344254436
"plausible_anchor",19980,2.16665641398072,-2.36996220460949,-2.90936764877766,-0.56625355330673,2.206397498585,-1.54617010114641,-1.8546201252099,-0.0438109139306797,0.437729868038441,1.6241776071092,2.80199864610495,4.7895124706077,-32.8338227483481
"plausible_anchor",20000,1.8358244390765,-2.45167216928542,-2.81654944284837,-0.628232664355689,2.08713922612926,-1.46043272812764,-1.81513942387184,0.0708850559950328,0.169369935434929,1.89876404464741,2.29802049458935,4.44773708099046,-32.4144101228676
"plausible_anchor",20020,1.81670560136939,-2.49182217721612,-2.75852542381642,-0.644213164011127,2.30165416084304,-1.60824414071654,-1.79943924275696,-0.124498618168319,0.299372579598965,1.65005046327895,2.6254985927537,4.6043657612255,-29.7301735981252
"plausible_anchor",20040,1.5054942532346,-2.39462135386513,-2.90499786634491,-0.549377406004039,2.32626925641777,-1.90610549488899,-1.91324639048752,-0.172337589529151,0.201031338202764,1.60773428898965,2.76514210283502,4.38147292302051,-33.6293045394291
"plausible_anchor",20060,1.44728104526024,-2.44603111955848,-2.83309671498166,-0.5210866854969,2.20618478981202,-1.61606791885235,-1.91036885694134,-0.22612970131237,0.0136045003517208,1.84255170529643,2.75648969571071,4.73863141188234,-33.641663272173
"plausible_anchor",20080,1.94244279839347,-2.50065571194106,-2.79929883887661,-0.551409433515239,2.00685679628277,-1.55097042833769,-1.79673367344346,-0.0756989489580542,0.100274318802514,1.8483086556945,2.75432019540122,4.2310986656442,-31.0914838497685
"plausible_anchor",20100,1.82584583986136,-2.51363726246815,-2.72644093592017,-0.614974572993794,2.32454860232492,-1.47414732913334,-1.66800995146762,-0.119270023482548,0.532704205758914,1.59378838939376,2.80609755692321,4.76415623913476,-32.3041330087338
"plausible_anchor",20120,2.08707534746747,-2.47641562586696,-2.84045227300769,-0.555157555904485,2.22605803788918,-1.90450289722839,-1.74381740402523,-0.0781750045400372,0.374242254555299,1.69928185565944,2.81809106073025,4.44904625953874,-30.1255402991621
"plausible_anchor",20140,1.78000422192326,-2.45207077970485,-2.89108345933962,-0.524170338973166,2.33787157875297,-1.71231563693762,-1.79430576799805,-0.016181111114729,0.239713865224604,1.71697542702008,2.83564225309087,4.85271406202564,-30.1613794907308
"plausible_anchor",20160,1.66303189545125,-2.34159206096593,-2.90832812003998,-0.585572221319413,2.10607376988943,-1.0728233902038,-1.76720604006171,0.114445361719766,0.132506981441248,1.53079498350462,2.83963809021554,4.93416154451684,-34.5982992960505
"plausible_anchor",20180,1.85413431696597,-2.34324807028433,-2.87518276077812,-0.609071604683946,2.328827637052,-1.88790077369106,-1.79365527065614,-0.00174761384326551,0.281860768388497,1.26658330772978,3.01522831301894,5.08820086010078,-35.1033066262309
"plausible_anchor",20200,1.99277379993732,-2.48769012489405,-2.80255405494698,-0.614887392373653,2.27640582335533,-2.15236608127719,-1.81319900889503,0.0288728983133693,0.208074939341166,1.40640547797713,2.7461032358077,4.59246166103548,-32.2973915014493
"plausible_anchor",20220,1.70013224318451,-2.45846265320277,-2.76660552970732,-0.639099441041386,2.11967310463046,-1.02505675267694,-1.76281817644599,-0.037057238398319,0.445471799693882,1.64679188994192,2.56128937784653,4.36569430445823,-31.6319851135323
"plausible_anchor",20240,1.46203891586906,-2.38975642982456,-2.81185068808004,-0.595797521745433,1.98704250774411,-0.850107605681462,-1.84738280328601,-0.056165518912754,0.17036935526767,1.89515163054437,2.55917450642825,4.74869545985055,-32.8637587039575
"plausible_anchor",20260,1.86597083256957,-2.49827574535715,-2.83861835262911,-0.571062325968675,2.04883758641855,-1.04827400626469,-1.82540438305223,0.0279735495036924,-0.0167705276833369,1.96400460042908,2.38015070891493,5.00148797800196,-31.9766462657504
"plausible_anchor",20280,1.58474368004429,-2.42816634853568,-2.85068752044222,-0.627936002947299,2.25268521584454,-1.34600504107833,-1.92048662952272,0.0371272443602151,0.0170416539123038,1.7262867499461,2.70798308512085,4.82436002219653,-30.5145176985825
"plausible_anchor",20300,1.66833320666584,-2.33737904009882,-2.96655940455402,-0.535017914117153,2.25477369156911,-1.26728376642204,-1.73613486346527,-0.0461967804874557,-0.0415010897075119,1.83508867040126,2.81139651017135,4.8747766765106,-31.2050995971279
"plausible_anchor",20320,1.57346756864046,-2.41092473827275,-2.79380648877522,-0.572855912518916,2.12288369414547,-1.08014266738721,-1.66446069106068,-0.152350694738897,0.441392256637898,1.73691096204766,2.78945686768372,4.70456331539304,-31.2538441432048
"plausible_anchor",20340,1.86618886510183,-2.55533217502421,-2.75955479124509,-0.607789461173122,2.24497824757678,-1.3210192830881,-1.78686859658557,-0.0590546481451988,0.610263220890479,1.27477362267372,3.0875829915544,4.63930276036808,-33.7223364552508
"plausible_anchor",20360,1.54683322478766,-2.44262221799924,-2.84703364295785,-0.478046479756365,1.92539364166275,-0.162974906256094,-1.69452341150965,-0.122794951245594,0.508341515021811,1.51320007659921,2.77551137194727,4.71017401542116,-40.49480215116
"plausible_anchor",20380,1.94399450936344,-2.41769625479066,-2.84608285916716,-0.470445258422915,1.81920162935087,-2.03725097655244,-1.995644889696,-0.257728760460297,0.357313109102509,1.59487092149907,2.3077822199548,4.83680526719934,-43.3054303038412
"plausible_anchor",20400,1.77125219160983,-2.4079431606936,-2.83327733632216,-0.556270531134261,1.94833855987892,-1.84831030047164,-1.81763786798083,-0.153143163574115,0.293438511939381,1.69160381623757,2.38183634152392,4.60782240378815,-32.9346701683131
"plausible_anchor",20420,1.62652706852719,-2.52338891501822,-2.77619714153058,-0.580481715581725,2.19802426611672,-0.479815622332348,-1.87140905676825,-0.091130524554558,0.196086874860605,1.60074640849137,2.63702513930591,4.56250510841267,-32.4548610812252
"plausible_anchor",20440,1.45721676937187,-2.40835199080483,-2.99495553854847,-0.459140153710473,2.03282447747688,-1.4775532328631,-1.89592227853865,0.0235580282573516,-0.171385617114474,1.81542051074056,2.59748765669116,4.39030491811424,-34.9198602909108
"plausible_anchor",20460,1.93613981093661,-2.37658727534615,-3.11260859939794,-0.505004397516363,2.23772114337894,0.0274908508666066,-1.79972673184816,0.0469100182863216,-0.605675738225813,1.73167111819763,2.98144638675702,4.60807648731458,-39.8168807261029
"plausible_anchor",20480,2.09315048429861,-2.46271091427846,-2.96363208869877,-0.546677303309641,2.27092485840353,-0.30957067774777,-1.74511319080481,0.0634876701203801,-0.411748931369697,1.46329821050195,3.21800175487745,5.00031240842423,-40.1565316276984
"plausible_anchor",20500,2.060279875625,-2.53269972676556,-2.93703941838779,-0.57248608093317,2.11760824281736,-1.65578905810295,-1.82794149551568,0.160459726160214,-0.615538836859919,1.84257392182049,2.77611665649308,4.83906248389163,-35.6592532748694
"plausible_anchor",20520,1.78553966783117,-2.5792015159612,-2.79180615446593,-0.584080586676092,2.24248337107777,-1.69004270997495,-1.86473965643235,-0.0495238953323471,0.246097343882863,1.57524047167977,2.48599286286082,4.50182979835612,-34.695722520487
"plausible_anchor",20540,1.87677557665067,-2.48176571539489,-2.79887432952216,-0.599911157113684,2.3432104730006,-2.04324397732068,-1.73748149223163,-0.134091051179974,0.249300589729252,1.47812957797623,3.17666060767871,4.52467120558562,-30.8220133371209
"plausible_anchor",20560,1.73888246915021,-2.4205669826265,-2.84451551171895,-0.570397300271221,2.27527146578861,-1.69720680573153,-1.82620075596182,-0.124842904932975,0.283892547373317,1.42293488056589,2.89991344988762,4.84422005289798,-29.3259468474848
"plausible_anchor",20580,1.57629550404162,-2.40259838340366,-2.91910771383257,-0.516382836671217,2.17365526093156,-1.78085703237816,-1.74473855501658,0.0804641027507175,0.228897467898672,1.69496256519638,2.76587416966056,4.86970879000955,-31.5909939043578
"plausible_anchor",20600,1.59797655228751,-2.38257642494622,-2.87592237367044,-0.542547350485465,2.14135523434031,-1.71201488055711,-1.63725985615522,-0.123835070200985,0.295650028058862,1.68615713506724,2.44691825708183,4.78162207238111,-32.24774967271
"plausible_anchor",20620,1.70786403405031,-2.53759450306319,-2.74194279360211,-0.605018277919679,2.26451629669395,-0.660740797702,-1.56273595550391,-0.138384712265165,0.375245229749182,1.23116692763283,3.11425596506077,4.71663908122191,-36.1126666794174
"plausible_anchor",20640,1.66061827655634,-2.46588768918827,-2.83583790773767,-0.542765244615557,2.29066637878048,-1.02327226372281,-1.77190984787725,-0.0483111507803071,0.127213656115467,1.53554743304281,3.02321786677815,4.67700792467624,-29.9100004108481
"plausible_anchor",20660,1.54399096643426,-2.41297010310374,-2.94121207678629,-0.518550619229203,2.17929705438044,-1.2599516743211,-1.65770602400981,-0.00630645808290706,-0.0505145048064706,1.45528966436106,2.99477655419884,4.84069611664201,-34.6493781660736
"plausible_anchor",20680,1.82992752790318,-2.44125614938325,-2.83399840500113,-0.645790451859071,2.08581453785822,-1.77440276064252,-1.80956826378198,0.189051478760549,0.0341316091286933,1.73184793826395,2.62481772534923,4.90183806355177,-34.4748457351252
"plausible_anchor",20700,1.83457079203436,-2.43252155444648,-2.77482321104905,-0.62785020169632,2.15795968076842,-1.70323810045294,-1.83457239292352,-0.168892377207714,0.320543932682288,1.79202736446272,2.79247602730975,4.31647362459438,-30.3740262208539
"plausible_anchor",20720,1.54687805266368,-2.4026177587005,-2.82813808479982,-0.610037618195117,2.26015858183974,-2.18931999137143,-1.81707809015744,-0.122258166034492,0.418708564194457,1.48807778541598,2.82816318885912,4.17158720845574,-32.4815566722407
"plausible_anchor",20740,1.75278205822564,-2.5188106848734,-2.74259691983646,-0.597465187280698,2.24486493128368,-2.21841314431911,-1.9171366911208,-0.0474374342199727,0.306193278900777,1.80603049812247,2.82203754928427,4.93696068349016,-32.8338745551392
"plausible_anchor",20760,1.90029595841173,-2.56862210081611,-2.7552143272065,-0.562334497222375,2.19579232822888,-1.69641570197454,-1.89720614208676,-0.0628455500243402,0.322358684008789,1.76741543053815,2.64150232251413,4.68044535414592,-31.0027660210186
"plausible_anchor",20780,1.60236803096828,-2.49279305421395,-2.85797453913891,-0.472041168661867,2.22274611603964,-2.0273975155276,-1.68219815505098,-0.237716752782255,0.251487981540951,1.73782298506434,2.713302848239,4.67938789295765,-34.4791890475804
"plausible_anchor",20800,2.03950712604363,-2.54255222673855,-2.86562863442502,-0.561848300680556,2.3382756701719,-2.1995445484747,-1.75082111581852,-0.166402500177884,0.11639170810444,1.44019021727376,2.6530513220414,4.50117111862942,-37.8891949996761
"plausible_anchor",20820,1.92753329693056,-2.50317162025852,-2.7734609846512,-0.599087044867081,2.18397118432333,-1.84724537077449,-1.91212466818163,-0.179137079458789,0.296845959135296,1.78027181958821,2.2510323812956,4.3137676872847,-35.6411843327624
"plausible_anchor",20840,1.35701644465952,-2.42989482382194,-2.71479431920023,-0.711187677354856,2.20729132241733,-2.0831691192086,-1.85568935669804,-0.0614690579841454,0.381680641547848,1.44986432694379,2.69961212778469,4.4471593434945,-35.6211375180498
"plausible_anchor",20860,1.59034551769668,-2.54592102992447,-2.70277884190384,-0.753156952937528,2.32302810119286,-1.23558953256026,-1.85390796108711,-0.0508018265278761,0.286322336123767,1.40501630854924,2.9229536324421,4.32059246814947,-35.1127448645313
"plausible_anchor",20880,1.62242870884253,-2.47507482457681,-2.79826353829822,-0.584932825326373,2.00247330656986,-1.28046547116327,-1.99873153281381,0.0566580852822397,0.259743046050429,1.58957487672766,2.44016735674989,4.94063086114952,-36.2257700683094
"plausible_anchor",20900,1.72920556285858,-2.45627451901381,-2.78234198511277,-0.65843191481364,2.11837689776735,-0.702005858062678,-2.06041898362513,-0.00302006056743245,0.0257881164499139,1.75380643123371,2.56672673843763,4.32872828088253,-36.3502044226404
"plausible_anchor",20920,1.12934330185117,-2.41138975277815,-2.76404149521179,-0.644218394527148,2.19470376571988,-1.13818348726975,-1.79983000516049,-0.0841399271157854,0.316147764696666,1.74073065644857,2.71889312815623,3.72627392017639,-38.0343339671082
"plausible_anchor",20940,1.34249434777935,-2.37337264510623,-2.80110661043811,-0.597614224883373,2.23353988501171,-1.17831466532028,-1.67470247514392,-0.0475975662492533,0.362855556750369,1.62912823190911,2.98154831910867,3.89475538457554,-36.8257844192342
"plausible_anchor",20960,2.05535044055269,-2.46358934221152,-2.81088306705459,-0.624165028759925,2.15271596074856,-1.53479129046121,-1.9925109409718,-0.0659032724841832,0.211206886062354,1.713136637774,2.89080634300196,4.05910491470848,-33.0728583876597
"plausible_anchor",20980,2.10685117032066,-2.50162191372306,-2.79388928557412,-0.588983232455946,2.15998397625854,-1.76385284539245,-1.90697859090657,-0.0305632359710219,0.117061688398069,1.70290836814563,3.08111635511039,4.08773396339189,-33.2774325340248
"plausible_anchor",21000,1.79501473007654,-2.49637969435615,-2.84204449506511,-0.577411071649726,2.19672690044554,-0.946107251536559,-1.85295974541949,-0.126690936421353,-0.0911093539987034,1.80491656698056,3.11125660934635,3.09719393023223,-38.0993450074224
"plausible_anchor",21020,2.1539701824929,-2.49341909161698,-2.68021919197121,-0.652375669841652,2.17036487794248,-1.32110329075016,-1.92763860667996,-0.285009039328224,0.175186727988029,1.67915094617581,3.09627408891726,4.13141564368127,-42.1195478072241
"plausible_anchor",21040,1.71424729664415,-2.42841336988019,-2.79545729360275,-0.637609410737901,2.16849482006816,-1.38507093042802,-1.90070480249562,-0.146218664045366,0.081940438863241,1.60042221080724,3.06432915043973,4.55779531164215,-32.9418602689631
"plausible_anchor",21060,1.65669836691176,-2.40829190199516,-2.83513030978274,-0.582642366785984,2.03960960725484,-1.29921044016173,-1.95751598044226,-0.155839356686954,0.253607119889563,1.71563075130564,2.95864176576458,4.42213567868272,-35.6953158370273
"plausible_anchor",21080,1.46326852336008,-2.3188617779027,-2.93559476149435,-0.575296364287453,2.18998634266116,-0.940939259831512,-1.90732922320793,-0.063471175692754,0.232625404929741,1.48487465484082,2.95264743004337,5.02074665566951,-36.6850682771975
"plausible_anchor",21100,1.37556146204537,-2.42456649059836,-2.91615189542262,-0.605016333146076,2.17292659233811,-1.07749101433535,-1.56296245846252,0.14581019194455,0.0969503916681878,1.67932707807962,2.60768325636938,4.63489085367998,-40.1098322947705
"plausible_anchor",21120,1.37962936149812,-2.40795883776966,-2.89853442302784,-0.525819790601007,2.21861412918744,-1.38392892642825,-1.7104078587709,0.0116200144887081,0.174594392550551,1.8207765300568,2.5870751306491,4.52848104641925,-32.5828642984443
"plausible_anchor",21140,1.36535935468962,-2.47369311296318,-2.85506176510189,-0.532124793882229,2.30633966365293,-0.87300911275319,-1.72510030710672,-0.0654408311039652,0.0600806372370279,1.51164992155799,2.9637814393424,4.5134147932869,-32.8852136081701
"plausible_anchor",21160,1.47292006564304,-2.3719099285886,-2.93536060320905,-0.53546427397678,2.23002221359692,-0.939971328916166,-1.6093711613754,-0.0964417727066907,0.226857843011546,1.58657456044067,2.8012623224714,4.81455371434783,-34.0283415444115
"plausible_anchor",21180,1.74765987790191,-2.50942260005011,-2.88516606202804,-0.537962632755381,2.14241789762158,-1.57145433137501,-1.8507125677357,0.244050668148679,-0.0658515922600627,1.91018079962055,2.77368621744657,4.97883937967169,-36.3778786123871
"plausible_anchor",21200,1.66827325745273,-2.47536454165492,-2.88702600258593,-0.530867720802298,2.20244010661028,-2.42571337492724,-1.94226412279069,0.191015375965418,-0.00276556990798656,1.63091870487027,2.75810309923254,4.65758020028198,-35.576590227555
"plausible_anchor",21220,1.28913563277694,-2.35061614018471,-2.99837711095639,-0.47074070692096,2.39177853833925,-1.41269710280473,-1.88621934271601,-0.0314555849014835,0.0466471891727471,1.58191542952031,3.06643215861223,4.88686942028028,-36.0099266948665
"plausible_anchor",21240,1.22071387401342,-2.30992401934941,-2.96387649575896,-0.548520044433021,2.28180849614555,-1.5012737456663,-1.77171633827283,-0.16405537081699,0.040334991689008,1.76837313415797,2.86006783191995,4.8159044901577,-34.8811249793968
"plausible_anchor",21260,1.39822525421852,-2.28930240807993,-2.99132398493457,-0.562886331195706,2.28618909512184,-1.44591029152323,-1.79202726743105,-0.0703848684384919,0.0308395420448276,1.52143378665727,3.00909812794229,4.49227278382473,-33.4584619108233
"plausible_anchor",21280,1.5735353266912,-2.32900605769746,-2.91630917166135,-0.587030735182053,2.19885299997751,-2.01770430795018,-1.8014491315264,0.0752884247962159,-0.00214880537916983,1.68087459521906,2.78527126960066,5.05259661978853,-34.5304669010852
"plausible_anchor",21300,1.67973897856035,-2.29885240233356,-3.0058211119826,-0.550692216820541,2.25222136358199,-1.95272243711342,-1.85987831654452,-0.0338595341654722,0.0771220449393177,1.63534875322705,2.58919670664477,4.68018820593268,-33.4961684219492
"plausible_anchor",21320,1.71472261118974,-2.37068374243541,-3.0404083797618,-0.41925169016347,2.17448592171108,-1.96232499859323,-1.78242458051274,0.0779553722765924,0.0301956823907208,1.65226124889759,2.9164347582893,4.75775114482344,-34.8855495069364
"plausible_anchor",21340,1.89969327026165,-2.40540265088693,-3.01313125179109,-0.463252138401841,2.13497604423268,-1.64089998857466,-1.79158926200365,0.0508589414635464,-0.0564580996415877,1.71988879150235,2.80832923412012,4.72471540697499,-31.6581788140153
"plausible_anchor",21360,1.75197991755385,-2.47036655941035,-2.94085679478216,-0.549898572120346,2.13840421276786,-1.2170981492669,-1.92477129739956,0.0689445367750238,-0.197908338797386,1.70225341988126,2.86390510237109,4.65442234712649,-33.8829499748221
"plausible_anchor",21380,1.66261757050296,-2.3556801307303,-3.00179586014393,-0.518302315198282,2.29010333933995,-1.02198066621626,-2.04581335440912,0.152883144315182,0.0690242039713372,1.5284516475189,3.12136808129154,4.80215677206684,-36.8398703376838
"plausible_anchor",21400,1.94799040850629,-2.47491313432322,-3.02158004606472,-0.418665210537806,2.23125283077856,-1.9515326580676,-1.74626904314302,0.151400914842644,-0.0368766431829896,1.92697074621253,2.88332749716505,4.55109744666538,-39.5278717676348
"plausible_anchor",21420,2.12540430752543,-2.54913528463216,-2.81599319212616,-0.571187130835234,2.26380847657364,-1.23329733606375,-1.73430857684501,0.0705435266911777,0.467949775419725,1.87304187023719,2.34215688488815,4.60541932998786,-38.3023067574364
"plausible_anchor",21440,2.10266143967418,-2.59365445393094,-2.80592247503696,-0.542551318271954,2.0713446918681,-0.839818016634541,-1.6854794489983,-0.0522967019120345,0.136152587231861,1.8090507183685,2.61595162268491,4.4956022506952,-32.8518695319849
"plausible_anchor",21460,1.82721830851602,-2.55151773952469,-2.8061761514385,-0.525793470356189,2.29964339768902,-1.15454003801521,-1.87181098450066,-0.110718728912884,0.214622316446679,1.45517576854118,3.12276828019355,4.8957085928565,-32.4029935931709
"plausible_anchor",21480,2.02660803639171,-2.49168123445719,-2.76846977823973,-0.626089545153345,2.30476847832341,-1.1281740710249,-1.79842995650024,0.0269262429696493,0.235008976327878,1.68393474901241,2.79706717632235,5.080069363923,-31.7709587223749
"plausible_anchor",21500,2.24140891830377,-2.61526463820868,-2.77020510484938,-0.566210964053099,2.33862216804772,-1.18020731857549,-1.96472963405994,-0.268445091786404,0.302494802532441,1.71584672896067,2.92977470372302,4.52070249549687,-36.5139038482402
"plausible_anchor",21520,1.68405990841331,-2.48454185032049,-2.9190547494335,-0.506064266697029,2.29260969070333,-1.19279426756336,-1.85681356935128,-0.111676852450767,0.0142009557529397,1.72751693977901,2.83266212262718,4.7730722634314,-32.5474391178232
"plausible_anchor",21540,1.86898675722541,-2.54084989698657,-2.79520268439262,-0.540589497559339,2.25741949168998,-0.585230438550478,-1.84930238632776,-0.260517050678217,0.20465147127199,1.84154236957283,2.89989374847148,4.87467465306222,-34.1528337954966
"plausible_anchor",21560,1.97672683643942,-2.51411442910291,-2.85937340998785,-0.462991763260604,2.212447090464,-1.40659317300741,-1.89802743197781,-0.126507039647701,0.00991372102750454,1.6927276485119,2.96929189456489,4.49630491262691,-33.9391547469401
"plausible_anchor",21580,1.65229853381169,-2.44212832883229,-2.90935629522877,-0.517741707667954,2.38729140729834,-1.08015357178556,-1.86066373938703,-0.0113800445383378,0.0238906612024029,1.46367387400293,3.02264084321856,4.76780656397436,-31.9207952454018
"plausible_anchor",21600,1.90535233794903,-2.52280105467551,-2.80009331635538,-0.537124614915517,2.3490011923328,-1.25659793554323,-1.75919804747364,-0.224937924319604,0.402685503059904,1.245472343511,2.67553190233946,4.69389814714614,-36.8297003476392
"plausible_anchor",21620,1.64943021532818,-2.44218331540231,-2.80035500125022,-0.564152530069157,2.32545734020595,-1.59982999640605,-1.74375943000263,-0.122344389598694,0.36995627039229,1.52922566295246,2.66583621739689,4.95335571528171,-31.9822754031436
"plausible_anchor",21640,1.70349237261221,-2.43946816374051,-2.7778927042173,-0.594967011311359,2.14679605892357,-1.20597790548433,-1.91593833795791,-0.136721183282553,0.341424548795288,1.84830174247738,2.63689422226566,4.88412227942426,-30.4499645199391
"plausible_anchor",21660,1.93931238522447,-2.39488376917462,-2.89275992602488,-0.510397974608128,1.94185449654259,-1.71485193630971,-1.81565748576618,-0.0437416821036181,0.338203306956475,1.91236911148194,2.31270203626302,4.80004628748495,-32.5143734259911
"plausible_anchor",21680,1.95472819975734,-2.50860506332099,-2.68192235665994,-0.644047581007179,2.08917365090592,-1.07096171176234,-1.76944370775175,-0.11542443381926,0.608114986301958,1.72932610000291,2.51292500529453,4.79475062446826,-34.3180983838922
"plausible_anchor",21700,1.95821134325589,-2.40272111525571,-2.80611384919665,-0.674063025598968,2.16075754999611,-0.92035707156094,-1.77137541059728,-0.131043904802619,0.248735676144286,1.65003735947662,2.73155345214969,4.81872837034812,-32.9278685568398
"plausible_anchor",21720,2.16142919196272,-2.47923994063219,-2.92648982764623,-0.481137310118939,2.02418619691876,-1.14677087039455,-1.72718179304024,-0.0945168722877142,0.376805754112696,1.68189997731435,2.63212623786708,4.46930657228182,-36.2460852196285
"plausible_anchor",21740,1.81157781064896,-2.34553430213455,-2.94816684787554,-0.550066927309766,2.17794225198635,-0.958210597047056,-1.88666856724406,-0.102927075221864,0.24500827973009,1.66582183329414,2.94330154642715,4.2542301624503,-33.0617743424425
"plausible_anchor",21760,2.01978918742824,-2.40141251330662,-2.90910936142254,-0.546140254470465,2.2454927626197,-1.74838821298485,-1.75597904819291,-0.218961991609235,0.24522638947357,1.33313833149256,2.75732485282276,4.44280150148359,-35.1409384530244
"plausible_anchor",21780,2.06218938939768,-2.46441454903672,-2.8447455540654,-0.543139832205426,2.24612057055459,-2.21945790651339,-1.74753005407009,-0.102486530141006,0.326230786108599,1.69594998862289,2.59498062407579,4.51170784377808,-32.0747141927398
"plausible_anchor",21800,1.73895188680393,-2.39860756268899,-2.94389216811614,-0.481132888350655,2.33757870542614,-1.15076950389386,-1.79141607248677,-0.132804692471702,0.0865050252500255,1.65992270852173,2.93831025644833,4.51341449519001,-32.1676629696752
"plausible_anchor",21820,1.54004727799749,-2.36420276556112,-2.92618584732246,-0.47485432544855,2.00362118724584,-1.71419307929886,-1.90639369953909,-0.163111070309869,0.244262784246938,1.62435035261968,2.65451295094828,4.08984115228434,-36.2232089721562
"plausible_anchor",21840,1.97806645466534,-2.58274089180832,-2.73183161429879,-0.641746216644705,2.32581459390809,-0.582154928117176,-1.78189042015707,0.0190172004569769,0.413998759094144,1.40500926716832,2.59220076406901,4.66207316296716,-35.9150813620681
"plausible_anchor",21860,2.03291714551308,-2.63705152161271,-2.75837447873642,-0.573393742274151,2.32489539107735,-1.03278720996634,-1.71648114267788,-0.129023757329765,0.0620363439972036,1.8403031236668,2.81170830235269,4.60593396550207,-33.9245987794971
"plausible_anchor",21880,2.01576816997521,-2.57852565367073,-2.73249120489131,-0.61727727154159,2.35356335323634,-1.06350480514172,-1.78721970974897,-0.191925622567626,0.0931289661207383,1.86932126571528,2.8894009284442,4.57001472996653,-33.766522221115
"plausible_anchor",21900,1.66586095516348,-2.42764201391909,-2.8624667931517,-0.650272948193399,2.27879769533672,-1.45415763492329,-1.7704168311505,0.0280914894160885,-0.267034905378931,1.79461091582252,3.00743606866136,4.23781154877125,-33.2811840085296
"plausible_anchor",21920,1.84275713740647,-2.50560184355572,-2.74712556992365,-0.605055642034719,2.14906349919641,-1.02891376402166,-1.73957493937886,0.00109755004569323,0.373764062287349,1.566931169426,2.65876966804996,4.71353153217958,-30.9336754353014
"plausible_anchor",21940,1.99201403475352,-2.36739264728547,-2.84047524768928,-0.64267953540855,2.47385906183594,-1.67347091723968,-1.68523684182441,-0.0554633483340985,0.509059304814926,1.43773998098799,3.09014065604494,4.78081616886025,-35.7898176409829
"plausible_anchor",21960,1.89878544547823,-2.36411935808583,-2.93466458209181,-0.587737746228243,2.18113784491062,-1.22189971165271,-1.61399303277731,0.124303493035918,0.0695095368715051,1.69051643252375,2.84289917899213,4.62532562589324,-32.9205734150177
"plausible_anchor",21980,1.75229614169044,-2.42578050404142,-2.92814828460157,-0.552068487391732,2.23046071637791,-1.65806786292185,-1.82246892584419,0.150315221599248,-0.0258902418770146,1.70357096551711,2.87336420911855,4.44162533135753,-30.7321255148278
"plausible_anchor",22000,1.90836711474619,-2.48953385855562,-2.84475605630023,-0.573899616761304,2.34343960050078,-1.50538222938907,-1.77776112405936,0.0232290735425495,0.109606733059264,1.85991097317455,2.84673529972221,4.67890166306391,-30.7928687424149
"plausible_anchor",22020,1.89351957438994,-2.48675495321176,-2.76446709892593,-0.627135594603009,2.24903321351554,-1.51399962555649,-1.95147614652969,-0.0338628587447378,0.0236478362527567,1.65470785700651,2.8899839637719,4.55067391013404,-31.7947902297723
"plausible_anchor",22040,1.79279467020687,-2.46321932609877,-2.77810387550187,-0.663274438003041,2.30596791011103,-1.32869454924114,-2.06863439270103,-0.061806301262206,-0.00644265679566568,1.5320597227583,2.81659321699017,4.3774635480452,-36.1231788296979
"plausible_anchor",22060,2.04847431737563,-2.51777378980738,-2.79839056237397,-0.640769668762784,2.45335172356076,-2.21705738264457,-1.9839054875639,-0.0799059843158379,0.302166555642809,1.73166749860741,2.86747400618685,4.6529405384472,-35.8405974727731
"plausible_anchor",22080,1.86160390876576,-2.53441178958438,-2.81169400028774,-0.586633606006277,2.19009720853899,-1.46638321619708,-1.66401135357252,0.0682782412783921,-0.1225336761017,1.68247450624659,3.02001229295187,4.56215503537875,-31.721801417472
"plausible_anchor",22100,1.84843511738682,-2.5055270862118,-2.86499777051182,-0.499069613826389,2.18109691519069,-1.02478022318551,-1.93215619286641,-0.118681885856055,0.311376697757937,1.60860434703444,2.7668057051966,4.42578561694458,-32.260868206575
"plausible_anchor",22120,1.82705327713841,-2.39752844286845,-2.96618775574601,-0.467453911059602,2.07777504319434,-1.5918649774781,-1.79522617163917,-0.0480179270526468,0.114186397489173,1.71121003448439,2.82032838456559,4.64224186756351,-31.4072116642822
"plausible_anchor",22140,2.01624313488206,-2.41442450209057,-2.87720108397526,-0.545647524436842,2.20904834092339,-0.347311912967198,-1.7108809450326,-0.1706000837137,0.283472417737944,1.82447055617306,2.7168524133304,4.96196505808675,-32.8658198448988
"plausible_anchor",22160,1.92364810748092,-2.39025287620161,-2.9217716328937,-0.536764935167202,2.30033022336403,-0.96030741399898,-1.68388757658762,-0.157329989736688,0.141082172148779,1.72152526735545,3.06280828420701,4.99250335601539,-33.0712673153971
"plausible_anchor",22180,2.03640392446762,-2.3663175883885,-3.00908366732888,-0.449792329976151,2.1948096769224,-0.788624752027006,-1.80379676021213,-0.127394505707276,0.158577642396718,1.6251052806276,2.79041109465637,4.8886716958723,-34.0285522324626
"plausible_anchor",22200,1.6266398306269,-2.46614468293974,-2.89587058962881,-0.399068910787687,2.22291711867917,-2.40331931635537,-1.82974997305393,-0.28961184876561,0.203978953342111,1.57948692882237,2.92207773111547,4.41923864849637,-40.817027726004
"plausible_anchor",22220,1.78652794431445,-2.58780764433776,-2.87890044058977,-0.453790791631548,2.23116898578597,-2.06996940091838,-1.88652384244594,0.0350116311534017,-0.215738266387326,1.41181038071954,2.98270533247471,4.44508817215852,-39.8830156221251
"plausible_anchor",22240,1.9788448507828,-2.4703189261546,-2.89212474707678,-0.530738222921494,2.10469254681429,-1.20921681638762,-1.60043948009217,0.0404223745896133,0.580903686854656,1.73601776415366,2.52481245285153,4.28738853861059,-40.5721952647112
"plausible_anchor",22260,1.62588897843389,-2.3592781135454,-2.97022093340815,-0.541434167324716,2.18971144788595,-1.56886747614933,-1.63665157664204,0.135535120049533,0.243797879948857,1.7513027504736,2.64560423089457,4.58651355935961,-34.6536765116523
"plausible_anchor",22280,2.13600415276553,-2.32291796642298,-3.16101413962545,-0.515759475199315,2.2040696635194,-1.47240166356656,-1.72386295883902,0.209837784602173,-0.152826144047528,1.58859650837853,2.71249735960696,4.71168194622143,-38.458460579975
"plausible_anchor",22300,2.31940276041297,-2.48777229227836,-3.08547510609482,-0.596086976656333,2.41241785738965,-1.52323633234263,-1.81479858255864,0.191634926646434,-0.705515855547632,1.71859272984293,2.95828439819161,4.57171179656078,-40.6197759694479
"plausible_anchor",22320,1.92820500141204,-2.43922418392645,-2.99904188901431,-0.621990986361798,2.18004278181383,-1.68777354143802,-1.88287847460201,0.165484599412063,-0.722915153239633,1.86340930125774,2.83233055794034,4.84657453476095,-37.1002793967191
"plausible_anchor",22340,2.06346088021021,-2.39084195441355,-3.02650750868202,-0.59861174429763,2.14890136446079,-1.66130833058248,-1.73201100549145,0.0405091257720173,-0.510868834814822,2.03158696092195,2.6307834606123,4.81525908641718,-37.2428074789557
"plausible_anchor",22360,2.06791546207297,-2.36354089136771,-3.00715157660778,-0.599962610193712,2.10011741002513,-1.31704782698555,-1.84914567475376,0.0264319203298956,-0.366893139630516,1.95504549229619,2.48414247902832,4.93922526931291,-36.5769030002592
"plausible_anchor",22380,1.72381585661782,-2.50250699816295,-2.84071865499618,-0.647869737811133,2.33724425754327,-1.77312664323165,-1.84133223351675,-0.00452886191367052,-0.216239992633978,1.89499777634287,2.70659626848342,4.96270566178652,-34.7056130298225
"plausible_anchor",22400,1.83574640233002,-2.45975439687348,-2.83003650223479,-0.618706679932309,2.3912291459155,-0.655044025272095,-1.87706335632887,-0.0991292645372184,0.360119522403945,1.38069302037171,2.91299786790676,5.13879671187033,-32.9726398406042
"plausible_anchor",22420,1.7349508583397,-2.3378326603896,-2.89464600582625,-0.600498529247861,2.31213008453809,-1.27087456383589,-1.78720423324099,-0.0829673614811747,0.37249364813515,1.49645427570166,2.87748880337904,4.97336827626249,-31.0020232821842
"plausible_anchor",22440,1.55330952305415,-2.27827538364894,-2.93764507764438,-0.553573048252595,2.237011546187,-1.8090575280491,-1.98761694458629,-0.124153574663302,0.636779260005581,1.20888666154551,3.01862114246363,4.49937038464894,-39.5104901115216
"plausible_anchor",22460,1.77512204323037,-2.4898126465284,-2.77143694611444,-0.640212473619201,2.03778366121176,-1.27834374347201,-1.87158946179589,-0.0575092423495317,0.378939587963164,1.47288848279003,2.63944012891077,4.54958357321188,-34.6163669455747
"plausible_anchor",22480,1.71551525759637,-2.54322845495871,-2.79042026393343,-0.603633866117059,2.05547783553899,-0.000812410453576162,-1.79404099152353,0.0916265766897939,-0.20448301496083,1.67957202745344,2.57572278101418,4.60809330196403,-37.5512419137988
"plausible_anchor",22500,1.59117228159275,-2.50548285258255,-2.84916498607466,-0.536210871332619,2.29239589131784,-1.68002177822425,-1.82997578076177,-0.0281454974922539,0.00759723517812448,1.70897616006889,2.89491224201334,4.41545427240932,-30.9456722912577
"plausible_anchor",22520,2.03226660718739,-2.5920650951858,-2.68856537223846,-0.728636864746889,2.34077886561581,-1.19406249649928,-1.71985913335745,-0.0637703380087382,0.0229479201439542,1.74282225437527,2.76040122602448,4.23536960170328,-36.2240222872476
"plausible_anchor",22540,2.23621811940259,-2.55111385808653,-2.76109948198317,-0.66774626232969,2.39177930680757,-1.16090739889966,-1.80122782504215,-0.0361261976153829,0.654505315334878,1.69753036985261,2.47918036042593,4.68429469229353,-39.895397939113
"plausible_anchor",22560,1.97449908124114,-2.55553647811253,-2.79844903830228,-0.59068540519024,2.4344580439359,-1.28613851816878,-1.66069786066131,-0.115319492612564,0.617748214861948,1.3657981452249,2.90881041198913,4.5405233800532,-35.9166330596905
"plausible_anchor",22580,1.36349473375861,-2.41750638813527,-2.82513705103891,-0.533570220094083,2.14876227200082,-1.69797500844008,-1.89588557512485,-0.151887071390043,0.583662961906461,1.56563189000073,2.86178625491417,4.33858819242973,-34.2423317272431
"plausible_anchor",22600,1.75676521696479,-2.35170890239389,-2.88387419666208,-0.551340905070042,2.25424896471605,-1.39643825039556,-1.86854338556335,-0.0565245605539756,0.274078304018034,1.64517562170482,3.03184547515476,4.60873836964063,-30.7560240248278
"plausible_anchor",22620,2.02144196645128,-2.4761905519185,-2.78468814084585,-0.619206210952298,2.32873902401295,-0.528464377123951,-1.93352823361872,-0.0480962555286216,0.407006472254996,1.35725851356269,3.02905785119689,4.49654182720115,-33.2589878325656
"plausible_anchor",22640,1.91993498724171,-2.43731955959444,-2.83943531358204,-0.53400344097436,2.22822091125999,-0.364409036291566,-1.92661074073126,-0.138033822762871,0.375294819376858,1.56013617826183,3.04599615027369,4.32550795652242,-33.5735187174049
"plausible_anchor",22660,2.05129274129316,-2.56630680170867,-2.72495105536182,-0.539637639883146,2.02789965172948,-1.97307435648278,-1.82519756769252,-0.206113341514862,0.399651964850486,1.7442129692954,2.81537873732819,3.99587648989958,-35.7771296084318
"plausible_anchor",22680,2.11350179279996,-2.62955443872035,-2.73521417563363,-0.534170135704371,2.05845749230803,-1.31744888316315,-1.72730427893646,-0.135349191980279,0.28215044816245,1.74969568923994,2.7964815275338,4.20134881803786,-34.174855517313
"plausible_anchor",22700,1.72719095311166,-2.40473411934691,-2.84029384663405,-0.607097199014405,2.12856595634576,-1.83291713170337,-1.61767949344443,-0.0764835219516217,0.274894658801816,1.90635851625595,2.71351304266563,3.99472549015691,-34.7295151208919
"plausible_anchor",22720,1.8997121372069,-2.52528007819066,-2.74879389176028,-0.638806395604834,2.20365158889862,-1.87048924953346,-1.62360297695639,-0.132012725965965,0.278635341177516,1.92058714914194,2.82634476269552,4.64030856899138,-34.2434706691262
"plausible_anchor",22740,1.83634547229177,-2.49809473059744,-2.70272621959919,-0.679919606263229,2.2033658109309,-1.54863122631645,-1.84498131107135,-0.148634770285039,0.558441946913626,1.70111361576973,2.51238096832088,4.70206677513097,-32.2224362254068
"plausible_anchor",22760,1.56185366171137,-2.40584341627569,-2.76850037292339,-0.671039312818355,2.19324800974592,-1.09655439253392,-1.69770824384862,-0.226589440020057,0.51305140308051,1.7993469627369,2.87999991374231,4.20413331428207,-37.5661766135321
"plausible_anchor",22780,1.71328028317423,-2.42122236950031,-2.85770693234617,-0.591728904837465,2.07803097195309,-1.24495604684421,-1.74422540836885,-0.108120389994104,0.150783989506047,1.68086117786779,2.77115589896046,4.35805771635218,-32.0500308330925
"plausible_anchor",22800,1.98200596152695,-2.46178362424003,-2.8044354658115,-0.613421147318875,2.28786477209223,-2.3221060016409,-1.7107411469679,-0.00466984145228147,0.249827901220079,1.57924822401915,2.79923662463391,4.84517223145755,-31.0836356285936
"plausible_anchor",22820,1.60430596874087,-2.44692756982114,-2.85519044661105,-0.509650859137893,2.15236317476661,-1.38452573474162,-1.70959501454931,-0.137637721137921,0.0585322385437262,1.86800021114972,2.78652178479497,4.89621388002729,-31.2319016342884
"plausible_anchor",22840,1.58935213453014,-2.39861960245155,-2.84345560395709,-0.522965468036809,2.1125791918763,-1.56373922554278,-1.81731426291362,-0.167749441790452,0.169206665688187,1.83056566859765,2.81387446241734,4.79056194447895,-30.9597799126023
"plausible_anchor",22860,1.81091381288392,-2.37632761172334,-2.90092485483907,-0.513321266893513,2.23554481330416,-1.22710619609502,-1.89683017666868,-0.148834944198105,0.124381016565755,1.57404023091247,3.01199324991891,4.72984153418502,-31.488139185148
"plausible_anchor",22880,1.72532007364558,-2.36259568939338,-2.80632168792794,-0.589786424347032,2.29783471873908,-1.07176329609483,-1.87606264317264,-0.246246380666102,0.58533694402353,1.54651920009457,2.95576970179558,4.73681811502808,-32.7446758524471
"plausible_anchor",22900,1.37426330312056,-2.37262680075325,-2.85957237401855,-0.508824101371509,2.24143712618137,-0.942938435491955,-1.80233277106334,-0.0715418253682013,0.330557002567131,1.63439715469395,2.92800100617681,4.95732029746602,-33.5458861579704
"plausible_anchor",22920,1.35410048778392,-2.42941908201193,-2.80390538135123,-0.529315138891651,2.20066263137733,-1.18157677339883,-1.84542511612126,-0.188450794974913,0.315225205643748,1.73518887904145,2.91879718990541,4.85432379022551,-32.3935622551526
"plausible_anchor",22940,1.28723732831005,-2.41698149254122,-2.83754403363938,-0.576404957952566,2.34394683821925,-1.82241955474818,-1.78663506735934,-0.097947812303875,-0.00210422501395224,1.6460888063289,3.15603036860971,5.04600906876921,-35.4475029334936
"plausible_anchor",22960,1.65571553073997,-2.42809605374866,-2.90933555090508,-0.607275413661274,2.36762168170003,-1.31972061226346,-1.77057679870085,-0.0924958391711953,-0.338408856169295,1.59912201264279,3.03145173686219,4.6604856405497,-33.5842454016569
"plausible_anchor",22980,1.13561966952228,-2.42270873789083,-2.83126788565924,-0.566744011337625,2.21080100705496,-1.09374253979945,-1.89239293693409,-0.0240311392474587,0.162507069248735,1.49099892791053,2.85719393511878,4.54794619248273,-33.6680310372289
"plausible_anchor",23000,1.26502250502046,-2.5110754585918,-2.77752214217199,-0.573390435351419,2.19351311823124,-0.928845742641446,-1.95441597564798,-0.0134454824883514,0.107682141858254,1.75632111616108,2.74514294190642,4.61717208524546,-33.7936287702372
"plausible_anchor",23020,1.51319987269448,-2.4050272144196,-2.79789498305013,-0.609577606342155,2.01163889059572,-0.48548727732893,-1.91680446222262,-0.209517939622252,0.387897469530891,1.68162797061022,2.48943982201225,4.57029392848291,-36.2768008422854
"plausible_anchor",23040,1.87446133132892,-2.49249085995816,-2.69927402583532,-0.668732818526383,2.17621384700949,-1.25279900862266,-1.79468981265421,-0.263324573454571,0.357610895330226,1.32338982812338,2.93298172373018,4.81645174841705,-34.8644321811287
"plausible_anchor",23060,1.95154579316766,-2.42905483324369,-2.81332186410577,-0.668577383450617,2.25298958103554,-1.16202763578725,-1.97405811222271,-0.0577177277441517,0.286447212655125,1.41224282500144,2.82651637765834,5.18339675101615,-36.0825162775371
"plausible_anchor",23080,1.86191527422152,-2.3787416702013,-2.81634860153475,-0.667970894887646,2.31538362132789,-1.74200164388808,-1.69632651465744,-0.105936197434852,0.458071440277103,1.36459553297515,2.94767089342377,4.63007400537272,-31.1678140405293
"plausible_anchor",23100,1.51648920836228,-2.37036924021861,-2.85635006669025,-0.599944963435693,2.18079669003195,-1.45606404146217,-1.75426864034308,0.0443010704572318,0.320665468665881,1.35839325693341,2.96918927083451,4.29831713922171,-32.6540219954824
"plausible_anchor",23120,1.76349855210209,-2.38434655862982,-2.85572544333851,-0.626597845521047,2.1492069495992,-2.03197921344259,-1.75052874416382,0.0660852077728455,0.204963574270237,1.63459838793219,2.79588023365288,4.51284788529573,-31.3594913632225
"plausible_anchor",23140,1.6176645239528,-2.44417383663742,-2.7650636082178,-0.592445929465433,2.18878718872933,-0.986261201038953,-1.93677873595818,0.0171416360515208,0.315958139577626,1.68002087602625,3.07313403209541,4.3885551263931,-34.9344111174554
"plausible_anchor",23160,1.98056876624748,-2.42746269595027,-2.79970673060479,-0.627703772288069,2.36618365762508,-1.38415676248881,-1.91432525700172,-0.173154855388157,0.261520165142264,1.43037320570158,3.07064842284521,4.74254673248605,-31.4766333692409
"plausible_anchor",23180,2.04899760291323,-2.45740308993272,-2.86316779991035,-0.582735272044173,2.36784935277824,-1.00942036864315,-1.82838749354545,0.027933429743073,0.11946047070638,1.33654195905611,3.17173737999684,4.79772138025023,-32.3739076128541
"plausible_anchor",23200,2.00654872399137,-2.4751424895692,-2.82987085092962,-0.605367047309116,2.3582636692945,-1.51488601610826,-1.735899580816,-0.0466272607403862,0.0137119713800332,1.7142674087004,3.01274107791761,4.68879217668418,-30.1112527889238
"plausible_anchor",23220,2.0921310843207,-2.51802383882148,-2.82355087960005,-0.544255464560282,2.19949438202076,-1.28818998911751,-1.77265483912116,-0.118795940768565,0.320207449401211,1.68084656405493,3.069393616467,4.01684827493268,-32.2542527970893
"plausible_anchor",23240,1.76259324342577,-2.51361591612867,-2.77143166536261,-0.584615204205011,2.20444788197963,-1.10891774083099,-1.77047112025537,-0.141433895570027,0.262708095683966,1.54456787504808,2.98989765230637,4.72643219025835,-29.7090257554168
"plausible_anchor",23260,1.50240960688432,-2.44595682472055,-2.86966329037906,-0.532059989627406,2.25000882838148,-1.62924520840141,-1.77045528701941,0.0123164627387423,0.281630342476973,1.70874872314359,2.89618545478589,4.66293254263223,-30.7207876732173
"plausible_anchor",23280,1.60812172102077,-2.44869528066507,-2.87374623511595,-0.536812590141883,2.2419195110903,-1.68961232125089,-1.83310083018436,0.00466573064401172,0.271747012327092,1.53299819654043,3.0033371045463,4.58974340430879,-30.0662884451127
"plausible_anchor",23300,1.69493428634941,-2.3631699667619,-2.92566231580146,-0.550124345314641,2.25583890766066,-1.47265266319833,-1.88460916500379,0.00391777962175236,0.392392973413985,1.6537898061322,2.63821740005116,4.99232572655574,-32.6190888877293
"plausible_anchor",23320,1.63993729130627,-2.44106300726449,-2.79513433469874,-0.624597875870213,2.19630534526014,-1.50083130778535,-1.84555639469389,-0.113147137938905,0.235998443152163,1.71156332120393,2.67441266253117,4.73461508688503,-29.0986372737
"plausible_anchor",23340,1.6027823340856,-2.40975764350689,-2.87626995699033,-0.607514401102506,2.11650436840262,-1.13247769898509,-1.90399316807855,0.01740013252065,0.00850698292833066,1.75272253132075,2.39552658997561,4.23259239175571,-34.2551667192541
"plausible_anchor",23360,1.66926618232779,-2.51040504435474,-2.78810287190024,-0.586910023220338,2.16448339922667,-1.80471712286321,-1.88605159412827,-0.00294719938621262,0.223150497001612,1.72409071750389,2.34631512790565,4.55536119832315,-32.7839559854345
"plausible_anchor",23380,1.63839879642304,-2.4650902375861,-2.79572931610594,-0.530324497808879,2.00674349270286,-0.921414207186577,-1.84837528083186,-0.0470976391786348,0.347031915999209,1.60759223633841,2.65671583096803,4.29391146292105,-33.218377564789
"plausible_anchor",23400,1.75480964715493,-2.44132138705444,-2.82463648494068,-0.506364005869968,1.93943742979344,-0.922328315069772,-1.80604340018008,-0.0345687799309737,0.357141507660763,1.5923906458859,2.70839112723221,4.16199184827479,-34.8257522484495
"plausible_anchor",23420,1.59779802196904,-2.48396745622731,-2.77018820857338,-0.565020418793566,2.22714155787989,-0.970609402274883,-1.7131953934918,-0.0915571731196875,0.405908834884318,1.5284855863274,2.93075459960332,4.67444593196277,-30.7099847810454
"plausible_anchor",23440,1.73274066154286,-2.481408918869,-2.84381789672403,-0.529832960191251,2.17434254024373,-1.3120481977028,-1.58978658161206,-0.112997485150842,0.249934305124918,1.65145669942983,2.65588663089398,4.59285381315968,-31.3954770003271
"plausible_anchor",23460,1.52274936443092,-2.51905682465242,-2.82212738321645,-0.536149712380257,2.23774665188643,-1.2988719673962,-1.67975583579729,-0.0451754783378495,0.220524301670712,1.69126796742254,2.55060173424632,4.79093870504267,-32.4568810633837
"plausible_anchor",23480,1.69171274515378,-2.58701695237246,-2.68272126987011,-0.650447109064,2.10018819618103,-0.694273352273526,-1.88631369435224,-0.0997138418122523,0.37410303880622,1.49165287023659,2.54655444113432,4.46446518823706,-36.245603222131
"plausible_anchor",23500,1.41624900262598,-2.52707192540149,-2.8043854156009,-0.616028979674673,2.3676002004294,-1.20852319979302,-1.69873387093255,-0.0866503892384015,0.388592499654969,1.28900149747679,2.93207634614977,4.64706076026494,-35.7725869750403
"plausible_anchor",23520,1.52686303215094,-2.42797001929543,-2.79928154018446,-0.645608972566818,2.28736846638046,-0.655395641317268,-1.79188549688135,-0.00938089266779286,0.312832045606982,1.46424366859071,2.94542092649224,4.48542403597102,-30.9906368977992
"plausible_anchor",23540,1.87298189364,-2.43354759914675,-2.8916781717516,-0.534588516725145,2.16133279754344,-1.28436902751069,-1.67181121965823,-0.0347007950349914,0.0768738467098754,1.8093795948217,2.96622787875524,4.03700254223787,-31.7752952232374
"plausible_anchor",23560,1.74234675122386,-2.4070997250184,-2.82696662448217,-0.546137776507241,1.99631415954961,-2.13122936748374,-1.64094959267839,-0.0500342342688263,0.272239676999473,1.88242581727615,2.53580750041317,4.17744142733618,-34.7192097248097
"plausible_anchor",23580,1.81206819365949,-2.39825047636244,-2.85156871016292,-0.59599200564213,2.38943315368893,-0.876966457669301,-1.65968840231062,-0.223808746887346,0.299963646934117,1.56297018340674,3.02283614210061,4.51109899202754,-32.1583110690481
"plausible_anchor",23600,2.0260137734745,-2.44975456654145,-2.80315018787264,-0.660233557311084,2.40062997239483,-1.61551027436131,-1.69661395995627,-0.0107973353496645,0.444789127372938,1.29363735936,2.93414974942965,4.81843538463625,-31.7668921357646
"plausible_anchor",23620,1.81114719040742,-2.49539991084012,-2.82528359945192,-0.632463534290157,2.26640350800821,-1.9463119526092,-1.765491410132,0.20363135994607,0.087400566195969,1.63072372785513,2.87980329943021,4.60523987775594,-32.4718206081264
"plausible_anchor",23640,2.04832456116369,-2.44377015321045,-2.8396269395964,-0.598848759786696,2.24494269444838,-1.59208003194535,-1.93326280398305,0.09737298783328,0.154821982069555,1.60327849444164,2.86483894167074,4.72049391143624,-31.7475926824475
"plausible_anchor",23660,1.64249385519511,-2.34421816158511,-2.97233655244354,-0.577922257869192,2.257178881901,-1.90580372418946,-1.81475925546456,0.14623423824136,-0.168606351196796,1.4876454103766,2.91145693402091,4.6008209503063,-34.6256389510663
"plausible_anchor",23680,1.38040768859362,-2.37909737601633,-2.86525602192142,-0.635588821466373,2.29569948613211,-1.11383906291706,-1.81602406484808,-0.035710317173761,0.0146733721199873,1.33354415902896,3.14140110594006,4.73727162498977,-34.1636167923196
"plausible_anchor",23700,1.61844086278343,-2.53484767001855,-2.77802121030886,-0.57545667880391,2.1627774262157,-1.79577398848416,-1.77192087238708,-0.070959266566901,0.261974334719785,1.47357380983193,2.76537224075201,4.9015887080027,-32.5050923428449
"plausible_anchor",23720,1.76772718861868,-2.38947024189802,-2.92497512394779,-0.54297210215407,2.0477104534633,-0.619892281012379,-1.75212306919733,-0.0562103574781891,0.0580817579589688,1.83040640743626,2.55721052281527,4.4204098874445,-31.9648436429408
"plausible_anchor",23740,1.75954959822543,-2.46660130539918,-2.78468963245229,-0.60248226542705,2.22321186411443,-1.69975557507798,-1.75533272429572,-0.19453000740765,0.137954114918223,1.71086543717155,2.59385363745555,4.99546096363943,-30.9936125612223
"plausible_anchor",23760,2.1514325428735,-2.6066608597045,-2.72116613442261,-0.647962171573409,2.24256738360665,-1.15606234569922,-1.69069356607786,-0.186281473703197,0.121217323449116,1.53775213898693,2.81173990169828,4.35219380246332,-34.1863878855936
"plausible_anchor",23780,1.97639662239711,-2.5134499257137,-2.73220983131743,-0.680794242954519,2.27854949604976,-1.49862888973301,-1.65866896705867,-0.285252694824775,0.337936494855973,1.5062449268204,2.99358358374666,4.29498633735172,-33.7955761740618
"plausible_anchor",23800,2.27534510516788,-2.52632503200263,-2.7457217859082,-0.700932050654121,2.31719657489459,-1.74857854607854,-1.79987661928683,-0.150851327350265,0.676202415105776,1.01751149965065,3.22389223622258,4.02336545052526,-38.6616516095991
"plausible_anchor",23820,2.154330925342,-2.50346811009008,-2.72559524581261,-0.717986885210542,2.17245288848142,-1.22552883559444,-1.8205649711699,-0.173212903522406,0.606038726450098,1.19229662108232,2.93768038311985,4.29285074707404,-36.3930712315778
"plausible_anchor",23840,2.19475962788886,-2.5074988623782,-2.73553521882472,-0.756542456239932,2.40348087910205,-0.385067099861681,-1.74304876875471,-0.0222126064586655,0.364667001644256,1.45653334763296,3.03249518498439,4.64829485675098,-36.3648248609459
"plausible_anchor",23860,1.74933093001153,-2.6009313776182,-2.69549900675909,-0.612081848532665,2.1027469788502,-1.52106613381397,-1.8988355438084,0.0465688456574053,0.325922714502892,1.5087591789272,2.52609199265623,3.83001266504528,-42.3152798696687
"plausible_anchor",23880,1.0519079471079,-2.54443797333393,-2.82470838874918,-0.526549037916123,2.17377970669921,-1.09662695787547,-1.79756507742355,0.0896635624451347,-0.0943872055334028,1.42989732741205,3.0487574418064,3.88755664945785,-42.2995621185919
"plausible_anchor",23900,0.958048575124863,-2.46202923016621,-2.804981454951,-0.579407476545257,2.14482523483737,-2.06905865538597,-1.6824852746905,-0.0365226469552093,0.273724972537288,1.78000433331199,2.72872431362434,4.33734271248379,-37.6613881644686
"plausible_anchor",23920,1.60258491682202,-2.34854182295498,-2.83457186820362,-0.664419649159211,2.14558548018687,-1.90666728392878,-1.87054120992609,-0.091270508321807,0.20795520945811,1.63408454363569,2.52675823316426,4.24535475244763,-35.266593001596
"plausible_anchor",23940,1.88947874459814,-2.45053727954344,-2.84515396919138,-0.632839632976272,2.23707784707187,-1.18463570518479,-1.72360090473222,-0.100709111087614,-0.0318744866106204,1.85631714034541,2.56188083755615,3.75415469929958,-36.5927954241376
"plausible_anchor",23960,1.99284631370213,-2.48387009313861,-2.74674518582709,-0.58535167387547,1.86366075247615,-1.49497646627235,-1.81233764394792,-0.152913291299636,0.302631523729826,1.80956685575395,2.29349001454984,4.05549059249422,-36.2596718092488
"plausible_anchor",23980,1.85461061103638,-2.40686265084944,-2.79653281710211,-0.692422609539984,2.3195795571647,-2.10796122713635,-1.76315745096009,0.0248322396791795,0.573989386269784,1.15019031629602,3.07778416710846,4.30386751568815,-34.8276992257508
"plausible_anchor",24000,2.2674595171847,-2.58892916985313,-2.79357582131069,-0.679307564194199,2.42280042308471,-1.01088514733012,-1.932284434991,0.0722232508508482,0.176631228832611,1.48852614744267,2.94949431215141,4.64624038751629,-36.1034112078222
"plausible_anchor",24020,1.97449198176727,-2.44324161740112,-2.91846889636427,-0.5002656919449,2.32273330518821,-0.74308193478304,-1.95540831148514,-0.0939608187329436,0.390752869266743,1.58419377648244,2.7992528094029,4.47742804916031,-34.2890911797414
"plausible_anchor",24040,1.65801377166725,-2.40335559363112,-2.91750664969343,-0.550974975330546,2.09128161245006,-1.30871871644443,-1.88695937617914,0.00151182509195157,-0.146596956651664,1.66958273656516,2.51184062583992,4.75531536244246,-32.8598402894776
"plausible_anchor",24060,2.10018335655349,-2.43538387862754,-2.9406107655484,-0.578387232259781,2.27314304122297,-1.02462595102921,-1.86583375084575,0.0430125816684629,-0.191929948721311,1.53991017639426,2.91493582542325,4.52452751287086,-32.1167149656858
"plausible_anchor",24080,2.21442326396445,-2.49037111245639,-2.86785527182609,-0.607656487383638,2.24374508261392,-2.15515513575961,-1.75124403002805,-0.00787690093236363,0.205056429090713,1.23897537182878,3.2138465717013,4.27680955862628,-36.6991588564173
"plausible_anchor",24100,1.81286561461742,-2.46212966158724,-2.80892994644298,-0.622588666966578,2.34715806662023,-1.58288350939479,-1.69138638687305,-0.057014826938844,0.289815676849096,1.19533225827077,2.90024136424052,4.7588064267176,-31.6479354285313
"plausible_anchor",24120,1.85193877368102,-2.36376918278652,-2.91052514511842,-0.557288276771049,2.29076607036788,-1.56895750517488,-1.57716818817343,-0.0923852994664274,0.244257152649895,1.48001195536509,2.70784876472753,4.72043241424069,-33.0604009336581
"plausible_anchor",24140,1.7300538015426,-2.4057909985594,-2.89383981574974,-0.552936261820793,2.39473665998349,-1.3416383915122,-1.67075933038922,-0.115293708498949,0.167406549808328,1.3659669588703,2.89583457883938,4.78791741202554,-32.0026249703368
"plausible_anchor",24160,1.94381779159344,-2.38723407026845,-2.87008427589279,-0.553096783601975,2.21471316191497,-1.25723749880646,-1.61321145314953,-0.22424473611897,0.425677235851087,1.4105369870434,2.81222266522859,4.32287566347652,-33.745788629512
"plausible_anchor",24180,2.13109532722147,-2.46331204117709,-2.88711019794446,-0.487874838954868,2.06555437568686,-0.703724895832832,-1.77137300721382,-0.146523244016872,0.27767530358873,1.63798413050331,2.5026678297572,4.28754304692772,-35.2432460023486
"plausible_anchor",24200,1.84041163579689,-2.48096464604275,-2.78976834379013,-0.61657266404237,2.18608563038234,-1.44435507145889,-1.72776575381834,-0.103527471506823,0.178237148221239,1.55795093783486,2.64861625582405,4.03795726767718,-32.8354335442845
"plausible_anchor",24220,1.45564447036559,-2.39116092329693,-2.76078149083232,-0.67262196052446,2.32843246987276,-0.882784005321286,-1.63366382187221,-0.269027835799723,0.594516959965612,1.32947334611491,2.79855356020609,4.3964773223968,-36.7218964088314
"plausible_anchor",24240,1.58010102662413,-2.37500630995935,-2.86004599147099,-0.585370343297268,2.23190817574531,-1.15847363158534,-1.72268810394838,-0.21313783405766,0.092995719011079,1.83592032649184,2.79266052906464,4.79131043834544,-31.4674107148851
"plausible_anchor",24260,1.60265203547519,-2.45101462385739,-2.75918463765697,-0.63303852315747,2.16073632961153,-1.09907038297975,-1.69963980199619,-0.0619358042194893,0.243195397687465,1.67016435199195,2.93376684410002,4.46556749775455,-30.6991261889698
"plausible_anchor",24280,1.93343362170793,-2.53183119457881,-2.80602707535703,-0.557790558689035,2.2520151431053,-1.09684990409224,-1.79344202066714,-0.00923467639311137,0.209888144751985,1.59904759988233,2.80821450467501,4.76706538887395,-28.9436331065218
"plausible_anchor",24300,1.96688613027726,-2.43818203789908,-2.78095807451396,-0.615483221553907,2.21658202709589,-1.55464614262241,-1.88928797114345,-0.0936302899470183,0.285446005503336,1.64899280560561,2.80380815549152,4.76784646906354,-29.6129857847436
"plausible_anchor",24320,1.73411684205384,-2.39355062964755,-2.81500417997257,-0.593694362277206,2.26375965458027,-1.45660778575107,-1.79371524955342,-0.1387960813683,0.277605971897195,1.64943187580044,2.94531679681274,4.41785744948655,-29.6862454530431
"plausible_anchor",24340,1.97285185227865,-2.56091176439708,-2.76450771693769,-0.635073147985096,2.17115820955685,-1.13719626762619,-1.77754452125333,0.0158549073105819,0.0563227812851707,1.68234737605554,2.77745817897727,4.51088891075258,-30.2984927459434
"plausible_anchor",24360,2.13310200741439,-2.51558976408117,-2.83528828285716,-0.585383148943004,2.20357092909754,-1.7639245858284,-1.71267388471137,-0.0851083211486361,0.164603176942578,1.69217047910726,3.04668648124107,3.89436251018768,-33.2356422731408
"plausible_anchor",24380,2.11685209968675,-2.46200750900907,-2.81642956157476,-0.5580829495159,1.94612384884286,-1.65735318105998,-1.80573636022549,-0.195609291282055,0.38300172395774,1.71253653397707,2.61703002613917,4.21791904392222,-34.143238684482
"plausible_anchor",24400,2.10433010624359,-2.45791818077313,-2.79305361602217,-0.547812411988718,1.88025151913102,-1.04570724875888,-1.62141390772782,-0.188965113799405,0.483411953308374,1.89355225150958,2.53195311565818,4.30101863994031,-36.3647831676668
"plausible_anchor",24420,2.22821784168434,-2.42128451140057,-2.83334514886828,-0.550336731271943,2.03491620425369,-1.41679412933955,-1.62111693321749,-0.0951114933443331,0.594399026159713,1.76590309692861,2.49356860405774,4.48311310842943,-36.9454102561912
"plausible_anchor",24440,1.85113889351492,-2.40082106765063,-2.81184613185455,-0.546609324767827,2.21232931927501,-2.07559504374893,-1.7279484680993,-0.227088371503826,0.521383605322495,1.79044705660049,2.81663398654151,4.61660234718144,-33.0608566403951
"plausible_anchor",24460,1.81111074513947,-2.42800731902128,-2.77652203712819,-0.607129063005433,2.2180008467462,-1.3428058539106,-1.8556667644819,-0.371152146354255,0.436172128258965,1.66890882805831,2.80219410746435,5.04810892214029,-34.7279329260489
"plausible_anchor",24480,1.80291363652158,-2.36819859793743,-2.91005253977447,-0.530477966169646,2.20985512259401,-2.04179387901898,-1.93231416743437,-0.0722569115840787,0.461911668388812,1.49356308420939,3.01274503268978,4.65285445068635,-33.316387593584
"plausible_anchor",24500,1.92968037643415,-2.48269321834431,-2.75974000263083,-0.589392139974131,2.28505760763657,-1.26240903824724,-1.96625793686936,0.049018666329282,0.455068149298798,1.35686759715318,3.00366686230266,4.98790018425583,-36.8752253083634
"plausible_anchor",24520,1.58015487194195,-2.54408058066992,-2.80387611286053,-0.516336116899575,2.28807900019458,-0.624422747016948,-1.84638554337512,-0.0425183250381652,0.427909678630781,1.3408933378188,3.06456998927602,4.79188079882724,-34.8907199537579
"plausible_anchor",24540,1.55180310346425,-2.47892660726734,-2.78034779122191,-0.616640141428144,2.18721474071005,-1.06332318153912,-1.93855176466322,0.0392953879077748,0.344019143527401,1.66217001459739,2.92169092324932,4.62992292884132,-32.2025714011617
"plausible_anchor",24560,1.71625169898065,-2.52081585279584,-2.76869070883212,-0.651276740333045,2.34540360977221,-1.5385145897865,-1.90700661721086,-0.0663982172395331,0.222904233929868,1.54493650593022,3.05461029160907,4.59480629089876,-30.7447926160904
"plausible_anchor",24580,1.87641659040742,-2.49320551632361,-2.81744980030291,-0.539772564289758,2.23339360221081,-1.50723593893064,-1.92556621160266,-0.154866606794262,0.265674346970997,1.52110984898387,2.79763205213026,4.53689068683657,-30.3607130069644
"plausible_anchor",24600,1.55003162636901,-2.402382527976,-2.83532926479592,-0.616447802015083,2.21923531679924,-2.12724627815841,-1.83241338240627,-0.114669389286437,0.384827450684203,1.45836597412872,2.74170053595529,4.29876498989942,-32.8868414016434
"plausible_anchor",24620,2.17516201741569,-2.53175532036794,-2.83496245417025,-0.534540954241842,2.00938406656972,-0.834253331016678,-1.94215236105965,-0.0874313176639527,0.0706608030234711,1.83525808393659,2.48701104957976,4.43374052696609,-33.7893302789387
"plausible_anchor",24640,1.97424965088354,-2.46395918524785,-2.89417380446503,-0.556682584787856,2.12070799938601,-1.0511877668599,-1.72392800099221,0.0539097460195292,0.164498859546752,1.73063048071765,2.74221182678079,4.41098194140222,-31.0378849568296
"plausible_anchor",24660,1.83965833274591,-2.56486436667614,-2.82759129545181,-0.605786945768449,2.28410607478796,-1.18880568435945,-1.75619894625439,0.0897292092459342,0.175759145185804,1.39974605437834,2.96026420874311,4.20640209829991,-34.1608699594883
"plausible_anchor",24680,1.68446863365193,-2.47483187030342,-2.93453657425345,-0.534459103397174,2.3495069540415,-0.656915066524996,-1.7699319629684,0.0899901946747747,0.207855060288691,1.36852978659938,2.83014630137651,4.64743598143263,-35.3414027468159
"plausible_anchor",24700,1.89766770158518,-2.53581658118678,-2.82372101307818,-0.485901649736697,2.24137179943125,-1.57722125676784,-1.78343455560638,-0.125555484296363,0.286824439049513,1.52758213099892,2.60075205635542,4.62468867003529,-34.2262003844163
"plausible_anchor",24720,1.84779079083032,-2.51305651151542,-2.84075855894562,-0.607766495743029,2.42179767924761,-1.34338060609615,-1.98288469495747,-0.122595622530157,0.193504388754034,1.60734478658322,2.9075021274568,4.24257891145963,-35.5310656977983
"plausible_anchor",24740,1.60692359870013,-2.54511189601293,-2.89671977497406,-0.594907104215932,2.28873607939593,-1.72589647775474,-1.77154627754635,0.0636624584477576,-0.571340831553732,1.87768018247891,2.77311515484313,4.81968644035002,-36.619283956197
"plausible_anchor",24760,1.62792132516898,-2.51718775886976,-2.91079150067034,-0.543866376231256,2.3046514713203,-1.35554212169062,-1.76820028030594,0.133514040709597,-0.50872833665019,1.63485275842943,2.94431178273952,5.02854762101583,-35.1541018834875
"plausible_anchor",24780,1.80354449542468,-2.5747690371697,-2.91678396733544,-0.555605261376547,2.55588173485593,-1.89196391768913,-1.98149701424491,0.0594952007458825,-0.381803927309767,1.53953484427034,3.02692475457282,5.01497529172626,-42.560704465553
"plausible_anchor",24800,1.63198768255662,-2.42460056891248,-2.8989205106935,-0.53529503205502,2.36122950327281,-2.00517550888433,-1.92144103300157,-0.0598474701415269,-0.191604120080549,1.38857885355672,2.95720912955629,4.85168630045369,-37.7690415718588
"plausible_anchor",24820,1.52872268345019,-2.45437489081044,-2.75398319123922,-0.656614062572712,2.1521855587581,-1.36080399982607,-1.78993366227402,-0.194147214405369,-0.0223146650672648,1.73173065247064,2.53753111853394,4.68729170034817,-34.384868592153
"plausible_anchor",24840,1.9753902838145,-2.48877878600541,-2.72383474173127,-0.63358968136237,2.16832362353095,-1.52699257873991,-1.79657574835787,-0.101081126714308,0.635381635786832,1.45353807693503,2.58951429970861,4.88480124217848,-33.4393953137219
"plausible_anchor",24860,1.88643798304789,-2.51852398495371,-2.78555522257118,-0.611524184711808,2.2637543483317,-1.31407188753317,-1.81992295436553,-0.034871639961045,0.51353936610253,1.46455257544939,2.65650710358086,4.42549205263527,-32.0255300982501
"plausible_anchor",24880,1.96595219585606,-2.46516102466773,-2.76325061898944,-0.67779531088966,2.36710852707295,-1.51242266128464,-1.83254976054435,-0.127195175104365,0.528046569705853,1.37913832882345,2.77348784700742,4.33439944860648,-32.8277495323302
"plausible_anchor",24900,1.84801856880502,-2.48883015404731,-2.74491534558187,-0.691301785814853,2.38505875117222,-1.26531633701943,-1.85006751081362,-0.117015080604005,0.42127436516012,1.65148462400347,2.62330943670776,4.32462615250306,-34.1060539376823
"plausible_anchor",24920,1.61143510948856,-2.36442537702928,-2.8357685067261,-0.586301201577109,2.17171086401421,-1.83903139862466,-1.8074327458125,-0.0958680969160414,0.592405004646216,1.72074627264711,2.67344502372537,4.56244599311677,-32.7900838922107
"plausible_anchor",24940,1.33545372774148,-2.34064353746189,-2.86464095468647,-0.550928978282203,2.00134949326059,-1.81813778239973,-1.8349962999612,-0.112808950303173,0.464137493347514,1.59727003086374,2.76341651576101,4.42865383365518,-35.7225988918528
"plausible_anchor",24960,2.15059749782777,-2.59148205448906,-2.78415630620509,-0.626535024206353,2.3223339385751,-1.44337933847359,-1.84220589287654,0.00548364737705251,0.208383205026551,1.7612703919865,2.69795876646675,4.66266005134012,-32.5463882806748
"plausible_anchor",24980,2.07887422358218,-2.55522725515525,-2.74846633106582,-0.689637896627815,2.17930561259384,-1.46716069413886,-1.93241183112938,-0.0116943143020256,0.229393956374025,1.7665805892763,2.63369072731388,4.57263318421814,-34.8088650149202
"plausible_anchor",25000,2.2589607184713,-2.5196512091689,-2.81129672115557,-0.553947407906265,2.2335723324288,-0.960350828642993,-1.963051473482,-0.0994061427464656,0.356137690142309,1.67163438434702,2.69558100314849,4.72211137762219,-32.8298985320825
"plausible_anchor",25020,1.93737124246293,-2.45085927288265,-2.87998162286904,-0.509504606842228,2.28359700609364,-0.917801415373096,-1.95256217375475,-0.0515682656976854,0.179197887156224,1.94064014624916,2.49781284121949,4.84016331958698,-35.2042835904416
"plausible_anchor",25040,2.12365337531319,-2.45377697973342,-2.82723671453307,-0.587415427096641,2.34108203845704,-1.54552981726051,-1.78294735080292,-0.00332075334431775,0.38502688876119,1.97736908157869,2.20290835425456,4.90226705099891,-38.9031643101398
"plausible_anchor",25060,1.60156113956436,-2.39308971178824,-2.87105226487675,-0.644033303541898,2.293073847834,0.0886321266630797,-1.90203764959606,0.144726717934199,0.116332970926599,1.5928870478059,2.64070650978087,4.65291646730885,-37.7944338983297
"plausible_anchor",25080,1.90861546162686,-2.55670785138237,-2.82807934898222,-0.564285822085274,2.18485426626733,-1.18405283822781,-1.80785404931347,-0.0142312223728387,0.175807133715393,1.83241395177587,2.65995492408694,4.81048065827019,-32.1185520859583
"plausible_anchor",25100,1.74110474740492,-2.59443524627259,-2.65220820570742,-0.666450694479568,2.19545713221535,-1.6453589601252,-1.84654260534284,-0.204251476332122,0.50285554424989,1.61040755246001,2.89962847223991,4.7854171269803,-34.1596408724615
"plausible_anchor",25120,1.60696162096895,-2.49503536216456,-2.82449312708567,-0.592859180563247,2.33329745235497,-2.37013309255798,-1.93600683204926,-0.100093615254081,-0.000661346891043801,1.76731622861891,2.91320383998617,4.66795440098444,-33.3517529406227
"plausible_anchor",25140,1.81774803195643,-2.4777065940266,-2.82044588210309,-0.593773773635085,2.31263685736678,-1.45799204150755,-1.7728155106065,-0.0464940933841973,0.138758547514116,1.54160924887654,3.15498039147885,5.05038866210729,-31.4742284372459
"plausible_anchor",25160,1.73436655142132,-2.52941990828045,-2.77748174697696,-0.649344378996947,2.2490932597938,-1.04192194232614,-1.81351369579859,-0.00408260517980286,0.0853853519818371,1.78191915244932,2.39820144714996,4.56349247831902,-32.8987374961625
"plausible_anchor",25180,1.61131611803421,-2.46209296635804,-2.89079389154547,-0.566253861805353,2.22496496711227,-1.95602393440018,-1.8601991711793,-0.0561683850750486,0.0449590184224634,1.85679011183866,2.40174708947377,4.71288918183038,-33.7666869329835
"plausible_anchor",25200,1.8336063624053,-2.42945418746898,-2.86650428720619,-0.502446303960589,2.20415868003308,-0.921835160664744,-1.75208251519206,-0.261709748151336,0.152061150035723,1.59190441686174,3.03039008954074,4.3331799866267,-33.1406316607571
"plausible_anchor",25220,1.6740503610118,-2.40350075804818,-2.88185110869951,-0.522222340366784,2.09324871110581,-1.57365919198559,-1.75725633814483,0.0123052090631678,0.173543976453407,1.79071001939567,2.73490546743332,4.67211426375261,-29.8041798260811
"plausible_anchor",25240,1.78117389444572,-2.40065806677745,-2.83340615421473,-0.559526623252224,1.94323523192005,-1.87263035756657,-1.71743786568459,-0.0891064942967583,0.312032909050785,1.83959880295094,2.65138856093456,4.63737742928326,-32.6044090122588
"plausible_anchor",25260,1.84420156372726,-2.5223220163498,-2.71144451915652,-0.66447041302823,2.27301021831446,-1.85426122056359,-1.70395005102334,-0.150668333792037,0.413129480847749,1.67053979849183,2.46560650010589,4.97360511057079,-32.8617666832151
"plausible_anchor",25280,2.15180428696243,-2.50375432011674,-2.79626366781702,-0.615512006822557,2.3401458045068,-2.12706569913263,-1.66894180334629,-0.10555854140485,0.466219191103009,1.54512834453165,2.70899320017584,4.9712260555216,-33.2142345730408
"plausible_anchor",25300,1.75205675860655,-2.43399828013259,-2.75451851401967,-0.639625650941267,2.14339919949636,-2.12769347697528,-1.94228376801004,-0.171019377887635,0.749477314074125,1.29834834187918,2.81517952484745,4.77157681823535,-36.7506786270571
"plausible_anchor",25320,1.74652514615444,-2.4548787805994,-2.77653068164979,-0.678061523203565,2.33140864310318,-2.01372987001101,-1.81937412981123,-0.205071952519603,0.239230922237085,1.41867352533386,2.87209178560666,4.79484411215733,-32.5692889016228
"plausible_anchor",25340,1.87392662552528,-2.48594413431591,-2.70605199201264,-0.674673114985749,2.20495410724651,-1.01271760972273,-1.65823206881336,-0.151231902123154,0.392986208631825,1.59078011196676,2.80921160870465,4.7093497016945,-31.290061923089
"plausible_anchor",25360,1.91048151494242,-2.47594730414922,-2.82147761510665,-0.619172512095636,2.25351259604644,-1.99927048450498,-1.66518300955741,-0.128905870553923,0.166532106407314,1.77559289897498,2.84883652676104,4.62758992269271,-31.4891950607134
"plausible_anchor",25380,1.93437644576434,-2.37306543155665,-2.85404420191529,-0.59809908094021,2.38225591906568,-1.31682938806449,-1.7866346943247,-0.168885921143586,0.439037780261762,1.55796584602597,3.14969459424124,4.76904668879134,-32.3212681622919
"plausible_anchor",25400,1.75603971256792,-2.31329443867111,-2.87660565659974,-0.601983903749059,2.26803707799203,-0.912765719537755,-1.84537461297294,-0.13805800693802,0.338263557323321,1.67753559008595,2.7616096396731,4.87366475626488,-31.4517217678663
"plausible_anchor",25420,1.89923359544235,-2.50084870328983,-2.77814298313707,-0.579543090933296,2.12603278191695,-1.77856047646242,-1.88480717992724,-0.116625086720444,0.428985991409272,1.65063332677077,2.71012688329117,4.34284703788491,-30.4051305429713
"plausible_anchor",25440,1.70556752261254,-2.56359492915217,-2.73257894369339,-0.601473988606827,2.20697455690228,-2.02400873238844,-1.74026070003246,0.0136256026445847,0.0938099995493654,1.63859712247004,2.66122691867317,4.36357920499127,-34.3361348436062
"plausible_anchor",25460,2.10862591758686,-2.46621113869931,-2.86604016253185,-0.5492999428857,1.98578100894605,-1.25743562868339,-1.81436358404131,0.120798702068193,0.147180468777919,2.00698928344856,2.23295209618089,4.8743184832271,-34.4163959307524
"plausible_anchor",25480,1.68027016698363,-2.558246860249,-2.81690813607858,-0.576220635588087,2.13808037388051,-1.55470561199329,-1.73203598516338,0.0417400327678107,-0.377277839546909,1.97992636354883,2.76612765595566,4.45472404244775,-34.1697501311644
"plausible_anchor",25500,1.9321818410534,-2.55551798195158,-2.84996094011976,-0.564149778201533,2.2499146407619,-1.04586382535846,-1.69275470023309,0.034516431369026,0.0800468740590369,1.70222909185849,2.7509294260469,4.44036877375093,-31.9107577148171
"plausible_anchor",25520,1.55542894320212,-2.53196124870129,-2.84036452964519,-0.566632786312494,2.22455576627325,-1.73085880426315,-1.66085294635167,-0.0334704174301204,0.158083739850751,1.74717840719422,2.91609804627159,4.2299862627183,-35.717138174805
"plausible_anchor",25540,1.6577294987742,-2.572647960478,-2.73577752901441,-0.605059860745007,2.27421902173,-1.39678506847281,-1.65548441387315,-0.128640486016955,0.404255302502319,1.48368918291412,2.95636623452913,4.37816724953066,-32.4859509832654
"plausible_anchor",25560,1.8372213032044,-2.55535557911987,-2.78547678622872,-0.562381695274757,2.24689063792588,-1.09909768502604,-1.65755011175442,-0.110374670807279,0.23298989620117,1.7018169604942,2.84344713379878,4.22384157187497,-31.7492082930677
"plausible_anchor",25580,2.01980952958944,-2.49827312318337,-2.8274233876572,-0.623393534969819,2.27724654800584,-1.60497595182727,-1.74121752483364,-0.0219358930885201,-0.0437822295699139,1.87421497514102,2.62231337763959,4.48941298753462,-31.0818207139286
"plausible_anchor",25600,2.05943942340556,-2.49260940231597,-2.84612598633361,-0.558362829948342,1.93129417775026,-0.90300741072548,-1.66000599261065,0.0417004689901539,0.0539021779022713,2.08863654299664,2.34153036765031,4.36917659028511,-35.298646120045
"plausible_anchor",25620,1.64352576456246,-2.57969830926678,-2.81443571825729,-0.5321321879811,2.32540756913354,-1.51428145035121,-1.64772017608765,-0.0865338841848356,0.242946716108739,1.63367346733595,2.90436362230541,4.21756209629378,-35.5138310711337
"plausible_anchor",25640,1.77728684892294,-2.48985216502209,-2.79073613604703,-0.635579601722948,2.20666991172133,-1.53491977231527,-1.76799706523645,0.0493303470404557,0.208930843689166,1.30384122774136,3.12815742437453,4.55478936348143,-32.3822065197799
"plausible_anchor",25660,1.97858680375682,-2.47778254045816,-2.89797498645774,-0.498281927018276,2.19386412356543,-1.76276586924503,-1.793348677718,-0.0273436053897226,0.0692091973578903,1.72593893972181,3.02736221201307,4.43487473154981,-30.6866291823292
"plausible_anchor",25680,1.73762527897877,-2.46533644307249,-2.82461153056361,-0.50865954440943,2.11774304920753,-1.21495359385124,-1.85347789950134,-0.0301294425248992,0.272608462797397,1.73075807467684,2.81308237584485,4.53089723010765,-30.5281465438877
"plausible_anchor",25700,2.23942204976057,-2.46913657147613,-2.82812058764845,-0.512237610957975,2.08451437370823,-1.19627952421683,-1.80798382673285,-0.143507704807826,0.545676843359522,1.8776252952085,2.52951570129826,4.60785358703384,-35.1905986631212
"plausible_anchor",25720,2.08044528526664,-2.42727814355069,-2.81947891218583,-0.537864104258461,2.0195435655755,-0.784640370232035,-1.84254019115214,-0.10456952734462,0.284817028865077,1.74659171033577,2.87856396841734,4.58616440055778,-33.6609905438014
"plausible_anchor",25740,1.91750706758851,-2.45702448327476,-2.83508497544244,-0.582280005719512,2.33216058712418,-1.01980815964949,-1.79155532743146,-0.119225178328529,0.230977720734856,1.52570064700506,3.20577107706253,4.48310360515278,-30.5811425468766
"plausible_anchor",25760,1.66258416772716,-2.47771010964384,-2.8519006884946,-0.51511482179131,2.09239507312623,-1.29170131748452,-1.69180840142608,-0.0248961609568747,-0.0570135798385621,1.75298480568252,2.96011158377793,4.87245558292943,-33.0711408331277
"plausible_anchor",25780,1.76795481108632,-2.54637419846542,-2.69208308814857,-0.698220427276726,2.27206985981782,-0.0412088033172311,-1.81733288224206,-0.0746943713360748,-0.063614196319526,1.64563191914157,2.594755640286,4.69595475702595,-39.1454697142725
"plausible_anchor",25800,1.89129568238135,-2.53035187394491,-2.69734157700857,-0.723797545463651,2.2867977412013,-0.512639959687458,-1.92510882799565,-0.0993392052410873,-0.147610764059705,1.870976926544,2.67416318020418,4.75245567055999,-38.3602251958656
"plausible_anchor",25820,1.94754434608753,-2.37502097097214,-2.94284187336854,-0.602310820527797,2.28290755525931,-1.15778598024841,-1.90468042439339,0.031712813831623,0.0116578249790014,1.76605233304326,2.94086708468204,4.69201318670036,-31.5383223833472
"plausible_anchor",25840,1.92970505683214,-2.52071135254231,-2.78897187534149,-0.625594107248092,2.30241004918806,-1.29339502445134,-1.86701821010136,-0.0953097044848621,0.0431731670243554,1.61343857302398,2.94625245978075,3.9322733331904,-32.3653816606836
"plausible_anchor",25860,1.7719342985273,-2.45925819635391,-2.83717816505849,-0.550156140563601,2.19242300610324,-1.50417319961936,-1.86276811550592,-0.132455520571314,0.426586618622121,1.53424057035259,3.22474840396181,3.79106052899439,-35.2832598678604
"plausible_anchor",25880,1.90182969452209,-2.39313314752572,-2.86732507347437,-0.587287573767587,2.27221738028007,-2.03927671789825,-1.94555626257705,0.00100810100906975,0.259591827708566,1.36365157986655,3.07799605621918,4.21195440539462,-33.3927516095794
"plausible_anchor",25900,1.82820410759374,-2.36880146611962,-2.87342082065065,-0.516171540369468,2.1441710119309,-1.96816846946141,-1.90243073875798,-0.266643205120433,0.400392910703095,1.47482050257316,3.04971657188201,3.83959035998276,-36.5296910023481
"plausible_anchor",25920,1.8729483579336,-2.4287228020126,-2.82481070121916,-0.525405873281761,2.0613763249705,-0.982844594119753,-1.99062272716642,-0.207636778778921,0.246780414654858,1.94900927378534,2.69092197975012,3.47991579789195,-39.7449401468386
"plausible_anchor",25940,2.22222695040998,-2.41965655238546,-2.83045873911388,-0.592896617622508,2.05197293350364,-1.49775079300063,-1.84180577970007,-0.072273365222383,0.14722423115226,1.74941583370974,2.63008168377586,4.16663876111829,-35.1824124227689
"plausible_anchor",25960,1.97527468642766,-2.36746672047276,-2.85990987989099,-0.617907700464853,2.30664505309048,-1.15241887151683,-1.8232715397483,-0.227298315103575,0.436519646020821,1.21583206984616,2.78746183261116,4.87922773030689,-34.7392995052335
"plausible_anchor",25980,1.93025071652789,-2.49899920348006,-2.86569966661909,-0.502431287047919,2.14303346038094,-0.824264135981596,-1.74415755456523,-0.127780830034898,0.0726261624320736,1.65808865639324,2.7126554150267,4.85457706065998,-31.2267617891011
"plausible_anchor",26000,1.78128808492849,-2.52647458448967,-2.86280080913506,-0.487138956171054,2.24902695096591,-1.39334840547072,-1.64712037076498,-0.0686441336095993,0.17177549397836,1.56726595221947,2.741571282247,5.00490876158733,-33.1833238076894
"plausible_anchor",26020,1.95854995549253,-2.37176406858691,-2.98511943597055,-0.515663751372848,2.41097222075643,-0.931720673654445,-1.69083893121395,0.119527096008193,0.367468995606933,1.34370350159739,2.71567712294397,4.90261493296802,-38.2833614336426
"plausible_anchor",26040,1.71673162190307,-2.38759538109733,-2.91685002067647,-0.541363667919536,2.24754489862663,-0.97108279412378,-1.81811435677448,0.105694601850853,0.457924973712988,1.52977968047518,3.0697096063263,4.51045892482162,-34.5555499656745
"plausible_anchor",26060,1.92729067999093,-2.40058990422217,-2.91145434086547,-0.516805314063545,2.15681913963007,-0.086405329129501,-1.84501300866377,0.011444747332182,0.488727088327365,1.6069396928685,2.68228980572005,4.71576483135153,-35.386149578729
"plausible_anchor",26080,1.80570984219426,-2.45684744654876,-2.86877253869128,-0.514162610524659,2.26334553256867,-0.890676928685344,-1.86178979904299,0.0314073444536716,0.176494967773859,1.45724795241186,2.79201642728089,4.63234063881137,-32.6278792573743
"plausible_anchor",26100,1.81998732513272,-2.50969677712666,-2.82877617181924,-0.540813016589991,2.41777178137593,-1.09965704229256,-1.61367217734408,-0.0585461588494573,0.260252990043002,1.53697899937162,2.95823638930675,5.10411978864019,-33.7458319194974
"plausible_anchor",26120,1.90968723008412,-2.4628007768136,-2.80078884618989,-0.541382323768951,2.18373346458403,-0.883076956090849,-1.70988962683304,-0.0867381512949618,0.405811107490741,1.75085396645254,2.90421074897937,4.58764376516714,-31.313938634881
"plausible_anchor",26140,1.87562524312537,-2.45539951262246,-2.7790020880251,-0.578959196581693,2.30226220938255,-2.26151494097535,-1.9150712944362,-0.11498680816186,0.379126594104992,1.7771495271024,2.99292919928353,4.32233875246344,-34.9896522468812
"plausible_anchor",26160,1.83994855961746,-2.48141659279736,-2.79032045814935,-0.597028255185217,2.31771546146842,-1.90453736915511,-1.75953628928461,-0.141556672796636,0.421607639966255,1.55564248473293,3.04629843025767,4.59222275655,-29.7623115070449
"plausible_anchor",26180,1.37994327287982,-2.37715127925866,-2.83495343830643,-0.564632589339552,2.18308248305147,-2.38845022280063,-1.66033824463122,-0.00522533209772412,0.378402345165889,1.38445575194011,2.8990723943499,4.6841789650964,-35.8011156294755
"plausible_anchor",26200,1.38931517796098,-2.49532056792051,-2.82565909152825,-0.558252549174602,2.39395071388844,-1.40627681967076,-1.77572719162548,0.113446250745418,0.423321133457778,1.55464056027161,2.86931989559845,4.4092551552373,-38.0977134460941
"plausible_anchor",26220,2.01461044656382,-2.47314485144369,-2.84014713867584,-0.590546660685794,2.08148309780596,-2.22764820120759,-1.79597558108802,0.134611814424582,-0.0417964072664608,2.08635970084686,2.15738148352313,4.87976091409201,-37.2040988844079
"plausible_anchor",26240,1.85240726153196,-2.38442516519678,-2.84535362209074,-0.626720310509783,2.18257707909352,-1.19515787495329,-1.82326645506317,-0.131252145729339,0.0779056106821354,1.74618955357521,2.34594245160051,4.54713202485552,-33.3865797975933
"plausible_anchor",26260,1.80917923121082,-2.41150136207383,-2.77223923349554,-0.663268640038804,2.26505545685015,-1.42692556580063,-1.90226341672998,-0.282851329170248,0.195374313621311,1.52734016698702,2.87043702287277,4.19731461727816,-34.742311834261
"plausible_anchor",26280,1.78902539565158,-2.41110606542771,-2.77626616925388,-0.603609063841328,2.11211214063643,-1.94315516517951,-1.87816020967765,-0.072901940964701,0.235783813017957,1.71938486856757,2.521026003818,4.45855726517121,-33.8481404424632
"plausible_anchor",26300,1.91862166538432,-2.408470147388,-2.8213231478191,-0.608549967558525,2.13676957669505,-1.47744876443917,-1.82045665619119,-0.0733714998198759,0.306894603690581,1.49208518273237,2.60493911185917,4.70231310378898,-30.9855481383487
"plausible_anchor",26320,1.47404377738782,-2.41628661204002,-2.7862338241925,-0.66445265878602,2.31481172180535,-1.52982641166427,-1.9183176109984,-0.223683503151448,0.318036125082852,1.57036984713321,3.07797020056684,4.58656974134277,-34.0308453632308
"plausible_anchor",26340,1.82406567515461,-2.37599327716136,-2.81335622037079,-0.652982138944206,2.16998837361248,-1.72664085620939,-1.86542390544987,-0.118393943598273,0.502051961986034,1.63134990282684,2.71990703311725,4.58031323171764,-32.4052724921986
"plausible_anchor",26360,1.85058508632965,-2.4596778504102,-2.72981564742261,-0.629480650803067,2.27224790725302,-2.54017226880627,-1.7405194005229,-0.218464429997309,0.354589366842758,1.64622114861295,2.82883278848914,4.54578257907722,-33.7730999931524
"plausible_anchor",26380,1.69293389231114,-2.42995396488684,-2.89599021800923,-0.505682409138223,2.31696454219586,-1.18782252758857,-1.85933244690887,-0.00326248731930318,0.354547141876236,1.38894625874337,3.21055534498797,4.07401404676181,-34.2929656268881
"plausible_anchor",26400,2.1650329229479,-2.52322068167738,-2.91474151578225,-0.512156202964612,2.16463252820243,-0.810445524764904,-1.77749443048719,0.0557784028666224,-0.18149286150217,1.75920881737729,2.92501987486574,4.61965624787785,-32.5919944544092
"plausible_anchor",26420,2.05833466338722,-2.48306003874257,-2.84431889351151,-0.594665605344576,2.14249287837484,-0.427079087710366,-1.79854200803186,-0.113892934139111,0.0567736248519106,1.67683287358575,2.61880788295301,4.55094992937258,-32.745691902121
"plausible_anchor",26440,2.08371573473055,-2.56517568965172,-2.84157254715914,-0.507086365384535,2.17982117347447,-0.71195338956694,-1.7981242167608,-0.201450653578861,-0.0270332221327058,1.78957162916576,2.70168941187829,4.56148799175702,-33.9744166377693
"plausible_anchor",26460,1.81153721238437,-2.43430254581404,-2.95625436292342,-0.474413178583766,2.25616192524363,-0.732090658155995,-1.78207386128875,-0.0974757059720538,-0.0708636596534106,1.58619459866847,2.81931506304961,5.03395240675437,-33.6226319684675
"plausible_anchor",26480,1.90693107766808,-2.52204339576245,-2.86260295487143,-0.505164513207837,2.12948074225565,-0.465400989200579,-1.79139236282155,-0.0206714740292353,-0.0177839866923457,1.5309599848441,3.00407297860232,4.53224910509723,-33.9539580630756
"plausible_anchor",26500,1.84119198297193,-2.48440345706639,-2.82983363244652,-0.555436256800637,2.24822590222555,-1.24754792474145,-1.75702925892281,-0.00399870133750097,0.13456152376426,1.75825615990537,2.74537986503249,4.99334268070396,-29.276699612232
"plausible_anchor",26520,1.91242368268427,-2.53942534692334,-2.71725449182699,-0.573502101596144,2.17876911410062,-0.67770881700339,-1.8091005411803,-0.0407135235623956,0.275954385247367,1.84576612377738,2.87972999591518,4.87850915803086,-35.0012024226767
"plausible_anchor",26540,1.80694504459598,-2.52400074306436,-2.7081191935353,-0.647534090102,2.16402745838702,-1.33793997500846,-1.74911124352551,-0.0391772634308571,0.254999406255278,1.82594556683151,2.86250136919135,4.61147106788667,-31.274073046879
"plausible_anchor",26560,1.63395438789834,-2.43761970440697,-2.83063820341857,-0.613640878330792,2.32869563520551,-1.26026095550283,-1.77616896884859,0.0672547727617753,0.321117917147156,1.59497555367519,2.90665223358673,4.88550127083799,-30.3854429711876
"plausible_anchor",26580,1.75878218576816,-2.51362141791049,-2.80048890521462,-0.58622677703177,2.27870716195156,-1.27740905370928,-1.83786079367168,-0.0114873387450153,0.280012950702424,1.77175016014099,2.55826897848998,5.09524504033083,-31.6191866709343
"plausible_anchor",26600,2.07899481617114,-2.40106108331881,-2.85866149213758,-0.567636928613789,2.166252110765,-1.56930894123674,-1.80213416370843,0.00542495682706506,0.47382848175243,1.63478482737368,2.90758814641462,4.49446227354494,-32.0372942057349
"plausible_anchor",26620,2.17525094092805,-2.43493395298265,-2.85174235872573,-0.543857655954286,2.09425285775369,-1.71231862166453,-1.92131587269715,-0.0490087632959523,0.524144209979729,1.79169585985171,2.68542967040176,4.59563532413004,-34.1616657130451
"plausible_anchor",26640,2.15449795910219,-2.49649647859046,-2.82178287110145,-0.579528346069376,2.16905261223229,-0.894493133781293,-1.97337250702272,-0.0592417165698555,0.384177327240403,1.79817170422299,2.41418517223784,4.91757944864958,-33.8094747184382
"plausible_anchor",26660,1.49294279838535,-2.40928635809028,-2.81646919476884,-0.608176095399172,2.05225389426275,-1.72384846163241,-1.74198839089247,0.0380155620093367,0.255989537630173,1.7310864759028,2.35400734140074,4.38174848069905,-33.7953539696511
"plausible_anchor",26680,1.59905686380016,-2.43198399415164,-2.85422677888073,-0.541803432038754,2.25661962791453,-1.74208303301473,-1.76326017696481,-0.0814462710903202,0.303948262765303,1.65765253501377,2.73735732532309,4.77150261846924,-29.1706083202673
"plausible_anchor",26700,1.75339692860024,-2.51845707936129,-2.77134390406142,-0.589092844856318,2.16399287806816,-1.28880294909064,-1.74602616218907,-0.193164106265028,-0.196043111801311,1.76451758866314,2.69241182116016,4.8832685684122,-34.2556797510239
"plausible_anchor",26720,1.40278131986761,-2.39404997487113,-2.75379515646936,-0.60785936441519,2.05435180665612,-1.7484562889338,-1.65119064684865,-0.155431323230133,0.512469955326171,1.65942980019735,2.60106569808228,4.99622605201073,-35.8000672656196
"plausible_anchor",26740,2.15731043182463,-2.48606600480807,-2.88431419543818,-0.534396625602635,2.1642668149416,-1.74784195618557,-1.72026550819204,0.0328166592406322,0.165037085878464,1.53898843329758,2.87210463091072,4.54317917751571,-31.0627757815251
"plausible_anchor",26760,1.98131691698051,-2.38028180566293,-2.88765613432733,-0.595328212351636,1.99259857708219,-1.71567794478763,-1.80518806913937,-0.0148914000973749,0.0078451861300685,1.76654447036641,2.67680956683116,4.45948581968126,-33.2850122755543
"plausible_anchor",26780,1.69310963889492,-2.43894945593205,-2.78049259380303,-0.672095727143455,2.32212991492106,-2.03954776112437,-1.80014425885399,-0.14987942365497,0.0515387280008436,1.54718464059427,2.64574033210573,4.70559954460915,-33.8054426307287
"plausible_anchor",26800,1.92438308946657,-2.42530721125824,-2.76913715018651,-0.618824286763851,2.33432815855686,-1.51559792115381,-1.92579560592061,-0.265430309818992,0.381278858712082,1.5817660617048,2.72908248644246,4.68136780175686,-33.0845632714192
"plausible_anchor",26820,1.96148949126558,-2.40649961864754,-2.78464584451662,-0.666378060656455,2.36436097825633,-1.17389581167753,-1.8835519377509,-0.198193743776451,0.375613544048433,1.57956538966625,2.71298877310021,4.57885200646488,-32.4634200294129
"plausible_anchor",26840,1.98030276088276,-2.42496733743599,-2.7728587768037,-0.66381328590435,2.22361130311472,-1.23152784894045,-2.00110512773149,-0.201961753462622,0.350753400922546,1.87880755722527,2.56312232992377,4.23289506455147,-36.1677929900248
"plausible_anchor",26860,1.67496295778853,-2.46519043046056,-2.80356521624176,-0.573120773570482,2.28450635130632,-1.36432415032597,-1.68197424680415,-0.174148377190717,0.305932065363852,1.66146736574009,2.96378433470627,4.1344597832036,-31.2660075409781
"plausible_anchor",26880,1.88505654484677,-2.57417324345853,-2.76969988768596,-0.593642162001969,2.33740073870312,-1.51285769494223,-1.71044523275324,-0.0694059528775677,0.190524164094413,1.40060048268102,3.04217617704485,4.45848909997457,-31.1449218150459
"plausible_anchor",26900,1.63462902144519,-2.52536226921248,-2.75228249976008,-0.631767007738147,2.26069105880732,-1.72600695305296,-1.69374535198559,0.00825861521964986,0.190613039514382,1.57073789197032,2.78040550353915,4.66484082966988,-30.5264057520148
"plausible_anchor",26920,1.78592316907092,-2.4498978688814,-2.82469014510287,-0.62327082703426,2.25222700097498,-1.05602262898283,-1.80134837785819,-0.0645362334889683,0.168164985840098,1.74902608147657,2.86652420209502,4.44428008042948,-29.2196584238899
"plausible_anchor",26940,1.5302448445892,-2.44442351676858,-2.84446175170315,-0.607011606683983,2.26751289180692,-1.36851679176782,-1.77313084239732,-0.0958492615072269,-0.00298557214823561,1.7633042615825,2.81809930564257,4.52614961292274,-30.2259679123361
"plausible_anchor",26960,2.18271482779278,-2.53871146348584,-2.78698806908096,-0.639282538243617,2.30315814272198,-1.4901375051481,-1.94737193412142,-0.049865558033814,0.079213750621995,1.75422217983365,2.84952198087147,4.9200459393247,-32.289869434029
"plausible_anchor",26980,2.15941434686961,-2.45160479879147,-2.87868382157817,-0.558116897663605,2.15168056435121,-1.05382248410971,-1.88610651180271,-0.0872194843471229,0.0472899742727041,1.53111490268298,2.70135593504438,4.98417913167007,-33.9863152229985
"plausible_anchor",27000,1.71793908471555,-2.42929961744703,-2.81319765241788,-0.600360053345436,2.17189515940306,-0.7579436517976,-1.824361557836,-0.0155484582430135,0.349492504731044,1.69614267340956,2.26472878083964,4.87552713517376,-32.6722548378435
"plausible_anchor",27020,1.65881839746647,-2.39761784938964,-2.80781265374465,-0.688463646060042,2.26319724350654,-1.15954313957877,-1.82915618209163,-0.0194564866790885,0.198687515396623,1.68157820407834,2.71375009066432,4.54835227712178,-30.9663061043172
"plausible_anchor",27040,1.9546671839907,-2.36199362386066,-2.82087237801063,-0.645330269807023,2.29738830883865,-1.17033577672279,-1.866621469593,-0.066961562221231,0.537454082540272,1.48513351722979,2.88849622901595,4.77747542909582,-31.9612435703843
"plausible_anchor",27060,1.53064730056828,-2.35732810740542,-2.84168479496268,-0.559281969422869,2.13974242826435,-1.18315043433526,-1.73116833152683,-0.180631556289304,0.390878607016185,1.72978029712284,2.83901947863739,4.6061831916313,-31.0266232141567
"plausible_anchor",27080,1.54526317046116,-2.39501759853007,-2.80572901753786,-0.630616753124429,2.21868532108898,-1.4550128330477,-1.80321509275961,-0.143691778699504,0.340576418921806,1.61296205394559,2.77144360185318,4.7291554541066,-29.7216579929367
"plausible_anchor",27100,1.78846457527797,-2.51325273193141,-2.79801081483799,-0.626180635892557,2.25789373829042,-1.0617182152099,-1.83957845627011,0.0262088641551026,0.191005327345972,1.52373433137475,2.87079425813549,4.55826388961563,-29.4752860999518
"plausible_anchor",27120,2.03217194952768,-2.38578134389247,-2.92171010792949,-0.555360531100286,2.10249737931755,-1.59959102183041,-1.72621429215817,0.0260534918948719,0.0323305155440561,1.79502575253518,3.06794078445899,4.59341479612658,-34.3882771678176
"plausible_anchor",27140,1.80494885262105,-2.48024790587847,-2.82365842183042,-0.527400729852439,2.33024597931381,-1.36850025527958,-1.76725817801152,-0.323657541681985,0.283182585506892,1.87990343056229,2.99946639499384,4.55261046439473,-35.2749386037418
"plausible_anchor",27160,1.64476082817728,-2.54683627443295,-2.81636464252494,-0.569666051406945,2.32034175695712,-0.765787735353814,-1.88948590882813,0.102618207250325,0.161501574493357,1.67801829437843,2.9992717768458,4.93861633928279,-34.247673513572
"plausible_anchor",27180,1.81014427561429,-2.57168006324612,-2.77766109868463,-0.572502106890255,2.2733244514648,-0.883360677173437,-1.85366175808668,0.165489946558538,0.111630868027581,1.83040696336554,2.79290720798158,4.85542156202325,-35.3392327096492
"plausible_anchor",27200,1.72064512155824,-2.39371212263156,-2.83938787197868,-0.602954995554453,2.22362864774751,-1.58496872445531,-1.7545140191486,0.110256704509104,0.240543259973972,1.72754417621656,2.7842642172103,4.67683146386737,-31.7077950178174
"plausible_anchor",27220,1.80068725425144,-2.44703164584265,-2.76358850359566,-0.609629252499397,2.17571387077599,-1.29194957862637,-1.74122699525633,0.00183342398130715,0.306416881723304,1.63296092279918,2.66641117946867,4.62598864627584,-31.6041127438099
"plausible_anchor",27240,2.11287597781439,-2.50775716238196,-2.80256566929913,-0.528369235105698,2.13112102365317,-1.67693938755147,-1.56847964191313,-0.066468341538973,0.0956727119340076,1.74818881574684,2.55984519552557,4.70427749079921,-36.1231344225882
"plausible_anchor",27260,1.98878235921193,-2.59053538020249,-2.81830618603085,-0.446239774084256,2.2754712904836,-1.19462206242155,-1.65218407443182,-0.232144284931189,0.0712111361205124,1.67071070643546,3.03542287963624,4.83988221939336,-38.3493497560411
"plausible_anchor",27280,2.15214631196421,-2.44685216348358,-2.90722931330117,-0.4884363502607,2.21569449338501,-1.3076704463776,-1.67966963089696,-0.0970688029994573,0.217334422864578,1.63095348227705,2.95260641481724,4.72921188671805,-31.5344037276113
"plausible_anchor",27300,2.12024922327788,-2.42783013920567,-2.95028602697384,-0.516351348378116,2.24459010451516,-1.74335074283081,-1.64343419775157,-0.0893776805224938,0.131138530728665,1.60324229365177,2.96167178579414,4.48648940560179,-32.1389261227787
"plausible_anchor",27320,1.93603129186483,-2.4606559225187,-2.82285543029894,-0.584390549561088,2.1888409073233,-1.62515956650226,-1.84446581549682,-0.0694643948210976,0.167554020476672,1.72174957713936,2.66155941900258,4.3967414638091,-29.0903049399806
"plausible_anchor",27340,1.43662861028138,-2.50940243299763,-2.85938015597263,-0.433096456517011,2.04966119431003,-1.33777911096904,-1.71204944927873,-0.0789367447056028,0.110838663584176,1.79765688339267,2.70774729487266,4.71926974786472,-35.5286388229204
"plausible_anchor",27360,1.37638627806814,-2.39665078320696,-2.82741144205835,-0.588883361825337,2.25250484412129,-1.38083346444594,-1.80352352391809,-0.0759394800968959,0.17927681159523,1.64872434396491,3.02959815674195,4.50705995676534,-30.6874932486818
"plausible_anchor",27380,1.61977211569302,-2.38172706368207,-2.9281651830987,-0.480366336582753,2.13793953122224,-2.00655172257385,-1.79790969874046,-0.0995056445170601,0.0191149455851322,1.90835750030102,2.82042282005586,4.7748386986035,-32.7695217936419
"plausible_anchor",27400,1.76680811311721,-2.51932306959348,-2.80248240270125,-0.559660737498987,2.34344157727152,-2.04005564194289,-1.80254302557898,-0.0620331288938954,0.341223231508452,1.36043549277453,2.93281465081981,4.81816736128139,-31.1492165949173
"plausible_anchor",27420,1.6800194173648,-2.48512389849174,-2.79495472964348,-0.559997690339738,2.1783035785807,-0.93743398967359,-1.83812291818693,-0.041684828812998,0.184136188104736,1.33918745886194,2.7896711083728,4.71340348571148,-33.418329013197
"plausible_anchor",27440,1.38361530953841,-2.36859813986407,-2.87559177657443,-0.541692243313569,2.23029937485613,-1.10087191782241,-1.75511061826669,-0.158340489975298,0.462415821185316,1.42816298916177,2.56643478398182,4.92863983904383,-34.6818485785455
"plausible_anchor",27460,1.29202706097385,-2.33023320969291,-2.9727503932716,-0.496409721745251,2.1246623479652,-1.36967651703185,-1.61844057870704,0.0161520093721279,0.316291689894682,1.40002780460139,2.83591780698125,4.56478698840711,-37.6168592441253
"plausible_anchor",27480,1.23438941991646,-2.44120709289891,-2.88319904441331,-0.521255397608541,2.08215284700892,-1.4642306259352,-1.68146501652455,-0.10284970717628,-0.258464962869727,1.82097222122833,2.92800421620866,4.39785489068048,-37.0259766560978
"plausible_anchor",27500,2.0287141482685,-2.46403741630316,-2.95445235430101,-0.477310200507501,2.10852715537189,-1.22882437074744,-1.75951689412584,-0.0166919435898976,0.0199366569819856,1.82933816032635,2.51906910102685,4.69521140922387,-31.4727413595731
"plausible_anchor",27520,1.95307498420128,-2.41487302016595,-2.89030295519273,-0.508296174598333,2.26950887341189,-1.27322963128939,-1.75500317367706,-0.234518470646379,0.344041364107462,1.65116243400828,2.80478567458773,4.72538417815436,-30.6057393520525
"plausible_anchor",27540,1.86848225059325,-2.33303887964007,-2.94212854768496,-0.508379551002179,1.87793940362194,-1.96126641467686,-1.80306108499177,-0.182337857383366,0.083581258277193,2.0851210313174,2.13593362936432,4.52305018322134,-36.6143456088238
"plausible_anchor",27560,1.82424228729582,-2.3668274187083,-2.87666389687329,-0.578697326014787,2.09777155397847,-0.817611478066749,-1.77809558498986,-0.0373652454262202,0.207143904429643,1.60179906904085,2.62382600254701,4.34159321142428,-32.1521576011206
"plausible_anchor",27580,1.93661428262031,-2.44305025243871,-2.88835963545978,-0.615634762645507,2.19023149990582,-1.83359368571428,-1.67944459102656,-0.00780113264710821,-0.0168413320354286,1.64965264531736,2.52846723298972,4.63483724161665,-32.933588695778
"plausible_anchor",27600,1.85969265826922,-2.3813702587731,-2.90903339530071,-0.59185039858014,2.40162308157358,-1.2872358999972,-1.73532294567291,-0.0326455128862705,0.194459204656201,1.44084013873005,2.84322441082708,4.83228982551581,-30.5603491946672
"plausible_anchor",27620,1.94504395881166,-2.4505956645847,-2.8670639231572,-0.522546145334984,2.35536126963922,-1.61599326869816,-1.85216086998459,-0.149798592700119,0.388149768372594,1.29270519362186,2.87020325646099,4.75913119599733,-32.0306430871603
"plausible_anchor",27640,1.86152090132608,-2.47025461723335,-2.84536504193122,-0.552620025922812,2.34277783794869,-1.87310732753422,-1.97635893918394,-0.240853211022653,0.268250845358304,1.51909621229627,2.76808760547333,4.8468025146405,-33.5027720292342
"plausible_anchor",27660,1.55239898334302,-2.39923861638267,-2.88100950625103,-0.506260749808665,2.30867656393561,-1.40686500306883,-2.07344950209257,-0.161366803192225,0.00309673364483803,1.78518461136747,2.66398636320808,4.79425665720287,-38.8560075887471
"plausible_anchor",27680,1.5047469761505,-2.44336329650351,-2.82417110767108,-0.601766836033848,2.50142796506492,-1.47481181709665,-1.87450254480392,-0.0493197626215953,0.168210726125541,1.57655467384042,3.15313287422383,5.12238808231185,-35.4417422178769
"plausible_anchor",27700,1.67542992714591,-2.47108362226433,-2.75484454161923,-0.608903597647052,2.38675155969339,-1.2062281670079,-1.71602107634124,-0.144592175534932,0.286952758977824,1.76608341970996,2.82231998085004,4.69589075379893,-32.8437071196272
"plausible_anchor",27720,1.92236055155588,-2.36624349216787,-2.88246118259767,-0.597278530298276,2.14533326699464,-2.11183479958047,-1.85816766939352,-0.0150808399099816,0.170653199615803,1.85021371420929,2.78296891625892,4.45888800725812,-31.8679342360786
"plausible_anchor",27740,1.95381801990475,-2.33602445111183,-2.91524376817161,-0.592626641290738,2.23370150293436,-1.81616977522676,-1.8741709726612,-0.110657616756343,0.406985144681117,1.71892040095509,2.90334596099327,4.35113173526962,-34.2568006388682
"plausible_anchor",27760,1.90528797053875,-2.39039345375102,-2.92484383634366,-0.593481283959632,2.24045467827601,-1.01010784762304,-1.84426851910285,0.137970292294114,0.028324253206057,1.88073441366756,2.96368387906179,4.81571747829985,-33.9703942051246
"plausible_anchor",27780,1.69622234402476,-2.3452736652211,-2.85020546318291,-0.604397680735832,2.13256583897424,-0.537055218228225,-1.91710128475059,-0.11323802166855,0.290331006121728,1.78805521819757,2.87953267010584,4.77730315105907,-33.9233627975399
"plausible_anchor",27800,1.56040548489948,-2.43353326050479,-2.79107835457272,-0.606836110652263,2.19131887507175,-1.09086682966457,-1.71205437777207,-0.217249563411387,0.0883534704542679,1.82043080023733,2.96486318865247,4.50301538235916,-32.5628381859819
"plausible_anchor",27820,1.6922029894093,-2.44250100917305,-2.84022789270958,-0.599730399550975,2.34959189387481,-1.41873267581277,-1.592899783149,-0.145601204721514,-0.0276905569103101,1.69908517942336,2.98276836441316,4.59399861860833,-32.2728406727512
"plausible_anchor",27840,2.03154526320615,-2.46008187532689,-2.83477799011825,-0.644219648301996,2.30896527397605,-1.3779993379612,-1.72750622756875,-0.12703892024774,0.179408010289626,1.3757072570102,2.82028085786382,4.52631419360029,-31.9365778592379
"plausible_anchor",27860,1.9837408399949,-2.45750693311638,-2.85095583364588,-0.590834546290171,2.30529846590177,-1.86401467199488,-1.67424462776924,-0.147297534643804,0.332225924816884,1.52835649881234,2.72492259026339,4.9454005110337,-31.9377657357498
"plausible_anchor",27880,2.02201309036952,-2.38833549363149,-2.78316915718072,-0.600594354998732,2.2621276682655,-1.52450796466584,-1.8586414686476,-0.296465392048756,0.461850163633152,1.31138067540121,3.07876704129875,4.75120256139644,-35.863204288372
"plausible_anchor",27900,1.85588781535669,-2.44005256643479,-2.87605221726917,-0.495694665708223,2.28956691736028,-1.41201192769821,-1.75177106492084,-0.156073738511635,0.585231261986782,1.13056214541942,3.02884754250441,4.34517285664676,-34.4386998825732
"plausible_anchor",27920,1.94299109797641,-2.55083525030124,-2.73221050681222,-0.705631154156871,2.4259745017386,-1.12825786881095,-1.69244863740753,-0.0914457233530247,0.223808966675922,1.38576957006814,2.72990636315874,4.77170575543109,-33.9808119690829
"plausible_anchor",27940,2.14181854682378,-2.55287605345349,-2.80317608795515,-0.603684167799733,2.3393448124992,-1.58446863099142,-1.57752881433542,-0.0613646127711397,0.132585087939133,1.56594276499539,2.88726032515916,4.37142939910091,-32.9790837948125
"plausible_anchor",27960,2.25804532992207,-2.59721008250944,-2.7799343527266,-0.568892547869577,2.15217630210322,-1.64678272345753,-1.81527985562489,-0.0990023289919496,0.263413709570634,1.53693370233238,2.6799386824981,4.26511992618818,-33.8715821016866
"plausible_anchor",27980,1.44852093688221,-2.4880371614246,-2.7831924468572,-0.58660059255182,2.1318181762275,-0.765288988546605,-1.78289670879833,-0.0849855342519619,0.272381183284197,1.56861691152465,2.39774640593622,4.83577349996265,-34.1318605537481
"plausible_anchor",28000,1.71349680880673,-2.47181913290835,-2.81956150966677,-0.546951088056348,2.11956399559781,-2.09800732865886,-1.71942199807717,-0.122363110170909,0.412644560336488,1.97387388528371,2.2780896800638,4.3457688844332,-35.8167704961323
"plausible_anchor",28020,2.10947401398608,-2.35388723758301,-2.95169236746556,-0.557862662144723,2.16319217238492,-1.43094715343675,-1.83974701990586,-0.0741115346735643,0.185250623914581,1.56215741775534,2.61834605997821,4.77894706600676,-33.2505977313303
"plausible_anchor",28040,1.92287340447717,-2.43481287771596,-2.7867547778356,-0.681289005326366,2.31501535589808,-1.0279181892425,-1.92525029817663,-0.13059725088895,0.0998015779857003,1.29560596712902,2.92242258625063,4.74638051733861,-34.5281964054231
"plausible_anchor",28060,1.89553874326843,-2.46362764394283,-2.86129335824914,-0.602235600552336,2.30653161904381,-1.71960625814626,-1.79886494600393,-0.130792570120291,-0.0828680587056358,1.73764162912309,2.89233235896487,4.57291545823234,-30.3904403126339
"plausible_anchor",28080,1.77435649463193,-2.56143822687851,-2.75738106351171,-0.614813388023129,2.3073203919108,-0.941065390962763,-1.73035649753955,-0.0750727900033703,-0.119032380018735,1.89438929880755,2.6917751382395,4.68547708668001,-33.203852153937
"plausible_anchor",28100,1.84491030978802,-2.42445775501511,-2.93899944686921,-0.512327938987397,2.27239036916519,-1.32911086834311,-1.60700199528038,0.0176284591524691,-0.220275592901265,1.65021528079116,2.84056884944282,4.97097238465781,-34.4666803290753
"plausible_anchor",28120,1.80543417137108,-2.51616619584609,-2.82184911790911,-0.547060561091811,2.13834143861967,-1.64024791444712,-1.6075453762626,0.0366936080561185,0.0702813918022843,1.93748223893696,2.69575253180993,4.95959742281188,-33.2832806334231
"plausible_anchor",28140,1.71524092655033,-2.52256547213854,-2.86325335043443,-0.515908351060432,2.2576515467122,-0.81976265796792,-1.69480244180176,0.0469796535002124,-0.0838391505534069,1.80008354670738,2.77046377224554,4.44792631482914,-33.6546876770998
"plausible_anchor",28160,1.90966025676669,-2.58061308232334,-2.73501520706012,-0.750960888444627,2.38581690643136,-1.00531505898429,-1.78682298805869,0.137175414221953,0.000368367941298117,1.60746897942518,3.00434734387493,4.4093315934091,-36.8080873050579
"plausible_anchor",28180,1.64570108898078,-2.48448519222824,-2.70449601466137,-0.67236937360963,2.2209264883798,-1.30975046239787,-1.81593058544673,0.0538086332798029,0.477712364655723,1.52554172187436,2.97333759434708,4.3672085521178,-34.5048015694955
"plausible_anchor",28200,1.8304956904374,-2.50088464508542,-2.72916719399597,-0.681884454278702,2.33753260559802,-0.738958546464731,-1.9778465864547,-0.104106328347396,0.135989345199839,1.54980588429036,2.98186666895302,4.09898470717534,-35.835754808927
"plausible_anchor",28220,1.95198841188569,-2.43806310704855,-2.92980162441332,-0.552935809179426,2.27846870114616,-1.02747176100032,-1.71721216037071,-0.0330782548969267,-0.0723188119916977,1.6739527491987,2.60814970162935,4.98668265019576,-31.4713397650337
"plausible_anchor",28240,1.83525664151581,-2.53424443582824,-2.75050754212662,-0.63140965443684,2.28483480785418,-0.883897514745785,-1.8432319792315,-0.115822645083458,0.123812158844747,1.81356866790227,2.54129138272254,4.85010709939567,-31.1398805504699
"plausible_anchor",28260,1.73548801051157,-2.42008624444724,-2.79940873843463,-0.602171750730959,2.14689098788816,-1.4806642170108,-1.85212725049202,-0.0573638043074353,0.274598716905413,1.76920251624788,2.49912001903795,4.56468843088567,-29.9909520426295
"plausible_anchor",28280,1.79622286812079,-2.44411948024399,-2.75784009725548,-0.714573849663656,2.25347521873741,-1.45507154864452,-1.65285421306407,-0.0223644118608206,0.213078952572766,1.69977442212785,2.64886260500937,4.51297733597977,-32.524748690909
"plausible_anchor",28300,1.96937530387528,-2.49922661995775,-2.73985791735301,-0.769342760677381,2.39394642719913,-1.29432708114418,-1.68530545191776,-0.0271522441942884,0.189497967624927,1.55926016153383,2.81647036550219,4.65704384380201,-34.438369046922
"plausible_anchor",28320,1.88669460818693,-2.43332111839151,-2.8249713760328,-0.690652820030404,2.16389425075864,-0.657151734970406,-1.69297641697169,0.117932573571311,0.0486814554409662,1.76131589503647,2.6250347910878,4.62249704421256,-34.5583824700689
"plausible_anchor",28340,2.01909254238593,-2.55321429585373,-2.73431296938259,-0.694797070717697,2.34430873893721,-0.68649667143432,-1.68605227322546,-0.126773259761973,0.171837931213451,1.41889617533215,2.92753817176826,4.28890925812094,-34.2418403869647
"plausible_anchor",28360,1.59908008305859,-2.51036115956039,-2.79474861582958,-0.645097427446,2.28926151177509,-1.32434668690198,-1.77937900639029,0.0193862182573018,0.058568027562457,1.54783355383708,2.81300457853179,4.08983218345092,-32.7622876094483
"plausible_anchor",28380,1.13466127473938,-2.35316160248549,-2.86073872429539,-0.609737520008594,2.0935838823155,-0.701071020457209,-1.84381553732819,0.0737433048115205,0.0294551522298077,1.73502414738679,2.59370125544334,4.55916802115692,-36.4737607500807
"plausible_anchor",28400,1.84699366267905,-2.35297901460222,-2.8429723835636,-0.613134278622459,1.9870521235596,-1.24805448339168,-1.81822200040831,-0.102552838953144,0.0627256850676814,1.75195703829245,2.58381770333161,4.19009573175752,-35.4403690111364
"plausible_anchor",28420,1.57863751016938,-2.48834166910666,-2.78071990284834,-0.650118464468907,2.33798941743075,-0.546985377267666,-1.71282223449254,-0.245991877824583,0.105452245869361,1.72297893571653,2.73261106505289,4.88622232200952,-35.9114388120015
"plausible_anchor",28440,1.53851332501762,-2.5341913561532,-2.7148113062871,-0.690303556304036,2.29804584032464,-0.208950915244957,-1.78873566408695,-0.0194616593599026,0.174534645166148,1.4945881341413,2.70725304981518,5.29052705246166,-38.493730796079
"plausible_anchor",28460,1.66108120191505,-2.45946556149777,-2.87493205358231,-0.566273917663237,2.23590910869287,-1.95293705426743,-1.84535166236174,0.132482187516252,0.319651412734917,1.6315803940352,2.70195202698714,4.83059932846724,-33.2360953101754
"plausible_anchor",28480,1.6904078489695,-2.45964830038274,-2.82950961718395,-0.52530962538378,2.19546533373095,-2.28686529473669,-1.84135924528366,-0.0450882481834965,0.255066547841198,1.63648537648911,2.67363937029237,4.6619570179629,-31.5820114958227
"plausible_anchor",28500,1.86247931768757,-2.44164393413916,-2.80044884224901,-0.580396487064538,2.19810394232487,-2.3449871090347,-1.91404237355125,0.0575287363935132,0.373309305293765,1.66590959698976,2.73496426666181,4.81086540422823,-33.643673692336
"plausible_anchor",28520,1.55954778540374,-2.44984295271292,-2.70392202440626,-0.683718214541179,2.18142118855042,-0.777046850209113,-1.89441020157563,-0.165045037796651,0.551621548016056,1.45093999106518,2.63585788286266,4.80410090054818,-34.1540883564455
"plausible_anchor",28540,1.69364673771313,-2.42999731001373,-2.87593331413214,-0.570219741941224,2.32129013853053,-0.901344348008984,-1.92425879372727,-0.0230131510587269,0.337033307569496,1.41926969698338,2.6198945883113,4.96476402859191,-33.222285483959
"plausible_anchor",28560,1.92000593652907,-2.55976460112341,-2.74330945196254,-0.64819406732091,2.22286950560026,-1.55342163110337,-1.90613806303969,0.0553651408795367,-0.126224982617536,1.52076857468849,3.0596795714988,4.52325594415119,-33.8480540149344
"plausible_anchor",28580,1.98221630227039,-2.63176957772536,-2.64635465089155,-0.68202295167871,2.23631591151152,-1.41292841533932,-1.80073089811209,-0.0885180049837714,-0.038572164177514,1.70976365088288,2.91231145993866,4.95763272627026,-35.8674980059929
"plausible_anchor",28600,1.77873594695297,-2.41045436159315,-2.83465605569531,-0.625551704099593,2.1897817821599,-1.30937330855097,-1.65730778401225,-0.0293748421569415,-0.193392005199154,1.72967062833395,3.00655355062564,4.77607317370786,-34.2900311656167
"plausible_anchor",28620,1.58342865621143,-2.39863811600347,-2.88816476635712,-0.615471475205475,2.39024993465472,-0.466478428337114,-1.65057883675013,-0.060505306046722,0.00631333996872643,1.54620606871449,3.11417696275317,4.75924584619418,-33.938849083637
"plausible_anchor",28640,1.61862573032856,-2.41548559061763,-2.7788531197915,-0.677693313916764,2.36878871888835,-0.790238675172949,-1.79650651942885,-0.146501483363407,0.227652376356866,1.50048330534018,3.23218942535886,4.50252107766424,-33.4968247356238
"plausible_anchor",28660,1.90473480456059,-2.36959893411359,-2.73863529354551,-0.763590808709559,2.27294342724665,-1.15979398636424,-1.82098765572278,-0.132171115950361,0.553589157925625,1.24616984284265,3.01472174117781,4.73851320019956,-35.5272665510263
"plausible_anchor",28680,1.83619581239775,-2.36435631984731,-2.75358862776663,-0.740889623780167,2.16737572210077,-0.771112129489258,-1.80437091016744,-0.144591721716584,0.625345365394941,1.25824919170173,2.95232610891416,4.63251649212022,-37.4572299913991
"plausible_anchor",28700,1.70578398740316,-2.37497672062009,-2.84286765885531,-0.658888460082507,2.19748680237765,-0.950471470014761,-1.86769731168132,0.113694522317093,0.135649934653265,1.63001190631799,2.75345263667249,4.49038296743282,-32.7834199202987
"plausible_anchor",28720,2.0133521219033,-2.40461997249608,-2.93246251511402,-0.551685091107266,2.02077305332372,-1.789003271299,-1.75255153416263,0.0706482068539971,-0.274123194497671,1.86324763417167,2.6365833655181,4.5415387069481,-34.189946106342
"plausible_anchor",28740,2.08968758088795,-2.43848217922999,-2.86670527520259,-0.566041810423603,1.9767140964473,-0.959220826522329,-1.56773557450713,-0.0862947488787985,0.134685943653425,1.96046477307108,2.40835720721021,4.59841298897306,-34.6229264286974
"plausible_anchor",28760,2.10565998387817,-2.47065607108672,-2.84451725925081,-0.580954354219373,2.13832081001465,-0.575330284811926,-1.50007529350584,-0.0430967676272297,0.173684301200425,1.90851847917872,2.48655916909056,4.79806191725359,-35.7668444151169
"plausible_anchor",28780,1.94534387260181,-2.50383211586254,-2.85053341864874,-0.538177894788669,2.16455641345321,-0.994419617390667,-1.80144519497898,-0.0963756007471388,-0.046906993517224,1.86867408232063,2.58916140019771,4.45704157599353,-30.8929096466498
"plausible_anchor",28800,1.69448518335769,-2.51731413981952,-2.84449078797878,-0.525235091958403,2.21450719426301,-1.20496944523018,-1.91508280788524,0.0864251290727506,-0.00622072310239404,1.65554184959257,3.08932700286605,4.3244008553054,-33.2520572366354
"plausible_anchor",28820,2.09089641808664,-2.3855931591069,-2.92180726259212,-0.571630857719841,2.30235260548864,-1.18312398412888,-1.86723174103889,0.150920812162578,0.273983023262742,1.41253011517236,2.96235067864513,4.48493279950365,-34.8142746450436
"plausible_anchor",28840,2.03882211723109,-2.44053065361941,-2.9166871135581,-0.558846618746841,2.38725621809026,-1.25339757831155,-1.99166014868097,0.1041002466985,0.100542167284751,1.45972576270341,3.03116311962912,4.56221558560741,-34.0101279492542
"plausible_anchor",28860,1.75432382789502,-2.44313317069244,-2.77612551038624,-0.6477942373815,2.1457356348646,-1.68293182559669,-1.98968362502841,0.0182364911176925,0.319766814881792,1.7386201147592,2.73452146011871,3.88641986173819,-34.8568637445218
"plausible_anchor",28880,1.78569478146702,-2.44572027241931,-2.82310891557581,-0.571983652869704,2.01425075084243,-1.40679096859813,-1.9812626252215,0.00915986305363281,0.176396590209766,1.70242121609103,2.56267739999314,4.6137947795813,-31.9063673710137
"plausible_anchor",28900,1.67414365002671,-2.43896568027555,-2.93101352811379,-0.443445399732578,1.93499436472026,-1.11393189535215,-1.88531234022938,0.0807702359113366,0.078540263921727,1.92263226488919,2.7473279192804,4.53872187162674,-35.6363765854796
"plausible_anchor",28920,1.97309701897004,-2.43454631804448,-2.8208635219178,-0.606368053434411,2.17940587610863,-1.02314528771374,-1.8085291691322,-0.162553610740682,0.28915220559224,1.86487243122737,2.64404671480268,4.61904740927926,-30.269998642805
"plausible_anchor",28940,1.71180829705473,-2.49457482674139,-2.75765934467681,-0.612831583962118,2.31568385822567,-1.45507867811822,-1.85037036241713,-0.149729614126952,0.405821333995725,1.67099970325937,2.79661528896006,5.01804644004672,-30.3491435990987
"plausible_anchor",28960,1.28225291657577,-2.43187739496522,-2.80576148184052,-0.585242616620436,2.20739401540937,-1.34507946821853,-1.83637877741475,-0.138112167989807,0.146250697953545,1.64770933561078,2.98691997584832,4.61585365795932,-31.6326301003965
"plausible_anchor",28980,1.35534768567244,-2.40894338227055,-2.74123166979391,-0.65598899127723,2.09780194540111,-0.874518605064747,-1.74816614723043,-0.0826273394159125,0.474110306256188,1.68846078279404,2.43066381552694,4.86243555250561,-34.460430256084
"plausible_anchor",29000,2.25607018226958,-2.50347227520075,-2.94029457238669,-0.578115487973026,2.42387943049429,-1.57056744519216,-1.7580763426374,0.167086154035349,-0.150923831991722,1.62329406067332,3.14963604923791,4.72951125588748,-35.9652590225499
"plausible_anchor",29020,2.14581129474899,-2.57732546750835,-2.8415261847154,-0.539054320303788,2.28670599669471,-1.13928598246924,-1.78075105866922,-0.0502342056277711,0.112393668850637,1.72158253949724,3.0199254942609,4.60773880590715,-31.8642196292182
"plausible_anchor",29040,2.27240358817138,-2.5334474613089,-2.79689883732129,-0.593173435751836,2.24579532727932,-1.45367905731971,-1.59666040764801,0.016306461255375,0.0862543350843798,1.75286083839899,2.80622616809137,4.53514248685028,-34.3643018925392
"plausible_anchor",29060,2.28342170935327,-2.55949251090494,-2.79422306481055,-0.628504011091486,2.38051197572372,-1.56824399675945,-1.71140966650394,0.0733327807476071,0.250970685182421,1.54451104620116,2.70631696658717,4.68229517835046,-34.6353503004362
"plausible_anchor",29080,1.9889130671098,-2.57887182578225,-2.7498257372753,-0.54782918256206,2.15316650874236,-1.33767749371578,-1.9122700522023,-0.0967857907415705,0.152151742952241,1.59099718855688,2.95466155432274,4.62064985681383,-32.3238544923043
"plausible_anchor",29100,1.91848201951262,-2.56522844757436,-2.83197539346048,-0.529925357582344,2.12873120183721,-1.11798833761082,-1.76197816616835,0.0392968515662802,-0.267981251831741,1.80253148063182,2.79352652269769,4.61755423278188,-32.1937325305151
"plausible_anchor",29120,1.94569383564822,-2.48840592924806,-2.8828138281476,-0.528745870776915,2.08728005382559,-1.42895894047619,-1.76291397045608,-0.0362657695407193,-0.179588847849533,1.67235815478469,2.8776639736185,4.48833611176234,-31.8036647445197
"plausible_anchor",29140,1.59864932799923,-2.40103029174178,-2.89899168572535,-0.556740545093384,2.02366366501562,-1.18272573772173,-1.81686270852837,-0.019501055286748,-0.252119192030606,1.75392367080787,2.67389302393435,4.77614417092666,-33.7213728360041
"plausible_anchor",29160,1.58653998024917,-2.36414778529238,-2.94356127770667,-0.52587093068661,2.09272600699565,-1.63740884260612,-1.78404095057564,0.0350056269254396,-0.0206415043401585,1.80679159041368,2.56339049942106,4.37895200575336,-32.0140252948165
"plausible_anchor",29180,2.091786421935,-2.38804700428955,-2.86691942950521,-0.539110408055753,2.23459202740052,-0.627181463185923,-1.82070247376521,-0.0701584661030745,0.437884467070171,1.48433490162412,3.02521653813902,4.76140028600413,-33.629443880586
"plausible_anchor",29200,1.86455686659624,-2.38807365861466,-2.78441699486892,-0.597267624574966,2.15193703106527,-0.749902517574034,-1.70368212506642,-0.154468154312679,0.388330826347103,1.56955519188434,2.9512198675244,4.82427317207753,-33.1601121293565
"plausible_anchor",29220,1.66961793028349,-2.41997534516201,-2.80887365171536,-0.521440772625425,2.10315349843477,-1.32763219003185,-1.77382965168627,-0.198271320052644,0.281156380208311,1.63674835824932,2.8450576080017,4.86634362992287,-31.7930653030114
"plausible_anchor",29240,2.04944172234607,-2.48240771893854,-2.84276291940516,-0.553924289157474,2.25542764626602,-1.48538515192523,-1.77041607949462,-0.238687711258826,0.12801050323397,1.64231378972257,2.86236287638477,4.72705486542452,-30.477373563822
"plausible_anchor",29260,1.95147012806025,-2.42511039630688,-2.91876333054152,-0.514942962707933,2.19715806492719,-1.95584198414403,-1.66688390102261,-0.0751125205230471,-0.0978364187238233,1.65714290456615,2.87483093199503,4.73119317851633,-32.0563212180137
"plausible_anchor",29280,2.10116520982406,-2.49775054544177,-2.76161777501893,-0.615171360467437,2.23129159577398,-1.05128825048931,-1.92282468776035,-0.200239454564979,0.25548418752102,1.61021896930774,2.70914102117433,4.65677529359703,-31.4614929947965
"plausible_anchor",29300,1.56484378012937,-2.4315692862073,-2.88103297889509,-0.567801036067973,2.4311578617325,-1.32347660800034,-1.67580155283934,-0.0685982834930391,0.333239413529347,1.61594782685152,2.82141731408371,4.75769679726344,-32.8610720057322
"plausible_anchor",29320,1.60493831759441,-2.38715237233073,-2.95921497448064,-0.500388439877429,2.18992496426483,-1.56449184252734,-1.91445784735719,-0.1208723335269,-0.138293626035838,1.87451773863742,2.65663872230802,4.31585495778747,-34.2110386309671
"plausible_anchor",29340,1.2048932994737,-2.48826724562602,-2.89525797262469,-0.530596987137087,2.27274097818193,-1.30234047544194,-1.89331945010162,-0.0434028619876612,-0.197253963569599,1.68469420911783,2.76748726044442,4.85912960158491,-35.9102145691834
"plausible_anchor",29360,0.864252259738341,-2.4376034320858,-2.84033584088622,-0.599639996249467,2.22755182004519,-1.97264590139104,-1.80536261361464,-0.0550191154344231,-0.156718266759749,1.71551814280142,2.66724717703504,4.56073913596266,-38.2170178823531
"plausible_anchor",29380,0.92511942722169,-2.45689019147829,-2.84311110845727,-0.604568524067553,2.25447461187493,-2.28285202184395,-1.84988017478661,0.0194024286929379,-0.328304564203823,1.73639526679273,2.84943929712586,4.55024590346763,-39.1685057758269
"plausible_anchor",29400,1.25959429811087,-2.48617870568802,-2.80714304803745,-0.619527475191551,2.22640782420921,-1.84667287763027,-1.7801828026755,-0.154003800782255,0.0926249612327014,1.7994946277941,2.64672865921723,4.16432760719703,-37.4030147809732
"plausible_anchor",29420,1.77974134561424,-2.49737205723347,-2.75562223790374,-0.59397641147342,2.06556741870724,-1.54903014644695,-1.84529253525722,-0.0763308486062284,0.712035101869135,1.36068661285903,2.84654877912725,4.26669621930773,-35.5120429861731
"plausible_anchor",29440,1.93912496863462,-2.4555150613547,-2.8063910976944,-0.587763156294305,1.93128332821947,-1.36683275990971,-1.80558477300493,-0.13772169003841,0.4621393968595,1.66591731202937,2.47767488552139,4.04073414580818,-35.5330249700453
"plausible_anchor",29460,1.84090022363843,-2.42486137786906,-2.82226277237345,-0.578653427548898,2.08027550139425,-1.18013226730578,-1.83863004302362,-0.119998487214076,0.288761691944073,2.01839230318791,2.51676511558062,4.7795297127676,-31.4943751832744
"plausible_anchor",29480,1.72031080300236,-2.5113211264256,-2.83439002922811,-0.529627285600596,2.19945692158055,-1.72238367633375,-1.79202276594108,-0.067329464035204,0.00653319096708923,1.92053772475132,2.6749777418737,4.79061966430497,-30.6393472319672
"plausible_anchor",29500,1.64898377061303,-2.47704425720914,-2.86151331494674,-0.52080022489249,2.20097638842836,-1.47801828095954,-1.8979560445584,-0.00767797178601373,0.0615295883897371,1.71394548026267,2.70751467061671,4.82504568472884,-29.9701704479378
"plausible_anchor",29520,1.58100798308724,-2.45244724615075,-2.84222569726147,-0.558779327737595,2.19286209674997,-1.396913734261,-1.78859710725375,-0.0478133111550396,0.077832805615555,1.69756182729653,2.67774757253393,4.50100278976337,-29.3684411312446
"plausible_anchor",29540,1.78703104683027,-2.44036895155445,-2.91258248788841,-0.521112395239699,2.1936129805877,-1.64523310598598,-1.75913306513023,-0.0716377227453334,0.0156450405074236,1.74130951252512,2.70160878578365,4.50238816904426,-29.4734732813785
"plausible_anchor",29560,1.67627329645836,-2.435583371686,-2.87906593947717,-0.558943416962153,1.99880016615166,-2.05669975976101,-1.81228404913256,-0.045247109343073,-0.0955135955077246,1.83605654683932,2.61571586610215,4.20449975561291,-33.0910761036608
"plausible_anchor",29580,1.68028277534268,-2.48292043907939,-2.82922784057137,-0.539095145634046,2.01015582690211,-2.2337131167386,-1.84982664983263,-0.11024626512781,0.0674824961764791,1.86074021279604,2.3804111192836,4.55296427309277,-32.7374748214562
"plausible_anchor",29600,1.96378804824529,-2.48408698402583,-2.90017397338396,-0.558517069875978,2.19829986851364,-1.29215091151805,-1.82789458780616,0.0535082525762624,0.0170381444989237,1.66021406585298,2.76443626840957,4.66067273513257,-29.7048061302712
"plausible_anchor",29620,1.93671683143579,-2.4944788978825,-2.85498528537077,-0.593847068211332,2.30324254215598,-1.28326997747787,-1.9338055574942,0.134770662363868,-0.213875973300769,1.68652212406966,2.8311153030564,4.7048698834533,-32.7751836313242
"plausible_anchor",29640,1.98188259664043,-2.34886241827869,-2.86880193139211,-0.583326975299537,2.24429186933323,-1.64804137540949,-1.89291353572745,-0.138627742733056,0.340980476286476,1.57990449717145,2.91554590901012,4.74424192957203,-31.0883829306511
"plausible_anchor",29660,1.65888604562781,-2.41936371056036,-2.89861098690833,-0.510891949965485,2.27026577632068,-1.90541793135349,-1.76021664279971,0.00874560137729102,0.165483530997013,1.65900693109433,2.76881553848449,4.76272748798985,-30.4909240979628
"plausible_anchor",29680,1.93064923489259,-2.57425419968799,-2.82557328307681,-0.619547471700251,2.3043289702955,-1.29947348083101,-1.68064605054032,0.138225101902475,-0.164658145839437,1.52836626164193,2.89636806460498,4.60965249086221,-32.8680515363491
"plausible_anchor",29700,1.79165384665589,-2.45907284575859,-2.8662226036589,-0.505411575972942,2.05237273071951,-2.40096204382971,-1.64983430690453,0.0522606335681982,0.0726824637959925,1.6542266698798,2.84875466818507,4.79978930629259,-35.2146094487064
"plausible_anchor",29720,1.07473212456619,-2.4834616855561,-2.74574329851932,-0.585663757691743,2.11950506381591,-1.90152959935765,-1.68428044314535,-0.0801773391356269,0.095073768364928,1.55077613614329,3.00367983190218,4.26700728444201,-38.642074491564
"plausible_anchor",29740,1.74216114330756,-2.55749087492176,-2.73378283118193,-0.609245539086796,2.2151163889595,-1.68790893693353,-1.89331731815306,0.0816325252581663,0.337219168544996,1.77511628766368,2.850490409449,4.94428572059575,-34.1135934480695
"plausible_anchor",29760,2.05448925571827,-2.4069606417254,-2.88819507572687,-0.535660278511094,2.17500376825768,-1.6071792627211,-1.91902363555644,-0.103834925463324,0.415207144726479,1.54467705698374,2.9761432709003,4.85646750502468,-32.9816576269838
"plausible_anchor",29780,2.17954492877371,-2.48364531267677,-2.8525140154109,-0.55155622387851,2.08520175790629,-0.61959727122036,-1.86495240906624,0.0344766492515068,0.141722367753812,1.62518944370371,2.67312292018367,4.57715325840542,-32.769650364279
"plausible_anchor",29800,2.02102514865856,-2.56076268871115,-2.71541382397408,-0.60069622465225,2.02996275144921,-0.800477633230063,-1.82599428596751,-0.12379213741355,0.43263643625224,1.63716684368009,2.45362683177727,4.6708158448622,-33.1572677743542
"plausible_anchor",29820,1.90559288870538,-2.50822192610851,-2.85353096617692,-0.528098366421376,2.1249057678511,-1.80973073181553,-1.72172129334588,-0.0811020602335786,0.131257041766552,1.81057498740261,2.99136658412408,4.21542356801537,-32.584413085322
"plausible_anchor",29840,1.64352624516379,-2.48678170160253,-2.76850571424046,-0.580797488952417,2.22579986784952,-1.05490925992893,-1.70339638476369,-0.242969335317585,0.496542709929623,1.37413221467044,2.93830752969754,4.48036927967863,-31.9980519087396
"plausible_anchor",29860,1.70074572060619,-2.49101563182627,-2.75684354325692,-0.577294186636508,2.19794437224326,-0.847874337590332,-1.77280967576847,-0.245281549398515,0.505872381297934,1.42431813006886,2.77633168981159,4.63803259164852,-31.8844704214879
"plausible_anchor",29880,2.1900209456993,-2.55553762436706,-2.78327648188806,-0.618371664972733,2.278946475784,-1.37847534772892,-1.81477021483395,-0.0665668297105845,0.415579033386373,1.64491134761362,2.46554294989651,4.50241439677137,-33.768291937205
"plausible_anchor",29900,2.14369486242471,-2.38277044554492,-2.88799599537705,-0.563326352983085,2.31627567311923,-1.27090317973238,-1.87290964841974,-0.196653702625285,0.265431751613315,1.68516361684915,2.79394973265639,4.9002426171931,-32.2034579883189
"plausible_anchor",29920,2.1387955728874,-2.38097668052867,-2.92600541627831,-0.591957570579049,2.3097565354966,-0.669636692345741,-1.94409932895247,-0.0308407721035929,0.0641679875427793,1.68529827970184,2.87801283179015,4.61211611342768,-33.3103588788627
"plausible_anchor",29940,1.5969016853225,-2.38538263977017,-2.88094016540869,-0.566486801068656,2.18156879901247,-1.22392208958902,-1.87082562021827,-0.024810487554933,0.24548562950072,1.75749310966727,2.81973799429072,4.78722765723783,-29.9607339731766
"plausible_anchor",29960,2.13533060246965,-2.44637860233531,-2.77546889574289,-0.693895908440031,2.1924895017614,-1.74831772034449,-1.7327170377537,-0.142592456451024,0.415392044407865,1.56475539498643,2.94327992100617,4.36960304074582,-34.2955877545012
"plausible_anchor",29980,2.07661461533189,-2.45396902417048,-2.7673554849021,-0.661071334717006,2.27970565444539,-1.04973998902962,-1.85110911240334,-0.183949041302922,0.0915385417568787,1.7689541164425,2.73288999729377,4.40350467644727,-33.6777192588349
"plausible_anchor",30000,1.85740636881072,-2.4404887200783,-2.86302535039865,-0.675924022403002,2.32725149131484,-1.61466459749379,-2.04127597813086,0.127267174210794,-0.247542427961294,1.57736246651232,2.86727583997786,4.60744007796089,-35.8088252369486
