"chain","iteration","theta1","theta2","theta3","theta4","theta5","theta6","theta7","theta8","theta9","theta10","theta11","theta12","logpost"
"npe_median",5020,1.37305738373337,-2.41362195816393,-3.06274336067799,-0.780176809068603,1.91237977192817,-1.33331042697262,-1.60995317807783,-0.0206135870447085,0.255211859012933,1.6871843490396,2.68756494539389,4.51102833645905,-36.5661660631057
"npe_median",5040,1.49732734302087,-2.50696797962662,-2.90570844330794,-0.84170608825849,1.91108173802836,-0.865929432239872,-1.74153925572902,-0.0585812291719666,0.372438967849033,1.62354428314155,2.53980912329718,4.99336068901075,-31.890768136067
"npe_median",5060,1.88676999182228,-2.54079434043903,-2.89042271702609,-0.85609692743803,2.01252900815037,-0.749211433910338,-1.69801409394061,-0.143654203488708,0.47206096801919,1.55693788072985,2.74465862430939,4.58783217650123,-31.771219208257
"npe_median",5080,2.07003866279518,-2.58870893055222,-2.91970986615963,-0.858209603535144,1.82712166778933,-0.522883970187097,-1.73621602681696,0.0763792396109639,0.144758317011935,1.7075973346011,2.58417708278551,4.54002535218308,-35.5284498670616
"npe_median",5100,2.01531629205208,-2.67108691089179,-2.82327885822909,-0.857363108350887,1.86476577180755,-1.33381749373119,-1.80324501739518,-0.175554676182599,0.124155856264694,1.79788009365307,2.68348603149863,4.59581976051496,-34.7611558205359
"npe_median",5120,1.8807791903293,-2.57805614785867,-2.90610662253811,-0.880002863221927,1.90866795135208,-1.1907313892654,-1.9174061748743,-0.00471242043132718,0.0708227813328973,1.92383223717255,2.6394339353251,4.6798962142056,-37.1053873762163
"npe_median",5140,1.89323933681688,-2.57070036724467,-2.91326714168486,-0.813095267928629,1.86329191279268,-1.35076855386379,-1.67763617211472,0.0186248414637805,0.401021225093964,1.73563586870272,2.67722601553327,4.42069049785179,-32.8878453042976
"npe_median",5160,1.66962871645294,-2.61331290512841,-2.95484546208189,-0.7760897808205,2.06657197275274,-0.837071256835453,-1.79026028955816,0.041999806263284,0.150979688280478,1.66118384625138,3.02451540216176,4.52218691374662,-34.9219496752632
"npe_median",5180,1.71472522376144,-2.48857285633175,-3.01026896323664,-0.768433231491142,1.96526085977805,-0.483835356350304,-1.55352697392676,-0.036992038579993,-0.0424133518020592,1.73622921468953,2.75338100902242,4.47137199194973,-35.4900261135568
"npe_median",5200,1.5589987304341,-2.55779931533323,-2.92503386070602,-0.794739459297783,1.95902657083176,-1.53356661887816,-1.55966704272949,-0.0397389897260222,0.248101035101945,1.68155748711612,2.5128258983693,4.75693251963801,-33.0223294386929
"npe_median",5220,1.6959920137003,-2.56987962575967,-2.94232871867569,-0.82223572800294,2.01478089839759,-0.894021153314518,-1.70381950841684,0.0943191716929271,-0.0759365101912205,1.76469665267081,2.57331406712499,4.8670059513634,-33.1378713896355
"npe_median",5240,1.54334152551664,-2.57621968643773,-2.91783602029299,-0.77680559695095,1.83356937731812,-0.864730333141812,-1.79890602302967,0.074410813898723,-0.0266086373971435,1.91836805642505,2.33920677733125,5.00105416644877,-34.8431713276273
"npe_median",5260,1.20657440836231,-2.4775517514622,-2.93433054972416,-0.726321728467642,1.45123538220413,-1.11760426546696,-1.88225074163445,-0.16802308461483,0.382282325598612,1.76972226256563,2.4307371090767,4.40904775399217,-38.4150914649601
"npe_median",5280,1.64614438474006,-2.39742242616412,-3.12992578753871,-0.728932791498694,1.52482338703485,-1.28761953606762,-1.66729658670783,0.123621807842873,0.0711137789230639,1.96688494328319,2.27314434803854,4.64301538270816,-38.1085591674608
"npe_median",5300,1.45992476058699,-2.37655877690392,-3.03955643533219,-0.801540008215995,1.871102278493,-1.38068785956225,-1.82649827485603,-0.129342179979892,0.257659912427928,1.94161905825721,2.44610740127293,4.30799505384429,-36.5081286895847
"npe_median",5320,1.20015234484966,-2.43225042423704,-2.93167097317222,-0.836234870024384,1.86392577308518,-1.11279982888647,-1.84143691757227,-0.226889312085504,0.23556400446421,1.6641986400341,2.67865880870025,4.54509976352662,-35.6143119999535
"npe_median",5340,1.69483171116391,-2.45996169187963,-3.01666164901335,-0.832900807934197,2.01583943629009,-0.907267530460715,-1.83875447934094,-0.0719161288770998,-0.147553225846293,1.76338513807935,2.40225990398736,4.58060712518247,-34.8083755743428
"npe_median",5360,2.10537755068334,-2.52503614200041,-2.93123804567597,-0.874100692381437,1.68018721296123,-1.40756120942824,-1.84074892881979,-0.107476720204586,0.136185339027406,1.91331413078256,1.84773574315077,4.8009576834708,-39.1782768247082
"npe_median",5380,1.70924416048433,-2.53799428000626,-2.9529105970778,-0.838399117801937,2.14423558289947,-1.19368829119789,-1.73084217277291,0.0218649109138754,0.101587772567858,1.74027837030263,2.63333250859231,4.43237780761954,-34.0461743453116
"npe_median",5400,1.41094085949452,-2.44035693473487,-3.02572467662762,-0.813252855026128,1.98325853139224,-0.880551703312796,-1.87643539909109,0.014585582012035,-0.032915648223803,1.80458322845666,2.6898465063497,4.86267933209412,-33.3769565785683
"npe_median",5420,1.79690513369132,-2.47873482428712,-2.96696905462289,-0.829861404706588,1.93420647986111,-0.817882021325658,-1.6698999993953,-0.161030567314848,0.0463227701186009,1.92007205431588,2.66014933141781,4.81536944299673,-34.6651193443084
"npe_median",5440,1.83451663112916,-2.53152219205502,-2.93277887194662,-0.838894987180442,1.84339543003719,-0.149089617352628,-1.70478647128056,0.0217679380682814,0.281722963110247,1.74823980604596,2.79249079411358,4.31664127505883,-36.8725287335196
"npe_median",5460,1.77130061038279,-2.49826012071551,-2.95954694888954,-0.833937961090884,1.97010996770274,-0.832800582148363,-1.75906234767265,-0.087534675829383,-0.0309558371697499,1.84908885362221,2.60925558017655,4.84073590766695,-31.9559088603182
"npe_median",5480,1.68293341016456,-2.5119874030466,-2.96335817103098,-0.82124453411998,2.09533218950959,-1.48647303121335,-1.72306443948008,-0.0407070823213462,0.00623178674401781,1.8264608738385,2.91032697759016,4.82155577204316,-32.9446016661951
"npe_median",5500,1.81483635749218,-2.55571285430694,-2.93418871709693,-0.846495834999177,2.00185015781614,-2.21043153747263,-1.76698480505093,0.0473527145801855,0.228392340151915,1.88679785610505,2.39976886309726,4.68344275532165,-35.1917530838324
"npe_median",5520,1.64100021784873,-2.6313293966781,-2.89766171638975,-0.75667164903516,1.68862603064425,-1.94858956994922,-1.78150535639417,-0.0193869843429478,0.165804375109582,1.87366747667653,1.9506119574743,4.71165753316197,-35.5096159886123
"npe_median",5540,1.80938159529686,-2.65724567474845,-2.8449074666201,-0.84440513767975,2.07240984467676,-1.58984861483259,-1.780832301006,-0.095376056850174,0.287560251949487,1.81957581095769,2.2994388609843,5.2145428951817,-36.6158081007639
"npe_median",5560,1.33760854838871,-2.35605520907797,-2.99144404039606,-0.808595319719903,1.80070016028391,-1.77100589675325,-1.65616683462659,-0.20652471185742,0.281458033392943,1.87521166840289,2.28363271176722,4.60548258504759,-36.1837760513931
"npe_median",5580,1.41429366844601,-2.47645281242135,-2.9745907939149,-0.813558103674639,1.94871699875482,-2.05729475476452,-1.88477170556507,-0.0514781730700243,0.0106734068784356,1.71124103936499,2.74205976221997,4.7392133287389,-33.6054714949552
"npe_median",5600,1.75735510421025,-2.51066240673547,-2.98710392027613,-0.813702823909188,1.86766324980102,-1.44519885135211,-1.76547023327997,-0.0217777926737213,-0.110861709140568,1.72217757410794,2.74108129146969,4.96111394821026,-34.7316204570679
"npe_median",5620,2.06680163740572,-2.53349051397851,-2.94543749646744,-0.822213860948272,1.86358617180774,-1.95468128775611,-1.78156204866782,0.045088590384166,0.203451723895823,1.71251237968932,2.74302815061915,4.58298524377544,-34.3361365700162
"npe_median",5640,1.9731604518574,-2.49392407817785,-3.00874163046668,-0.846930102865946,2.07412757485401,-1.79142561841266,-1.84084195911165,-0.00121325507051906,0.000593922295893917,1.69081762832872,2.76396854545222,4.49844736257691,-33.6623365189684
"npe_median",5660,1.79115917398755,-2.5404609638861,-2.94626892151075,-0.803864877373499,1.95824520205342,-1.34631587142092,-1.9045341660819,-0.00611173473290582,0.273565395520998,1.64148445565922,2.53926205253235,4.53658967327154,-31.2515275703331
"npe_median",5680,1.62577171703732,-2.46883729446422,-3.00872612647721,-0.769481818753688,2.0883806722274,-1.72389085026757,-1.89430185496259,-0.0988644991214487,0.13827670114836,1.46121268967152,2.80308452222205,4.74340103468601,-32.9863619764455
"npe_median",5700,1.72573783115945,-2.42449116308253,-3.05022041694603,-0.713636731341341,1.859885617822,-2.53338804725684,-1.90488465042173,-0.0486648193854618,0.158059932122015,1.82675448079335,2.46007093278984,4.88852846962862,-36.3130596305862
"npe_median",5720,1.82106905884276,-2.45812402482536,-2.99306283581935,-0.72104259612404,1.72923509895966,-2.2514509560225,-1.80669805110574,-0.163684006402235,0.305463509362514,1.83175765996929,2.07673379955353,4.95105356112375,-35.3731863652076
"npe_median",5740,1.6919358979422,-2.41718415582996,-2.97001722876431,-0.821977387251865,1.9098599246826,-1.7558916201672,-1.78560331386291,-0.131828193252758,0.378776802531262,1.72798423941513,1.95471328779657,5.01137001117694,-35.8865678513783
"npe_median",5760,1.55319969434309,-2.37395502440972,-3.03418003579493,-0.770731877208707,1.83820006747694,-2.26150182940237,-1.81387904297239,0.00728837717693539,0.48530302541067,1.8491586047704,1.8809609394594,4.85247888307765,-39.8574373821239
"npe_median",5780,1.45160222157836,-2.38737418833721,-2.92803055558859,-0.807103526244926,1.67114667322052,-1.349380568579,-1.76320671682139,-0.168609322138989,0.790134854554328,1.8472346851913,1.80935316556022,4.69878443682149,-40.8805993517947
"npe_median",5800,1.42096709990207,-2.44957055816595,-2.8865897967492,-0.882755630236621,1.95052281020313,-0.771980808127221,-1.90425372188292,-0.212030216844257,0.438377946866276,1.65473043882802,2.60964249199604,4.99197852561191,-35.1425568673389
"npe_median",5820,1.60302134652142,-2.47499620781091,-2.97164530859683,-0.805752142799999,2.17236744357556,-0.610588514448226,-1.83864708147745,-0.0353360047944577,0.121942419930632,1.7884971314443,2.84191035658485,4.9063428108335,-35.0730321811574
"npe_median",5840,1.64790334373261,-2.48802112200453,-2.9246762371878,-0.783757345718808,1.77399369878742,-0.655133432510315,-1.78915629382125,-0.233689587044299,0.225557312852903,1.9491508077369,2.54228792932425,4.50975586443574,-32.9841311614805
"npe_median",5860,1.66500037395266,-2.50014393894246,-2.92023405873883,-0.772513418115432,1.68502798432187,-0.882719668788562,-1.81102083452759,-0.17351040655418,0.302979958764059,1.81402870440105,2.19638482021401,4.84030254781148,-31.4917537813515
"npe_median",5880,1.92540982407814,-2.48710024951391,-2.9112614449653,-0.798403389211119,1.7971373262801,-0.471606633272421,-1.8230990769547,-0.16927201023846,0.36889001501346,1.84966576490915,2.50492518029479,4.67499124888395,-33.5536714755497
"npe_median",5900,2.20816967043311,-2.49138091136318,-2.91982712156629,-0.820277893703164,1.72695233394103,-1.98477927915998,-1.95171793385692,-0.0745614792524085,0.412483407690521,1.99618568226682,1.92649884392818,5.00153243137141,-41.9271562329337
"npe_median",5920,1.74142231428301,-2.46864657794941,-2.88671359514539,-0.853589351172494,1.81515981377056,-1.95567818121436,-1.72191775589017,-0.24987314712153,0.4921413395826,1.70241598336585,2.3889666225117,4.740632626367,-33.8825974798672
"npe_median",5940,1.86391087549461,-2.49014235062643,-3.00409126998062,-0.780505215052579,1.91046684894424,-0.978159563434581,-1.75793573884071,-0.124432947584317,0.243046658674705,1.63657707887697,2.46456021218666,4.60215231599447,-31.3734076472174
"npe_median",5960,1.87524326049128,-2.62264323531767,-2.89766576213453,-0.821095311821952,2.04672002577833,-1.39839345666915,-1.8675820878632,-0.112354398244945,0.35673829442111,1.61193429090428,2.666391490437,4.52611352491438,-32.0378266483516
"npe_median",5980,1.76966956352866,-2.60667338527437,-2.8094952174653,-0.840739557534249,1.8711264596008,-1.51587699615033,-1.85831302658163,-0.249658965179423,0.58488733021969,1.62168235330159,2.44942593118886,4.515818778689,-35.7174851888223
"npe_median",6000,1.84809011480213,-2.53216142943757,-2.94096335818558,-0.790965037003368,1.95528929435532,-1.38872748423936,-1.79558521162539,-0.0175509651997971,0.405282250005509,1.53870543556285,2.82794689291174,4.87128076930191,-31.5566390087861
"npe_median",6020,2.02099587246786,-2.52447652607058,-2.9201833979241,-0.836650294840767,1.9240465955045,-0.958643868028968,-1.68278039960042,-0.130886839571772,0.553453385842701,1.44515794531092,2.61885156827079,4.7868529957803,-33.3727001892341
"npe_median",6040,1.78139959086996,-2.52454692870889,-2.92686956749556,-0.798524162462566,1.87187977945611,-0.34303023941641,-1.83593038066761,-0.1787808672444,0.559939672779537,1.5983257052849,2.51504431743108,4.75943876619887,-33.3240170225213
"npe_median",6060,1.49392684869499,-2.39526972037181,-3.0569864534475,-0.781160870149936,2.07304494960706,-1.20444045732,-1.82736497069379,-0.142858159314044,0.344031250431262,1.65008707091151,2.6484196398129,4.6543963828321,-33.9900848849473
"npe_median",6080,1.70768678548148,-2.51821562979614,-3.01505638669425,-0.704656640490982,1.53531936748687,-1.08019383993488,-1.51371364511083,-0.144186326361836,0.21650466053176,1.90682849603459,2.18534770568701,4.44088294295487,-37.4598808442069
"npe_median",6100,1.5001618727554,-2.43623500075355,-3.16135243746667,-0.710513068147707,1.77353336723828,-0.751574677908768,-1.5604294431074,-0.0837045299592122,-0.488955699119151,1.93519700512146,2.37656091709545,4.64907531670747,-40.1300692644109
"npe_median",6120,1.58222875597737,-2.45472901108433,-3.12004020035553,-0.743083428977847,1.72412024546054,-0.991477727613103,-1.79796093805929,0.0727238899944301,-0.46981670591728,1.96353476718211,2.63821623910253,4.40780316662298,-36.888879098461
"npe_median",6140,1.8019877957786,-2.40421403626943,-3.09869354531736,-0.737423295468038,1.49840062999288,-0.931909405413675,-1.80209218662457,0.0330902241468133,-0.111345457477843,1.86792945494093,2.13610739849495,4.54424928959392,-37.3693880412182
"npe_median",6160,1.93916200525258,-2.55541549169222,-2.99418029231707,-0.775766054082548,1.82889748616685,-1.22758282799777,-1.80966172407702,-0.00390903300607399,0.16308733430166,1.83777098309731,2.29226409302974,4.38127777466234,-32.7704493316207
"npe_median",6180,1.67730267291545,-2.51535945183021,-3.00325305670677,-0.793238933548457,2.11447030060445,-2.02601676924971,-1.91397476249174,-0.088592646187585,0.0751267170804942,1.58635275434599,2.44899157057205,4.8715731052316,-35.7790263596407
"npe_median",6200,1.6663091944309,-2.50131124353198,-3.00286692424217,-0.770457398909709,2.00448657229152,-1.45503972130031,-1.85369490401131,-0.0358813449249398,0.143963419911607,1.62442674003426,2.63460601803892,4.71077864766454,-30.2601349518867
"npe_median",6220,1.44862583105247,-2.44028831181433,-2.98051335318183,-0.829143937795325,1.99512855854449,-1.15031289075496,-1.97917639037428,-0.00963536393609645,0.348525678166817,1.56199599072639,2.52904097386111,4.96345234287769,-34.3492670770055
"npe_median",6240,1.74288881245581,-2.3717124403068,-3.06227007795051,-0.801976050859971,1.96364146103761,-1.15159468582288,-1.84664137468915,-0.115685272119998,0.291698512679152,1.50362610170295,2.58511457808477,4.78979244806595,-34.5489258227605
"npe_median",6260,1.55842204266493,-2.46788841388305,-2.89460319452202,-0.870551054649151,1.98586358712671,-0.475165974426224,-1.86941674838504,-0.113468567565698,0.671137479322179,1.35124073192256,3.02645209554869,4.3233509484219,-38.1409190648757
"npe_median",6280,1.7934423363079,-2.59761027990719,-2.86561306124134,-0.926246308001758,2.05186756868051,-1.17539868625303,-1.84200256651499,0.0315135896678851,0.585011370753339,1.42388733887835,2.89197808130257,4.45341413717251,-37.0539434285334
"npe_median",6300,1.92292074500388,-2.37866719263188,-3.00383396651896,-0.886984688172743,2.09681288916553,-1.62154045866541,-1.79261382058577,-0.175171198599337,0.324667961758489,1.53376136693571,2.60349114292017,4.6946145048696,-37.16877343816
"npe_median",6320,1.45345829417838,-2.45443468614344,-2.91415122713946,-0.919310386290827,2.069067667897,-1.4657448647047,-1.87073076080433,-0.0596686179995444,0.206893183765324,1.56980787051544,2.59871946047458,5.17485990042251,-36.6903868886998
"npe_median",6340,1.33637056319805,-2.44517782717124,-2.97506479450998,-0.805324003563561,2.12593168864225,-1.5035164269626,-1.80967459465931,-0.08897421992064,0.172138251513353,1.31588930052478,2.96089978035063,4.73482568255256,-35.9507015714548
"npe_median",6360,1.27612984782435,-2.58184558440584,-2.8624683412132,-0.859421680181785,2.08026742166192,-1.63759933819832,-1.78310792979,-0.0871157944972656,0.331171513916274,1.45864191636618,2.8030457324915,4.68123027471751,-33.9078175081493
"npe_median",6380,1.60483733704011,-2.56769408666285,-2.8583892826845,-0.87380174358294,1.95471211518592,-1.24936217471079,-1.68505330042734,-0.110540144668345,0.198077740634346,1.53127993499838,2.72802465706968,4.7623835955242,-32.6621153979728
"npe_median",6400,1.60305479894622,-2.56847725972472,-2.83325675536538,-0.871409030460695,1.98839616082873,-0.553924196984995,-1.60356746812841,-0.169348868197125,0.209202708551754,1.78665304219397,2.50964357813576,4.7710875353911,-35.2672732557216
"npe_median",6420,1.58671618404257,-2.37825074753363,-3.04100962149933,-0.747869910917622,1.69307114158038,-0.517666465783475,-1.72584408818876,-0.00836308206698385,0.49607082211021,1.8234860523001,2.17007658331204,4.44932852775825,-37.2568372401969
"npe_median",6440,1.56045937259927,-2.39819913873264,-2.97255552122526,-0.813924451486677,1.99549954913377,-0.577343055108995,-1.59692625599728,-0.168511696869568,0.378582823853301,1.67943229102557,2.68237936189692,4.55113711330282,-34.7383995308372
"npe_median",6460,1.28970683176357,-2.42444287682857,-2.93962305518194,-0.805089907591636,1.89414565442499,-0.925941673083835,-1.74287621225509,-0.241784812226102,0.465260699537832,1.57863964492818,2.68582837585511,4.58057880714252,-33.5788698069378
"npe_median",6480,2.0703213562249,-2.4210219753343,-3.00387811861245,-0.765600939724973,1.76512101007544,-1.28340828149662,-1.62055496946083,-0.170870016547261,0.384228008743217,1.81294572552172,2.1880884872812,4.80802694043597,-36.5965168871252
"npe_median",6500,2.09557214712321,-2.4211344999121,-3.07097360414926,-0.766300894268788,1.97137638314571,-1.11741855350209,-1.77133847360802,-0.0352463018972044,0.230881068771001,1.79594933136495,2.53202875047276,4.54241355325361,-35.0815533392849
"npe_median",6520,1.81481563569557,-2.42657173864378,-3.01203366484835,-0.783488653827287,1.891783931735,-1.52613871584619,-1.92508267354317,-0.0943647643712609,0.313685925090048,1.70517961430862,2.63043491412462,4.53508478327881,-32.1214777595438
"npe_median",6540,1.84636445960742,-2.50250752720041,-3.02930203144181,-0.729324857554318,1.8535463104281,-1.00370876989867,-1.83066232195335,-0.0641987738844754,0.106336665814455,1.87018265775832,2.49734659319562,4.41693068337967,-31.2659215762791
"npe_median",6560,1.32503270487354,-2.4654051503472,-2.96291730781567,-0.750213355904937,1.87537171687699,-1.08213352086573,-1.69587317512178,-0.122747524161581,0.208041965946022,1.71730258457418,2.68974802393259,4.5831221943651,-32.3064059868746
"npe_median",6580,1.43215875207974,-2.48574221808678,-2.92211889326905,-0.840897550131379,1.93707268002123,-1.29913427532131,-1.74517777514535,0.0334737691265946,0.332363863438486,1.69863329733021,2.57403967505045,4.77902612970083,-32.0035515633801
"npe_median",6600,1.80522115500593,-2.54630638552251,-2.86976734939237,-0.891495666880894,1.88473085602993,-1.2617802307325,-1.81783051109143,-0.0980971870295344,0.229025359714565,1.69130984338225,2.50655552605318,4.86770908747116,-32.5403781957227
"npe_median",6620,1.87323734208411,-2.48691814714978,-2.97807398131988,-0.837987684583723,1.93957175580392,-1.68497365932475,-1.80785916774853,-0.109663893397601,0.160822150457345,1.76700835621015,2.60054057729124,4.57091873494185,-32.8505658179215
"npe_median",6640,2.02458897911077,-2.52473193222935,-2.89781747616317,-0.848422639033994,1.77593129201236,-1.36130824075844,-1.85511418378894,-0.0805664519359297,0.320109437656769,1.7160365245735,2.38340725727739,4.72141711808586,-32.997679697483
"npe_median",6660,1.7768487289108,-2.52712797160459,-2.88568595015543,-0.813078472036824,1.60809646019909,-0.906219450902965,-1.75714389828255,-0.237605632207661,0.401266113614393,1.73233275713716,2.16191138932926,4.79244351156087,-34.0215340234478
"npe_median",6680,2.0458947511568,-2.56855442976924,-2.88465680475623,-0.828712002554148,1.8697226844591,-1.73139801177182,-1.7313668537357,-0.264490441256099,0.308148700030149,1.64324661138427,2.55005065586806,5.0552241752913,-35.6820701395236
"npe_median",6700,1.55144690736661,-2.52608303740408,-2.93952987633075,-0.798249558591104,1.77282255663829,-1.33872638709774,-1.86639253832409,-0.112705438074043,0.224318765854417,1.84248520087569,2.06952685011207,4.73451186618199,-32.4170585023778
"npe_median",6720,1.38236370513836,-2.41306142185514,-3.02389602915536,-0.816254299141759,2.02743391741879,-1.22783002950121,-1.7566479359363,-0.0699035215246424,0.194830634417035,1.63155835204737,2.44148009147093,4.63702945959506,-33.3936245788831
"npe_median",6740,1.44633195291501,-2.46588194010355,-2.95351937099485,-0.836245575846652,1.98882213954269,-0.805091456398606,-1.72368121505307,-0.134616018468394,0.231336435077752,1.75048678667732,2.73646631189636,4.3793843313837,-33.0204421425786
"npe_median",6760,1.72721091985258,-2.42098239394561,-2.99245795810651,-0.84490303066025,2.09410394267277,-0.944991039907012,-1.92928167578522,-0.0625388936653679,0.277710530997781,1.76918237924587,2.58461791968444,4.981245788161,-34.0899946313219
"npe_median",6780,1.73585311102346,-2.55370414628568,-2.88657765825657,-0.798320883967148,1.84518220573288,-0.585909764910233,-1.83330981560297,-0.131136508427669,0.253661488231026,1.92435952684297,2.42417305686541,4.98317711080407,-32.2008958673078
"npe_median",6800,1.21069072182237,-2.4827754060139,-2.93823925082779,-0.769880035808697,1.95222249988636,-1.11554667372453,-1.8641486461191,-0.243073396557183,0.25607246676543,1.77576145654681,2.78321833533012,4.84016644349647,-34.1577877473636
"npe_median",6820,1.44932111945676,-2.53079422344875,-2.88704895886631,-0.758528562090646,1.78812989133239,-1.11693166556096,-1.67244737100395,-0.317470783638767,0.494286218145279,1.77339050435004,2.28016142537288,4.73402558304574,-34.4279839855462
"npe_median",6840,1.63889513219707,-2.56891273377898,-2.94297824766142,-0.722240375354074,1.84537598778315,-1.73332621889632,-1.78690766823889,-0.264014333789638,0.381967209781512,1.81485607892171,2.26704673775284,4.78740831246317,-33.7512513564753
"npe_median",6860,1.90987806267475,-2.54547553211224,-3.01667378085613,-0.703910043220402,1.96390098745829,-1.76970807968533,-1.74541774256055,-0.185957314386579,0.327291370487202,1.66033530180007,2.51663660723535,4.91244316015534,-33.5182532833996
"npe_median",6880,1.81050383407084,-2.61896450059507,-2.93593714980111,-0.780955842091017,2.11003660217608,-0.782595840312295,-1.72436552661622,-0.0505678893295479,0.374060536112299,1.31574036355073,2.85808939447012,4.97274638144893,-34.3550468840516
"npe_median",6900,1.95285344426237,-2.56579413455406,-2.96924970978515,-0.76256581650925,2.03133830151056,-1.01437379983373,-1.68927250895303,-0.0123086996048139,0.435817610431368,1.36778299653885,2.67877574349616,4.8633049778377,-34.0325280264663
"npe_median",6920,1.45120477805428,-2.49028608303704,-2.9845132360779,-0.686861526861975,1.65745782003167,-1.17960542646414,-1.70755501662265,-0.183476508816926,0.353289169254176,1.88750218629169,2.12603347274628,4.87014630808077,-33.5471337596413
"npe_median",6940,1.77767942027788,-2.4832699417351,-3.01578084624186,-0.698992346209177,1.47173624729332,-0.987528378914316,-1.81897523884399,-0.0495506015717153,0.16286797979609,2.07522901977288,1.99916435648931,4.94540516076495,-33.9345201859928
"npe_median",6960,1.5213002580045,-2.46738848281942,-3.06416398736931,-0.686314266363332,1.55669775502753,-0.73875911399801,-1.82799690731446,-0.0911730212400241,0.0859663459008031,1.77282809296733,2.63897832406279,4.73643939263972,-40.5210502707709
"npe_median",6980,1.72882423013303,-2.50917252066601,-3.02378610083288,-0.747993181283478,1.82041743389206,-0.661033788044617,-1.73634238194757,0.0350948893195642,0.0919148663704781,1.84300188048457,2.34255079400329,5.18392283001813,-33.8927784402287
"npe_median",7000,1.54468443287562,-2.45318903966252,-2.9763257524575,-0.78171837042519,1.77571362957919,-1.53664560524839,-1.77887251333615,0.108440011396048,0.368232806912223,1.87010103060707,2.33990700502217,4.50654567404202,-35.3205616492794
"npe_median",7020,1.49202190734512,-2.45421504057099,-2.94750403001048,-0.87386116373553,1.91310251516939,-2.09874322187962,-1.85136590635672,0.222728284204655,0.464935131407634,1.732609276211,2.58857289517973,4.40358523753793,-42.2262435095923
"npe_median",7040,1.43662270829906,-2.51432009015943,-2.92588657268475,-0.924199790566282,2.26154180419978,-1.50177606569206,-1.71769947144399,0.0399936409667351,0.254711488113814,1.51867272505946,3.04501491518053,5.00127836048793,-38.7866804885738
"npe_median",7060,1.25042238239458,-2.47853619805108,-2.93989877799433,-0.806734584915618,1.95948657518862,-1.56448947922987,-1.64548793628289,0.0191697518656162,0.526060276331397,1.53809374778489,2.53641924043154,5.15587081556719,-37.7463640269885
"npe_median",7080,1.68915417660993,-2.61660440490762,-2.84567184308125,-0.845573172680079,1.88061763314983,-2.65552078539535,-1.64935841689753,-0.110040101107557,0.578693079851323,1.61663992370174,2.83915398157987,4.41334820978153,-39.8257271261676
"npe_median",7100,2.07180316801507,-2.70527589302092,-2.85349187436927,-0.802167827504446,1.81365331786859,-1.52072622517582,-1.68732136115649,-0.00288932493871349,0.309777686055,1.79685881980154,2.54229853484151,4.65525772192335,-34.8923053900872
"npe_median",7120,1.77300177149616,-2.6648781132684,-2.84762993315402,-0.746366279622177,1.50926304960322,-1.49403739778918,-1.89542082537835,-0.129466502145296,0.477591770235789,1.98493979233154,2.18542413747961,4.40864897543374,-37.4420211106446
"npe_median",7140,1.60192429446162,-2.59486224703884,-2.8567212139699,-0.787169939540433,1.74952604617022,-1.12439034451354,-1.63106722793437,-0.0289746443142197,0.625601158089797,1.91612728671444,1.9816715840426,4.88604551393257,-39.8876868071038
"npe_median",7160,1.38694080942494,-2.49058127581456,-3.00077617729075,-0.723617189965979,1.88091289126898,-1.09411125377732,-1.77492505989051,-0.0319291073787208,0.240009707530049,1.78161407446252,2.70304458369536,4.61081046851341,-31.6795179098683
"npe_median",7180,1.64103499358631,-2.57915912009441,-2.86724749338916,-0.769196572508062,1.64108843069062,-2.05967598557678,-1.73810759773746,-0.160135199572152,0.395735353819231,1.77890627641423,2.50623046329276,4.68345044626263,-34.3197532763749
"npe_median",7200,1.73702220014863,-2.45008011504757,-3.01383343852566,-0.706562541306129,1.92219215728121,-1.19980553155446,-1.69492624323955,-0.194735948507809,0.161662028287321,1.81741870964464,2.81947940096307,4.81459087046932,-33.3683479438034
"npe_median",7220,1.78523651944885,-2.50918580853799,-3.0373464643628,-0.6952949677249,1.78590750143737,-1.07699733088993,-1.5976906103769,-0.0387979348571691,-0.0158993395781727,2.01739426566956,2.52922759518938,5.0013151277061,-35.213580526551
"npe_median",7240,1.72541995015209,-2.492052549818,-3.00077499089019,-0.772270562900664,1.95838704399104,-1.22819786872846,-1.75467405954721,-0.00674612005102063,0.115418221578914,1.77867279410955,2.8377992690551,4.93465730683779,-31.6292326912572
"npe_median",7260,1.51352970022689,-2.44412767761201,-2.92388532187951,-0.805831557892456,1.85152533563127,-0.821629938825572,-1.74409158876407,-0.113579410451871,0.382945710110998,1.68149727899198,2.59322195201756,4.98417204126814,-32.7327170911255
"npe_median",7280,1.64204858712976,-2.49964987270708,-2.90019595641424,-0.821295349734308,1.82870370958922,-1.08751382522311,-1.79490481441536,-0.0321029747342921,0.552168282131179,1.57890541013366,2.61801943118396,4.40617898677124,-33.3937710803409
"npe_median",7300,1.65410408263192,-2.46434969832173,-2.93394239503806,-0.801201281303046,1.68704007876995,-1.03113863286913,-1.88707623107115,-0.117321557000843,0.613422002671862,1.77925305511039,2.02709292844134,4.78632036153395,-34.5667584777541
"npe_median",7320,1.51209886371897,-2.51125652726911,-2.91830839176997,-0.808920545492522,1.82466794997732,-0.265140703038647,-1.93383377059632,-0.0507579125813292,0.506304279877982,1.6488070196687,2.4602254298409,4.61946425465204,-35.0054807850628
"npe_median",7340,1.63809494814635,-2.56605139203405,-2.85530165451357,-0.893269643736307,1.86271613452649,-0.951847967899604,-1.8957876127908,-0.159473336386358,0.488221611555154,1.69832785042046,2.33794993571647,4.65935440608375,-35.4890032072435
"npe_median",7360,1.68867594539811,-2.53265383129732,-3.00292178196701,-0.802973443821602,2.04123003506747,-0.930182441000149,-1.88881202136458,0.0126151163579719,0.0895588956606903,1.6904495785337,2.529961049788,4.72478882666039,-32.6286552679164
"npe_median",7380,1.9631573196174,-2.51832222618557,-3.00723157277902,-0.804412024771795,2.14138350562844,-0.589567211476278,-1.81682593018398,-0.0207575369992245,0.363700827898058,1.50311221114824,2.65797764785382,4.80480756908348,-34.0120348344823
"npe_median",7400,1.50318785969784,-2.46283255155579,-2.95681627030989,-0.835810353841789,2.00266633376263,-1.00954458682316,-1.82884361599413,-0.0720833318910053,0.43345934390091,1.35150882960652,2.70815240753157,5.26463514565811,-36.7306932907545
"npe_median",7420,1.59867595700932,-2.54054326177582,-2.77744890797138,-0.973489597469403,2.17578713382743,-1.28239129159143,-1.76360928417569,-0.248846116223275,0.501810705750438,1.34716204470591,2.85304216940993,5.10951260560934,-40.0389063857705
"npe_median",7440,1.66664124244097,-2.51825792589692,-2.90772379289795,-0.835402858409363,2.19113904199098,-1.59855763088897,-1.72996413760788,-0.205712160851315,0.278680649904143,1.54926139824212,2.95842756557435,4.76734749103338,-32.9943789582848
"npe_median",7460,1.6170260411211,-2.40980438889298,-3.04835577300652,-0.738629141564069,2.01358932873088,-1.64227461476895,-1.86867039256223,-0.11750800714482,0.0366337314486371,1.57293639646484,2.86341254487019,4.84455868687675,-34.8826739808189
"npe_median",7480,1.4569989268735,-2.41677336856095,-2.93053960648473,-0.782380842864273,1.82323359360666,-1.43677822955531,-1.79752000462154,-0.367596751936924,0.295315205980628,1.79684336304916,2.48869146327285,4.69024856084704,-35.0858878411236
"npe_median",7500,1.7196527765323,-2.48946067693971,-2.97315512695673,-0.759149657427231,2.04720385654526,-0.865043493028739,-1.69471257882667,-0.302198283031899,0.104447940087126,1.78260058632606,2.73717815506806,4.88644883601712,-33.7674946814511
"npe_median",7520,1.95235732046498,-2.48938455692994,-3.00792762102503,-0.750613603038654,1.91881106492506,-1.32973592630218,-1.78645531196522,-0.250657263567741,0.0424278685877598,1.82370420793097,2.4182319790475,4.84303103915722,-33.340361735076
"npe_median",7540,2.00272674461382,-2.60632790642799,-2.94810448274491,-0.722919458775354,1.84408804189434,-1.68550375522533,-1.83987209972921,-0.149489075122572,0.262627274336386,1.91355835408633,2.56315274401477,5.13752320435403,-35.3071258527059
"npe_median",7560,1.99871216835687,-2.5898240294214,-2.93851424142762,-0.829841014935971,1.98806033172342,-1.75710655833544,-1.88468605185571,0.00235759872681898,0.160979726831022,1.94584580754074,2.78949994568639,4.75531272423358,-37.6232556483295
"npe_median",7580,1.78089680702656,-2.47144961877047,-2.91391984483273,-0.80790019766416,1.67824883292014,-1.58348480558909,-1.79092830883917,-0.21775419677909,0.303157917005269,2.08000724619078,2.48201113180981,4.61882419805212,-36.3497718127299
"npe_median",7600,1.88960067624564,-2.4686542923603,-2.99781249756538,-0.764285506092718,1.64811900177693,-1.84201578133565,-1.9693374067553,-0.0486912998626882,0.120651820034329,1.9756962419352,2.09605109263995,4.97984534649232,-35.3587536097426
"npe_median",7620,1.86016790442928,-2.51204272344433,-2.98784438343826,-0.785061558845913,1.47556242711054,-1.25903509026114,-1.8856980147466,-0.00536114738589108,0.119859330358591,1.96878606985405,1.83329907460734,4.48624097380514,-35.3044435791981
"npe_median",7640,1.58879911070628,-2.47515145751388,-2.97759155616883,-0.775782024075066,1.44727685944325,-1.59882199760816,-1.81782679359846,-0.0112501612245639,0.000263402733663294,2.25212341927905,1.68751912757819,4.79505225430566,-37.4413703181994
"npe_median",7660,1.25073762426029,-2.4788039490638,-3.00147000439215,-0.776682559051578,1.724018198949,-1.81620678868102,-1.75915867295738,-0.00351909537318833,-0.0539989057189915,1.98452926306178,2.49038258875744,4.59218504679077,-35.590568408376
"npe_median",7680,1.54143044206172,-2.51039010570489,-2.9771969239041,-0.779717173824378,2.14292178290588,-2.57027530807519,-1.93210887580274,-0.0827658114011016,0.210234305995065,1.75164142540403,3.05508070399035,3.87246050556234,-41.6588620669141
"npe_median",7700,1.92414961423275,-2.47242495513605,-3.08162597271358,-0.702326588889371,1.89421375361801,-1.43802312343705,-1.81232466391778,0.0194609522329422,0.316955365159849,1.78409151413489,2.56744736476593,4.61318371556957,-33.2373599151689
"npe_median",7720,1.80321197409545,-2.47760372029409,-3.11151535486202,-0.688001453257598,1.87576927735256,-1.0366050618002,-1.74468964189125,0.0180822272809437,0.172730335848777,1.73743303722765,2.51013018607946,5.0095175315776,-34.0953289432896
"npe_median",7740,1.60927353800578,-2.43639574639551,-3.15344949847019,-0.637518758593146,1.64723313313834,-1.42506727645271,-1.78381817710303,0.0527587888473486,0.0735969071469503,1.92647993395125,2.32363686621812,4.65349475037663,-35.3072361791542
"npe_median",7760,1.87121785550207,-2.4919620968683,-2.9456345682438,-0.861087999690689,2.12512972940022,-0.407879346479015,-1.64822156430245,-0.10965390634868,0.352515034826626,1.5985497205923,2.69569422166246,4.68621010111311,-33.9835429608214
"npe_median",7780,1.74216004569512,-2.45033188605024,-2.95492362853831,-0.860282352814948,2.14496099158762,-1.5382948546819,-1.77661098178004,-0.244844434664012,0.254334502241832,1.72050731678457,2.84346600342816,4.7617605387947,-34.5339281441896
"npe_median",7800,1.34092740916123,-2.35078406076406,-3.05658740141895,-0.746248567090713,1.86534714620378,-1.03900084065521,-1.76060326641289,-0.195641801290202,0.132127750657357,1.83128627677746,2.5664096134677,4.57280162430482,-34.42700147722
"npe_median",7820,1.8835513145801,-2.41048441336166,-2.98881018591259,-0.804336712450541,1.82830308408836,-1.09085139790006,-1.85929168353702,-0.0937352361496742,0.404650354482538,1.71237647225053,2.94317834500802,4.26177805077699,-37.4725220194331
"npe_median",7840,2.01833897378953,-2.48209234146158,-2.97610637400414,-0.76649692703195,1.89513690136662,-0.657815121673774,-1.80136318337521,-0.0860377636573985,0.434067254315949,1.81423404009782,2.61083304916786,4.98820139920996,-33.7968637782156
"npe_median",7860,2.23463700893729,-2.59745822222918,-2.91250515749742,-0.774011590528067,1.99360126554582,-0.906915477718924,-1.66904955599325,-0.192586061620591,0.428800390065454,1.83696294546545,2.94658912022276,4.7280570650422,-38.6621570528211
"npe_median",7880,1.74581534896203,-2.4039669944211,-3.04868802454127,-0.747256754261418,1.9196836323011,-1.16773018331798,-1.62956043711309,-0.142629665982127,0.240667988711665,1.90509461251314,2.6595492806634,4.90198484135705,-34.0872409311818
"npe_median",7900,1.6946303154868,-2.48822844827541,-2.99498145565216,-0.761536374727,1.90571236625691,-1.95303178271368,-1.87690542820062,-0.104708931264325,0.176133723609078,1.82289173975926,2.2039291041442,4.75113259469288,-32.6065047708497
"npe_median",7920,1.80901337043006,-2.57941595995809,-2.96588889268813,-0.744337538597154,1.92797688289256,-1.74450485812227,-1.9717359743504,-0.104022571722496,0.0481599216526264,1.90019554597842,2.49447315480876,4.06895378620286,-36.9742676422275
"npe_median",7940,1.48689399800008,-2.49426939584583,-2.97046177136412,-0.780007451869763,2.0461516429242,-1.44243398696552,-1.73887946616571,-0.189738833502226,0.0175187437430303,1.76620898966412,2.70579416114249,4.70289897479354,-32.0440364335441
"npe_median",7960,1.32157440484146,-2.4943652355473,-2.87749968396508,-0.829886949376513,1.98123636871414,-1.1905540792119,-1.78618383407613,-0.186227599074683,0.406122599346588,1.59036476168856,2.69381011607809,4.95308518039755,-32.769318540844
"npe_median",7980,1.56294095549003,-2.55740951181045,-2.89064812030893,-0.79150752327738,2.02506030266548,-0.775456158514083,-1.77593819192169,-0.163312799571693,0.150529544242249,1.75220604313676,2.75186035165477,4.7911750169371,-32.4653648831702
"npe_median",8000,1.51520428621967,-2.48969247102277,-2.98685842658844,-0.773882553256661,1.90705923771997,-1.67474477021461,-1.59454018241051,-0.110506512554948,0.158836866528337,1.68421873387529,2.67552090264637,4.55885301583725,-32.6147160245736
"npe_median",8020,1.65243786531886,-2.44848881146156,-3.00540178183855,-0.827206184356382,2.08449137886576,-1.31299380601499,-1.78118145770043,-0.0108847263315108,0.0195077679644647,1.69218295153379,2.68541820177375,4.93177995347359,-31.8104286308095
"npe_median",8040,1.59372923926548,-2.4302062710306,-2.99668798958697,-0.845163887810952,2.08699541702784,-0.420376346673658,-1.81060705449164,-0.0645437483666407,0.0288167241453697,1.70524109624966,2.7232250551129,4.84278962400369,-33.7694337191335
"npe_median",8060,1.47445537453467,-2.44008987858438,-2.95586777320091,-0.825470062585976,1.89701553515764,-0.64818034032317,-1.7246018112269,-0.135422390912623,0.123381937297821,1.72561089334434,2.76237266967688,4.54437403407965,-33.3506798426355
"npe_median",8080,1.86027325601623,-2.49890619969064,-3.10098245877911,-0.798753558272934,1.95471687419497,-0.96337505019462,-1.67080383045285,0.114983935080373,-0.224474646454246,1.7652428059735,2.57971740068278,4.4672442156779,-35.8393517816897
"npe_median",8100,1.46424588255222,-2.52818761339431,-3.06220285259342,-0.702329909888312,1.87210136979544,-1.37962353971905,-1.68663519999107,0.0183368955076316,-0.149500309033634,1.89585216454702,2.49034865801911,4.68967313099934,-33.6296817218342
"npe_median",8120,1.95291747392651,-2.56308406251658,-2.98186727302233,-0.753519541082484,1.99630800651775,-1.47839906791593,-1.60082411362375,-0.0465633075509103,0.191038447151671,1.63708654284157,2.98840328034579,4.55010919063496,-33.742050201433
"npe_median",8140,2.1103635493254,-2.51830414721828,-3.07807551791446,-0.767782290294719,2.03105915725875,-1.77835788702928,-1.87097949933032,-0.0368583989686976,-0.159348614372437,1.71224447075601,3.04958232356288,4.4873022313366,-37.8085215497232
"npe_median",8160,1.93444446768368,-2.50301327031934,-3.04124955739362,-0.743612250346188,1.97303883898617,-1.82794186638481,-1.81542191515289,-0.0846571708581473,0.0109847749294359,1.80659055297563,2.70936824777936,4.72597079327248,-31.7305056871446
"npe_median",8180,1.93887347378428,-2.59121365195044,-2.99666622233952,-0.80721933332686,2.08528551133572,-1.44518664103453,-1.76869621388513,-0.101383581644711,0.00268744534670443,1.60850268723845,2.54470138848345,4.90050540998052,-36.7519008027548
"npe_median",8200,1.83490327153199,-2.72945359851269,-2.87181204967261,-0.732041272477359,1.96738635877203,-2.33747854117861,-1.83091299131298,-0.131945131280892,0.132630304920443,1.71333977599252,2.71224684370353,4.91299445580229,-38.5442895613952
"npe_median",8220,1.48847868559867,-2.49362908315098,-3.04513550837434,-0.692861795954829,1.87953795669121,-1.40548838209876,-1.86507431512035,-0.0695455796810414,0.334218822129784,1.76634538536011,2.25907158452826,4.58950162968633,-35.0378469171753
"npe_median",8240,1.79282534484092,-2.52132862113004,-3.01392108557118,-0.728931267512598,1.75839478767467,-1.12902174020964,-1.85543198910242,-0.155019120488483,0.201569582960932,1.8022576771741,2.36245346741521,3.95307076696809,-35.4776306680567
"npe_median",8260,1.90269390986055,-2.66071037766506,-2.89919212758487,-0.736837884072501,1.80710850362431,-1.65044444765905,-1.72471228009429,-0.0904694600982377,0.203426200687574,1.8487767455308,2.81054888579118,4.0306746544124,-35.83688306627
"npe_median",8280,2.19172063171612,-2.73096045712553,-2.82337380004562,-0.807645223172896,1.86471760315802,-1.52505005389778,-1.83599203434797,-0.144136295691297,0.0366142651846443,1.78766458520343,2.76141315200972,4.34342429431899,-38.8095440217906
"npe_median",8300,2.10565765666468,-2.72142409892209,-2.8380551430459,-0.82232214251232,1.82836226552644,-1.6508809080257,-1.69126377679965,-0.0831539421867181,0.0508413615360077,1.83162455632243,2.26028555005694,4.85009993269095,-36.316551609144
"npe_median",8320,1.9951724712186,-2.6718011693638,-2.8683414989491,-0.778126268708116,1.6212262110593,-2.23477635122276,-1.82596291421776,-0.159897660353939,0.23335182669108,2.03342130448802,2.15266554455992,4.74544720610412,-36.9399361614446
"npe_median",8340,1.74846599063989,-2.40720768739322,-3.04214075900326,-0.788231711663605,2.12136587862591,-1.55802548395657,-1.6499976417813,-0.0752487651878981,0.370130608461325,1.669861890497,2.7841081784004,4.81994189519067,-33.8040580872542
"npe_median",8360,1.6632725377488,-2.45233600083079,-3.01078168316027,-0.775593550972467,1.98605745901547,-1.1073814962507,-1.75824069773711,-0.0413243229276268,0.290374393092065,1.79457333794457,2.97609535435111,4.47915658554309,-33.8611387562335
"npe_median",8380,2.15384702863572,-2.56405629566553,-2.91058492005631,-0.841887157536586,2.07896228028295,-0.723817362087021,-1.63857234922292,-0.18892271631996,0.542139815882004,1.7608111307476,2.59476631705188,4.64461900557142,-37.2882197949311
"npe_median",8400,1.91389284434507,-2.54261183103035,-3.01358664280285,-0.742531625767757,1.96632571960737,-1.06729476564982,-1.71644845160955,-0.115458326456522,0.350157425226449,1.70101265417993,2.83012158510965,3.8568438063167,-36.1175982978232
"npe_median",8420,1.57512784325481,-2.44616867927952,-2.99876286642889,-0.758782041721646,1.84880345124522,-1.19773935612456,-1.80222749731671,-0.0232223040180289,0.11478299919693,1.74133792934624,2.83114283030431,4.04993526700314,-34.3629058637043
"npe_median",8440,1.67965901432702,-2.56001237963925,-2.91816133803694,-0.804455946629309,1.8834735000265,-0.974636107507056,-1.88122264113251,0.0545260102677245,0.282287639445335,1.62211991071076,2.74054901444296,4.06585950280255,-34.5177008410671
"npe_median",8460,1.02540692089113,-2.51733933849678,-2.92136798226806,-0.76038233177752,1.67101911730338,-1.93315928053329,-1.86167628060269,-0.029305289166416,0.0300196082542543,1.80561608900218,2.64158769807146,4.38061796588726,-39.273264439507
"npe_median",8480,1.78454925321805,-2.55570276312813,-2.90325098976387,-0.832229318346657,1.76378484448793,-1.06040645560804,-1.61470201683224,-0.0658601753229083,-0.101843539304169,1.85371752385825,2.65727094527994,3.9305794544842,-37.8219650962326
"npe_median",8500,2.06481491364803,-2.61242112509885,-2.92240123730871,-0.782710985723527,1.61665274340335,-1.42994444145812,-1.63016400880974,-0.0347728851878884,-0.117767848656181,1.93985197874612,2.21910648713476,4.62853150143639,-35.923433511665
"npe_median",8520,1.95723280452625,-2.59935824151189,-2.94741742660985,-0.738076119353724,1.71131062621913,-1.37413516281432,-1.75148426772689,-0.0720142290023129,0.127649830577831,1.89222316866687,2.44167651429646,4.38381713917247,-31.9428026220774
"npe_median",8540,1.99467167949578,-2.53991897579582,-2.98426796859584,-0.756782207583542,1.76163855781507,-1.39947234425782,-1.76476872525356,-0.0182762827096949,-0.0498563980972032,1.8880427537226,2.52444569456884,4.64128638775701,-32.2142111707613
"npe_median",8560,2.00964848640191,-2.57514686394652,-3.00313938620628,-0.793909000282687,2.0141516298156,-1.63898193509599,-1.80516365998276,-0.00965559949290812,-0.134467351344185,1.84373075718217,2.53313736914794,4.91048051000807,-33.3100088610452
"npe_median",8580,2.00964848640191,-2.57514686394652,-3.00313938620628,-0.793909000282687,2.0141516298156,-1.63898193509599,-1.80516365998276,-0.00965559949290812,-0.134467351344185,1.84373075718217,2.53313736914794,4.91048051000807,-33.3100088610452
"npe_median",8600,2.03912343575347,-2.48861472747682,-3.0768238525892,-0.748423647503341,2.02762709516653,-1.459274199244,-1.73094733639982,-0.0654880612104507,-0.106524515441821,1.85901153330575,2.35594634955314,4.63951000103856,-35.7193080085415
"npe_median",8620,1.73600080515292,-2.54700627291102,-3.01413483316733,-0.682448390751804,1.47103439733348,-1.064790662722,-1.76024032579504,-0.0599188448083488,-0.264796102989625,1.85166924710716,2.43283755150286,4.44648503331628,-38.9442316423193
"npe_median",8640,1.83425036074398,-2.57440051034969,-2.9841469779246,-0.693470353435445,1.60562941118893,-0.684591199105893,-1.89397844919203,-0.0947324021313719,0.0979861803080628,1.66333132849472,2.29661889384367,5.10569789985331,-38.6836703855456
"npe_median",8660,1.60830286412043,-2.49165464348929,-3.05326344196674,-0.717067569600925,1.9305574906515,-1.75172574376595,-1.76638424041629,0.0244946037547328,0.159881968320648,1.49628580871573,2.53993459793181,5.07073236061784,-35.2104925196334
"npe_median",8680,1.56723662095327,-2.48875938885181,-2.93263103360799,-0.780524914303219,1.95397947245839,-1.94310632982781,-1.71931485145084,-0.267008451033155,0.617848642560014,1.49750436226308,2.48146948920974,4.69750982198463,-34.6857412842576
"npe_median",8700,1.79765270712392,-2.36464693662297,-3.05258623293327,-0.803614419509907,2.02013031619392,-1.35548893765855,-1.70913688129293,-0.231161666265385,0.231655089407023,1.66448606496061,2.50054925211676,4.97689173720087,-36.1492609621166
"npe_median",8720,1.37813808940768,-2.47929379112104,-3.00923931783869,-0.768748624361352,2.07208935286514,-1.49440615960334,-1.72327601636009,0.00182296504589879,-0.0676191793070038,1.70172172517244,3.00833382553105,4.63819803702047,-34.500227715396
"npe_median",8740,1.16397229643865,-2.48256208586458,-2.99918731578979,-0.714301017677715,2.06153235084911,-1.27870026911539,-1.75596334861697,-0.103866855281114,0.253350991623946,1.78210987065113,2.8115364546209,4.50269440757609,-35.8378449099955
"npe_median",8760,1.49838971744685,-2.48582430482986,-2.95625218926268,-0.718758752947102,1.62585811602024,-1.49388252085074,-1.74178433035159,-0.140870596807784,0.375688492819039,1.97977848952928,2.22959562557038,4.58322499112948,-32.8181957613389
"npe_median",8780,1.42220677611714,-2.43403049192367,-2.95523084248196,-0.820813065299302,1.85834980914875,-1.84286437944266,-1.98056833076622,-0.168816652103196,0.477487274973091,1.66297570416071,2.57829581587858,4.3305950472183,-36.5415035767775
"npe_median",8800,1.61552865170234,-2.48352168422405,-2.97803702766079,-0.821718494690241,1.94050261311641,-1.0917976121558,-1.94950725432603,-0.0560651343322494,0.345380776057781,1.19272596871703,2.80550073861786,4.23952921387113,-37.3226314401993
"npe_median",8820,1.71804966623676,-2.56116771966287,-2.89483166812345,-0.842794903865774,1.99213244328848,-0.781051219169486,-1.8401345314101,-0.0861571354781534,0.347105162093307,1.15476560493508,2.79968239217696,4.51560060518076,-36.4852740541828
"npe_median",8840,1.77542755628889,-2.46603344066357,-2.96100917823942,-0.868413791788275,2.09708102891702,-1.32861179486247,-1.91071999732665,-0.00866260931990446,0.286471015792608,1.32592906621606,2.82605613352804,4.42911079488968,-34.6877371501398
"npe_median",8860,1.93881955835419,-2.58803148674597,-2.85331939378429,-0.853890551151507,1.99148022987845,-1.09154826954785,-1.889469009118,-0.213765541509584,0.347080055526114,1.55054657066362,3.13556554211679,4.11607145126793,-37.2597304396187
"npe_median",8880,1.82670763145459,-2.50091740195803,-3.08041959268699,-0.734850732091063,1.67294859051313,-0.833475075268042,-1.65215749494103,0.0666033398535353,-0.292043415498455,1.84111184111679,2.27978786351327,4.67364381710569,-35.4612638990225
"npe_median",8900,1.65829257043427,-2.5155467737663,-3.01554456888313,-0.720266367640767,1.52832065177716,-0.600749599650066,-1.78212591412468,-0.125292703954776,0.165616988745469,1.82303868608341,1.78592220063198,4.51383888448045,-37.0164010101451
"npe_median",8920,1.56507493276017,-2.4934520496521,-3.03490811725373,-0.721685941770108,1.76413301157865,-1.10472183191885,-1.73474481371479,-0.0457426957157462,0.324199813075198,1.77972794309607,2.13933922953082,4.37646085908434,-35.003897939342
"npe_median",8940,1.37373921701989,-2.39753788857887,-2.98291071461478,-0.85355060323701,2.05031768571636,-2.02979294562541,-1.72157183277624,-0.0849306747134056,0.366109617420684,1.47968409354043,2.95573831363666,4.25704153603656,-35.8812368313302
"npe_median",8960,1.40199172544311,-2.43127852956691,-3.07119205812914,-0.796063726195959,2.02278143053303,-0.997632536918064,-1.6933750908181,-0.0110345961090991,0.0715226681703251,1.4044084622678,2.91701964167611,4.48992223624355,-36.0149916357664
"npe_median",8980,1.86478630238697,-2.58678864774814,-2.96502625980953,-0.814589657427701,2.10769643231454,-0.90127772303384,-1.60917377458963,0.112434264593255,0.0954171107597357,1.65354547930098,2.79260488416862,5.01522574792842,-35.211800421102
"npe_median",9000,1.7717392767685,-2.58230148258658,-2.99338451592239,-0.782593962003374,2.05882103483507,-0.561641492326749,-1.64887210193495,0.00548844513780344,0.0585945945304496,1.52687413534596,2.81309141185874,4.86021285144663,-34.2610924958451
"npe_median",9020,1.81927312286946,-2.57142952285472,-2.9441642804761,-0.795104997155811,2.02404850463411,-0.865642908559794,-1.72046825883331,-0.0514590139109222,0.135728942586574,1.39927915783984,2.96279606519575,4.90109176764413,-33.4865136590416
"npe_median",9040,1.82534573854692,-2.54535434664666,-2.97629198639386,-0.799401127791424,2.01284089933522,-0.912500810988809,-1.67619220852294,0.0508748914735155,0.135765958258411,1.56035646225718,2.56945140995315,4.99899242002426,-32.6757777760712
"npe_median",9060,1.62090344526297,-2.55010475939943,-2.97510080592743,-0.764173609869044,1.95341905910919,-1.98945616392075,-1.89729510914885,-0.0685272745529142,0.0556704525419884,1.57994931347267,2.69569580759161,4.27195763043289,-34.1929085529961
"npe_median",9080,1.73045739566498,-2.49340109738671,-3.01638282804063,-0.71008013024759,1.61708469994801,-1.49159557656992,-1.65348311267884,-0.0699597582796858,0.138680872483001,1.87975665202994,1.78031064896276,4.73516304513321,-35.2641538128696
"npe_median",9100,1.76418313268083,-2.61674117691867,-2.956655094613,-0.750879394444651,1.63809386044789,-2.068083082387,-1.7643840000324,0.0331060602041467,0.0679345888296718,1.93500517896151,1.64104104564465,5.20240686530633,-40.0000139183946
"npe_median",9120,1.79631828266154,-2.58571055186372,-2.89141452979454,-0.853754659427446,1.86901796902643,-1.75239771434902,-1.81311003776376,-0.0111342560725515,0.153742517067321,1.84405202482636,2.10635473611067,4.58955099224511,-33.6739338436717
"npe_median",9140,1.5773327158927,-2.44501100371191,-2.93196848207593,-0.880472316635985,2.06291104605731,-1.2763150089407,-1.71790345736118,-0.214579354736734,0.353601329792215,1.81560971249486,2.47762033257643,4.52132920635213,-35.4757847001028
"npe_median",9160,1.68780835559031,-2.55383522517059,-2.87387847454895,-0.824406284022634,1.48768371957971,-1.26241937569393,-1.81811692739651,-0.0747172555266429,0.73973915449056,2.03090740689605,0.97689652184888,4.85996063349632,-43.717971898926
"npe_median",9180,1.48102669364592,-2.61982995844257,-2.92386790819932,-0.710079999115361,1.58228942441726,-0.843899791787946,-1.85831889722274,-0.143564890164576,0.455996866381867,2.01792986516327,1.89189924861491,4.37649790584948,-40.2315052714498
"npe_median",9200,1.25505685691587,-2.62605316766186,-2.84214201397369,-0.833635774379126,2.11076270782152,-1.56238168065585,-1.83631936259242,-0.214940689406086,0.532685168874233,1.77543088178155,2.69065660055391,4.37728066110127,-40.4760262320637
"npe_median",9220,1.09806500044696,-2.62261949346874,-2.85572622977677,-0.771078879439867,1.99107551109467,-1.52635406519595,-1.92859385955882,-0.242467536176414,0.0505320975990606,1.57319509921483,2.87019073127049,4.33543893903946,-42.7960766076552
"npe_median",9240,1.10915013695068,-2.47984892365999,-3.04262846495606,-0.665919750180371,1.783607470264,-2.12473051294182,-1.93453904828492,-0.0308774747954352,0.0427757811861673,1.81079802872814,2.44857354704386,4.80988243132245,-38.7707653869741
"npe_median",9260,1.72468766573901,-2.65486133683487,-2.90509060912736,-0.742571617794685,1.93332051464066,-1.87655408906815,-1.93038605466176,-0.0168782027745674,0.188860832424321,1.67727479052556,2.56214075753109,4.87308868833273,-35.2431332327783
"npe_median",9280,1.81801339596154,-2.54756482293887,-2.94252949909391,-0.765225952445049,1.91090408773831,-1.15865261363853,-1.77562464467522,-0.095045228323089,0.371619948136704,1.54516467940155,2.65832251012637,4.9365679046571,-30.8526189773582
"npe_median",9300,1.74712149137192,-2.47790395152162,-3.04478764272743,-0.777578856961759,2.11425901171644,-0.82979646439223,-1.77352518201299,-0.0561146446122446,-0.0720142779722007,1.48181461533213,2.79800704512916,4.95509405334202,-33.8614148447522
"npe_median",9320,1.8057764575064,-2.47968254697925,-3.04787245347132,-0.74571082563837,2.16309821860715,-1.06260945965217,-1.95746471143447,-0.101160534201817,-0.171152304738509,1.59154016199145,3.01409065303445,4.76613690816678,-38.2774872962767
"npe_median",9340,1.9743085451925,-2.61077504533693,-2.92719768545105,-0.852726071126914,2.2009863489403,-0.719264896956468,-1.91504344138963,-0.140201464098395,0.0556689564970928,1.33366707712513,2.89156029476665,4.88935359332173,-37.5534764230541
"npe_median",9360,1.5018240952362,-2.63112693765819,-2.90320554380453,-0.782866271889344,2.04854395333868,-1.06189675942271,-1.79387657905099,-0.198418210129747,0.141118073437582,1.66557778270306,2.75806999598971,4.75413843174797,-33.9766089426052
"npe_median",9380,1.42031866232541,-2.47091179943915,-2.98647149309182,-0.766194902813252,1.82659029537025,-0.558893153927676,-1.66210571721218,-0.0682444824906842,0.384081119657829,2.01137411305626,2.27009560986032,4.61562640579825,-36.6827827436288
"npe_median",9400,1.48045186306221,-2.36976355925569,-3.03876280388466,-0.749876063172061,1.53611191596932,-0.780248828560533,-1.77821891420631,-0.0318035688928011,0.298298950949543,2.03033518866986,1.95486841926884,4.4731401490914,-36.3460559753075
"npe_median",9420,1.82239112903993,-2.5601450475016,-2.85870804278055,-0.872062732377152,1.79450553869684,-1.12699427771071,-1.86716002321065,-0.0261162115523324,0.373405457369098,2.10607699106309,2.35749978068696,4.01753671142197,-40.5419476538762
"npe_median",9440,1.74382341195269,-2.51987506011602,-2.93481122932869,-0.843206760849954,1.93511346437061,-1.25112538827479,-1.81542199280179,-0.160818549040283,-0.0778689149595526,1.85972039019355,2.62812844261585,4.57884476215959,-33.4319795449691
"npe_median",9460,1.47616923435411,-2.54761382266333,-2.86437693557227,-0.841107656151635,1.83632675786311,-1.33727644695625,-1.73957565966116,-0.31408748649165,0.446502418593939,1.82323517485609,2.14785525444743,5.03390055745304,-36.9728304729051
"npe_median",9480,1.788850587009,-2.48545675044231,-2.98593245641605,-0.794333396707952,1.79577689383145,-1.23096639103814,-1.73542501214846,-0.0643127216760892,-0.0243176347490305,1.83197797259871,2.11449191383068,4.7526617031732,-32.7994013486811
"npe_median",9500,1.3204704337629,-2.55448086083436,-2.96196350544661,-0.766859669561728,1.83931917509683,-0.534126875764026,-1.92909130859571,0.054740691032051,-0.136299070567999,1.72387879271126,2.64185973012303,4.68496826113786,-36.2243220368314
"npe_median",9520,1.66165708806678,-2.60822575763676,-2.89166098998692,-0.723125104360484,1.61244877265182,-0.979335422694974,-1.83990196463434,-0.102693847431652,0.110599921806353,1.93084377661749,2.50166439909495,4.68182552825817,-34.4235399334956
"npe_median",9540,1.74776974259297,-2.54511713944324,-2.84341704251875,-0.874204116748034,1.6983939686357,-1.3282557351416,-1.87348493724784,-0.151563896311351,0.25035894627425,1.77754088989788,2.07859359453984,4.77640157649531,-34.7480090927478
"npe_median",9560,1.67400688467796,-2.47825895840604,-3.00067505710403,-0.809920350509489,2.12240864401846,-1.07437476435425,-1.81196444779938,-0.22335350462365,0.303766771710067,1.51942083492656,2.70967163972578,4.9476691426106,-35.3287143510218
"npe_median",9580,1.53649329824381,-2.48878576591935,-2.93211719377549,-0.874783188702257,2.15560716036289,-1.52739282664467,-1.71503229577088,-0.196442861674634,0.413529697429147,1.39743823048428,2.81968183487495,4.82191038261587,-33.8036868330577
"npe_median",9600,1.67352411301091,-2.52148314361145,-3.01088898472283,-0.809781938088161,2.13286546744082,-1.7244770303267,-1.72707214912691,0.0157626052377062,-0.0256207854306496,1.60225812840129,2.86355374215454,4.5260475320634,-32.6413032664106
"npe_median",9620,1.49975395462204,-2.48829898303311,-2.89163134041702,-0.872628915013076,1.89438413549214,-1.57367372689199,-1.63306390596736,-0.15663727640331,0.449363502867006,1.66184369642795,2.60049212518556,4.10636400912993,-35.1397775715579
"npe_median",9640,1.46546285975086,-2.48509425129123,-2.86439323286585,-0.911434522151537,2.18292414059888,-2.05854019531422,-1.62600925304311,-0.281561327415457,0.342525079358072,1.52649104257431,2.61962350131992,4.74563299052313,-38.4995198315178
"npe_median",9660,1.25353446946694,-2.44342824392862,-2.95717713999153,-0.839630013843345,2.05034400309505,-1.4558982038911,-1.83479565157617,-0.135569512545449,0.101131942329103,1.48450804713172,2.42954303244843,4.74675021425326,-37.9313573322027
"npe_median",9680,1.01122848025731,-2.43086692534107,-2.95975051869127,-0.820214643999405,2.05181253242825,-0.702779038177066,-1.91462725988232,-0.189543458357959,0.13881096489847,1.55620382587745,2.63963364919077,4.80323919186728,-37.8048264115917
"npe_median",9700,1.78594597160629,-2.53194105955522,-2.99521350602885,-0.71329178642484,1.92970455222295,-1.17746572140986,-1.71545436119287,-0.146712722528492,0.463929247198259,1.47322668150273,2.66447654167935,4.47893712574835,-32.9879517403999
"npe_median",9720,1.81693755418547,-2.53840187855504,-2.98339231186982,-0.724884918979294,1.83800051260139,-1.73531102201228,-1.74737987162748,-0.0710512699476562,0.253655728684282,1.54573663341736,2.50522679124088,4.59705045739944,-32.7803377483448
"npe_median",9740,1.72564063482842,-2.55905566236305,-2.90308935449222,-0.754697672500147,1.59310036702144,-1.3480988503087,-1.74379959565876,-0.0831780295767697,0.396629344035787,1.86423865155078,2.24937852794045,4.75133095976686,-31.9348607487431
"npe_median",9760,1.60535829521,-2.47935868338592,-2.9256864150161,-0.771456934879419,1.73752051881323,-1.28668130585127,-1.71401603519783,-0.12351954663974,0.259184591813624,2.07107378197423,2.34992809335932,4.927955672827,-33.7448307967255
"npe_median",9780,1.67148867528903,-2.52710265191684,-2.95796747588958,-0.706298003690939,1.82968107183127,-0.368996104378816,-1.7306760791314,-0.121050294458147,0.353587883533643,1.79926917879599,2.67240338250851,4.78825677065714,-33.3894471450692
"npe_median",9800,1.85432294917315,-2.47581719887694,-3.07064143256653,-0.660536506768496,1.72150596530324,-1.38995024051062,-1.86116817457574,-0.142631927739717,0.0457364694286872,1.90765006242267,2.53454742092659,4.73970969585795,-33.685621509116
"npe_median",9820,1.80860877324681,-2.48842718176897,-2.98561144465037,-0.730968463485095,1.53669835753914,-0.850766119188132,-1.79066225172788,-0.108647176756843,0.345915873407399,1.81600991241644,2.10348453691824,4.79029341125204,-32.6647879074918
"npe_median",9840,1.66165260205442,-2.49379708579967,-2.9890731954763,-0.742443558097833,1.81279210156382,-0.462262420152229,-1.81593545326551,-0.303397537927506,0.180808951324934,1.61957730538199,2.52957312157932,4.85414283566611,-37.2776159659777
"npe_median",9860,1.57745108741237,-2.604541731097,-2.94005800378823,-0.733173942602395,1.7800175054697,-1.24498763944013,-1.63689647971634,-0.109050671913695,0.171064042228116,1.76745863487975,2.1945344026754,4.78062362430778,-34.0801860175598
"npe_median",9880,1.70780050636093,-2.5080499291433,-2.94125665210485,-0.799030920584972,1.93699450076631,-0.573036393158775,-1.76531006103084,-0.1494177883401,0.445628265119544,1.64480053826856,2.55577724820516,4.37494862721842,-32.1560497855142
"npe_median",9900,1.71084933560888,-2.53686009034331,-2.87292119722062,-0.859227692475184,1.95642197214274,-1.3014763218806,-1.75884897971467,0.0387002367242802,0.438527249359651,1.7743040709364,2.3585147912921,5.01726376912019,-34.5258758059458
"npe_median",9920,2.13640250683,-2.58264670753215,-2.91661477748918,-0.868582954995159,2.04182360626067,-1.18676229666678,-1.65500370748057,-0.0211830398953795,0.267340822162295,1.8069853597806,2.57617922963101,4.7232163361929,-34.8788444541656
"npe_median",9940,1.80484781230346,-2.49613533565169,-2.99314133029392,-0.820178730790923,1.92877153804216,-2.21510876061539,-1.81183288043567,0.0695199117742406,-0.0947222466164633,1.92153615427285,2.55028240243743,4.83839201295538,-34.6362916477595
"npe_median",9960,1.74194071632185,-2.51388151660674,-2.93083974875203,-0.821814551658912,1.91795607080001,-2.34296208273035,-1.78246387329005,0.00445956002225585,0.0806416186867618,1.83198062820395,2.74960239590516,4.47459499267791,-34.3623997375943
"npe_median",9980,2.0170159582175,-2.52064729021076,-3.03500266629112,-0.754697070394622,1.99445376811567,-2.46967769901559,-1.68711166890396,-0.0654554480588193,0.123915387022137,1.48122552999733,2.81716663394198,4.47915708223599,-36.1554922232212
"npe_median",10000,1.86473249064663,-2.52084497351673,-2.9229288693367,-0.854486489299295,1.91407929347739,-1.99253688007567,-1.91537544327771,0.0289985631744336,0.13855949956528,1.74132762640792,2.5054912038775,4.94891841716449,-34.1126598775244
"npe_median",10020,2.07631212875753,-2.59007556558966,-2.9714524643454,-0.715022555705784,1.71257343351251,-1.6825576727964,-1.77978823303928,-0.0802341937443697,0.368386305291517,1.86044892205788,2.33296417871761,4.6049308399484,-33.3478592634799
"npe_median",10040,2.20556437599586,-2.5861391145547,-2.93865971662315,-0.800742226416489,1.94277360195687,-1.2347348527865,-1.8007179067834,-0.103850805266567,0.155722524184029,1.61785320523109,2.78458764752958,4.70741274983961,-33.4871495105209
"npe_median",10060,2.0017004621441,-2.50259739918544,-2.94585490491317,-0.772186924048355,1.7159297929248,-2.10871535342847,-1.71616812766448,-0.234454486230358,0.332402103673262,1.82395536275458,2.27483761596387,4.64896006821355,-34.0372657281061
"npe_median",10080,2.12521174552963,-2.48302276103463,-3.05741107775058,-0.74411569829497,1.81359039341795,-1.69816769377348,-1.72605255309161,-0.0744598773163319,0.120750747494723,1.76915004166352,2.61122965304371,4.78420531095877,-34.5968294789815
"npe_median",10100,2.03062852431362,-2.49388197426467,-3.08965420766779,-0.696336317418764,1.79675871113009,-1.30154260747012,-1.85237506618068,-0.120708086194337,0.0806020941915402,1.7188859407369,2.40077436443615,4.40218339296041,-35.19912359471
"npe_median",10120,2.01238307842269,-2.55949029592011,-3.02094563451928,-0.706603188958568,1.5799394387866,-1.66482471715826,-1.84988421941828,-0.0963898471181104,0.062923663060871,1.8387431412997,2.31425367898648,4.5164176660003,-35.124472450461
"npe_median",10140,1.7609333615205,-2.60166267582749,-2.97472050108875,-0.638115223467747,1.3498078982678,-1.63341839589464,-1.93103941605281,-0.00326135075961384,0.320930383024824,1.93766128864593,2.23070004498186,4.35786468895074,-39.89477184026
"npe_median",10160,1.79371799869946,-2.54718571073577,-2.96754994745598,-0.684718514622176,1.64030933020314,-2.08655586374467,-1.69132155341536,-0.164079176087164,0.198460120981751,2.02991379294143,2.54703434048986,4.33092488389691,-36.162584643624
"npe_median",10180,1.51636112541179,-2.49028377656534,-3.02710849341916,-0.7192496021076,1.90866312408886,-1.30506671136055,-1.82555578519078,0.0122506682562859,0.103324492022753,1.63683821984235,2.91782286024451,4.35847566746625,-33.1634705108145
"npe_median",10200,1.68174431725328,-2.57442446745821,-2.92186673455516,-0.841397223645559,2.01719655262063,-0.662352758586085,-1.91360818809641,0.00454658418510466,0.271797687762267,1.56787707385588,2.84175764608581,4.6752132136862,-33.3171102972514
"npe_median",10220,1.61980391230843,-2.6166340188115,-2.91131195187195,-0.826993949995668,2.13890883625084,-1.62243115035975,-1.73239608872924,-0.124615215678899,0.244643215891475,1.54363354865338,2.80536997676461,4.73749742699832,-33.5104067337684
"npe_median",10240,1.59563186002155,-2.5676634926299,-2.91474503674326,-0.857399237616152,1.9204210747416,-1.44703107244602,-1.81794169480524,0.06555056927267,0.0559014868286557,1.61384782473221,2.52639880949578,4.91246252980827,-33.427357897644
"npe_median",10260,1.96678091312784,-2.55043174710202,-2.90517005579505,-0.798833896055367,1.63163072117895,-1.1659518902297,-1.65657270647788,-0.00237708151214258,0.330778096855491,1.81066524384493,2.12416095101831,4.94854436479424,-34.5809395738114
"npe_median",10280,1.85025846059876,-2.57988434792326,-2.88649344693208,-0.777306219525793,1.95023312818342,-1.98277737988972,-1.69502697171846,-0.168021383152163,0.43288644807811,1.8656370935677,2.41562075908063,4.90997487642904,-34.0171508276343
"npe_median",10300,1.74336575751065,-2.57028625909298,-2.89434891235012,-0.815872943821341,2.02496431327971,-1.11338723132291,-1.61145632730006,-0.168344561423216,0.3267205133563,1.72013180303112,2.55904096553419,4.85810694630478,-31.674136616357
"npe_median",10320,1.79853468511971,-2.45665473433371,-3.01968607721088,-0.791277168187815,1.98013423948961,-1.22758266003762,-1.67129455629232,-0.11840203016731,0.263596265603722,1.48682026464686,2.74588543835915,5.00490804691332,-33.9591837376358
"npe_median",10340,1.84502882732911,-2.51795663194254,-2.9375410572785,-0.820821334073487,1.64775725645929,-1.28293048734083,-1.65285010630336,-0.0260449718240241,0.389203685530525,1.76811879972126,2.13467161489689,4.64812378016552,-34.1758618559032
"npe_median",10360,1.66212621209866,-2.56709343427244,-2.91987585663743,-0.817683713100219,1.96473182999939,-0.899524153641476,-1.75739920207044,-0.151626520841223,0.19602084566429,1.71483748601421,2.74029224581924,4.14331092363054,-32.9091545873999
"npe_median",10380,1.40274043380985,-2.52584228883829,-2.93875330862354,-0.779309831326261,1.76343734674334,-0.662630608130629,-1.74253209178497,-0.137114788861009,0.25499467414249,1.8183389973465,2.27189092297469,4.36989725936918,-33.6123050362618
"npe_median",10400,1.31789028304056,-2.5307303770455,-2.96431131251035,-0.706158377805406,1.59738677998758,-0.936506123446903,-1.77868337758193,0.00205075130766225,0.353099293331487,1.86106748789717,2.04896978037491,4.69779954712369,-35.4963432420335
"npe_median",10420,1.58986980936396,-2.53448676710903,-2.92862006130232,-0.796965890964932,1.60167861508279,-0.93862891080728,-1.90526575343294,-0.111146510789111,0.436196606687627,1.82731541402453,1.96885178799582,4.2946946699382,-36.7586434443809
"npe_median",10440,1.88325922659704,-2.5525260901091,-2.89599158534724,-0.867251366004715,1.71370116683757,-0.285537131192709,-1.72598856262983,-0.182354781975116,0.467863260075531,1.63507124226011,1.98199688504256,4.57347832748714,-39.8192060065444
"npe_median",10460,1.75633690902533,-2.52927331000721,-2.98331652742447,-0.806301855859305,1.70920536404569,-1.68002875706203,-1.88990470147022,-0.0153734362087882,0.136465152295883,1.74196921306584,2.03623999777301,4.59752979283235,-36.2125905467377
"npe_median",10480,1.80788354006699,-2.48735206870894,-3.01933158605317,-0.807872604523936,2.09095165305902,-1.74544783107217,-1.58287406333255,-0.0947518708002283,0.15330819399279,1.53445385374465,2.56800638397154,4.48801472873463,-35.6365751460568
"npe_median",10500,1.80788354006699,-2.48735206870894,-3.01933158605317,-0.807872604523936,2.09095165305902,-1.74544783107217,-1.58287406333255,-0.0947518708002283,0.15330819399279,1.53445385374465,2.56800638397154,4.48801472873463,-35.6365751460568
"npe_median",10520,2.24689591726785,-2.67594829627676,-2.89473463558056,-0.800215246381597,2.01001621697856,-1.48124510177223,-1.7693437464662,-0.147075097694106,0.35626246544494,1.58393511862142,2.80084849392881,4.54547976142823,-34.651842169389
"npe_median",10540,1.98234225430946,-2.55318399691784,-2.9575007098707,-0.77365114543251,1.91268619775368,-1.36704990901312,-1.73005840395357,-0.169800563170907,0.492456048567601,1.49836583435929,2.61361038679822,4.65989133650329,-32.4536739930712
"npe_median",10560,1.97752567457885,-2.53308045627809,-2.97808502914134,-0.746257613054362,1.8848180575719,-1.23935061429068,-1.83063217067914,-0.0985434167326131,0.445454753724245,1.56874614366477,2.635764623568,4.76064808981302,-31.5832018599044
"npe_median",10580,1.79155219562276,-2.5337086895888,-2.8821191211189,-0.821709792242624,1.89887065305255,-1.61648414129338,-1.8348670188159,-0.197997398780003,0.57071182365536,1.59815778925145,2.53448751554261,4.65354000992469,-31.8053211671932
"npe_median",10600,1.8334261812828,-2.57667905941206,-2.93113519903988,-0.76462493100698,1.96979652423645,-1.78908217893334,-1.71009768956263,-0.132577308096925,0.42890450023546,1.65157982306668,2.5833150919917,4.77130358615881,-31.3351034086251
"npe_median",10620,2.08714902230315,-2.52284879591327,-3.04255999744022,-0.722467684246524,1.90918105559336,-0.992020447900063,-1.76369716587621,0.0404870658493635,0.227635525096982,1.82355893788509,2.47929118288738,4.73181455546079,-33.5375306132521
"npe_median",10640,1.97974824900673,-2.44944689761687,-3.08061777074284,-0.74851794374292,1.97137673697668,-1.61964530100624,-1.86517843070185,0.0119648709934229,0.19304964597022,1.64553430308682,2.82385186954026,4.53493508813934,-33.214965240628
"npe_median",10660,1.84627195548526,-2.54339710892145,-3.0305872417968,-0.754785467204195,2.01695113638175,-1.55119941266117,-2.02870696499147,0.0359021016199637,0.0433103224250741,1.68682846628659,2.77505629997476,4.14941815078979,-36.3077546754341
"npe_median",10680,1.33231265444049,-2.43056871762837,-3.08975843254102,-0.728270272878293,1.89506209417219,-1.47735225759336,-1.85783407857343,-0.0139621389620444,-0.063588088883056,1.52682385650936,2.63031632556116,4.52753133745546,-36.0617738951404
"npe_median",10700,1.67245894140978,-2.570799007542,-3.02626351799221,-0.781976371890751,2.14715897061237,-1.34226133635114,-1.97093147836473,0.0939267581315171,-0.229989082883545,1.65139452471824,2.60878812879395,4.92473169420364,-36.9380830283075
"npe_median",10720,1.88752536567429,-2.59327234020604,-3.02594706986839,-0.751294843324012,2.04123472878992,-0.720957089322186,-2.07489556615802,0.240993443266867,-0.0263112235944557,1.76884791969145,2.34853585086389,4.85673044764341,-44.3199439475651
"npe_median",10740,1.7068090895686,-2.55097695779273,-2.93947896479993,-0.767856455499183,1.79453035512427,-1.09567838340002,-1.90290829772458,-0.0934410775103015,0.190806831201144,1.92022568920649,2.31184840231984,4.4174155689267,-31.9162724358737
"npe_median",10760,1.62074379679766,-2.45020476097177,-2.97577115093427,-0.725208757642043,1.65628270405629,-1.9994873617453,-1.90215332522025,-0.166541329308344,0.360252612238995,1.90630043704094,2.07069382517282,4.66252805403818,-34.3905666265479
"npe_median",10780,1.99891354783425,-2.44476758208626,-3.0582549263319,-0.731192140908682,1.98035424982175,-1.45199520632107,-1.90310361632677,-0.0927427070630415,-0.072161550586048,1.86920286708493,2.51457880547292,4.91389265553444,-37.3407997302987
"npe_median",10800,1.66936981994055,-2.55214697069478,-2.97308122149407,-0.776763313597296,2.02626431328121,-1.44638374302839,-1.77540949935381,-0.00238219288388004,0.067901888004916,1.7122246361403,2.35332231809447,4.72692158794149,-32.9319983636886
"npe_median",10820,1.57498953232288,-2.44901518059627,-3.03000014188247,-0.81158286392989,2.14581058884478,-1.71190200213945,-1.68774193008933,-0.0481428191370699,0.181087690097237,1.48987243595063,2.55401273085398,4.83098348330738,-34.3870811434435
"npe_median",10840,1.81338187135526,-2.46328871145625,-2.98654994021637,-0.801198945777907,1.97472660112947,-0.355435681307375,-1.90813765177527,-0.0895376161002263,0.414096256781451,1.62550709630142,2.57613605484924,5.13675974088449,-34.7847929296026
"npe_median",10860,1.72766083248463,-2.58240417402849,-2.95598993218064,-0.793628313457386,2.09372726697585,-0.742893942570473,-1.57712661081844,-0.0787836334608109,0.201210130315115,1.53178918323475,2.78327769719427,4.7851491502294,-33.7298920560792
"npe_median",10880,1.87075906858501,-2.55960478885316,-2.9680515831605,-0.763979297948445,1.93063583899265,-1.25234696412859,-1.67402445666379,0.0173002230307482,0.0960823587374209,1.65309084779431,2.90454214239954,4.6259286172054,-32.3617586193644
"npe_median",10900,1.93913092932245,-2.56325183689749,-3.00062641278583,-0.749752475048205,2.04333779330032,-2.03951436461675,-1.77116596517165,-0.003022614270829,0.282494855377707,1.50268296731908,2.86274510749294,4.77941999469445,-33.1697463050596
"npe_median",10920,1.4650651700518,-2.63012458093617,-2.91103432601216,-0.776176634532049,2.11009985858732,-1.47114917392882,-1.97700861390678,0.0255873379921698,0.285516187410818,1.55315690668075,2.62375375336614,4.86181140813209,-37.9734215743588
"npe_median",10940,1.88037986805437,-2.58814203874254,-2.98808235139305,-0.783809644392022,1.90099013969407,-0.691459726911185,-1.96117619656313,0.112931471690676,0.138032155465556,1.57583922396662,2.49076096633268,5.06145525956389,-37.3127434662576
"npe_median",10960,1.68283388707983,-2.462607705717,-3.08503163950774,-0.717988855076803,2.14050067767633,-1.17596350431747,-1.82375522679417,-0.110000050219071,0.10846741428864,1.41802622371181,2.78927612606648,4.7878260631311,-34.379309210834
"npe_median",10980,1.89375626650156,-2.51912589576956,-3.07461164194195,-0.699647673391271,2.05037122615166,-0.987488491344098,-1.82768523615242,-0.0686636721446931,0.00646585239273983,1.65761170829322,2.99023576663903,4.48649895306855,-33.8599483009164
"npe_median",11000,1.75024119210698,-2.57366010747429,-2.9694485063006,-0.746608073372487,1.84908384817407,-1.23798804301401,-1.8459216520003,-0.00983448547729856,0.0161989742148307,1.74091031094253,2.60064540723702,4.56883429151568,-31.0080301664565
"npe_median",11020,1.51929893724976,-2.39866652370418,-3.09379195732207,-0.695617966982086,1.84275447102504,-0.638928623700115,-1.97704771711031,-0.0593496958733521,-0.0263425132384986,1.72730469347835,2.80533686394924,4.29327433067225,-38.5103328331706
"npe_median",11040,1.32594187618014,-2.41785795548813,-3.02982321601495,-0.742701218813215,1.95128147672679,-0.641022894938107,-2.01979028797225,-0.163377676947487,0.141556378765408,1.66905769542053,2.93989464490519,4.15807017495625,-38.6996786090759
"npe_median",11060,1.88581032026088,-2.47806181274109,-2.93092422806583,-0.81531613355479,1.88207209433383,-0.782418792369021,-2.06224704358209,-0.204963254502313,0.238307237352242,1.68559909047705,2.5861322078964,4.7642952379509,-36.1501727127556
"npe_median",11080,1.68931780537853,-2.43908698193162,-2.99559977008419,-0.775877066897177,2.04779049940853,-2.12280122643258,-1.95002337943283,-0.247460696771245,0.25770647386605,1.73921833252641,2.633053894821,4.67754527831371,-34.7313947777326
"npe_median",11100,1.93378581471399,-2.42599214009424,-3.06693909516383,-0.725297127244449,1.82670001379607,-2.28132623920142,-1.80298308928618,-0.0531989814046855,0.0577004340562043,1.87951067132535,2.62065367441415,4.40772961464962,-36.0555527850993
"npe_median",11120,1.6020905720254,-2.42256405021114,-3.06166300904671,-0.723872719886561,1.70667655185464,-1.94923772538652,-1.7258845742227,0.0399335996905991,0.106745134044772,1.81802139144814,2.71993893446235,4.56268962182013,-35.5966847124241
"npe_median",11140,2.02452184123871,-2.55717422830834,-3.03098449976852,-0.698687848497211,1.77900458511777,-2.07790293543941,-1.67541212239459,0.0553598178908313,-0.0253876604008824,1.96340505768686,2.63247317888517,4.66006744267293,-36.402832211595
"npe_median",11160,2.05931876903998,-2.61214916922393,-2.99350119558122,-0.754594330018611,1.83592624122938,-1.92336605411366,-1.69081070488658,0.0999406672433918,-0.0374171775703623,2.07649335132288,2.33552442264087,4.66791874275149,-37.358789182309
"npe_median",11180,1.89607653796717,-2.52002181713905,-2.97380267057281,-0.800031587866121,2.11680172280779,-1.24026473840996,-1.76897574307063,-0.0449440256327211,0.450057925783821,1.47722282716114,2.9648145249711,4.66048965633173,-32.3435919534329
"npe_median",11200,1.3484856627084,-2.45389106048923,-3.0312084886937,-0.743626345718567,1.93466990979122,-0.785196281932776,-1.62312812465515,-0.113671423057705,0.192782941383822,1.60150021974619,2.88892591728056,4.38409509267716,-35.1986995898822
"npe_median",11220,1.56542525033094,-2.44473105651777,-3.09991438248436,-0.697269270079812,1.97462657821667,-1.56775121769617,-1.68830905197121,-0.125614850984903,0.0109929457424017,1.73069254915,2.7384526220617,4.42978147263145,-33.5361463277207
"npe_median",11240,1.61659034176285,-2.58775745517139,-2.97600882341327,-0.68804589923045,1.7876033496094,-1.0818762298332,-1.70256612367313,-0.157599451862111,-0.0582779246176207,1.69268930475159,2.37558986212237,4.85667596731342,-36.591332363509
"npe_median",11260,1.71373010960704,-2.54025814036226,-2.95975129166944,-0.708410864310717,1.71723742458357,-1.58556196292265,-1.6583756535031,-0.21386886828699,0.336472873008536,1.74732658891462,2.41647413687129,4.77864308192143,-32.69416164308
"npe_median",11280,1.4005028309461,-2.45694560915327,-2.97105287605591,-0.728799907905424,1.81679595599518,-1.21295842958851,-1.89402797500986,-0.146863478383802,0.305045629719039,1.98264268794988,2.47828463440471,4.63042373062896,-33.6489966633706
"npe_median",11300,1.58588390739443,-2.45153263306873,-3.01842448971094,-0.709133792632185,1.91091102475239,-2.43405548893593,-1.84744975865158,-0.170741450364787,0.248396889245723,1.55544022173185,2.60202013619189,4.87287787759993,-35.864769033064
"npe_median",11320,1.65362160091776,-2.53911385329961,-2.937567465152,-0.726385377683773,1.86167550326172,-2.39305142670865,-1.73291718928506,-0.0486925011592043,0.417681493253452,1.67101081336815,2.73874601789027,4.6623269170394,-35.2320225233652
"npe_median",11340,1.16307949267363,-2.44099387181446,-2.9766911064316,-0.768593243307098,2.02973478269617,-0.754323433986996,-1.66697355561108,-0.122631872406778,0.12098339351303,1.69006017516213,2.71328165155522,4.69377766788394,-35.5014510261123
"npe_median",11360,1.58904524744775,-2.49570035280076,-3.00644281952576,-0.668095826709814,1.70892842345034,-1.37609849954243,-1.55936611398987,-0.157209689148249,0.0790196182126454,1.75095498486641,2.45756034765559,5.00270558331473,-37.7773603573886
"npe_median",11380,1.9006525401526,-2.67252309419691,-2.85985839838457,-0.76567813920685,1.70759114988718,-0.832215247798751,-1.70158471113154,-0.100107320702971,0.309065032709292,1.78696534162802,2.40995759826064,4.22361528059064,-35.494210334474
"npe_median",11400,1.84238865596998,-2.4910132322754,-3.06545201888433,-0.680397157682617,1.74891057147684,-1.69563403309306,-1.71397143281641,-0.190264126888058,-0.0781386576591448,1.84601184201449,2.67653934051961,4.5063726033597,-35.5517046868579
"npe_median",11420,1.6932038587362,-2.44721344379389,-3.02342033921086,-0.745561230843247,1.72710884972677,-1.4495598905792,-1.81994902798082,-0.192537471345739,0.203483378707302,1.99876116904263,2.20182374679649,4.38955553868595,-33.7288113368753
"npe_median",11440,1.66506235845057,-2.40852367682777,-3.00225695495857,-0.785742113255623,1.63598453495836,-0.88387266284315,-1.64505759850543,-0.161094824390837,0.230014036504249,1.92485614032241,2.28790394954142,4.75979558836118,-35.402219712059
"npe_median",11460,1.62182405870994,-2.47448441735284,-2.93310880825282,-0.872844714866885,1.90999390855576,-0.891741055954041,-1.78277464716327,-0.079654994120141,0.456183280942168,1.94217595319591,2.27339649722879,4.31814091441139,-38.8633643390332
"npe_median",11480,1.99092286051485,-2.44174117648588,-3.04096429505951,-0.857168781221978,2.06715711293161,-0.742865425646447,-1.90010161360167,0.125006843757483,0.207126953149707,1.74846654631952,2.38352993386456,4.83739602219754,-38.0563983046981
"npe_median",11500,1.7022514575049,-2.51473276330612,-2.97115006931557,-0.851382043477256,2.06190181693112,0.146071166465387,-1.84443647163881,0.181516910834516,0.136817815754077,1.77797043810042,2.47591934018276,4.67489108667401,-40.7384230808033
"npe_median",11520,1.84758774606126,-2.69777959065032,-2.84086344200716,-0.834004631806986,2.01661765264805,0.0296663923027433,-1.81615671713323,-0.203370641690295,0.127910996683949,1.59955570188543,3.06859843157862,4.51247547813719,-41.1638795217317
"npe_median",11540,2.02184790645478,-2.6752277715106,-2.83280925461141,-0.803691071763253,1.62933582149604,-0.571663679655677,-1.74575397448488,-0.130131845407736,0.107601295883845,2.08910258257317,2.35912368257364,5.0417950072837,-39.0922538262484
"npe_median",11560,2.09790561479093,-2.74261140026692,-2.88789220645471,-0.756036654680499,1.78632436572892,-0.387365165876888,-1.75081155510246,-0.0066023045777735,0.275905785046245,1.88431622849384,2.44029264903733,4.94526240405192,-38.7084273689439
"npe_median",11580,2.02849786707516,-2.57952338995296,-2.88613365963593,-0.79050044504974,1.76118132980508,-2.14038600067325,-1.9209472812169,-0.24674402587812,0.186446788343638,2.09780574425873,2.06419422424956,4.88908218940161,-38.019952132202
"npe_median",11600,1.96749856478042,-2.67256405506288,-2.88755792349414,-0.797812205104354,1.86419448768953,-2.15887247006471,-1.96956221462974,-0.160688746679015,0.173648662661632,1.9394395843518,2.35522091600075,4.59630956268612,-38.1029052304907
"npe_median",11620,1.98970497633705,-2.58602988407833,-2.96435063114418,-0.760049451348001,1.68389188902229,-0.998056968653265,-1.73009818268141,-0.0131267819979414,0.358026007015022,1.81616991377693,2.14672086517057,4.83370161549968,-34.014372077731
"npe_median",11640,1.80694889461662,-2.5249169130989,-2.98669293339845,-0.746010674202718,1.96934020312907,-1.34694217894168,-1.79526970169191,0.035749358212246,0.175002716169675,1.66953105974678,2.60260609729305,4.72577701901459,-32.0106860773065
"npe_median",11660,1.83061727447297,-2.53256846372353,-2.92834551198511,-0.80621089104788,1.77405405512419,-1.53376894633149,-1.88237970598865,-0.0896848189869743,0.167448908954976,1.92096994399011,2.21971449861562,5.00690024930537,-32.3466818297019
"npe_median",11680,1.81830592403781,-2.45032618019034,-3.06734103913365,-0.695280820823654,1.92450370081784,-0.486966789813024,-1.86760303130431,-0.122856365032655,0.458629115650563,1.65703388211457,2.71747949267586,4.72271979246096,-35.0667640597942
"npe_median",11700,1.70398653863595,-2.48329996975473,-2.93031972073088,-0.687344996480578,1.71186598303541,-1.17346185709511,-1.68769820232061,-0.260589428643698,0.593488833115342,1.73549673166089,2.67043362817481,4.8934356591919,-38.0829088781054
"npe_median",11720,1.98286401412751,-2.45852527816206,-3.00909152694507,-0.731955111513384,1.73335474933265,-0.330255110732306,-1.90981244795996,0.0343219859195798,0.33213638289384,2.03338525200689,2.49154629679066,4.87527832038868,-39.8140529859839
"npe_median",11740,1.87151587711427,-2.56279322513947,-2.91482380339888,-0.773304791292874,2.02743508638077,-0.717839821755262,-1.83333378369513,-0.0777352547861363,0.118749889605902,1.84167286500372,2.71816701586726,4.8585309799068,-34.4153545590677
"npe_median",11760,1.89409118241579,-2.5432150544127,-2.89842776778398,-0.810520083328096,1.97466334326965,-0.645393714396616,-1.82359087571926,-0.20248175895935,0.434738694123617,1.86192312061439,2.61067414162317,4.04758220703957,-36.3709994447239
"npe_median",11780,1.59530275426666,-2.41835871572161,-3.04478930910245,-0.805493301443505,1.92728044696248,-1.31631418322496,-1.70013045468699,0.00448988344680015,0.106084972772339,1.77213447342371,2.55562829728308,4.25632188796324,-33.2280277073241
"npe_median",11800,1.36097637682318,-2.50049292913398,-3.0053947801601,-0.750160146691832,1.81018220153389,-1.72414183482967,-1.82567316780789,0.0432386224311357,0.207904213494484,1.78669983084622,2.57849907082174,4.38379158697075,-33.6402665021445
"npe_median",11820,1.44792041494328,-2.53867004487939,-2.98846429458211,-0.829508775035535,2.1931568094653,-0.163344299914297,-1.75863510244796,0.0983383309329896,0.133553045327746,1.44342198814667,2.81657394109225,4.72269161301341,-37.7148018027599
"npe_median",11840,1.46303376915824,-2.46128556349643,-2.99268628376465,-0.761429302295999,1.96380305992644,-1.63153837796374,-1.71599490293628,-0.0716047909971381,0.40845623769538,1.942662866625,2.46057342656544,4.72863647645451,-34.5453977454828
"npe_median",11860,2.03418064127223,-2.47069144608939,-3.02157314854774,-0.789309817196201,1.91106090730334,-1.301798031263,-1.72010006209034,0.000556624310096752,0.105630192573308,1.94467048749444,2.2921277584783,4.71492081642268,-33.8579731822598
"npe_median",11880,1.83376622769827,-2.51680045993686,-2.96236117700703,-0.809459339039584,1.8670183064094,-0.963867561996764,-1.72780474476274,-0.0237661086773488,0.141369864299649,1.83204655825108,2.19862862096552,4.86390616006398,-31.2450643433382
"npe_median",11900,1.64755107475486,-2.54960580280105,-2.89996300694885,-0.799372998006075,1.89774080634426,-1.26046348031199,-1.82888145676152,-0.0829289597434928,0.0880288365096824,1.90358746645148,2.62545606465358,4.64678992197475,-31.523703197182
"npe_median",11920,1.60766626027919,-2.50482012931837,-2.94648695368459,-0.793739834810579,2.04485850916184,-0.864674309327666,-1.85984429463257,-0.13332129460119,0.187115607389004,1.74046183895471,2.76974572191444,4.89941453691375,-30.9044273831527
"npe_median",11940,1.92926799442802,-2.50396084489745,-2.94516909351338,-0.853632723085488,2.12052619492911,-0.573758669199652,-1.98982460038111,-0.110377146048172,0.208147909056786,1.41570192348594,2.91268481942391,4.59328461856569,-35.9506081186466
"npe_median",11960,1.10897679375446,-2.51465048772183,-2.91094380388892,-0.789776155682296,1.50197399993379,-1.43470696369956,-1.74992728041517,-0.0565761340058219,0.268020135022418,1.90267908078617,2.2766919628974,4.5413371214641,-37.3806486269531
"npe_median",11980,2.03398438236224,-2.52450659395093,-3.06551388982411,-0.698405861475236,1.60259285634808,-0.946057470332279,-1.83736534775467,0.0549751790012684,-0.0475172319499061,2.08682119918586,2.23802051812883,4.64214658102135,-35.4854511981644
"npe_median",12000,1.53139627191928,-2.53210328088923,-2.91002327629578,-0.769413067511713,1.82077069119348,-1.13491201042641,-1.95563404423138,-0.0573538343344514,0.404011273175075,2.0026303540157,2.66109514585789,4.59908279377621,-36.5305272462784
"npe_median",12020,1.76450318165292,-2.60707479742498,-2.89077140152992,-0.77592505199895,1.75289409809804,-1.99270445498807,-1.90940827690494,-0.278953484601573,0.202931262263527,1.84783177639955,2.45287476924545,4.28029712962356,-36.3394575260855
"npe_median",12040,1.58993006274436,-2.54507157045657,-2.99833927429285,-0.727682815787697,1.77590436657795,-1.65262203990163,-1.90246963958029,-0.0740281735359112,0.157517680364317,1.7221603458359,2.26505668351953,4.15144527905152,-36.3061599230068
"npe_median",12060,1.70220031079222,-2.43478352111776,-3.10772125094022,-0.750726731968886,2.06167130537181,-1.00429336787505,-1.81855132623644,0.0221083069231193,0.141033576034073,1.48667170899074,2.68225724688665,4.72448519378739,-33.1551557046847
"npe_median",12080,1.92868356047777,-2.56183054831281,-2.96115432361047,-0.741931649846903,1.78279569228967,-1.01276497566447,-1.83079461312525,0.000969282444713199,0.447806273851611,1.49102218164143,2.46285721421791,4.77645358845632,-34.1160010267802
"npe_median",12100,1.88461622814636,-2.52858094591763,-2.97800825387728,-0.743695268468105,1.9539936695722,-1.12457817347685,-1.82841771820665,-0.127534041788578,0.394766776587662,1.3667832219575,2.73600891887446,4.57225833374122,-32.7854384940007
"npe_median",12120,1.78802900927955,-2.55308967254792,-2.92787558365203,-0.775540069425644,1.95215277197092,-0.999516629040186,-1.66390830612356,-0.155114111152784,0.279575752171796,1.42655482816084,2.86927796604216,4.78991784898201,-32.9846585484073
"npe_median",12140,1.80276114328786,-2.66914896886802,-2.88306783318759,-0.735664469012452,1.86308566704616,-1.76304319914657,-1.72958221112946,-0.189089219257355,0.223661856717817,1.76540683535377,2.58536718034137,4.40305204994498,-34.4093284769764
"npe_median",12160,1.73934435796985,-2.56549876731024,-2.91983480400382,-0.771906965493116,1.95276879182484,-1.71075992130261,-1.7108848316717,-0.221176262245939,0.180086478525273,1.8437894798915,2.81586424586478,4.19114688093231,-33.5072570483282
"npe_median",12180,1.49666624665799,-2.46096249871136,-3.00460792697919,-0.715043565464354,1.7940084495689,-1.7108516304787,-1.76599682145718,-0.200560484668078,0.187152203707738,1.87468176739451,2.59301257192561,4.33176746350193,-32.7972890437893
"npe_median",12200,1.92222138260237,-2.53383427760351,-2.98426928137467,-0.735103399633665,1.54188398590534,-1.45764309283079,-1.80596353275133,-0.0987649250864176,-0.0662913985105866,2.03256320814784,2.10091479346373,4.78546163039511,-33.5185404405281
"npe_median",12220,1.78190130308896,-2.49508905971464,-2.93188617044147,-0.819647344366269,1.8607816772794,-1.04091176806702,-1.7194120065635,-0.198479678360909,0.0468786180160599,1.71479366539054,2.7648575510678,4.19574885505374,-34.6384164855342
"npe_median",12240,1.59129940760377,-2.48761364410952,-3.0347987018311,-0.796143941751847,2.07753850696613,-1.1315378408675,-1.7929228755668,-0.0588892781739937,-0.222481937274617,1.75111017481684,2.5741873546509,4.82944518832806,-33.2194287073151
"npe_median",12260,1.77749386378442,-2.54100591820021,-2.99305546506867,-0.757741032659242,1.597967074187,-1.74097006086618,-1.83243599225158,-0.00157911662420643,-0.15188336496373,2.0010724289282,2.01514277223566,4.56159535058199,-33.81142498158
"npe_median",12280,1.68025446603846,-2.54873889908998,-2.96752119099905,-0.791513943863249,2.03755332587294,-1.57216971392991,-1.89939033072008,-0.053252957427747,0.0953878527696936,1.85139989883107,2.35334656567273,4.81093559341451,-32.8198319115893
"npe_median",12300,1.6695836552173,-2.56550149639857,-2.9161425122228,-0.844723794505499,1.96510099206927,-1.42960850587384,-1.73546139026331,-0.0401070088179473,0.0447631458586039,1.50241041429786,2.63545610499393,4.79225507729551,-32.8711796297296
"npe_median",12320,1.50899863468756,-2.501527534064,-2.96839891142825,-0.819115857557849,1.95565821910335,-1.08799114541583,-1.861171797811,0.0114926646606502,0.120144316954347,1.66734697201058,2.75755019786966,4.66685633183749,-31.37438566355
"npe_median",12340,1.83465941992854,-2.50591587561176,-3.02941857679527,-0.807959146984392,1.97089178436966,-0.749444515240543,-1.75744148365967,0.0599837433808121,0.038177568631814,1.80444045557071,2.70532055644176,4.31422052849091,-33.9276254153707
"npe_median",12360,1.96250387271518,-2.55904422779523,-2.86046011496813,-0.915794100499147,1.78610403017378,-0.972552499561699,-1.67862477242091,0.0699891205269065,0.323609597347637,1.66213886346666,2.52853307102034,4.3084377326641,-37.4004511034294
"npe_median",12380,2.02735430786499,-2.52912330310391,-2.96800239586686,-0.736365315224785,1.66801864906755,-1.89481994983282,-1.65084161717711,-0.0232739489491283,0.373455794886693,1.82599539902631,2.59033880293698,4.09637580615049,-36.7805995909969
"npe_median",12400,1.77427234826403,-2.44481691876973,-2.99757316825735,-0.766386126226377,2.0069557460256,-2.25669337003641,-1.55817153566295,-0.162443070941708,0.408095204657233,1.53383952713899,2.67675604207671,4.7193418304425,-35.5850726875367
"npe_median",12420,1.8168470637937,-2.49550651884808,-2.93993778845073,-0.759343084703344,1.94360839952084,-1.05370548412209,-1.58979770685222,-0.187594173893901,0.352374340602788,1.50558043349474,2.71137522435228,4.70954576055846,-34.8085269355552
"npe_median",12440,1.76286213415422,-2.45941309118079,-3.01065218692543,-0.709081211849783,1.9363662110894,-2.09775648182863,-1.80492355133959,-0.158314625389654,0.411681202715422,1.58597393457721,2.245645988589,4.65582695627005,-38.5739454713533
"npe_median",12460,1.3292522665223,-2.54114403727284,-2.96428162083322,-0.758792341136786,1.79252895697205,0.217811123890056,-1.8589322244448,0.0094487224783651,0.264669169879942,1.88640156688413,1.83589429389418,5.04048824340058,-40.8149006205641
"npe_median",12480,1.84688104489846,-2.55773094125334,-2.95942495464561,-0.71503262903732,1.52326860074536,-0.731928378327214,-1.83694213819732,-0.146046148133138,0.39811916603088,1.9154385110941,1.7704038553357,4.6334831847834,-34.8981580855885
"npe_median",12500,2.02613829861744,-2.58797876448904,-2.88335284354354,-0.795071705158013,1.5923782976065,-0.600845966629328,-1.69075046631687,-0.20812079029777,0.436405305114577,1.98089557356141,1.58442199308034,4.77306585745857,-36.6695027456362
"npe_median",12520,1.89651510744631,-2.46017658881154,-3.07117131103913,-0.688716044305642,1.54406186739069,-0.87842725093555,-1.79146983273976,-0.0952953948663701,0.0472028738148312,2.01833009746365,2.14392504592589,4.68744982117405,-33.7142030162496
"npe_median",12540,0.954640794732029,-2.43026161132045,-2.99788907534704,-0.806663763936956,1.82686022365402,-1.15363663431687,-1.86791673778564,-0.104813107067377,-0.0284141227187985,1.83632632729951,2.4355001652789,4.5824488955229,-37.4359306103301
"npe_median",12560,1.38681939014847,-2.50110067973856,-2.86444784601128,-0.830902223865394,1.57877517718984,-1.18677618553944,-1.8172221888166,-0.231127241016919,0.489229734561429,1.84780927104636,1.73169893308598,4.71788324383611,-36.0247573733856
"npe_median",12580,1.55173335124068,-2.49981284403306,-2.88481831807866,-0.817521175789776,1.7192314254907,-0.828862399016507,-1.62609325461926,-0.270072501090804,0.570446005176974,1.56937697201627,2.05665355409359,4.40690966371708,-39.1620192703259
"npe_median",12600,1.50033615334171,-2.49365552966621,-2.99662925147915,-0.714982437424568,1.72933190979582,-0.935116733792078,-1.79507247525079,-0.213910487912102,0.0777840403169738,1.91375030175126,1.89160392234847,4.64651282202445,-35.9684491244997
"npe_median",12620,1.77006782770388,-2.50753865696885,-2.92316189222012,-0.853731005544739,1.96801435511925,-0.91799382573264,-1.7783469872381,-0.072753455292228,0.244861800213314,1.668024267038,2.34131797844067,4.39492030893732,-33.5522152000002
"npe_median",12640,1.39129966869533,-2.524139747169,-2.9104176043796,-0.776232792248045,1.93714504610468,-0.843722786611716,-1.67721439762785,-0.218188086482229,0.316721112105127,1.75467995862209,2.4823295365438,4.44360366828055,-33.7857107706716
"npe_median",12660,1.44046602186812,-2.53413647349259,-2.93343703841418,-0.774666157199164,1.90982112274251,-1.0529346985715,-1.75222642362944,-0.0830014107689993,0.360776913642364,1.52484633805621,2.28472868926008,4.94530305847995,-34.4082504635501
"npe_median",12680,1.44803039676119,-2.47285578162798,-2.89553760670896,-0.905270143318715,2.19354050503042,-1.34224848326449,-1.73041763342404,-0.118588415532275,0.336775901540807,1.46129256990846,2.75049213642704,4.95478378053183,-34.1121587718519
"npe_median",12700,1.67392383026352,-2.54955161166484,-2.94314639112996,-0.871823708994328,2.21452799868586,-1.7099328217056,-1.60782448767473,-0.00879707122465384,0.421181930660508,1.23689574213695,2.79869048540976,5.08175966474327,-37.7630059781369
"npe_median",12720,1.59053697334434,-2.43359927280431,-2.93494443339132,-0.834611759642375,2.02506661357595,-1.88264071384447,-1.82618256573882,-0.0955744283507375,0.411271027073411,1.4351444271861,2.66857033287646,4.80837607174643,-34.3316543681742
"npe_median",12740,1.88123420891016,-2.57334115537039,-2.90672870777566,-0.807186864774478,1.87015032662758,-1.19912911110894,-1.78989380560742,-0.00194159685686419,0.318524302003184,1.70307574081837,2.54956686342919,4.73837505688784,-30.5992714708664
"npe_median",12760,1.66470638145354,-2.55865648537476,-2.87039488537901,-0.896000314290036,2.03008324280939,-1.48065562586167,-1.85855552824538,0.0608758860224219,0.342808665697428,1.71612807078719,2.85748130873043,4.59360300537557,-34.7358852824435
"npe_median",12780,1.2047319022032,-2.48100711581393,-2.89713496647769,-0.821025818131964,2.06434087042503,-1.48728262902383,-1.82770524717678,-0.210583047173783,0.417187576249841,1.77087955715404,2.62774764767009,4.7654456826206,-34.1575755720471
"npe_median",12800,1.24878521376486,-2.45089286529315,-2.98728653608793,-0.816362497875526,2.20691232338902,-0.98436022880135,-1.84507592331728,-0.107563695915836,0.232423280178679,1.752441664828,2.79295977272608,4.93195492683302,-35.6767900583087
"npe_median",12820,1.80717170717771,-2.54317092559622,-2.94509121059768,-0.840427735834659,2.02400792488929,-0.423027375674718,-1.68553175666172,-0.0336541326861243,0.099809455213628,1.79704485153501,2.83720641861148,5.05296845354957,-35.7520100160435
"npe_median",12840,1.87478259588132,-2.51677848528477,-3.00538058419877,-0.758294759281601,1.58078532940078,-1.77994802763542,-1.6888953656762,0.130603265220893,0.140968704465187,1.98120620413129,2.39183633434563,4.82778425723649,-37.487768397154
"npe_median",12860,1.89913733046722,-2.48948770893275,-2.90329106874521,-0.776452917069265,1.70899591638491,-1.90108557890902,-1.75015553010624,-0.1978978106982,0.707998520594204,1.76551031067537,2.54503859378104,4.94712521755175,-37.9099585941657
"npe_median",12880,2.05273433376433,-2.55667728576734,-2.88835488551427,-0.801711663334527,1.88900429789455,-1.86736936107786,-1.9125312345212,-0.208915034412253,0.607916747881935,1.51792986133178,2.93999411846504,4.61855872124989,-37.3907134571491
"npe_median",12900,1.46260817009787,-2.51346447002411,-2.91187899232309,-0.826433946365316,1.91492422011131,-1.70976418303839,-1.78070344478988,-0.129194865511199,0.337283913142062,1.58911881728303,2.74710048231193,4.65976770684663,-31.6550959513419
"npe_median",12920,1.54595299611819,-2.44194977737076,-2.97565107003008,-0.846730645591227,1.95193542386103,-1.37661379430087,-1.74519473992453,0.0527645225352649,0.142648634237986,1.55472544061571,2.74678036481842,4.76531589615656,-33.0216448972285
"npe_median",12940,1.65482072079894,-2.52444819281657,-2.93741890902825,-0.868877814892486,2.00109202189132,-1.63136135022293,-1.76379283176904,0.0210627191175581,0.151678986806031,1.59537966421327,2.58247200337158,4.71965881854338,-31.8819177608878
"npe_median",12960,1.85866813871394,-2.51876068456784,-2.95225770830458,-0.791578205573376,2.00196847786026,-1.62872785445809,-1.80635688577748,-0.101612281743241,0.388442791128015,1.67965167791293,2.53150495451846,4.95162991256206,-30.7185331411062
"npe_median",12980,1.69316554826962,-2.53063647474076,-2.95996292819323,-0.728528524429621,1.97254097626297,-0.93489738165766,-1.8311202525986,-0.0842760882816273,0.238646670966107,1.59234190566642,2.88244432132966,4.82126687464824,-32.2979169985639
"npe_median",13000,1.59244795097281,-2.524442140506,-2.96489111707614,-0.70911453199604,1.86100998681197,-0.683606254880028,-1.83259680102425,-0.145903506581667,0.252068227764924,1.55444305387045,2.80804517652203,4.73452456220795,-33.6193076212603
"npe_median",13020,2.04825208023676,-2.66455275632604,-2.91340589140189,-0.756536510932937,1.74484313331573,-0.51738612149866,-1.83770040469439,-0.0606411828820315,0.0173722625553306,1.78920563279303,2.61418569051485,4.84777872134285,-35.6361629187893
"npe_median",13040,1.7804561415238,-2.48721853390714,-2.99331600426116,-0.777971494348993,2.16129728895097,-1.13731129615672,-1.77957852490817,-0.0514755529578173,0.223219737066855,1.58022976913521,2.92544856688615,4.91838288301576,-32.2137111151784
"npe_median",13060,1.75231884672416,-2.56936058340709,-2.91295376767803,-0.819619307864679,2.07019294843348,-1.09269480114581,-1.65251230924326,-0.00637559311365406,0.429162029760557,1.57112588849192,2.69019751211301,4.63631646918192,-32.9142918976588
"npe_median",13080,1.74374121429658,-2.60480543927477,-2.88752585525552,-0.762166203261933,1.82213930862187,-1.34762909869224,-1.72410498785626,-0.168127399050806,0.444092257438295,1.84484719309772,2.51238904714356,4.12221006064909,-34.1729934973401
"npe_median",13100,1.71128584069815,-2.59055718561701,-2.89864519960514,-0.795395676011628,2.01267227650272,-1.92135380648757,-1.70996419896255,-0.146915609877506,0.579055929511304,1.73678051354028,2.87183102335877,4.34318798812299,-36.6371253058851
"npe_median",13120,1.98830313414572,-2.64160058078643,-2.89907577812295,-0.8444872854629,2.01655899030966,-1.19189693433379,-1.76747880024401,0.0183776783004646,0.271369967556167,1.70523908339387,2.69613415352314,4.29534245064229,-34.0015819973304
"npe_median",13140,1.46775211886842,-2.54439758310831,-2.90883072126345,-0.802584458152339,1.92952008272281,-1.27917083551454,-1.89505534647432,-0.00120733103054569,0.468790801039181,1.58720110574898,2.82292794520493,4.69010971921578,-33.4719367143994
"npe_median",13160,1.47206553737897,-2.56107675631191,-2.83549627264266,-0.896377427552252,1.81193803274945,-1.56267855553521,-1.898017197987,-0.175998942510342,0.660666251334806,1.70701122835755,2.44776577613057,4.52643103181911,-38.6459494090749
"npe_median",13180,1.61167776657649,-2.64368663518369,-2.8549471708937,-0.903117601876622,2.05994737865274,-1.50709838626135,-2.00251704198384,-0.0835333876885677,0.210254639317049,1.53580112074443,2.71931754670372,4.70333345835799,-38.2081404650523
"npe_median",13200,1.90735296713778,-2.6399955218517,-2.86041467987076,-0.892727795730736,2.00159587641442,-0.615422579178754,-1.80432716743022,-0.201963091947784,0.167399359466352,1.38835531265548,2.68633642257998,4.51762129838063,-38.268572931702
"npe_median",13220,1.73849724384765,-2.54278183616207,-2.90151653305712,-0.811991404128175,1.70705180841972,-1.18595129509629,-1.84111778758438,-0.153176457655889,0.307813558167947,1.50148858782388,2.44703494703872,4.58545929190948,-34.9590413151996
"npe_median",13240,1.57519722646359,-2.53252507855278,-2.96283919405106,-0.762673081777917,1.70098616492632,-1.37138607787759,-1.8587741643447,-0.00299412626540645,0.0866407235318552,1.67128373855328,2.25752655618708,4.89484718549325,-33.9477827751628
"npe_median",13260,1.84121575608005,-2.54425091499543,-2.97306791026205,-0.820865226847262,1.99548208178844,-1.64678141773024,-1.92226955148047,0.066676891344499,-0.0697531345226421,1.89554540499416,2.1532937978794,4.97565682570727,-35.7058015852074
"npe_median",13280,1.40038937578222,-2.45314376516567,-3.01217158870265,-0.764556981049445,1.93099298695128,-1.76081922056716,-1.82861002948558,0.0132484866485637,-0.00348652711830881,1.77015094111527,2.43755066256242,4.79416795883746,-33.6990189437533
"npe_median",13300,1.48394888656781,-2.4160608379234,-3.04218021950191,-0.759507460116366,1.63044548204468,-0.478797964875563,-1.77826684920404,-0.0659727664920183,0.0427407402114434,1.97835381521362,2.03912212774472,4.51669837012051,-34.8109374339215
"npe_median",13320,1.50187213668547,-2.56195592988457,-2.95203831495193,-0.766790463916329,1.83234256405985,-1.54890821425423,-1.67750218885444,-0.0993319589306016,0.215042116902178,1.75579590204468,2.6315708365379,4.65617415118669,-33.4242422580352
"npe_median",13340,1.7041048303694,-2.56296251257802,-2.93735026134842,-0.805484253843822,1.68248877918731,-0.303951104347267,-1.74499920923607,-0.109150648892169,-0.0535511369862722,1.87150522037013,2.27189983867615,4.54271515846852,-35.766438987466
"npe_median",13360,1.6838678312216,-2.63105040783619,-2.86992758173785,-0.889695979791066,2.06379352411484,-1.61631423237625,-1.83920573753327,0.0174937589071345,0.0380132514114293,1.80094705855333,2.06466537106505,4.91226381013658,-38.2867251267505
"npe_median",13380,1.43623511789393,-2.51161896422527,-3.03285486654795,-0.756631554319139,2.27776691898698,-1.16059439254524,-1.88279489210703,-0.0106272944135758,0.0949893565352553,1.62987961288673,2.80437406896032,4.99622908028537,-36.9533558725024
"npe_median",13400,1.09079152081116,-2.45749135738886,-2.99680593529667,-0.759111674271484,2.06320033160131,-2.03690460755007,-1.9961043731241,-0.121855098461925,0.33823382366758,1.81641476389607,2.69918777505696,4.86355743593527,-39.2873210357197
"npe_median",13420,1.75353613062156,-2.46973151016418,-3.0474293467906,-0.689275201128698,1.93231834122299,-1.62111763301669,-1.78188796130323,0.0101040463493153,0.271152903884124,1.60131724754565,2.85779450644218,5.3936260310032,-40.1519290334055
"npe_median",13440,1.70288500687463,-2.49056316552393,-2.96123031110076,-0.71128756094285,1.77456205838264,-1.91828427832444,-1.77090922583567,-0.0931185264188481,0.24486327941029,1.82386582775825,2.64271722037234,5.21848223501938,-36.9660813731424
"npe_median",13460,2.04483211499672,-2.59233511356025,-2.97369989313933,-0.7517391813878,2.04146786969952,-1.31489789606301,-1.69339306828816,0.0733807373529295,0.306995680939617,1.30276078206021,2.8402755140536,4.85251675408274,-37.1391091978776
"npe_median",13480,1.77906232749019,-2.56072562733366,-2.98863106863341,-0.73732010436077,1.93291056742551,-0.945225967622993,-1.71111376060292,0.0385594993850092,0.501892587633443,1.31132032822024,2.67256686745951,4.70855668553971,-35.635406732055
"npe_median",13500,1.97056363994959,-2.63183893736582,-2.89805829262126,-0.844641628895228,1.87610835965623,-0.632590190597198,-1.67737208355988,0.0991589928593675,0.165733218409728,1.50154570245602,2.74371697682168,4.65082189802304,-36.0760849593165
"npe_median",13520,2.05988673265986,-2.49826281146842,-3.04889277050828,-0.708639064776045,1.76649209899344,-1.44732825675268,-1.87644444663253,-0.0107501341429894,0.0984898693850454,1.77782890594148,2.15161016249764,4.81233209990781,-35.5924925357856
"npe_median",13540,2.12681204589711,-2.65992430814688,-2.93124727267878,-0.776986555918765,1.86654192782234,-1.2617313173299,-1.96558722879628,-0.0141733095676968,0.0259364344346145,1.81210238687919,2.31589199139855,5.05101193551167,-36.3958249265924
"npe_median",13560,1.89259789417049,-2.62739007192927,-2.95573829398203,-0.73467321371503,1.69169208024195,-1.26369171888531,-1.97596230592202,-0.0782593388479016,-0.12917595574791,1.92794129680406,2.11894045823808,4.71036535893434,-35.8958147569498
"npe_median",13580,1.70811880920026,-2.598953180053,-2.93563967313236,-0.742649601868916,1.72716678174194,-1.09256367129597,-1.73192424482175,-0.215872788372673,0.150593378494062,1.68230549067909,2.08841963891973,4.93808502935931,-36.7174204100543
"npe_median",13600,2.06982538458183,-2.59155061967405,-2.90288784457332,-0.832787566852234,1.93490579575363,-0.0774470942175723,-1.60567309389902,-0.148357164177668,0.105863365223297,1.74622184063265,2.35167665544293,4.88683498981472,-37.2808489899605
"npe_median",13620,1.95315866981698,-2.59397755961163,-2.8231784845868,-0.898539691540915,1.8887961089036,-0.856683592401343,-1.55159661800439,-0.104636086149833,0.165499389821784,1.77685913583204,2.24382762702506,4.93355991066397,-38.270853941766
"npe_median",13640,1.55834578227741,-2.58205980311111,-2.90912092160525,-0.792695345005605,1.82089372274431,-1.19498129420457,-1.71840418963674,0.0610667953342346,0.155823823529826,1.84314760151999,2.30527209913473,4.76509122268075,-32.6115841638182
"npe_median",13660,1.5725633731742,-2.47488840323768,-2.95755699750828,-0.823470097165414,1.90071657450538,-1.27070685254599,-1.78832992728058,0.0581889366984361,0.294153861536228,1.67997666078479,2.58832468128981,4.44528167010741,-31.9421724412351
"npe_median",13680,1.61638936600324,-2.51616951463217,-3.0246540447786,-0.722327938740108,1.87016400235384,-1.10902763213596,-1.88037509323436,0.00921734194043425,0.325422854389682,1.90359848860175,2.7154144587998,4.67925378680918,-36.2448424761135
"npe_median",13700,1.73349072957727,-2.43527295145973,-3.13281219113014,-0.659832922835155,1.74031028731544,-1.25331250008268,-1.73041309437559,0.00383547542254659,0.167689388635996,1.86623325197055,2.68568189993942,4.74246293676684,-35.6215682633955
"npe_median",13720,1.71692163797585,-2.50899247493053,-2.9839889148674,-0.692210623087085,1.38036242973968,-1.6253043589285,-1.65648243211893,-0.181895338826742,0.220439837345138,1.95584553211609,2.12054893436987,4.32230939794959,-35.6181217512048
"npe_median",13740,1.3929477075331,-2.50275352049493,-2.96643782052486,-0.771037914760578,1.77388850578384,-1.8056930590478,-1.72372411746005,-0.1629172490317,0.082869580732928,1.8050400632698,2.41676222739411,4.84554909562193,-34.1456075491703
"npe_median",13760,1.60291179582541,-2.52825726104048,-2.87215757641766,-0.814955592640024,1.80021576445856,-1.30254118019841,-1.79444839074548,-0.151753836556325,0.281068862101038,1.76384648285016,2.38772322111554,4.77505122711374,-31.3512402128289
"npe_median",13780,1.22906890182687,-2.43271182442539,-2.92940446661152,-0.836332928186401,1.83240857593455,-1.28299832672894,-1.7743482479577,-0.0808557863471753,0.239650907375281,1.80923670335786,2.2820239337195,4.66005827337046,-33.6076389640743
"npe_median",13800,1.57626359736112,-2.62582161627026,-2.88599553111652,-0.848776811892621,1.95815827508788,-1.73024765115858,-1.71705174004918,0.000849388554279629,0.166575049064077,1.7260515360157,2.58626081117778,4.49805107314812,-33.8636268369442
"npe_median",13820,1.79770878416364,-2.58415062431094,-2.98490243961183,-0.752624165807279,1.93683836613912,-1.1132067542065,-1.77372904468062,-0.0302859771822424,0.0830829159343134,1.81353940359034,2.40001603876474,4.67617985463549,-31.4293290770874
"npe_median",13840,2.02563359907387,-2.59237429315969,-2.96741198676121,-0.782113536180861,1.90702787948657,-1.33119999527556,-1.84845662534155,0.0354328373541554,0.126077152415526,1.83554272542553,2.35511307167489,4.73294791305568,-32.2341982923691
"npe_median",13860,2.02600937412476,-2.54140720875328,-2.92523023805063,-0.883950595361687,2.18648776640793,-1.60517300514894,-1.53093841369988,-0.105948382381917,0.228566757788358,1.52653198474456,2.60593751362535,4.72723872983737,-37.7970573598463
"npe_median",13880,1.69211779286987,-2.5243307054728,-3.03366474461207,-0.708298382523354,2.07572285514413,-1.75398914470237,-1.60566101372659,-0.168888586127557,0.445089794673697,1.4052106534278,2.77769005575893,4.39265432679927,-37.4616039765238
"npe_median",13900,1.61247069416912,-2.44547641560993,-3.10232746280722,-0.740517995821422,2.04376233340255,-1.66953171164093,-1.74830619502035,0.000106023383608277,0.20626558504892,1.63194881769384,2.57544646323788,4.59962441948707,-34.0106681642755
"npe_median",13920,1.89195997536727,-2.46704545839131,-3.09404659378342,-0.698752300505866,1.84474056705379,-0.974407496893832,-1.77390550423449,-0.048515268586931,0.278389493629811,1.72705800177895,2.45356555158303,4.68857374753982,-33.0274516795825
"npe_median",13940,2.04009294683883,-2.51638695827002,-3.0159570417675,-0.760558808235365,2.00863075040794,-0.833663268321416,-1.78344017449612,-0.109271598292591,0.358500749423904,1.61209099678958,2.5725726373067,4.7574481498644,-32.3896687087407
"npe_median",13960,2.13820189915026,-2.64991996018459,-2.88407946192002,-0.788180677386147,1.80215365556107,-1.45354312360508,-1.76040351359304,-0.157039898707181,0.532608092453984,1.57513806904271,2.27333893080381,4.61625335337518,-35.8076768688309
"npe_median",13980,1.92743769958746,-2.6451179533311,-2.94745509735451,-0.760436255894846,2.12601759713345,-1.95516722025078,-2.06183508679818,-0.113421329030992,0.295620420607121,1.42572129259324,2.89093273089755,4.11330360151085,-41.5829245072199
"npe_median",14000,1.91887606040685,-2.60775610610714,-2.94597044781615,-0.775590808839406,1.80464762395421,-0.42204493585813,-1.95370308053031,-0.0239344006847634,0.289375173658398,1.62391008179705,2.58795620865427,4.33352752611474,-36.2788309768653
"npe_median",14020,1.94886925925976,-2.57590208256133,-2.9215491430447,-0.845254289156919,1.86651126601119,-1.7951181469682,-1.85478650814622,0.0393194885703145,0.302213876220221,1.55693230240624,2.41026434388396,4.34363633613919,-35.0385990445525
"npe_median",14040,1.26701058855009,-2.51667882360127,-2.95760266948604,-0.785026867579053,1.89737990137528,-1.16152461638532,-1.83514314883087,0.101235506407993,0.00953733566814903,1.63289264165559,2.86172386013024,4.54232730471042,-35.7060412518947
"npe_median",14060,1.74154248753902,-2.53376087569632,-3.08466405924347,-0.750914974165026,1.88816640259933,-1.99364614700351,-1.88130140034334,0.0801571786859691,-0.238006206857465,1.75986617311403,2.619073145426,4.3480761048441,-36.0203796482149
"npe_median",14080,1.88279973454813,-2.59386303727646,-3.11222081091905,-0.756031193571805,1.85377157995034,-1.41818621190505,-1.81978097158611,0.0708532613983607,-0.82412946809646,2.07966387855348,2.6087597402582,4.80041255510716,-42.2109255622103
"npe_median",14100,1.98896928837998,-2.57618881770936,-3.10571594680496,-0.749666037074512,1.84556308181112,-0.882426279903526,-1.69627772694332,0.0819215356042196,-0.49645032075034,1.77900051260096,2.55751225239322,4.44158772350122,-38.0039179011573
"npe_median",14120,2.01569636726917,-2.53649891020788,-3.08732469059443,-0.717790420383988,1.92767524382683,-1.81841201790969,-1.81449944465641,-0.0805943356632459,-0.464049406506785,1.89004640605907,2.35108976145572,4.72945589569412,-38.9037248771752
"npe_median",14140,1.48610842863566,-2.63282025497675,-2.94167800052671,-0.790818341376703,1.98699261067398,-1.43228555254486,-2.00753563080174,-0.0403855671588394,-0.26940242818497,1.82689823803578,2.8624502493064,4.1593450223293,-40.2566762351918
"npe_median",14160,1.55737593991459,-2.59628351054026,-2.99365871860562,-0.733409793965421,1.83047850090129,-1.08671235791007,-1.72353057949919,0.0170180241433049,-0.0803643715589926,1.77655924587279,2.81581787569215,3.89255245368753,-36.7905654183665
"npe_median",14180,1.64560697787158,-2.69514098597309,-2.81925193194002,-0.82759996480749,1.67078330516466,-1.08608617866747,-1.7276797521881,0.105505129178165,-9.51538766819984e-05,1.85927891429481,2.78962950909921,4.0160593996855,-42.209173167504
"npe_median",14200,1.45816357449068,-2.56345521044142,-3.00106262309164,-0.718955208076464,1.79236738232946,-0.328050901637656,-1.89887554681197,0.0654490054488289,0.0182739375400854,1.8421008305307,2.92587489656709,3.9695328668638,-40.9197817137491
"npe_median",14220,1.53312066252935,-2.56783287478549,-2.91344691556297,-0.806280394180927,2.1158585539178,-1.37301733285784,-1.91666450973597,-0.19539376379792,0.260625373393537,1.64423357149786,2.59514089437496,4.87932134839041,-33.4149741475323
"npe_median",14240,1.67765261437541,-2.54469402306076,-2.92394368686763,-0.766436247170673,1.9573557194815,-1.24702116745569,-1.71194508983572,-0.245992278396102,0.371002790888075,1.84161100727109,2.47847497158033,4.81779135999059,-31.5061712410514
"npe_median",14260,1.85843717816025,-2.53744829836085,-2.96960636399482,-0.73374915951592,1.97042379583732,-0.946177044004856,-1.74482051270516,-0.246842195987767,0.367234683036828,1.82940150602228,2.64217132884396,4.70643561087247,-32.257962054261
"npe_median",14280,1.89136025529763,-2.55274004953429,-2.94058296244337,-0.745175663354391,1.79705586869217,-1.67680833124765,-1.65494827310402,-0.287111813542126,0.323142385002239,1.8770870231084,2.32586159352829,4.77949424282332,-33.1567231416278
"npe_median",14300,1.66173857855141,-2.55946845224101,-2.92340695205085,-0.77775711868768,1.83765447182063,-0.924711144723527,-1.72074846596716,-0.189603735862807,0.255788119027718,1.71116100585961,2.55665918272902,4.38194774549409,-31.6109863572626
"npe_median",14320,1.60006416500459,-2.45423244809769,-3.04654595764294,-0.744858997864737,1.82147741898944,-1.28189821084359,-1.78342166158812,-0.104782699004649,0.100777243192378,1.87137756208184,2.57406079382908,4.60735923759476,-32.0950128560557
"npe_median",14340,1.93377681419438,-2.48060278569253,-2.98272724876626,-0.813493104873252,1.94425341828663,-0.837571684595,-1.7788178751238,-0.0797846700777423,0.273661529028296,1.81307492005363,2.82930800253048,4.46240875151412,-33.6020807605086
"npe_median",14360,1.53429833131975,-2.41651873146126,-2.91166458519795,-0.856779038741318,1.98995903385683,-0.980119921060793,-1.66168064892604,-0.174517999003559,0.438950132680242,1.9471124001169,2.88011170768638,4.79163020407973,-39.6373784773416
"npe_median",14380,1.37201684199153,-2.41070004274926,-2.92968420220801,-0.795312849629763,1.72842428596091,-0.660823546499101,-1.67405603930644,-0.109559753560068,0.444806398299145,2.12955312973987,2.3902076109735,4.82760128642364,-40.2447209577932
"npe_median",14400,1.33342781605265,-2.57595843729534,-2.891996872427,-0.788334503612889,2.10388376565078,-1.03949857518846,-1.78395741075524,-0.129263829779569,0.0451919317975957,1.75363720637927,3.15437877168321,4.82526363685203,-38.5520642505679
"npe_median",14420,1.88110198787011,-2.47756264610026,-2.88916137186918,-0.848105947317695,2.05093472181217,-0.752767516683457,-1.9114976795371,-0.230181704948349,0.498592552113107,1.61924326006894,2.85565431579659,4.76194371136261,-34.880236665288
"npe_median",14440,1.52253008156083,-2.52809421141177,-2.9048452762146,-0.799637188346651,1.91575470414727,-1.36721020763733,-1.82247400462744,-0.263165972101164,0.310443158430603,1.62961323946029,2.52173499910454,4.62330830726148,-31.9865051837425
"npe_median",14460,1.65355039145444,-2.49057498657456,-2.95531429788028,-0.759925964110256,1.9849055144864,-1.43777041241307,-1.76860997523966,-0.289293556021468,0.417453085501468,1.59400307454266,2.80673031305451,4.51994910358276,-31.8974858753939
"npe_median",14480,1.81093875402036,-2.42973640342546,-3.00046634379934,-0.778244144412513,1.99379942608341,-1.6483059039402,-1.79886688307581,-0.25805379598658,0.481642027620997,1.6973906927325,2.53568961520153,4.62713657437112,-33.5110358732157
"npe_median",14500,1.65762045096222,-2.50590010743829,-2.99241985577687,-0.638134651774914,1.51453458314963,-1.39335422915167,-1.84123472186708,-0.122374224127858,0.34663156530741,1.83211023652582,2.11208037731998,4.89798292067836,-36.9028338652475
"npe_median",14520,2.10799441994657,-2.53815514178169,-2.89244770879068,-0.790233163071302,1.68401820982203,-1.75475017864693,-1.92316338076954,-0.172549674503688,0.214019889461347,1.8546057135859,2.48754308736162,4.24346482390824,-38.2762565601954
"npe_median",14540,1.93236299387255,-2.46949159229476,-2.97343138902933,-0.752792436511218,1.98154611006274,-1.76561778698646,-1.78391105334246,-0.232755012643482,0.31092292058364,1.80264247749336,2.25785811320344,4.94004924578398,-35.2679409905377
"npe_median",14560,2.11276095607719,-2.5600695463812,-2.95722222935132,-0.751443859697578,1.99872140780832,-1.89008110046101,-1.70629516699687,-0.179320620254246,0.212059490306819,1.94734925856308,2.40878208378329,4.69526955513293,-36.1368845991992
"npe_median",14580,1.96663427257924,-2.55417888369146,-2.9197760619509,-0.775885518813801,2.01540853636169,-1.79486281604089,-1.73648196977379,-0.150321520749381,0.177337303751388,1.82900905291537,2.50006802496007,4.78151789928376,-34.1521535854065
"npe_median",14600,1.50753597831349,-2.47612933299648,-2.92324693225935,-0.809971707722382,1.83339451711153,-1.08099585232494,-1.64151993028444,-0.187535788279997,0.275451589979456,2.05923663171116,1.92301050914849,4.96143651126699,-35.4287092478555
"npe_median",14620,1.78046066598899,-2.66205894014933,-2.9482457542963,-0.735660321179424,1.81864269527504,-0.889688133721197,-1.67594230057713,-0.0253977569606183,-0.241208473076308,2.0743004051905,2.14492825739094,4.69679261344444,-37.7279598150751
"npe_median",14640,1.59061569855167,-2.50947877351427,-3.00691016506334,-0.688978900973767,1.82172668005407,-1.84659352231604,-1.86073267590081,-0.270162210745709,0.175697057444324,1.90164786012,2.63296741941837,4.76539457823593,-35.4470986795505
"npe_median",14660,1.81271425651638,-2.52783060547177,-3.00229857069637,-0.68567408953909,1.76959624490769,-1.18240786544749,-1.84311828555792,-0.137258993208858,0.360714777845356,2.00200494760415,2.45124231832593,4.85533492113762,-34.1345753135384
"npe_median",14680,1.63729069877001,-2.53762641935245,-2.91295390581992,-0.772437241287153,1.65173589343942,-0.471675706468216,-1.86759368379076,-0.186812501470283,0.506301313535501,1.73394184274362,2.56578808824806,4.51444007583309,-35.9738623170789
"npe_median",14700,1.64863705624478,-2.56616313299749,-2.92527418694303,-0.73065936682564,1.95247716365638,-1.26930126818029,-1.84905308055956,-0.157947810733947,0.530774463461416,1.42808213031886,2.68617669590838,4.83646309118595,-34.0452166134964
"npe_median",14720,1.72811137865774,-2.56539599717033,-2.93433623404514,-0.69614697493573,1.86902231257248,-1.46215178341638,-1.83116956726537,-0.292860978757578,0.206348299194117,1.77651120846602,2.67692364958357,4.52850609427338,-34.3284836199027
"npe_median",14740,1.92922904019373,-2.56245358085912,-2.93705967744129,-0.754298278916177,2.06875860904314,-0.309426334559352,-1.76807236611084,-0.199062309629769,0.400585207520858,1.64591344941583,2.86099511031091,4.67147519658601,-34.3252220972962
"npe_median",14760,1.65664511057325,-2.53078288718974,-2.92649759521485,-0.759457222344626,1.90260820949982,-0.397317975387069,-1.73345721656164,-0.130583494925112,0.042404143882097,1.86571616407829,2.48464214453753,4.88026271602985,-34.4040319526689
"npe_median",14780,1.92024048528049,-2.54067243159994,-2.94505210430929,-0.800832613809752,1.9921806352613,-1.82265142663108,-1.78708307534529,-0.136296292502066,0.27327116287254,1.75225721765618,2.47184186457173,4.99377811596637,-31.5387970821116
"npe_median",14800,2.04050413149121,-2.51539700869045,-3.03021207427803,-0.7856074054011,2.07791577522252,-1.37718525440413,-1.77919192671606,-0.0345478732311282,0.166276891983345,1.66305003958381,2.75550563035413,5.07236135211785,-33.584318773643
"npe_median",14820,1.54919832625556,-2.50657844715885,-2.95620586014643,-0.817030843798512,2.00817391624926,-1.23571326223769,-1.83176879240798,-0.00619838855842941,0.497860521426043,1.47137051520934,2.77827512455805,4.75466606375523,-32.6531273932018
"npe_median",14840,1.39990213015157,-2.44947658490261,-2.95341257510397,-0.794965004332727,1.99253138498787,-1.6257340490033,-1.81927378099348,-0.181011870322026,0.458414870287638,1.64485422320717,2.77457884099266,4.59157543371876,-32.0114978153167
"npe_median",14860,1.61948123745334,-2.61309339855059,-2.80221108514748,-0.91623641026,1.84970977291367,-0.8176411435198,-1.64174369644999,-0.131388373285434,0.7913170361796,1.60326030256652,2.47620524746348,4.94412907894427,-40.847256904026
"npe_median",14880,1.49509412187921,-2.59179004886139,-2.79368276259752,-0.91008352464135,2.17877291340455,-0.373073306948196,-1.75771346081605,-0.237260315823654,0.46969646608686,1.70641188935988,2.87499961974866,5.2059175955775,-40.5486058922927
"npe_median",14900,1.29337766229496,-2.44400953385401,-2.95541708804515,-0.770775599526752,1.98084081621383,-1.38521794448023,-1.64554120718474,-0.217621670706648,0.17323555552083,1.62250315104965,2.75594113268019,4.34734546074255,-35.9712564541218
"npe_median",14920,1.53083064316811,-2.47544377354609,-3.01472090980125,-0.691362022061765,1.86682236730988,-1.49679241124144,-1.86282932663024,-0.275308550398787,0.282023559544529,1.85445868347714,2.14383397878103,4.86190659226649,-35.5999027529287
"npe_median",14940,1.83631391506538,-2.49272649147829,-2.9623829188121,-0.793742928506949,2.08391669489436,-2.11804378788914,-1.73915590854564,-0.0569106478650811,0.481971754063355,1.42369473672589,2.79591717934299,4.99236200169151,-34.2597153091394
"npe_median",14960,1.7061396097582,-2.42480823591232,-2.97102714570943,-0.809580441314707,1.89537683882843,-2.58250517027462,-1.69734226045758,-0.0957001214097641,0.375557254092816,1.61503340381656,2.67274681113467,4.93844231475841,-36.1479373701222
"npe_median",14980,1.80978753610951,-2.43299604399968,-3.11509980472776,-0.763845041342736,1.8762518516805,-1.80991146895863,-1.698141370807,0.167337970916739,-0.254610043386386,1.77509333305433,2.64719287520875,4.81521563968257,-37.1278442752878
"npe_median",15000,1.87199360894632,-2.5521020720111,-2.96146423278649,-0.793953062887241,1.76689087507579,-1.59948001942514,-1.64943087568371,0.0594277425688629,-0.16932269193389,1.79710245271746,2.55096597139754,4.47560621611852,-35.0022077092654
"npe_median",15020,1.71704249875918,-2.47472867033149,-2.96389882957285,-0.786657908754484,1.6961396677919,-0.605204753005535,-1.76144476795889,0.05986229100138,0.212201238924137,1.94128694714061,2.50364054819549,4.56522066098524,-34.4489224819681
"npe_median",15040,1.5428092282313,-2.49387867974702,-2.97079198979235,-0.794414647092472,1.87010178804983,-1.06846444283847,-1.60636263710094,0.0233694187611955,0.12132908256686,1.8084488127341,2.64415991138256,4.58241351560295,-32.4718521754403
"npe_median",15060,2.14068540386923,-2.53373089353545,-2.94269492937923,-0.795511429375167,1.78268008281393,-1.89925214386599,-1.5787518883982,-0.126868240724274,0.365959949729409,1.62784432483494,2.77675451828063,4.19138392224577,-38.3439154527909
"npe_median",15080,1.94148763360008,-2.51369029454171,-3.01105419221277,-0.756773091835236,1.86223622001346,-1.8399615188305,-1.5386620532879,-0.147650188676836,0.0901758823614323,1.81139430429973,2.63726774430889,4.3879511859685,-35.3239887144381
"npe_median",15100,1.82046339563161,-2.47490651017364,-3.07383703685634,-0.698476332554655,1.93932302374425,-1.32644135241928,-1.74521943094192,-0.192212398398335,0.176162134399365,1.54212355026334,2.78248894447665,4.70839087973787,-34.1764998628268
"npe_median",15120,1.68590321746032,-2.56681973975843,-2.98304844924553,-0.696781313442688,1.97396155162176,-1.4917651434104,-1.740475461882,-0.266636253064664,0.0997892969143181,1.63308638736257,2.99561006124856,4.56586111828607,-35.9304754265008
"npe_median",15140,1.58202588318419,-2.39535217779805,-3.04532017801676,-0.716649504575911,1.94920835229127,-2.17160914201284,-1.72284404029808,-0.326220623087644,0.244100304250036,1.95567047532329,2.51044842671029,4.73334710307214,-37.6011886941591
"npe_median",15160,1.86148059795247,-2.43138816937926,-3.04510094810993,-0.81300321970201,2.20840085465258,-1.07942882702461,-1.80396055042405,-0.207265647453308,0.274247042384578,1.5715192311275,2.94823063817118,4.73892991585927,-36.3567489780863
"npe_median",15180,2.00007429801662,-2.56956577199011,-3.04796583848294,-0.727470984832884,2.12775968665871,-0.53186095662554,-1.69137506848082,-0.169636123748723,-0.0181031238607171,1.59725107082036,3.12158212336078,4.49412085010747,-39.0565750693708
"npe_median",15200,1.7204495909854,-2.58701127512217,-3.04143080338645,-0.691788276906419,1.92771152873209,-1.03471419530394,-1.86150937521259,-0.111270104640243,-0.228214535412841,1.78883580939151,2.80338588682468,4.4654419318474,-36.1029371449804
"npe_median",15220,1.29801672295777,-2.50628894924288,-3.02114403060961,-0.706518461799562,1.91102313107592,-0.313366625989649,-1.83990287945412,-0.122753893553319,-0.145517706622326,1.76772756886123,2.78264264634365,4.62623277535121,-36.9392744089658
"npe_median",15240,1.27557992232772,-2.525834495053,-3.05634326945626,-0.722796100648247,1.8923241731882,-0.377076670052763,-1.75931928265817,0.0708584499645383,-0.245439310531312,1.63936489739463,2.68812087497032,4.8222631173834,-37.4422586002004
"npe_median",15260,0.961193952733333,-2.56094646045455,-2.97921241509556,-0.736546626402824,1.87903372801047,-0.313877208771515,-1.66492940208888,-0.0119638066320092,-0.141893707892248,1.88320761722576,2.31777191782937,5.33842770899806,-43.7649572505156
"npe_median",15280,1.34820715847377,-2.42817928786984,-3.08167273966813,-0.721364607083745,2.06246396486303,-1.55677566853862,-1.56975779009249,-0.00445791405767896,-0.0802923988705954,1.93616035495785,2.63174709487582,4.52210624926238,-40.3280044431787
"npe_median",15300,1.61441240058851,-2.56901184373262,-2.9748551439327,-0.802893786645758,1.86126025607784,-1.2648632748379,-1.70595130925429,0.0307340083826818,3.60893508359536e-05,1.84506590477768,2.2871920408762,4.86639748048113,-34.1105927914898
"npe_median",15320,1.55190929624591,-2.586133033712,-2.95398859734725,-0.722627808270942,1.82587637573299,-1.19295304867359,-1.77830590521329,-0.141567852722729,-0.0823057766626644,1.80167530454749,2.32877774924137,4.77502236300614,-34.1772173476923
"npe_median",15340,2.01049546192672,-2.6746241017752,-2.9385784073144,-0.760009562119397,1.8032633457201,-0.624006051675646,-1.80097490478341,-0.0218600061953539,0.109964672232842,1.75664121554426,2.1926361485098,4.65815135516002,-35.6456429298042
"npe_median",15360,1.72221081688848,-2.51919443159727,-3.03273100606573,-0.732692483683132,1.87677429151439,-0.782990629965968,-1.70432055343431,0.00586843734477068,-0.0444723006194929,1.60076846955382,2.31262552448074,4.34310254386679,-38.4422638890774
"npe_median",15380,1.76281793137425,-2.55710188190134,-2.90269664582501,-0.836785642274874,2.01898423094106,-0.705158737413063,-1.84105582697484,-0.142107228010792,-0.258781294351368,1.80624754439897,2.60832341943715,4.94107209392124,-37.4556445427842
"npe_median",15400,1.8513770304728,-2.46273142747984,-2.97247846088132,-0.837849216055913,2.00851419971868,-0.52115210097838,-1.85095044066759,-0.104033273930229,-0.141324153656437,1.82842443294694,2.61867726340884,4.91408631333553,-36.3496912504341
"npe_median",15420,1.93610119509608,-2.53928721979665,-2.86012703822486,-0.843649673220971,1.80817579890912,-0.255484190835698,-1.73553152583724,-0.232345771190944,0.542193528904033,1.76661030236515,2.54658259962293,4.38823132076707,-35.9219484422268
"npe_median",15440,1.92126390487877,-2.6154414831537,-2.88654140593739,-0.818982062721647,1.86883045089013,-0.978763137800488,-1.66759789255239,-0.163849741851222,0.0723240354828294,1.87599678518279,2.68585421942133,4.35524270224025,-33.9736592763809
"npe_median",15460,1.80071360658022,-2.52606049391986,-2.92030715581199,-0.81944961090451,2.00649428272805,-1.15820283344874,-1.65722688340919,-0.0134220191720271,0.335696017976657,1.79958908206156,2.7327495987893,4.36158125976853,-33.7658794205533
"npe_median",15480,1.78528373418681,-2.48324299777118,-2.97638164234151,-0.793717466891324,1.9063282572535,-1.32243394740471,-1.7306361237593,0.0162760459894933,0.176888674966411,2.00346092594811,2.38929396963586,5.01055662670513,-33.3010338658028
"npe_median",15500,1.34484916052149,-2.44857518241138,-2.96477841822587,-0.78063193859572,1.800042088051,-2.07959469638633,-1.80721057309313,-0.0753942370459837,0.195113295548883,1.9805544710056,2.37395620116286,4.98670072010345,-34.5998281479875
"npe_median",15520,1.41617734368348,-2.47255947288947,-2.95980644895293,-0.790771254089372,1.88521353113533,-2.02947730653505,-1.90738926533773,-0.0166271585106517,0.139038534084514,1.96819558480251,2.34545184240318,4.65140779568684,-34.6674209401924
"npe_median",15540,1.42693828946326,-2.41531640491291,-3.08093050147531,-0.703532984351903,1.95123363340074,-1.23816840973943,-1.80434007860233,-0.116300240856398,0.331265486297032,1.80285755486547,2.65683576111459,4.70048556748538,-33.9230196841933
"npe_median",15560,1.102439730792,-2.43385932484496,-3.08131916662579,-0.720941084950207,1.97751088994319,-0.623142710782141,-1.61127381354447,0.0192452913342155,0.204643109960154,1.48586794689784,2.78954667640719,4.67817807927426,-38.0610985075541
"npe_median",15580,1.27312598081535,-2.55060261393585,-2.95549464491571,-0.833720143924417,2.04087972160491,-0.367962126604585,-1.7589558056543,-0.0852368083312078,0.135999637604633,1.47702918849791,2.8473267872503,4.54854762305522,-38.5849698638328
"npe_median",15600,1.36510763538458,-2.55021267320485,-2.94761994431808,-0.807010247631141,2.206159811803,-1.06635331122665,-1.67883495419609,0.0258095033507281,0.253258202222215,1.56835707555506,2.84349923081102,4.85522964981496,-35.3408496881795
"npe_median",15620,1.52868476115082,-2.53584171638438,-2.95354824535034,-0.774802376555679,2.07809900214213,-1.56540604901348,-1.76870226521826,-0.179306059529869,0.480413665081046,1.4210461420677,2.83923225886242,4.78010481864253,-32.8191224137205
"npe_median",15640,1.98358026742314,-2.48851003922885,-2.9734807929165,-0.797619667927964,2.023061221054,-1.46681178490517,-1.94315062602274,-0.171808371564141,0.336823768024024,1.37545104671865,2.81477017719512,4.93092584903104,-34.7481229574272
"npe_median",15660,1.56442671914489,-2.54336127965848,-2.95506421664959,-0.726734797058905,1.89380295319376,-1.93600768710473,-1.88233722265688,-0.149658560437494,0.338101236465854,1.73937446450647,2.75211431781445,4.5558548192803,-32.7193486299972
"npe_median",15680,1.58525355893465,-2.4851937439271,-2.94860937717606,-0.758347375730888,1.73619792948504,-1.76053687295916,-1.83004661625014,0.0286468273086988,0.601562248492639,1.63120718030104,2.23146943935563,4.47314897006835,-37.8524673100039
"npe_median",15700,1.89670723114604,-2.6662098884678,-2.86444212360229,-0.791639832872423,1.56131756830854,-1.58393199725122,-1.7077779766964,0.0223568967722342,0.126996357312262,1.7129835238797,2.23606430650912,4.5012844849858,-37.2499505002951
"npe_median",15720,1.48504553011224,-2.42415636315741,-2.97224060725266,-0.79969663937883,1.721900590773,-1.92707141530535,-1.83045609179691,-0.107612774546443,-0.0662712590900952,1.9750164968417,2.0769548933988,4.47311214264793,-38.0055294951363
"npe_median",15740,1.57798658495504,-2.58333962542942,-2.97630765223152,-0.80172449758114,1.55264727379847,-1.97476907643468,-1.7486498883619,0.087414648294437,-0.481702411731238,1.97380625380038,2.25097485221089,4.08170750359213,-41.0578340743156
"npe_median",15760,1.81918236871346,-2.47698952866866,-3.03594680404986,-0.820984735351973,1.87350253697391,-2.39018208417682,-1.65765630749861,0.0400517168647761,-0.238523021317868,1.72522427052262,2.64386048876768,4.08346035062487,-39.2031222230796
"npe_median",15780,1.54417617412278,-2.51131951402972,-3.00662282484304,-0.749347318817775,1.77471583805884,-2.83135586826757,-1.7331924494454,-0.0575637935257397,-0.163058492085254,1.89323295709632,2.5728005047629,4.1236991217383,-38.9177066962136
"npe_median",15800,1.51817135749978,-2.50097867437542,-2.99542864949916,-0.783352075621622,1.94110880220679,-1.29278726265262,-1.70282938687911,0.00886222425440513,-0.106596440051655,1.80409858850924,2.68475342672839,4.57374174825501,-31.7650221454872
"npe_median",15820,1.38907981833683,-2.4454903237766,-2.93153107449145,-0.867419777669275,1.96972607690676,-1.18971268589893,-1.6383707884263,-0.0835098070959051,0.249092609362952,1.33047171724559,3.03151536345652,4.6156078034267,-37.3411212393304
"npe_median",15840,1.70983255146087,-2.43091394528766,-3.01727804886615,-0.855500691508521,2.09455425829273,-0.750027144192075,-1.53911014156149,-0.0625533852415563,0.0921983710051164,1.44972044954997,2.89335459565621,4.49531882723008,-37.0132659013671
"npe_median",15860,1.72627580820949,-2.4327477437764,-3.02123588734755,-0.83753026613328,2.10440613872106,-0.668181248458464,-1.61578322797152,-0.0682086705173175,0.0158453204137245,1.44533679583259,2.68690107995543,4.70296750318127,-36.8671028327339
"npe_median",15880,1.86014222387645,-2.45923998595205,-3.00717374642795,-0.784492963637571,1.97423211759607,-1.2375730121929,-1.62363009364429,-0.102008750842352,0.0740168788095132,1.59083681124741,2.50153102307931,4.77796843021169,-34.4808048296422
"npe_median",15900,1.9393020166881,-2.47930588604591,-3.02270696597406,-0.771483167493777,2.13782009408295,-1.35337024867178,-1.63575187677174,-0.191598538869008,0.0314439245441393,1.60695988728124,2.81048909225694,4.6667371714044,-34.9490425121383
"npe_median",15920,1.48826894516344,-2.54039237865633,-2.93540948141182,-0.815187091789462,1.94876613445302,-1.04571449362345,-1.80936429915631,-0.0884056408476423,-0.0905564519634995,1.75010359210364,2.25753830686678,5.05123316539523,-34.9529019726876
"npe_median",15940,1.4877227729906,-2.53104090224936,-2.92607926764021,-0.839384655549556,2.11990395011436,-1.04699568461579,-1.80040061667678,-0.0890527142898018,-0.116258471634867,1.73827114269374,2.56796635442506,4.92042110984114,-34.744974838648
"npe_median",15960,1.83384591891673,-2.57608316110743,-2.92576394557004,-0.828373361607905,1.89085803794505,-1.53407960820104,-1.72378111657786,0.070771827663739,-0.237192272557371,1.9263128525479,2.34522902313392,4.77161031647183,-35.3249542584325
"npe_median",15980,1.58493434955365,-2.47544351404525,-2.95651884111463,-0.818746972368465,1.85187206755274,-0.791197647952209,-1.77278807947789,-0.0522147698291732,0.23113300789354,1.84645681933968,2.5582065632432,4.79123958231552,-31.7467187999112
"npe_median",16000,1.68449800123795,-2.36231385754248,-3.09132099007338,-0.754038712393466,1.90902773956543,-0.698208751023437,-1.69655724573109,-0.0536838078962633,0.232972823056806,1.71138366789726,2.47871128376148,4.84976820059364,-33.6026351102026
"npe_median",16020,1.87387824707588,-2.42460671946975,-3.07733265547885,-0.780377002661457,1.99456102983069,-0.954897254841236,-1.82727642003367,-0.0652454834239979,0.0043263359103358,1.66768344954125,2.56185067284583,4.74692478892474,-32.7671408286484
"npe_median",16040,1.97892480118308,-2.47293985722629,-3.08743226244126,-0.763186044047094,2.03415127135792,-1.47333990190951,-1.77073159809442,-0.0705817475887877,0.00141168429698446,1.75918807661428,2.64232667770553,4.76430032014663,-32.8607096007352
"npe_median",16060,1.88332288447431,-2.47786743802154,-3.06846338066054,-0.767786542044585,1.9454964019476,-0.911897697764604,-1.756284528176,0.0918893996924854,0.0229453194111975,1.56810505003909,2.81812971306374,4.89900047022451,-33.7603456694657
"npe_median",16080,1.9632661122053,-2.54084452092272,-2.99946498763477,-0.730615422019471,1.82612639966747,-0.212963993598248,-1.73673760438594,-0.0838893457941588,0.0920906481207195,1.82394353755745,2.56361432904426,4.91349817908423,-33.2400124501683
"npe_median",16100,1.69392132838005,-2.55150991950714,-2.92305006166444,-0.767177794558302,2.09062447980448,-0.446540320688461,-1.75578653060737,-0.166854516595017,0.070321227300698,1.9632370044224,2.84207098336465,4.64605387690847,-38.1527704535812
"npe_median",16120,1.91915817523341,-2.55366971822823,-2.98344462617233,-0.697257060486859,1.57481990161196,-0.42801360298506,-1.51179402321161,-0.0429155215235169,0.14921080157678,1.96057342091408,2.21582167246898,4.7199608809755,-37.8003567182672
"npe_median",16140,1.79793198760824,-2.49073083839711,-3.05828719453369,-0.67514950410759,1.8724430034137,-1.44225559130166,-1.6227996664234,-0.255378104427703,0.089121739720263,1.83406950032033,2.60680213947607,4.45845667913524,-35.2235703631453
"npe_median",16160,1.67035126398452,-2.46535706753308,-3.01367775403145,-0.795295818236443,1.97538819764488,-1.77121997124554,-1.7261622904133,-0.0922813187662626,0.396078342545576,1.62740413359724,2.34687237717215,4.54484582530993,-34.602263356519
"npe_median",16180,2.00381377095069,-2.54332750956455,-2.97529271505757,-0.766309461088312,1.87121901593734,-1.69154736278242,-1.85871518748686,-0.0962478459102955,0.262467419110023,1.7881458250943,2.30044569553713,4.34980963885148,-33.3623569717408
"npe_median",16200,1.55526016991612,-2.61308593619716,-2.94160587267677,-0.738353661663842,1.82937431233178,-1.52213643775707,-1.75209791160103,-0.0240162188969167,-0.12434302473451,1.92410244124698,2.64563933712776,4.74756122268632,-33.6291531328148
"npe_median",16220,1.75039989570383,-2.61921193673064,-2.96923714726308,-0.721329553989448,1.77451107619119,-0.251998589513127,-1.68268263481039,0.00100283340134123,0.00378070692283468,1.94587529404,2.52157052648594,4.47765790844482,-35.8550996754553
"npe_median",16240,1.52930422836445,-2.42094401071967,-3.0085152036797,-0.723161788796632,1.73392198804651,-0.839644501477571,-1.61979946458438,-0.0162432899255004,0.229498874404984,1.98958329116152,2.25930110616908,4.80135313371733,-36.6137933273133
"npe_median",16260,1.68156978166308,-2.4710128471659,-2.92693521734829,-0.844859543311185,2.07536857736182,-1.21444195529432,-1.84456056854454,-0.0115483057686634,0.365057320152605,1.69795528468332,2.88868740168781,5.10748191197934,-34.5656187328829
"npe_median",16280,2.03106352824934,-2.63111361476481,-2.95087038671796,-0.732097844072093,1.88529305099303,-1.46761111971675,-1.69754377075357,0.0864275044234073,0.22313777943619,1.83506747612362,2.74926430519961,4.9852828226223,-36.4683591212171
"npe_median",16300,1.75547738794415,-2.56669417927213,-2.97131127724463,-0.669366610583595,1.6688211848903,-0.731311888991774,-1.73305430723233,-0.0459489450914181,0.31106276668647,1.84915333909321,2.70756952876358,4.889304869506,-36.4241355746586
"npe_median",16320,1.55938971796837,-2.47875993016919,-2.96423234371072,-0.760187339771051,1.70592225861024,-0.24402310609807,-1.61515341018988,-0.0967857028103307,0.194063972010698,1.94952508523573,2.60495540233621,4.68239489565175,-36.0412514564801
"npe_median",16340,1.96355658865385,-2.56859531621687,-2.95927563516213,-0.767225101691836,1.84258223028478,-0.76091901046343,-1.7764562880187,-0.19025823135658,0.19196507030452,1.93408006760686,2.56462205987872,4.682292880969,-33.7424691936519
"npe_median",16360,1.47893987748083,-2.50138508897343,-3.05042447601185,-0.720681829890085,1.90102796325617,-0.871721792805053,-1.73389438589135,-0.0196948725418218,0.0213332483954745,1.68480205185901,2.61959381711483,4.69463170827332,-32.2028440862947
"npe_median",16380,1.54241719317424,-2.41283057453658,-3.07729895689048,-0.71828831845352,1.89124453052388,-1.51535619005695,-1.77855627978061,-0.0853747228960263,0.136005708536289,1.54591357311066,2.59337354985523,5.04756197104754,-34.7969361538438
"npe_median",16400,1.73633260893417,-2.4706491280888,-3.04720325404906,-0.75836024744715,2.15398164137703,-1.765322460401,-1.72673384921692,-0.110279589649395,0.222784403102278,1.28115997097001,3.05997650911674,4.99791950508033,-35.7957881336726
"npe_median",16420,1.72488479296411,-2.52361745823985,-2.97554376505747,-0.805850450666152,2.04582539554445,-1.2833346296759,-1.79485552762243,-0.0978212360389533,0.385374903830488,1.70421342533816,2.96228297016378,4.74078940614995,-36.6565453381639
"npe_median",16440,1.36914606920807,-2.44811897673889,-3.02142021460055,-0.718156498756986,1.73543056448988,-2.10075962203139,-1.91075083188803,-0.0675852218302836,0.393893164442042,2.0572367210558,2.27518107883678,4.96593554017535,-39.5566971285768
"npe_median",16460,1.49284633818539,-2.44381531552284,-3.0525745305476,-0.672003373822779,2.01866061058598,-2.03837101915413,-1.94593639005291,-0.241468508682364,0.36518246542337,1.89534114503221,2.77828645330965,4.81480948419001,-39.704436788657
"npe_median",16480,1.99450025427812,-2.59407415416413,-2.9825759270264,-0.724641933123979,2.02813028709985,-1.48819434647243,-1.70951439027693,-0.137688812978025,0.639489606307353,1.39804264055915,2.7900409499275,4.72219067351739,-36.5774234483435
"npe_median",16500,1.67307322835144,-2.46849319139436,-3.03540678127873,-0.699594548112953,1.82773443433419,-1.46245610231127,-1.75516233926299,-0.0980940445334924,0.535062037695114,1.74509708185537,2.43959656057851,4.93015240466637,-34.6176894109172
"npe_median",16520,1.92295291255898,-2.4169236094072,-3.04425185033486,-0.742866890212521,1.85233891859469,-1.04153353093726,-1.84471170559763,-0.166534756493368,0.158492802571866,1.88981250660435,2.6891460004815,5.07937328261633,-35.78228843526
"npe_median",16540,2.16499325678814,-2.45550618654196,-3.03750119462126,-0.767308341064263,1.85708406845592,-1.42267804235884,-1.87386588185469,-0.185555076520404,0.107546443250337,1.87372771675057,2.67822996529685,4.52160068921068,-36.6769107815623
"npe_median",16560,1.71330439037848,-2.47283687939655,-3.10154842753083,-0.712149882237858,1.98634410359178,-1.95161539447842,-1.73352451942347,-0.102126006363822,-0.0850019911613977,1.88218205163,2.6147834167706,4.39084497505643,-34.7172426668928
"npe_median",16580,1.79726166197014,-2.48522343361913,-2.96632706235295,-0.805156035736701,1.88231831195611,-2.03872445153949,-1.66481665924655,-0.133811983753285,0.216990321474012,1.68525932865205,2.3864415729819,4.39651385025994,-33.6190114611387
"npe_median",16600,1.68281792370912,-2.41728137573352,-2.97922572114646,-0.825099684539172,1.74759074946327,-1.2335317588547,-1.68047800709046,-0.0145312783905673,0.128676640518957,1.88448853871798,2.35353998794532,4.54574915948502,-33.8994937321653
"npe_median",16620,1.38326533097198,-2.41435556114805,-2.90681130899919,-0.873157036004455,1.99244543112699,-1.45182648362117,-1.86682521755513,-0.187136181607585,0.477399309369481,1.57461154527587,2.89146622618367,4.5996893333665,-34.6021405453205
"npe_median",16640,1.32405570563393,-2.37502888815608,-2.91620877725543,-0.84626708694153,1.77265472669458,-1.33805353724493,-1.78956559098744,-0.256897420870139,0.51733157712893,1.72114792654395,2.29858739791687,4.9675070636057,-36.9882565083479
"npe_median",16660,1.10209378355083,-2.40441447397598,-2.87843218730779,-0.946757332487961,1.88969929253896,-1.19723773808156,-1.87342091167362,-0.0544040511509655,0.281798126917036,1.81053658609431,1.97305942657168,4.99420603110775,-42.3435956746515
"npe_median",16680,1.28524290622387,-2.52612194144948,-2.90553617438255,-0.863868861642281,2.02492918292019,-1.14059626008084,-1.79511535916009,-0.094560364486524,0.424486616171322,1.3575817741671,2.65357413768688,5.23667471893854,-38.109261350763
"npe_median",16700,1.47180817568388,-2.58638072392452,-2.91939516404454,-0.744956876559574,1.54121267519038,-2.0934687478017,-1.86124267050351,0.102119527131443,0.298830255083652,1.86593354449012,1.98437165020137,4.96211807135672,-38.7545862178743
"npe_median",16720,1.51898356589184,-2.42272565073605,-3.03710800565472,-0.700837633780204,1.62329323941716,-2.67468050479793,-1.79244579974153,-0.0217236282847205,0.121221472932918,1.92982204639085,2.10597227189762,4.76858358144819,-38.7514580099818
"npe_median",16740,1.58469307577844,-2.53795194923201,-2.93962880115925,-0.842926415091318,1.86585103953612,-1.45754022623333,-1.78174901105611,0.0481633767424812,0.0629429263638336,1.65322311435414,2.71613859314565,4.396405086791,-33.1130371801673
"npe_median",16760,1.62148661469779,-2.55314189492966,-2.90903515777141,-0.831250986249125,1.98771370551103,-1.72424180160176,-1.7565299631256,-0.0341652416338798,0.111772037571058,1.60931443561073,3.09845309793488,4.34519688988225,-34.6240282852256
"npe_median",16780,1.66304725503455,-2.5215402697351,-3.01897172821018,-0.711565181675126,2.06368344739744,-1.47687125036829,-1.86592828222426,-0.150083966519157,0.165097115925158,1.60996360263238,2.83142113828882,4.4066596237979,-33.0923192902389
"npe_median",16800,1.68799006396854,-2.41402715267213,-3.03821058743327,-0.701568737620738,1.78748667913764,-0.692366420770641,-1.87388602777778,-0.172096203070665,0.259323907197331,1.83106012687081,2.63625957204625,4.7339771585325,-33.3844291391475
"npe_median",16820,1.74710585225805,-2.47339235162454,-2.91719568468475,-0.756192222238179,1.79903199312815,-1.23930060701689,-1.85730602816381,-0.143767261949602,0.559743539958207,1.63751682568084,2.51722310685144,4.61399853367377,-35.1426431007467
"npe_median",16840,1.59755716592082,-2.38224432373191,-3.03944848257453,-0.785984305842365,1.87574830602112,-1.62754018091797,-1.64054438552391,0.0721652419526268,0.240905789042138,1.78658485010791,2.6945600355724,4.69145028441015,-35.6024749689736
"npe_median",16860,1.55635398749286,-2.47138933582624,-3.00718411823078,-0.798883298541323,1.97180679719792,-2.13191603091091,-1.69111875599408,-0.0280020099311765,-0.0208171742611206,1.826444317399,2.32618502656111,5.06693743603174,-34.7535739112675
"npe_median",16880,1.49150844538064,-2.55023548494353,-2.99424041126731,-0.777764588881785,2.05454360187031,-1.35123887101649,-1.88487719960137,0.0855219391636856,-0.0305348238138136,1.99039989391548,2.75002851910312,4.88087632401454,-37.1625589580264
"npe_median",16900,1.68886273799689,-2.5824629826588,-2.97069059561061,-0.740412689960573,2.10361943716128,-1.12975998679031,-1.97962075967237,0.0855130330992976,0.357488983887959,1.85136862776871,2.74028571862868,4.91381003805027,-40.116864416283
"npe_median",16920,2.00436555806927,-2.54197266570837,-2.91831773065184,-0.789111271814978,1.76300866074972,-1.1622035971343,-1.94286023684255,-0.190036399183302,0.296414553232028,1.90444868728682,2.25546281303846,4.79051086495475,-32.8888316008134
"npe_median",16940,1.92970439943572,-2.52503439756537,-2.99925394663941,-0.737840270214133,1.80475746497861,-1.85446170600313,-1.83567302988016,-0.190363411226127,-0.0258842976337968,1.90847294675595,2.24843788673445,4.85415847299457,-33.7768376343761
"npe_median",16960,1.33369296710032,-2.51927163330653,-2.88832117504586,-0.814536466233884,1.92050199130484,-0.586499683065773,-1.77357843376787,-0.187031541190389,0.250512666805047,1.87130974019636,2.41426781979544,4.70987979298087,-33.2305067749553
"npe_median",16980,1.90364987817792,-2.50714260833861,-2.96387227323359,-0.738145727926845,1.66539308250382,-0.482120418749279,-1.63260086168874,-0.0941714840934494,0.331171673618927,1.82332022483385,2.67766634414125,4.7780166828179,-36.1274662404819
"npe_median",17000,1.84010590344489,-2.57571887051531,-2.97432795680109,-0.775692948051266,1.86135237989876,-1.85272380591824,-1.61901282324718,-0.0569999507908914,0.0868934168464474,1.80178427245663,2.5394672404962,4.65699653293615,-33.4296500211657
"npe_median",17020,1.79889935896271,-2.34379667831366,-3.03218202494709,-0.796537862442426,2.00917800732575,-1.28374000699498,-1.72304290708323,-0.236529955614147,0.304080195798308,1.67687355819405,2.81917713830643,4.7969881063099,-35.7026194755113
"npe_median",17040,1.74148731754527,-2.48994727141124,-2.95318846924651,-0.813363905198501,1.86463900741711,-0.603761307026408,-1.73840094987475,0.0303634625306544,0.0730245432814976,1.98425421423279,2.23373553033905,5.21314132731908,-35.754727713337
"npe_median",17060,1.88343089067351,-2.51399152707456,-3.0090740349127,-0.731307124371063,1.88155448363018,-1.07341187066788,-1.63916562695799,0.029619379690239,0.185757051073397,1.79576373336337,2.60959122450401,4.57660010214133,-32.6686316934263
"npe_median",17080,1.7586896388149,-2.51459238390508,-3.04176684211902,-0.740937870925847,2.08561540967411,-1.76227386612835,-1.66907127777809,0.100736908546331,0.165329500051262,1.3994213685172,2.72432005033386,4.94622089099041,-36.1518295150689
"npe_median",17100,1.55138744467747,-2.46434508624443,-2.98989758992262,-0.772183579827246,1.96003902936573,-1.00260175471315,-1.79335752004976,0.0370512239703585,0.259065498302561,1.83049440748122,2.27689257846731,4.75911218655544,-34.0232922501329
"npe_median",17120,1.72657004532535,-2.54531146385861,-3.00908534481171,-0.76240941769724,1.98221355662019,-0.91556871691604,-1.77964606250496,0.128866612521243,-0.0174177625088974,1.98999912097999,2.59959078380445,4.75254990293541,-35.0933406174934
"npe_median",17140,1.79118031786478,-2.54221640337323,-3.00999373631587,-0.734791306796881,1.81560126882212,-1.15878832990847,-1.79507660174822,0.000277570924130315,-0.0995592937189037,2.02036439441136,2.47251681629115,5.01698566979641,-33.0642595101038
"npe_median",17160,1.87273974358371,-2.61394833997006,-2.96474715615565,-0.708455841344734,1.85652952888498,-1.39625672090798,-1.74234559839826,-0.121551592123307,0.136428037525963,1.96268473412185,2.6086511108025,4.66939783916977,-33.0414016041156
"npe_median",17180,1.73137486979135,-2.57380580592795,-2.97306296408809,-0.742594515374159,1.71417983784809,-1.28283850797821,-1.87877845190163,0.00225938690174027,-0.0561797446853058,2.04504545472067,2.2007849170615,4.80246768042047,-32.8571649330231
"npe_median",17200,1.7138412779652,-2.62881519491048,-2.9319617992611,-0.740172146447539,1.60949784954968,-0.638113389773206,-1.81619815393646,-0.0130081302276144,0.0187805593556063,1.92764113501361,2.2818224480164,4.55862817118705,-33.9814380210477
"npe_median",17220,1.64017117564477,-2.51319327944626,-2.98158318486484,-0.746248123295482,1.75566695151443,-1.63795212045412,-1.78316568170812,0.0729578017934661,0.254665954828587,1.89016667430128,2.40542480810838,4.86646198412565,-32.6201137626301
"npe_median",17240,1.88261179998161,-2.54070277865284,-2.91023928556546,-0.79414566167714,1.77252784468357,-1.87891242607595,-1.81621215621494,-0.0927152834107779,0.494079578313349,1.75632278927675,2.53331807486888,4.38363031799319,-32.6973823606478
"npe_median",17260,1.8674811423133,-2.57899248983514,-2.92233520671957,-0.822187197457851,1.86052904705376,-1.13269618790227,-1.77067264155499,0.0161799987392262,0.249328624697192,1.72228119058159,2.46664559204468,4.46689431891221,-31.3560561987483
"npe_median",17280,1.70619572489809,-2.553527973651,-2.96254636111922,-0.822603365974515,2.02303553256948,-1.46958278439923,-1.62068044228209,0.0205363286873557,0.0241183987096076,1.69059629839628,2.57257617257207,4.74254526650176,-32.3149106522857
"npe_median",17300,1.22091318062034,-2.44922309520165,-2.92608410171492,-0.8250630327641,1.96940429391433,-1.06505469821593,-1.67605365824737,-0.237133567607126,0.377552787290296,1.81249396274709,2.4182755428269,4.74487462117639,-34.3564457306638
"npe_median",17320,1.67245954411061,-2.46486213261491,-2.95345649372201,-0.816239011562554,2.17194034872749,-1.32287341507088,-1.51920681233291,-0.352324464710784,0.409108804513239,1.32941769083135,3.08200405181282,4.76287609121391,-39.2123092201815
"npe_median",17340,1.75730274647458,-2.48494300063587,-2.92760565075557,-0.777920601485424,1.75326603047013,-0.354479118666396,-1.74955479413554,-0.145435887829989,0.370821468604965,1.73423665343068,2.45223220266794,4.80972286536181,-32.5292652222436
"npe_median",17360,1.74748295624024,-2.46704984607841,-2.93084605237314,-0.816921360083407,1.73506084491933,-0.26858781191854,-1.92319841192714,-0.00593254796060263,0.226791667890992,1.8012968971788,2.29535655016141,4.587096155995,-36.5273491565521
"npe_median",17380,1.76197009028545,-2.53477745613718,-3.01245889620108,-0.722294361493377,1.68400796012973,-0.887514139043911,-1.7785715525107,-0.0203336234107813,-0.0465370923030674,1.93108259254021,2.36659619113528,4.23936090224831,-33.1596536575709
"npe_median",17400,2.11496730242426,-2.53996642184938,-2.95210787198058,-0.766095120985849,1.59952534426284,-0.713764846637935,-1.8860877665013,0.0492648877422826,0.43301533422992,1.77082265962708,2.1464489958057,4.56769928735082,-37.3905430861514
"npe_median",17420,1.89080939434706,-2.48860850839974,-2.96222963636435,-0.774058174398894,1.71749949308982,-0.390496960186012,-1.61832974575825,-0.103064265867596,0.0608659207823318,1.91189243413039,2.776698634282,4.7535222413104,-38.578589929276
"npe_median",17440,1.22205116285465,-2.5108086297464,-2.9739366348515,-0.764954458309937,1.81919699975772,-1.01783052982987,-1.7969237230378,0.00961801530430935,0.232527406500271,1.97432042433737,2.46393544837944,4.85380356355136,-35.6027841285779
"npe_median",17460,1.30335993610677,-2.57790852687842,-2.92883572491724,-0.756520837666284,1.87193880451035,-1.4655957090618,-1.93915895011698,-0.143363056871674,0.138964571891578,2.03375957882198,2.40469503077129,4.68452976519654,-36.682839299756
"npe_median",17480,1.9415234353555,-2.58417495331264,-2.87231194257323,-0.798244554028313,1.85765605701257,-1.22917895060192,-2.03499208792367,-0.20834623646835,0.314988302980487,1.71285821222561,2.60358588275983,4.56504944678399,-34.8805616279156
"npe_median",17500,1.7006812533385,-2.61439601488684,-2.83320356693227,-0.816175504057112,1.80066897996621,-1.12762451061241,-1.84611332834513,-0.280117320037977,0.499954729779188,1.67828934170271,2.57163494347938,4.41316993734454,-33.9835799187548
"npe_median",17520,1.70599461026216,-2.43101268223066,-2.93510315301041,-0.81714137359278,1.77747246414179,-1.2054756687865,-1.83188397421235,-0.321337135628111,0.340633329390301,1.79240434772281,2.38884780539224,4.28722135156133,-35.3382433241186
"npe_median",17540,1.58852000099625,-2.46430630467995,-2.93268440222664,-0.783669623889832,1.81382672759696,-1.61646302768586,-1.71984676027282,-0.337148495893245,0.315269499501435,1.78965628985882,2.38939184561248,4.45785131753049,-33.8213463695248
"npe_median",17560,1.94923723352199,-2.54376857391953,-2.91934814676162,-0.759759572270902,1.84207290698722,-1.63353743478124,-1.75185019908989,-0.208624186499335,0.307548992246406,1.94424418138965,2.42750157105713,4.70726346282438,-32.1346574047051
"npe_median",17580,2.04600743398518,-2.57455540106869,-2.95631185325745,-0.800244317110103,2.04255942607195,-1.40226144235423,-1.86579377781564,-0.0451093563388901,0.0530212095267033,1.69934620270685,2.87593626501622,5.04060053851893,-33.53383421706
"npe_median",17600,1.90393732756746,-2.5544240873354,-2.98809633093335,-0.710212671794806,1.58934751156842,-1.36383136879238,-1.65605360600653,-0.00841807515405379,0.0437086029076469,1.94668056438135,2.3552571010491,4.47240848081407,-33.6953261188579
"npe_median",17620,1.70648007444142,-2.569798214038,-2.96591192732286,-0.714966267027412,1.77675037308528,-1.15729477639523,-1.65187445631199,0.0211782666139653,0.0890141098473374,1.77305751681785,2.55414620706034,4.78056201752658,-32.9895851251956
"npe_median",17640,1.32516123309285,-2.60392405949817,-2.87097684942257,-0.769418442636751,1.85740179464607,-1.36216402619446,-1.84381946766563,-0.0451064296137618,0.164314322792863,1.65736467636109,2.64253020314176,4.7622408356684,-35.085200026697
"npe_median",17660,1.39038239661433,-2.49892903287684,-2.88711728943927,-0.822957010710049,1.83570193624008,-1.88226488302333,-1.74386906170236,-0.165594675708227,0.298967965819104,1.88438542592119,2.3024786883632,4.87454590272759,-32.8668885046697
"npe_median",17680,1.71553845088484,-2.55326365003423,-2.95708749777401,-0.820366013975054,2.07640012828357,-2.24129512609093,-1.83418326271051,-0.0836242826743373,-0.0574942100241873,1.69495039366421,2.91901726663238,4.90629606886448,-35.2182923840329
"npe_median",17700,1.653456425019,-2.49862708443588,-3.00491702714444,-0.761705161510235,1.89488319058248,-2.49878274608111,-1.85389018261499,0.0055559700763707,0.0439427537991801,1.90876606841209,2.74679145289202,4.37698387834113,-35.336376291687
"npe_median",17720,1.8743925795927,-2.43375378305776,-2.98746578480714,-0.801629599393351,1.5250180309116,-1.08906369051624,-1.99417987540087,-0.1016138531152,0.120347844695833,1.89973777740272,1.97340481443511,4.49673472275863,-37.9376348516879
"npe_median",17740,1.96505509718352,-2.47971979520974,-2.93527790964033,-0.826746000206686,1.57412608435407,-1.99412702650678,-1.78763816860839,-0.066980183147881,0.240862851675258,1.88956924855422,1.87559919086464,4.73145018584644,-35.910819370988
"npe_median",17760,1.66919482565247,-2.48569949224038,-2.99907872091756,-0.810987665581234,1.88260584847754,-1.39938907712581,-1.88029439198013,-0.0578984581550486,0.196864896133552,1.66243126016292,2.46886987363057,4.62645699289849,-33.141050162975
"npe_median",17780,1.74693902033833,-2.47649618169108,-2.95499822187524,-0.793974619682797,1.96911443396968,-1.72485640316303,-1.83857161252221,-0.144587034654349,0.489889842222723,1.59977302836461,2.822027773736,4.95748558474362,-32.81188923051
"npe_median",17800,1.65698198069119,-2.54668582480604,-2.92698023608122,-0.832553458734874,2.11174876203177,-1.44585315514128,-1.7294262445024,-0.159229414650493,0.450711338828614,1.60011001053055,2.56040932218991,4.86344138943645,-33.0386282916913
"npe_median",17820,2.11676639464803,-2.58219158828044,-2.95162053443485,-0.767143644552788,2.01297019020084,-1.4133685956408,-1.69775956202613,-0.0868973265158198,0.413102453407611,1.85681778744238,2.46169541364339,4.88585816620358,-34.5411136102631
"npe_median",17840,2.07232897426033,-2.56378821188061,-2.91572201252004,-0.820396848262337,2.03041054419889,-1.55958009585725,-1.71518621915703,-0.100741415877848,0.293698350153946,1.85741075271835,2.41775438865592,4.93233812464717,-33.3369191986595
"npe_median",17860,1.91776295342676,-2.51697244081229,-2.90506523678697,-0.864114065274465,1.8210527591935,-1.30538949281231,-1.78431721367958,-0.109985324315317,0.18521526689224,1.87395315152295,2.22011601533976,4.9517075474228,-33.2491966873623
"npe_median",17880,1.94504321674286,-2.57875236099618,-2.90734617383327,-0.84702355327652,2.08972776330142,-1.58658516933296,-1.82156122866411,-0.0844154389887503,0.287684764214678,1.63629033395319,2.50020351746982,4.92092558361789,-32.079260895492
"npe_median",17900,1.88033811768427,-2.61016002949887,-2.87237941538215,-0.852093802552205,1.87454448877647,-0.410042829541663,-1.89185025752017,-0.025326630518996,0.300460706387004,1.80492882946851,2.02950575118599,4.94726705394399,-35.5823707882047
"npe_median",17920,1.98603959343184,-2.68439053398876,-2.82153827819041,-0.877384299920682,1.85552085859089,-0.902257405600741,-1.86271106044585,0.0659954041964728,0.241216302785499,1.81050274349168,2.50944961225555,4.52833683307769,-36.1222863445811
"npe_median",17940,1.88385164818157,-2.56329494970886,-2.89056419085362,-0.840939220159258,2.00917444543876,-0.948666727743649,-2.00940893881244,-0.197541852165282,0.498955102996206,1.52089114139117,3.00840843333678,4.56735885504678,-36.4398150945809
"npe_median",17960,2.01323697686091,-2.60589617646368,-2.88236052564496,-0.819765120665417,2.06268703640613,-1.46086646763679,-1.88710127604366,-0.321247454082656,0.439070828446564,1.46292892548761,2.63864660878418,4.86089782657956,-35.2128883093889
"npe_median",17980,2.04003901491894,-2.60218295489725,-2.94669426820996,-0.75984025029516,1.96674316431561,-1.41462720492741,-1.79867725848004,-0.163140773990176,0.29037290588878,1.48809487697013,2.65717106060209,4.74065230150019,-32.5654658549359
"npe_median",18000,1.56118600457852,-2.46574645788783,-3.12234235742369,-0.660973328385497,1.9612484531133,-1.62897143680521,-1.88253608665791,-0.113059489257818,0.114406813876895,1.53541953449325,2.81051686771556,4.49827521302402,-36.4954277355591
"npe_median",18020,1.96148382620231,-2.58794272726435,-2.86048590212011,-0.812818119703595,1.77557085500736,-1.64519500322327,-1.7277096136365,-0.168133303057822,0.26168287113276,1.83983100722305,2.4709301526326,5.07137569398943,-34.0687734116391
"npe_median",18040,1.64155996253272,-2.47780075075782,-3.0025215132772,-0.782344596295776,1.81054768172326,-1.44027155625845,-1.84685827666018,0.032120964401024,0.184915730132128,1.78739835625966,2.62532568902665,4.80241040401246,-32.4004858932954
"npe_median",18060,1.5497276627879,-2.47368793498648,-3.00398005197339,-0.765544374961654,1.75914896944883,-0.902970275478012,-1.8942612662784,0.0199228481647378,0.197086311244432,1.91132296229576,2.43975371382472,4.89465625711766,-33.2122149467944
"npe_median",18080,1.40370086335474,-2.45943485158217,-3.00726568120794,-0.806547179682803,1.91012663017613,-0.925185182641172,-1.84577917315907,0.10972932945177,0.250043506702838,1.60836474826899,2.53873024148268,4.55006259193959,-33.8636022537645
"npe_median",18100,1.73822144223457,-2.5350118168161,-2.88673045647007,-0.842964972004902,1.92391518623803,-1.08554562928714,-1.87440283391823,-0.123124308245259,0.442273125396128,1.71668095915983,2.27753532715432,4.53287144361037,-32.7090293398168
"npe_median",18120,1.79114990579956,-2.51141111886185,-2.92143763512569,-0.797225558276445,1.78478732397101,-0.783408669962348,-1.79589433515949,-0.19384625615623,0.437786592780023,1.82392619920403,2.03352686827685,4.80737183445979,-32.3136965455488
"npe_median",18140,1.74485719223556,-2.46107038938207,-2.96145105364977,-0.783799974743451,1.77526641848694,-0.760485757199379,-1.8836677059892,-0.181685382080835,0.433365486200275,1.80484766752098,2.24756697887824,4.6923884585532,-32.3128163570981
"npe_median",18160,1.83749317265584,-2.49189336519249,-3.06334006892111,-0.730543178737548,1.92847048289394,-1.00661083464551,-1.68008211987799,-0.0137818836500793,0.143139073496857,1.52845416776108,2.74546588350825,5.17242825203899,-36.1702882386388
"npe_median",18180,1.54654567291958,-2.43728991287145,-3.09245464047536,-0.719342733881602,1.78791997416343,-0.365103299056761,-1.67906154066668,0.0283534398402823,0.0547598556259812,1.75913855541753,2.69293786721148,4.80048663018603,-35.6420803768691
"npe_median",18200,1.89691889227087,-2.46711311714433,-3.03066352885817,-0.735804344450556,1.83737915912944,-0.481914955352933,-1.80365646616479,0.0582523803559501,0.273164674608634,1.8994630704605,2.34637170098523,5.01114768020134,-34.9239101405223
"npe_median",18220,1.694575840933,-2.47035807372265,-3.01527449718005,-0.725070665058902,1.80732872019208,-1.08347304584929,-1.81913055191623,0.0518949579421416,0.107028661946808,1.96320970371559,2.19389754324531,5.08448461541604,-35.4148157034326
"npe_median",18240,1.40787422012443,-2.52470623590587,-3.01354789799178,-0.788532755391112,2.05275678598997,-0.586754996128016,-1.61976783914937,0.16117547850327,-0.172525720825816,1.66840206155187,2.53683617076778,4.48174141660825,-40.7568267345918
"npe_median",18260,1.76301584082578,-2.54216824975147,-3.02760525602877,-0.737767939770954,2.04513709637049,-0.929782281514962,-1.75373060028988,3.1816536139373e-05,0.00755733740235857,1.74168684549385,2.43281065469137,5.20675684455298,-34.3661417103739
"npe_median",18280,1.83923976621118,-2.54731768702682,-2.97132962559796,-0.785998200875504,2.04779747716948,-1.62690239056264,-1.8439832839913,-0.0714160012513956,0.23456915889833,1.70196701512623,2.41613431938464,4.8874755836633,-31.7673757363259
"npe_median",18300,1.90255408530581,-2.54843149002554,-3.08926551880075,-0.720816259654196,1.90267352990049,-1.6335947564798,-1.70944100423944,0.146970410095655,0.0129254056711523,1.88616980051569,2.57914240891554,4.64395206807891,-36.0973731329486
"npe_median",18320,2.01177673668767,-2.44493303431056,-3.12710092757081,-0.707369294720919,1.96734237355375,-1.97589733821692,-1.7290290615118,0.0320367011829659,0.241010219222184,1.64774955053555,2.49734198806052,4.81233314736828,-35.7881229755491
"npe_median",18340,1.63305391593154,-2.38827052310248,-3.06569821739456,-0.786038151671236,1.9431834119625,-0.805679577428169,-1.73008182194525,0.0201147591029392,0.186741197152595,1.61242230403934,2.71175203624638,4.8006438613148,-32.8924210361272
"npe_median",18360,1.50315220649062,-2.48053775181998,-2.91756568914134,-0.821390190116819,1.92493514579037,-1.09178730030217,-1.71430717900684,-0.197505034994985,0.422594522366636,1.69358021767349,2.50940197989845,4.47747498456278,-31.5161985155697
"npe_median",18380,1.56742434282117,-2.39659786765248,-3.03657415174588,-0.782648022494757,1.95115563528294,-1.96904267391262,-1.83538007220457,-0.094491753136414,0.105636529992449,1.76224360316811,2.60835524648949,4.85698568669622,-32.7206741695683
"npe_median",18400,1.80752653623837,-2.55312825530514,-2.9188416685186,-0.78079712087039,1.85700893978956,-1.76841161847684,-1.75745284006493,-0.148622712083087,0.353757000742193,1.66884961127712,2.59090043886082,4.58203853683114,-30.4112462331724
"npe_median",18420,1.65943607078169,-2.51393083576435,-2.94145343521019,-0.741048727380639,1.82112809259079,-1.30089349905502,-1.78790274570997,-0.208381556744379,0.281633736730893,1.68217246684581,2.79580519081534,4.40467772899286,-32.0303475655247
"npe_median",18440,1.82809225634015,-2.60637747111852,-2.90550804385094,-0.772049009985582,2.10129624595116,-1.46211741876269,-1.78057424576646,-0.192656656005337,0.349795864835706,1.42739663021433,2.89010473726931,4.735714955021,-33.0574178698448
"npe_median",18460,1.60716265364428,-2.54081071784339,-2.95888672321753,-0.785496413073517,2.05093907200083,-1.23764799438044,-1.7370386951399,-0.164595598374282,-0.0833434827991471,1.64634921421206,3.04260528482135,4.91450762574415,-35.2922066512184
"npe_median",18480,1.8164663482518,-2.49554866016053,-2.98105680885212,-0.729192543779979,1.56660046528702,-2.31019100902511,-1.77757584307019,-0.0838800678142427,0.164006738852698,1.89903685198155,2.32379395155006,4.87978818467992,-35.034832854675
"npe_median",18500,1.55601768178813,-2.48951396060306,-2.9612443163764,-0.713341013466845,1.59631018377297,-1.39466776705027,-1.81821433476919,-0.0535465277696219,0.411162466970378,1.93399541684648,2.39151279281203,4.88872585633267,-34.0360511272438
"npe_median",18520,1.6463324249855,-2.5300035279316,-2.88665624258445,-0.86109230709169,2.14711431154845,-1.65477037036528,-1.89297343498963,-0.140528081910391,0.247440890450379,1.48563034639814,3.35057830254933,4.61545073999513,-39.8345307623224
"npe_median",18540,1.41707814800181,-2.52602198341672,-2.82594461831837,-0.871523252837437,1.95749044933942,-2.73585021283617,-1.79753042321643,-0.187008975013903,0.598548733910839,1.53462456322002,2.71403065579685,4.62055740081403,-39.0023929346926
"npe_median",18560,1.80172651551675,-2.49031441008395,-2.92265598411812,-0.800735750898811,1.86832366677075,-1.8286486383697,-1.60506735644317,-0.0668393958187735,0.350031081788625,1.70107701134973,2.86426044351879,4.18703042516917,-35.878716640009
"npe_median",18580,1.66947668174402,-2.50198047505486,-2.94664436842491,-0.847543995575633,1.99235059893375,-1.66272611063848,-1.55698092705816,-0.163486347481107,0.0984060314304596,1.5672062865569,2.80451769658615,3.91288672784351,-37.7228806681703
"npe_median",18600,1.7440330732521,-2.49381057909576,-3.0400901593029,-0.7068062353654,1.67539080743988,-0.432588246755767,-1.55193033342319,0.0126950930298396,0.02195606633762,1.96303997341849,2.35815715701401,4.45006653430974,-36.8283195539475
"npe_median",18620,1.79246845856397,-2.54793732906133,-2.90350105742849,-0.788909131305329,1.88590826062168,-1.2048025398484,-1.6591935029214,-0.0235723540917463,0.376334307861955,1.73731404509567,2.54932474455025,4.55734999419493,-32.9018664792246
"npe_median",18640,1.78348843039326,-2.58402293789307,-2.96752080480397,-0.738645944930117,1.70511735099684,-1.44168574994313,-1.67093542101655,-0.0150155443591743,0.19988832681806,1.8773777250928,2.35258970790747,4.86242082856387,-32.9626309142297
"npe_median",18660,1.83373571610867,-2.52815584685102,-3.05477491226151,-0.715400163348605,1.51459097254902,-1.60887794988755,-1.81753580596618,0.0250670673327111,-0.00271907584400011,2.18492263472651,1.81471030584139,4.77199400018536,-36.8849177435653
"npe_median",18680,1.29068006296955,-2.4280434305019,-3.03241915662545,-0.744918780454232,1.7229500349915,-1.36768571166212,-1.88937120312427,-0.124104089975976,0.0936256051850846,2.13664293289836,2.05974118109764,4.83151040300638,-36.6498875384923
"npe_median",18700,2.01988539303636,-2.64494948185535,-2.94643093129274,-0.7130713940589,1.64668491242922,-1.05185328467401,-1.96661626260338,-0.146551028860189,0.0720893275949884,2.03719117780778,1.94033456944252,5.00806262554481,-37.6006416510482
"npe_median",18720,1.86168330923241,-2.51587672231425,-2.94718281199701,-0.743279236659735,1.40954453004535,-1.35130664570782,-1.80153646586936,-0.310544041594803,0.287519864812412,1.8129759026417,1.70897382025938,4.46285825071994,-38.9325379934156
"npe_median",18740,1.67821969077214,-2.42987036147066,-3.11560611443378,-0.670287928619746,1.18948757998842,-1.77493099132254,-1.80334269120049,-0.027892026249146,0.259874330493274,1.85722544902319,1.66427101410847,4.26434642624034,-42.267236321098
"npe_median",18760,2.2129848123128,-2.45078457682422,-3.20619489234555,-0.659401088175729,1.6871371782547,-1.78731005884578,-1.93745673638248,-0.0413380505815898,-0.17246327942938,1.9189122802612,2.15834462633299,4.20821513495493,-44.6895639333505
"npe_median",18780,1.55850092771978,-2.43557182479139,-3.21269007245581,-0.654704237592635,1.86430045649952,-2.00928464041295,-1.83766984144056,-0.00429161743740855,-0.100850225120166,1.75118695882558,2.78310620555322,4.21525645000884,-39.9783173342817
"npe_median",18800,1.83682947399765,-2.44240530648341,-3.27049541426209,-0.677657192430896,1.98861892656595,-1.26265471183466,-1.8486186927271,0.10112183214502,-0.288123791104662,1.8580339971635,2.50024171448762,4.70760597901543,-37.881008394693
"npe_median",18820,1.79853366903573,-2.46701703422984,-3.11316075855479,-0.72580120915535,1.83173703431963,-1.6063092543561,-1.82016727615548,0.0604465823317048,-0.0711861887760201,1.80997742813241,2.53037093408328,4.31494654581782,-33.3126098204833
"npe_median",18840,1.71434817395254,-2.43790063174817,-3.11590617501874,-0.746754252336447,1.95403891568902,-1.06845824590225,-1.78494603838016,0.0970149002609584,0.152362975453373,1.66580803929245,2.74095530661348,4.79145947446453,-34.1208076743152
"npe_median",18860,1.93481173187523,-2.60161224094139,-2.98253586562711,-0.757787144060878,1.80065001829825,-0.34140693209728,-1.74766085086365,-0.0458557809083913,-0.223638128539693,1.91001212604592,2.38331001402663,4.56799014246004,-34.9647592199941
"npe_median",18880,1.72411618390858,-2.47621331985659,-3.01871619431987,-0.795067855661848,1.91063047578163,-1.03549200104042,-1.93295983547796,-0.0409441707851534,-0.234319375825097,1.77368015143252,2.67137562852332,4.50967042596382,-34.4474051785111
"npe_median",18900,1.56009255214114,-2.4880837250136,-3.01790844295244,-0.802742066031963,2.04810491824832,-1.06310060349476,-1.88927800578081,0.0274757297279744,0.12191114828929,1.50302880571341,2.87669667440697,4.77311689489271,-32.6670365478615
"npe_median",18920,1.61697270825135,-2.50628922699892,-3.01838667620926,-0.78555536725424,2.08200534939819,-2.06137231872771,-1.84249177408408,-0.0386826021554867,0.232314145153175,1.48320959869391,2.85242346306436,4.69825247332354,-33.8487215365162
"npe_median",18940,1.69513027993292,-2.50532842609326,-3.08665139752024,-0.706273163174879,2.04287787523228,-2.25300377375292,-1.69729340533466,-0.0683183798180896,0.164157324946349,1.45320182611903,2.83934556063068,4.63894046025332,-36.7278419504785
"npe_median",18960,1.86417287926001,-2.49064049163284,-3.03013920992708,-0.757400769263424,2.0557816396049,-1.52207710020855,-1.64483770494698,0.0072359000244343,0.163271284979967,1.51855483477496,2.87232891717342,5.14019802290017,-34.6332884361033
"npe_median",18980,1.83928094437837,-2.49019362568086,-2.97655321096775,-0.78699844176692,2.06402022864112,-1.33020354864754,-1.60473783933719,-0.136414631555561,0.3143152531842,1.56128662090395,2.65318236761558,4.65982632985045,-32.3183676244006
"npe_median",19000,1.75677133098321,-2.46367644850724,-3.02938855471726,-0.77997000866714,2.05648576145159,-1.21503680668158,-1.83714453559002,-0.00859435019440953,0.185988639246466,1.60875015788476,2.7089873983293,4.59978871893576,-30.8633086591939
"npe_median",19020,1.77302798634548,-2.44397282529591,-3.03070072747643,-0.789140294393337,2.01991897613959,-1.09924845959159,-1.86908841882449,-0.000806641030861896,0.160445785229665,1.68223324288356,2.73763075290991,4.55450524401424,-31.3329222865562
"npe_median",19040,1.94695543219729,-2.61017337315098,-2.92484066412927,-0.788844903943683,1.99068562363726,-1.1916515117953,-1.68747846354875,-0.109287523428702,0.136994255483462,1.77626764098669,2.62741866908956,4.67129141629468,-31.0050160087838
"npe_median",19060,1.40536473527128,-2.61145418651611,-2.86486757723997,-0.789279360347988,1.79600566329172,-1.61386375368778,-1.66340959473732,-0.270107484179956,0.406878390648439,1.99174551156852,2.25112711387217,4.65486632161839,-37.6913838783242
"npe_median",19080,2.0059073252371,-2.81636182151607,-2.81331687070923,-0.779079190519212,1.87529328131546,-1.64532255150915,-1.72311221579826,-0.18979789937895,-0.0172349791396172,1.90300675873511,2.6331202032774,4.64015232683452,-40.4864223493056
"npe_median",19100,1.93037323463556,-2.56344671210167,-2.98285733469836,-0.717196536453089,1.72859972354743,-1.42714397235622,-1.69474600973898,-0.0571247030700246,0.362080496509076,1.76541820996289,2.41380472027258,4.67011263156014,-32.1857675535888
"npe_median",19120,2.14411094057989,-2.64414628234668,-2.94815074025294,-0.731505385201376,1.64887430055052,-1.62608600321186,-1.82439805056017,-0.0127590979547115,0.159930865247528,1.98070962985968,2.08022634943305,4.73963824709907,-34.9485947860381
"npe_median",19140,1.79526990440101,-2.52394626799465,-3.14561938957009,-0.700368486980193,1.70989063166594,-1.09904489236481,-1.81765540671116,0.132538207831348,-0.312127285760208,1.98876815438226,2.06153800287412,4.55692499612617,-36.8560532785633
"npe_median",19160,1.91882384071904,-2.42561661425277,-3.00728867292988,-0.892763719702583,1.99880912330319,-1.32332751972554,-1.92246124345284,0.0432326038296091,0.290464704206694,1.64169490385787,2.6798322560492,4.76861899684865,-37.7470853224218
"npe_median",19180,1.75788820370994,-2.42827509264322,-3.10122958482868,-0.721924269747446,1.84627379209074,-1.3787573358341,-1.7681944565663,-0.0468132689423552,0.16152791443447,1.86162879367879,2.28704657186876,4.80757550036404,-32.3871144327745
"npe_median",19200,1.98098158298654,-2.54883158292637,-3.0323224119165,-0.735807089418041,1.79574754645435,-0.858376533100404,-1.78728341095498,-0.00600200753156609,-0.0773399240385805,1.87854840896537,2.37909346591933,4.87720336642572,-32.2307079297595
"npe_median",19220,1.81226097203998,-2.4797890844567,-2.98296017782848,-0.792875339025444,2.10893851997278,-1.26924619073476,-1.81641217351386,-0.220982357412141,0.303844680160045,1.53883052564287,2.74083102636039,4.87214206044637,-31.5869407637599
"npe_median",19240,1.80978563751559,-2.5107349764707,-3.00238804168563,-0.714181948529023,1.93052098872655,-1.2323733151265,-1.7736593991045,-0.0864761992846745,0.324612333576205,1.55759431367387,2.61402432461168,5.13901526508131,-33.0726264561301
"npe_median",19260,1.5136751905283,-2.56679738530443,-2.8818974029798,-0.766893438924031,1.83065938775554,-1.81854577915089,-1.73386069834776,-0.138459507134254,0.395533994178112,1.87807320503656,2.47116132732431,4.81170905272423,-32.7348628361173
"npe_median",19280,1.75834613230448,-2.60621003288127,-2.88304011076843,-0.80346025949778,1.96414941340312,-0.848201069474807,-1.89935038809546,-0.186199437639617,0.289434587684584,1.81056525959615,2.82287712948298,4.340302504214,-33.8654032348194
"npe_median",19300,1.73843833087103,-2.4590474299593,-3.02786987696349,-0.73843603249641,1.88795451807476,-1.10415052590493,-1.6806585764453,-0.115935193264346,-0.0312183098579594,1.9185834426052,2.69366681263722,4.43896191008843,-33.1781017289492
"npe_median",19320,1.8490544646474,-2.47758871950141,-3.043273515229,-0.650424201253796,1.66536837389725,-1.45982278408847,-1.82241744242762,-0.110419248902567,0.245271859051657,1.89879507942211,2.7529972066174,4.70845591815255,-36.3068921432945
"npe_median",19340,1.81388860342643,-2.43943213102765,-3.03020113492397,-0.747110993233079,1.87711580211976,-1.51665860120047,-1.7007056397999,-0.164533058203077,0.192447646888966,1.92586677343223,2.38931364270145,4.43877438944368,-32.7466194876429
"npe_median",19360,1.88044019568585,-2.43244729771411,-2.97552917302324,-0.741143509603629,1.80303019807391,-1.35645577802649,-1.72395376388889,-0.30639311420309,0.393514610365397,1.91269506409099,2.37998771158715,4.78836407881472,-34.0420574348646
"npe_median",19380,1.83635193777838,-2.44015636929052,-2.95204050092321,-0.751584341439147,1.85300918111348,-1.45320534912865,-1.67128443516243,-0.303145402891508,0.377074396556803,1.82070176954865,2.33365380463236,4.94509482633384,-34.9793770982519
"npe_median",19400,1.40697385180988,-2.49767205838961,-2.8966287436344,-0.810242211376482,1.67377819130694,-0.528416391641324,-1.72076842776066,-0.0857956158444507,0.285521372703199,1.80115848844554,2.13503572085627,4.89673223057893,-34.0049066676514
"npe_median",19420,1.59782081610029,-2.51264456762612,-3.00987091560241,-0.829248301954747,2.03058843504812,-1.51953913668551,-1.79092865784238,0.12944549257161,-0.0491668779807001,1.56176599418422,2.69773971265286,4.38528072942746,-34.0387379769099
"npe_median",19440,1.5781394871946,-2.48131319769507,-3.01300846403466,-0.779677287823549,1.75113399765141,-1.64000707367722,-1.89017078073611,0.121206877468144,0.152205568077586,1.78199408413358,2.34724844806417,4.51910863315522,-33.7941918753493
"npe_median",19460,1.91427125126606,-2.55357154707235,-2.90817422858027,-0.828847876773226,1.86906346258607,-2.25649614180978,-1.85511755145933,-0.0568942259012264,0.237727539575248,1.95773445564546,2.4110863340746,4.28636413071156,-35.3482839517988
"npe_median",19480,1.72515031570752,-2.48641394784315,-2.93170581513195,-0.854986621491764,1.90961410500429,-1.33184154834829,-1.83829085682546,-0.0407310871532286,0.344867548196901,1.80497391342097,2.51363381871524,4.28373090854594,-32.7047103380963
"npe_median",19500,1.74728615118461,-2.46359565481498,-2.97947847843985,-0.763342224916869,1.86279023105827,-1.43124393733155,-1.82067938246223,-0.118774428063891,0.297074110150684,1.81859721337624,2.67630389281298,4.45458519962701,-30.7081972611722
"npe_median",19520,2.16750109899104,-2.52631901253023,-2.98615980506546,-0.764744473331381,1.6469804136854,-1.42603031883764,-1.85560870223932,0.037470947922815,0.228754838771494,1.96247371631014,2.41923796161136,4.69215134535213,-36.0561756078612
"npe_median",19540,2.26312368628192,-2.59319255348371,-2.90669395917284,-0.82211861128365,1.87574472940018,-1.23856758211744,-1.82540490560325,-0.0206922737540629,0.261411240299774,1.86459926846986,2.47987851378002,4.73901610572458,-35.2389749251927
"npe_median",19560,2.05533360872023,-2.51887982009431,-3.00363181719602,-0.732029002575076,1.78826153926144,-1.34600694240966,-1.76857195020163,-0.180937605279931,0.00844742557474401,2.01315224869459,2.49220394064625,4.83467192003656,-34.0202327232229
"npe_median",19580,1.91523144798416,-2.5810437670135,-3.00404593381202,-0.745168061524055,1.85335582583868,-1.18813301229145,-1.81091637171727,-0.0679831514081008,0.0382800416913293,1.81484064691746,2.53181270219028,4.78804458566155,-32.5491575200471
"npe_median",19600,2.10380610782953,-2.50232691527536,-3.12777011737949,-0.687015825826277,2.05934631389384,-1.02866187397163,-1.73530496474319,-0.0735440662663797,0.0374495721301449,1.75413850046077,2.83911002438644,4.57900182843275,-35.640338481788
"npe_median",19620,2.00834782974622,-2.58810326255312,-3.00490489610849,-0.775729886902233,1.97529363416547,-0.948473479941714,-1.98363563083641,-0.0682090973766321,0.203677283259689,1.56788485918345,2.78243643722208,4.3591319047807,-37.987935804463
"npe_median",19640,1.71536316442579,-2.51713976775522,-3.00923740933399,-0.754681564357419,2.07390803286922,-0.598923426273425,-1.77416013934983,-0.0819723334201151,0.140276219125973,1.68619703166974,2.62750939919045,4.94657409219792,-31.5806645959212
"npe_median",19660,1.66097003160599,-2.44813244643017,-2.98965108318425,-0.78389625396817,1.97349218355276,-1.13721540777472,-1.75661554371869,-0.0877657537999012,0.448874858868904,1.60391567896349,2.73202136718834,4.82666441085399,-30.9482171760013
"npe_median",19680,1.46325727843476,-2.41763894339527,-3.02837942091564,-0.746138487454922,2.07352965188326,-0.930193655036483,-1.61921709655274,-0.140592425692494,0.264082380120321,1.67900993576293,2.80713211530655,5.11799166344709,-34.6414795772391
"npe_median",19700,1.67270833196376,-2.557627294153,-2.963248276436,-0.772978528136523,1.98333690854248,-0.709569318314949,-1.66201869027164,-0.0501253752190424,0.268178289999876,1.73545240079119,2.50105125903003,4.9748573366537,-32.3130650150828
"npe_median",19720,1.7128743563782,-2.51465131924279,-2.96965743073556,-0.7378054341916,1.80103836815112,-0.702432784456376,-1.65674478619755,-0.153244242293681,0.325993851848117,1.80705894995428,2.26164030812735,4.87467440133873,-31.8105802559062
"npe_median",19740,1.79840888543506,-2.50054867790682,-2.99434094016466,-0.75387292275382,1.93857481740961,-1.19769861654409,-1.75138781639456,-0.111128838686293,0.157724118122007,1.59974931505134,2.68326856352778,4.85207241285096,-30.4641225435018
"npe_median",19760,1.76464207858848,-2.50976510976492,-3.01604524623703,-0.776668760306265,2.12195272437632,-1.80181312667634,-1.75234316634001,-0.109638931777356,0.242222771721462,1.51694736901899,2.96306054051447,4.61993613219193,-32.8155028912296
"npe_median",19780,2.03975911255376,-2.63820001570649,-2.95068315862455,-0.769272734679463,1.94189381439335,-1.81056032015535,-1.71642597305998,0.0431719305665135,-0.0620328065097919,1.90326027498211,2.62901043321824,4.66935359352441,-34.1466658753462
"npe_median",19800,1.63599937430707,-2.63166247199841,-2.81985970010196,-0.844091649631339,1.91660549854074,-2.55332122733737,-1.79103476707803,-0.154586703625313,0.455273589249491,1.71235344676997,2.55560616642082,4.77007114969141,-35.8719489164709
"npe_median",19820,1.70974681981939,-2.60848801532677,-2.86455399385172,-0.864535976440166,1.93877367819333,-1.31197669340418,-1.98052474273184,-0.152162248884541,0.190417731921963,1.73368445992048,2.8251651892543,4.56157329504574,-36.6360990851433
"npe_median",19840,1.75722963622437,-2.65665006579854,-2.85448734791282,-0.839694655605604,1.89657430068049,-0.618688113075502,-1.87940620991917,-0.257212610350261,0.15955716086216,1.54620746679984,2.66634641034157,4.34500741708676,-38.9528610311379
"npe_median",19860,1.52394659086908,-2.51854275546352,-2.95851679885472,-0.709216544388481,1.72011595381969,-1.38142106478388,-1.95210995519899,-0.201729141994994,0.325102119626701,1.63874085011912,2.59694355955588,4.96624948427853,-36.4049248724271
"npe_median",19880,1.80049893229062,-2.55063028464964,-3.01003120920278,-0.696980850865102,1.96237014141473,-0.887428212297221,-1.92495323501284,-0.0834529667438256,-0.0922262179434798,1.80095188716744,2.50037340948183,5.06726093180015,-35.8932163101225
"npe_median",19900,1.696680379631,-2.568379190008,-2.94071548856711,-0.747775524537486,2.08279709465904,-0.80234994988815,-1.75758887092278,-0.233787385630835,0.384146783693462,1.48584639060144,2.50522105304868,4.71139802808131,-35.8014148248906
"npe_median",19920,1.82510801391024,-2.55611007587437,-2.9692073658182,-0.746803606438858,2.0766506678178,-1.24611129042741,-1.74838747323964,-0.216751580851846,0.358353111896499,1.50526701057712,2.65693136328849,4.53631870155224,-33.1162612254023
"npe_median",19940,1.52802606636682,-2.47119689605418,-2.98087998603654,-0.715345237957364,1.80633433981273,-1.68746934754951,-1.76017615409938,-0.1996489766399,0.497636141269932,1.54169986517382,2.61785700688494,4.8304999235676,-33.7361993052148
"npe_median",19960,1.66055129545928,-2.57809168625944,-2.92134677017276,-0.814395177624968,2.01409882528727,-0.826181994720337,-1.9076634846113,-0.18614980420137,0.29453697745979,1.39942607950191,2.92882927350039,4.67099963379034,-34.9926107780095
"npe_median",19980,2.07980704625715,-2.58205898661865,-2.85981007322479,-0.877353468234434,1.92698210418509,-1.13889705795829,-1.74936098635248,-0.107068135850538,0.659244435852095,1.30371621029897,2.47685361133464,4.6664907936779,-37.4573300718139
"npe_median",20000,1.94130246432609,-2.50333942739221,-2.87879757567065,-0.82617790719216,1.91425078369287,-1.82600849649012,-1.77508709032182,-0.245330408853022,0.526383776246836,1.73080279971948,2.44192925292274,4.48867022201726,-35.0793061757057
"npe_median",20020,1.79277119490782,-2.57939508910473,-2.84336315069277,-0.810451067710922,1.59590411358798,-2.28551493810091,-1.8317198270504,-0.0780587473740472,0.418924754952047,1.93460573383286,1.7551671902038,4.91855472914823,-37.7726839473239
"npe_median",20040,1.6438221974222,-2.42804655645828,-2.92457255045106,-0.806651135206338,1.91875639299225,-1.48559572651423,-1.81431914708013,-0.279717867243,0.515824902433128,1.54385562663109,2.53715677927638,4.57095815519295,-34.0353335745943
"npe_median",20060,1.81011781055014,-2.55037791358992,-2.92824847346574,-0.811277050780994,1.75861852151842,-1.08529534468006,-2.02821231513416,-0.0817746628681582,0.0434430190554781,1.7526388352604,2.3074778778011,4.50349512944487,-35.5660437313618
"npe_median",20080,1.85795942130132,-2.4737591234102,-3.07297877446326,-0.72889599104726,1.70489717808991,-0.729764450405714,-1.84974261033916,0.00457893585260265,0.0157714916043048,1.84185793177981,2.21218103843787,4.79546226629489,-32.887666724582
"npe_median",20100,1.35657338559192,-2.52429846776189,-2.9709962854789,-0.742223906622613,1.85638202712075,-0.530740472304498,-1.8614700461924,-0.093170828428465,0.193724948183259,1.89179721298608,2.14512276699935,4.75138329703476,-34.5560615741219
"npe_median",20120,1.59285703742917,-2.40154891078049,-3.07153661911606,-0.710723390653046,1.93850425178762,-1.01074970855622,-1.93596895813166,-0.19380097186124,0.253579710551368,1.99149071260014,2.41333977812461,4.93990128937399,-36.2364810899626
"npe_median",20140,1.42468220932348,-2.4264226574139,-2.97315814513246,-0.747102157739506,1.69512670323573,-1.84668472819132,-1.7163409669173,-0.0546756613990463,0.364281482713589,2.0388895032796,2.37785978427953,5.10812122791256,-37.6845783629551
"npe_median",20160,1.46311155674844,-2.47492942973045,-2.90752425932116,-0.791449465346418,1.78125784547722,-1.38853837668838,-1.6697469739498,-0.109020626250276,0.434333350837879,1.96695526049655,2.50054134760948,4.91785066309627,-34.6611743172599
"npe_median",20180,1.62770423576073,-2.55704901870859,-2.93166315320022,-0.751773095400448,1.8447286976797,-1.51092927352428,-1.74434740133143,-0.122029243691247,0.455582298248134,1.88944967696103,2.49957298861106,5.01264846686901,-33.8322127329167
"npe_median",20200,1.43546319989958,-2.47710436296975,-2.97435750941023,-0.718138802233472,1.79142111628238,-1.33541883404368,-1.68255613794074,-0.174763307872725,0.421263586100781,2.01352105199848,2.51767906167885,4.55453870185083,-35.2020598702482
"npe_median",20220,1.44441774566761,-2.53589105947998,-2.90451949257501,-0.764865686028334,1.66814401533082,-0.788404426282044,-1.75725756292715,-0.229027061688516,0.552924100897781,1.79434842060387,2.27075237488303,4.38907186783129,-34.9414395442927
"npe_median",20240,1.48373237108207,-2.5334878348106,-2.85556098743293,-0.843189419541549,1.85052903474593,-1.10733182783069,-1.88618126822645,-0.116821292483155,0.530936390906505,1.86244597497259,2.33519616408639,4.53820983344062,-34.3629588498466
"npe_median",20260,1.92972150835563,-2.59484425705651,-2.97220439018089,-0.743759718925126,1.80039123461685,-1.0638590970384,-1.69577211997395,-0.0831413229167955,0.264296050449965,1.92443037004932,2.2865287154136,4.77750155444443,-33.2415827023539
"npe_median",20280,1.94836767577493,-2.53210086016134,-2.9589780002777,-0.74768707300602,1.78106632906819,-1.07944315261964,-1.78189678939633,-0.159091799125995,0.516310684895694,1.67561752120412,2.34837060454775,4.55940605670723,-32.3704777173352
"npe_median",20300,1.84061232365848,-2.54094360989319,-2.84594588610966,-0.820840730670278,1.60582738686931,-1.92265994306902,-1.732960515254,-0.262674905133216,0.582772240224133,1.84993328783772,2.23923210420421,4.56252461273653,-35.5501765708841
"npe_median",20320,2.20133155840948,-2.65290191723473,-2.82253746367867,-0.90554828186939,1.89102510440289,-1.48101364867536,-1.62497129967747,-0.126086189746754,0.447589511301457,1.6726383659477,2.31891878936438,4.48439858389701,-38.0555683275884
"npe_median",20340,2.18391108699168,-2.69228908549624,-2.78951147064858,-0.90232657445332,1.93250846393609,-1.02500201975587,-1.707118159987,-0.218270200690384,0.413887203515487,1.34667370732953,2.5383045805949,4.67565475883033,-41.0122825161067
"npe_median",20360,1.85520211079212,-2.55703444649648,-2.85883110964328,-0.85364995642984,1.98180474989738,-1.62042060440314,-1.72200958396074,-0.409227972282535,0.375727937255559,1.72922706946768,2.48950178817923,5.10170150011762,-37.6795161913873
"npe_median",20380,2.00225674973271,-2.61728336120513,-2.85266654323112,-0.840813155637881,1.82778898376747,-1.93626598820755,-1.81357820434095,-0.141275913449262,0.377023551031816,1.69652021407373,2.5393642787766,4.98374301178458,-34.3964030091528
"npe_median",20400,1.72681444566491,-2.57222779272355,-2.83923647681376,-0.879569346111021,1.94859569695972,-1.46978502264472,-1.61855913361736,-0.149968467571414,0.501142540894192,1.58127841649994,2.91585999552157,4.70942567549574,-34.8616347312067
"npe_median",20420,1.82940948749504,-2.53951103335315,-2.92900356680598,-0.804014666773619,1.99741199769235,-1.47596043497621,-1.6847831296388,-0.0877647637971886,0.232757831911896,1.87916098710299,2.89799756299406,4.51803482350457,-33.286791596706
"npe_median",20440,1.70132620625632,-2.52163529900868,-2.87671149902741,-0.814268020739526,1.65360742654899,-0.840421790970728,-1.82127036949042,-0.0822319315506856,0.241963678090393,1.84971427063281,2.66833391340802,4.41368155613213,-35.210936613429
"npe_median",20460,1.86813826619176,-2.57198945849997,-2.85535216487631,-0.830600037195524,1.61452905314886,-1.03877584586822,-1.75018171034709,-0.0768815918927045,0.292155679298727,1.82802049127782,2.30868022235342,4.60374195212653,-33.1952104110283
"npe_median",20480,1.86433108254916,-2.56268422144553,-2.89990490756413,-0.749849487553977,1.75103523812575,-0.968032390098051,-1.80256409495986,-0.151754009803355,0.187315861976255,1.76382808471936,2.56767586211116,4.48021345913051,-33.5953944579502
"npe_median",20500,1.92695077991903,-2.61833098651058,-2.91310550181834,-0.690192890221213,1.63277999867067,-0.72651500992857,-1.82564489555456,-0.145039658890959,0.190945246939565,1.80951801640389,2.59225595084329,4.60310472600238,-36.0101425755095
"npe_median",20520,1.89546324955645,-2.64503124344503,-2.8805132574142,-0.768070419550565,1.77255265316921,-1.35111440081714,-1.77021756413536,-0.0964826864024713,-0.012963236906988,1.89361048335478,2.46885131017108,4.63839451831443,-33.0828008102388
"npe_median",20540,1.88558168291414,-2.70325522256534,-2.83231809854945,-0.805657690475804,1.94707572588857,-1.55200948383229,-1.65394670693786,-0.0943386092477799,-0.0930544755472693,1.72411472563584,2.49072804384657,4.93968577864682,-38.6111619772178
"npe_median",20560,1.57199005572535,-2.48428954251302,-2.95294259906354,-0.804115036885391,1.68499624577496,-0.841606840057742,-1.62796923349463,0.0422864761330537,0.0672415141968769,1.89745258655705,2.20505553909441,4.53346903606296,-34.7808875820405
"npe_median",20580,2.02470792295953,-2.53848118852737,-2.88551763923582,-0.874283457378477,2.05844877226978,-1.56534112862276,-1.91997576519451,-0.0640703151059997,0.60392889541096,1.76493220481766,2.29520314625602,4.90241363628217,-37.918294050186
"npe_median",20600,2.23466329356629,-2.64176110855843,-2.96120156573691,-0.709699011004935,1.88325499985455,-1.93668387458489,-1.78343495734005,0.081126536094811,0.351986292745263,1.71830421719272,2.83005502480803,4.81071285482857,-40.1520774417695
"npe_median",20620,1.56806263901554,-2.58980101136628,-2.83714603215249,-0.87240232067399,1.94219057421198,-1.7076913929607,-1.82032573854954,-0.00539511289485345,0.498817630422705,1.6757496376598,2.74889044368549,5.03370011318794,-36.0670850084865
"npe_median",20640,1.6973574389904,-2.54873958527337,-2.89708821710677,-0.834185935838829,1.81970720548307,-1.91654517457129,-1.90280149260625,-0.0197249232073677,0.411868014569871,1.49581053452344,2.88319410650968,4.31865199673152,-36.2333230672131
"npe_median",20660,1.71571366683959,-2.47391741257571,-2.92336412844752,-0.800517053487406,1.79862733952726,-2.40603878090469,-1.78142894449093,-0.0603712788184177,0.493206131613953,1.59836161638985,2.37382839503486,4.64467686191578,-35.7957558482238
"npe_median",20680,1.75808736869466,-2.48511462644479,-3.02993326728568,-0.716847138673581,1.68930603930196,-1.25388921442781,-1.74216235163873,0.00070483405891485,0.131632403174026,1.84911856994315,2.49784489182526,4.5672452327027,-31.4677124534973
"npe_median",20700,1.80173771509516,-2.59232449309117,-2.92363249080303,-0.783677792567455,2.05588421437966,-1.3190506365388,-1.63171604104127,-0.155469077462703,0.109849659510088,1.61246617777071,2.89161882581861,4.79539807764654,-32.4150206956831
"npe_median",20720,1.89051057441505,-2.61938907179535,-2.878495253563,-0.783859733345985,1.93625442990725,-1.52252330067488,-1.78656761963007,-0.173443133743693,0.200502064783315,1.72117652427849,2.61408141507478,4.95470730329703,-31.8371585411498
"npe_median",20740,2.01739880293721,-2.61477534015465,-2.87811490819104,-0.79194113977311,1.67096133358423,-1.15564122612205,-1.83918209749105,-0.196771499587566,0.237331405180214,1.6653235175316,2.46061211978678,4.52688965488711,-35.0586595511859
"npe_median",20760,1.96781789254482,-2.52556895232309,-2.89383045716847,-0.816972538139995,1.74751232512459,-2.18887828275283,-1.8023348294071,-0.0851703157896005,0.14738996425808,1.76244288483106,2.51533749620171,4.22748638413475,-37.7083728248063
"npe_median",20780,1.46467589032108,-2.49906233896277,-2.82719923917286,-0.878589428411474,1.71381722020206,-1.58823857997674,-1.77436365742603,-0.202412027849915,0.496661792042348,1.67478916101843,2.22279457590043,4.88933262459991,-35.8569908942759
"npe_median",20800,1.48538722658399,-2.55256872999335,-2.91120838113426,-0.737852123003596,1.70766458113836,-1.34514417299264,-1.76622144675131,-0.282099920401539,0.107981912091862,1.92190703517781,2.28393057415722,4.92008866448427,-34.4039675100921
"npe_median",20820,1.87330132269294,-2.57770842538578,-2.99617483165739,-0.680497443924104,1.94658577745702,-1.7111164059313,-1.61090254934066,-0.289681695226266,0.0944222575886701,1.81430534241241,2.8136389785191,5.07966749577111,-38.9906148671621
"npe_median",20840,1.58654655323305,-2.58408003423339,-2.90539274385389,-0.761181476537472,1.95782359924597,-1.33730101118163,-1.89091195481724,-0.20115249438803,0.32576107222108,1.76277764026048,2.59575225207858,4.8607808551569,-31.8933480135211
"npe_median",20860,1.58654655323305,-2.58408003423339,-2.90539274385389,-0.761181476537472,1.95782359924597,-1.33730101118163,-1.89091195481724,-0.20115249438803,0.32576107222108,1.76277764026048,2.59575225207858,4.8607808551569,-31.8933480135211
"npe_median",20880,1.7057459184276,-2.58381206109396,-2.94633755539392,-0.749050320082108,1.88861834507852,-1.32393248907223,-1.76059885353563,-0.100311209144748,0.340270319771738,1.79148486429024,2.66335936085243,4.52429774008812,-31.6377304544417
"npe_median",20900,1.51732334425994,-2.5007841637571,-2.98925277914242,-0.687690074495415,1.72334098845013,-1.29052192380306,-1.85311639049328,-0.177617064051006,0.0969331383815438,1.87666262034674,2.56820870354033,4.89189131546159,-33.593327271296
"npe_median",20920,1.54216269733891,-2.47059533697629,-2.94130033810314,-0.852825304292203,2.05787174378943,-1.18371389092509,-1.89013443232002,-0.107922211161348,0.183106921823443,1.66340464763975,2.6452985606476,4.73378578989275,-31.4773499109319
"npe_median",20940,1.65780418785743,-2.53330079764043,-2.89378172893549,-0.851871202507967,2.01266503660096,-0.992489125464489,-1.85528901822212,-0.152221419970185,0.252704587210732,1.74621614247522,2.70552620158505,4.83097026633871,-31.1499123257071
"npe_median",20960,2.01627615654504,-2.58594879865781,-2.91518711106677,-0.8432213620241,2.09046557592488,-1.049503582117,-1.78659759705946,-0.221607172494993,0.265593931140322,1.44510247427956,2.85339419099772,4.43040523432961,-33.7374112579537
"npe_median",20980,1.78735678457774,-2.54128837295301,-2.94307888988438,-0.792192050892861,1.82088532024942,-1.10164925846891,-1.83244099997428,-0.210907010049132,0.241904025969331,1.78203418996276,2.33160502711078,4.38676985530006,-32.886635507909
"npe_median",21000,1.90861918541606,-2.61525975202126,-2.91799271049081,-0.802030487040786,1.8974812802781,-0.775975084826014,-1.87346314353158,-0.0361856732996566,0.221568152140119,1.5624149932545,2.49325252284832,5.01388283536313,-33.6519163369576
"npe_median",21020,1.7817808432003,-2.54547180275915,-2.94353126616636,-0.788226097669672,1.5761309997497,-1.55478597673489,-1.76867116278292,0.0560968857464687,0.03926475792084,1.94409812779521,2.34168244886349,4.56284693200159,-33.6318737001963
"npe_median",21040,1.75902465214367,-2.54629207851786,-3.05503979912646,-0.759689656291481,1.82422888281755,-1.78065140619999,-1.7866526406589,0.165704931961291,-0.110297453302903,1.75359679522486,2.5700205075508,4.35135395098771,-35.2335620511584
"npe_median",21060,1.75092987593327,-2.5589516604905,-3.0301305593951,-0.781652718569699,1.908567028298,-1.58175408968948,-1.93923610498112,0.129332763462132,-0.376965648505031,1.94123005341795,2.48059860214755,4.67609067316833,-35.3844735525457
"npe_median",21080,2.0399073732721,-2.51632745913035,-3.05587097068489,-0.828983625308112,1.96535795278757,-1.6064476713487,-1.62419392242506,0.0606638616227708,-0.128236457092469,1.59573467596525,2.65687375936647,4.50170996426934,-37.3024113546402
"npe_median",21100,2.09516682812065,-2.55619677005632,-3.03848943233554,-0.693165367247095,2.02317184409731,-1.6733912814217,-1.73453515380486,-0.11331344513397,0.251975886564225,1.54061126497604,2.61757565021145,4.94785979679992,-35.1170493669884
"npe_median",21120,1.86576940216493,-2.57505667083307,-2.90918225927386,-0.716744300462976,1.75745890951299,-1.20404547308058,-1.71591683472162,-0.286744822101128,0.475213392327601,1.67466237353087,2.7276854081607,4.25599830816076,-35.2210693877591
"npe_median",21140,1.95452223489552,-2.49004004406473,-2.966029412864,-0.741813778928167,1.73374566287656,-0.73951191676063,-1.84372466509206,-0.318013469874297,0.415767285746191,1.79370490631264,2.38636045489185,4.42162665560957,-34.856690095955
"npe_median",21160,1.3252491947302,-2.48105293278803,-2.9635323957406,-0.731266927511013,1.79138637110518,-0.50445599259968,-1.81371751571466,-0.306272335170458,0.194018473061733,1.78301749286074,2.20611852885003,4.76390327490432,-36.5341649439615
"npe_median",21180,1.82062883459397,-2.51002165236009,-3.00364237883397,-0.724570468646494,1.67886286736148,-0.429887178935745,-1.84042788485648,-0.0387999547793449,0.313036329465269,1.91051568616671,1.90439354714244,4.72010614349403,-34.5633040808069
"npe_median",21200,1.67343184899533,-2.42517555598455,-3.08526647720437,-0.73799379122413,1.62283213811579,-0.326951714086344,-1.79983228099222,0.0341295365564518,0.087958023325684,1.96486475445092,2.00427928042679,4.64197194712136,-35.1807203982806
"npe_median",21220,1.70019199007456,-2.52030131544706,-2.95802896912498,-0.742794273314048,1.56190760867726,-0.538654381139121,-1.78020885543294,-0.198321304549332,0.0604181615939395,2.07338860341215,1.97890813946806,4.75428974884329,-34.1583857587234
"npe_median",21240,1.51232219334545,-2.44984608245065,-3.0173469462126,-0.795504873512629,1.88888199899154,-1.20707627242067,-1.75560780420536,-0.0796501676261894,-0.0853068339309331,1.83769902837266,2.56527271967845,5.0317852046781,-33.6711402833764
"npe_median",21260,1.62060237059336,-2.47725356987082,-3.07763777983787,-0.751336719824202,1.92151237975146,-2.23340281760894,-1.70036145066937,0.0569293215810314,-0.192729397874929,1.98042140741704,2.46166206739746,4.61844216149736,-35.3122384723812
"npe_median",21280,1.55283330053038,-2.47552396723556,-3.01100903124821,-0.791018131924568,1.97392680657866,-2.21471847054565,-1.84936043571318,-0.00684022577294072,0.195074139849235,1.66160776441506,2.59860816729404,4.74421486319224,-32.8539261389199
"npe_median",21300,1.53654122836314,-2.49401293122327,-2.96294572346449,-0.794251927616875,1.93013095170861,-1.85885357388577,-1.75522764884633,-0.0286464850980364,0.209257093151882,1.65547378374574,2.74564141233947,4.60700549601341,-30.8870633283357
"npe_median",21320,1.52388558228477,-2.47311499491674,-2.99845919629,-0.803139465376776,1.91681557238157,-1.33110812313998,-1.8344130003476,0.00560213990612966,0.0892566889076103,1.77790523683556,2.52278007228382,4.70111031734764,-30.7814262275213
"npe_median",21340,1.61436083457951,-2.53424157943446,-2.94009271339307,-0.786050073148029,1.76428037907383,-1.62836582603983,-1.81830369180173,-0.0437520656051137,0.228626837189159,1.78344163016907,2.25696425008341,4.74475449584821,-30.9382137701876
"npe_median",21360,1.74431301064853,-2.55253736659261,-2.92918237143269,-0.832191851143475,2.02077282647358,-1.61928980902172,-1.76547503531997,-0.0540959310203772,0.184488047208781,1.78657569330626,2.38199271039123,5.04105883981001,-32.125701311196
"npe_median",21380,1.77442369527689,-2.56979659209024,-2.95820980364284,-0.779520192399342,2.00156286835542,-1.22397487076074,-1.69870414126013,-0.123952920532679,0.262741601575172,1.76967082892078,2.44052404123823,4.75533548581387,-31.7001841727691
"npe_median",21400,1.73065878481799,-2.52873816700051,-2.93857381463377,-0.741592172164498,1.85984161234138,-1.35898681431907,-1.76729353504628,-0.144644459718112,0.39063298940862,1.73132518083393,2.24018669864445,5.10292128455862,-32.9817121038305
"npe_median",21420,1.63385366488231,-2.41559570816146,-3.03637666982868,-0.741571924151558,1.95039633620545,-1.90001637115579,-1.82544911303264,-0.0946478909853198,0.249695914937242,1.94308329803669,2.43455082779672,5.01158079903944,-33.8121483275687
"npe_median",21440,1.66574681277561,-2.44494571892841,-2.9515935702082,-0.79998796282025,1.93143106154135,-2.41135977347108,-1.74012889820152,-0.187546847817649,0.328850461871262,1.9242607369906,2.3058021560293,5.00154731447236,-35.2423920610447
"npe_median",21460,1.44958609158278,-2.51916840606646,-2.93886132367006,-0.759098922093368,1.9893171478133,-0.863009137948711,-1.51539533065161,-0.207890220657699,0.252939439337805,1.72250037032108,2.67964562240325,4.99255350469522,-35.2290553887464
"npe_median",21480,1.44958609158278,-2.51916840606646,-2.93886132367006,-0.759098922093368,1.9893171478133,-0.863009137948711,-1.51539533065161,-0.207890220657699,0.252939439337805,1.72250037032108,2.67964562240325,4.99255350469522,-35.2290553887464
"npe_median",21500,1.9625154233773,-2.58108825012401,-2.95397800638537,-0.80322644148531,2.14366154758778,-1.27564922025547,-1.81097678266462,-0.0647535362533068,0.305219893679902,1.64323730173638,2.80142167709339,4.74865184337101,-32.0057474990656
"npe_median",21520,2.00845058818993,-2.54248925045582,-2.95795625912588,-0.82559519105757,2.0881905154812,-0.917893003399701,-1.7330209194108,-0.0173257284878807,0.299731345043493,1.64694761256247,2.84697052058591,4.58411776489159,-32.2962582689976
"npe_median",21540,1.95986496510096,-2.44024445730853,-3.0282642150175,-0.80395639622228,1.97632591278863,-1.06257672453822,-1.76094231529085,-0.0516057301751378,0.407251261699672,1.56119747181817,2.80431145593661,4.5793855897454,-33.5302971624483
"npe_median",21560,1.69543751699534,-2.42823110992351,-3.05214724132815,-0.735768066566833,1.919161014286,-1.42929816131097,-1.78709432714852,-0.170099053062248,0.153607641138282,1.76920795326608,2.74552573990859,4.39308885362179,-31.9751707007882
"npe_median",21580,1.83298476928419,-2.39859307651051,-3.10501583998931,-0.72378664237751,1.67850510567057,-1.42388566229033,-1.79087075596879,-0.139449464753586,0.127390373705863,1.92289647570674,2.40913656836306,4.07451647529069,-36.4425334423932
"npe_median",21600,1.86036801435384,-2.62870193653415,-2.89617230245581,-0.770732584872487,1.95574747886724,-0.422497439532785,-1.70956202966449,-0.147358684503063,0.305408495535193,1.73605508210286,2.71039568369999,4.94162477532174,-32.9822385547864
"npe_median",21620,1.99009785008877,-2.54741489155471,-2.92528589778399,-0.80231267258446,1.87879768358918,-1.10556542546101,-1.72079070269073,-0.0696830612647791,0.340644463757533,1.68011240929808,2.69323172918944,4.6589395939269,-30.9421848246858
"npe_median",21640,1.96598001377524,-2.60225654367997,-2.89835608923062,-0.837236702225058,1.81798812373308,-1.34657870998641,-1.69657723780916,0.0157685828627182,0.0216473348889537,2.00419334990265,2.23248012129659,4.6694429598469,-33.9264681677213
"npe_median",21660,1.6241849171171,-2.47514281061386,-2.99631513399936,-0.760137440823451,1.80869037094749,-1.26088932097702,-1.72003344277085,-0.0269821553936965,-0.0394955379300357,1.93053655213349,2.48913668618421,4.74655968165019,-31.7155854768206
"npe_median",21680,1.70339666880617,-2.56606745811663,-2.92869945038088,-0.815405768162576,1.87749789763725,-0.821628540098193,-1.81770437293572,-0.0572728584650139,0.232691275922499,1.76032316608291,2.38550563745199,4.37091803405413,-32.2881299075912
"npe_median",21700,1.60113195952483,-2.590080041744,-2.88293087100911,-0.819570655718901,2.05858771011894,-1.08788164983582,-1.72141883659724,-0.206086353580319,0.34839918264017,1.6821296187915,2.56794142202683,4.72063150946921,-31.9819105002814
"npe_median",21720,1.8489350404817,-2.49804191537735,-3.09811259231277,-0.74770145965485,1.90550854802444,-1.07716945499062,-1.80128347780023,0.165695081950741,0.00854280523496891,1.71985529360872,2.22516105912723,4.83502093569335,-35.4536352892633
"npe_median",21740,1.74829175698121,-2.46036394541735,-3.00657884730427,-0.784284164424349,1.85628685607672,-0.803351785341765,-1.69910110988847,-0.158892263695967,0.151395383852618,1.77788820527156,2.1803384180126,4.31523016655999,-35.0955919226853
"npe_median",21760,1.57547140933871,-2.43978943535064,-2.95175701736174,-0.763123633392314,1.91700682926786,-1.13897246811988,-1.86990791578002,-0.198351019979797,0.176964400737809,1.86636670663937,2.54427192536738,4.82884880574484,-33.6280840094862
"npe_median",21780,1.93826858301587,-2.5066624797813,-2.94864586866029,-0.792961833262214,1.75174504932818,-1.34399281131428,-1.72009720753511,-0.090950206636477,0.244888142814714,2.05934814484244,2.26947742176681,4.73252776024082,-32.9916533559993
"npe_median",21800,1.96497576776887,-2.57628487826454,-2.9229535364212,-0.756447838526099,1.49473638173662,-0.854286309860325,-1.71602466033425,-0.0462505367305249,0.36388686791633,1.90773129013129,1.93136585612053,4.88166694701055,-33.9739135962825
"npe_median",21820,1.77241109654452,-2.56998602257949,-2.9127203052399,-0.770705009674561,1.72206236552608,-1.25810522371682,-1.69198739188061,-0.0336808336414036,0.254361981391252,1.88972686054926,2.14163648179085,4.80729773856906,-31.752010284945
"npe_median",21840,1.82460625931156,-2.57626692775032,-2.96172455395644,-0.777140661382853,1.89339777493026,-1.50514926978941,-1.73877304561036,-0.0368578656577363,-0.0201054150147048,1.81899754158217,2.27740009354135,4.62883234448656,-32.0335966547944
"npe_median",21860,1.91101555473209,-2.5727799299747,-2.96854853197395,-0.757302469765263,1.74416744390444,-2.23098560981541,-1.61894161111949,-0.0355159475389877,0.101561807298039,1.90814191163923,1.95472283411718,4.71117097773104,-35.8716091984398
"npe_median",21880,2.06818386048595,-2.71179714695198,-3.01329404766828,-0.683320663315976,1.95777605952211,-1.77214185003887,-1.75395482409218,0.0959811686036686,-0.127694531084673,1.58515021848033,2.99411288896114,4.15616038518645,-42.0027749003179
"npe_median",21900,1.59105208259856,-2.67245711827549,-2.9102615116692,-0.834635376460502,2.01384583354004,-1.11616311986404,-1.74653699773616,0.109782302484803,-0.123902582180272,1.89944226218688,2.77446249533779,4.12906757876054,-40.0140015711826
"npe_median",21920,1.68665125564781,-2.54565713093025,-3.04258338860415,-0.846607941415861,2.21253850798744,-1.3863296146907,-1.76824648663511,0.10156966831936,-0.425038403531116,1.80719409937523,2.69171008226848,5.04308687166071,-38.6329111082785
"npe_median",21940,1.7941835628507,-2.58782219422913,-3.02877895660374,-0.791828476055491,1.56267121682407,-1.11912010343443,-1.6533930976694,0.216105992894444,-0.445605518591933,1.9794297138851,2.12411184775229,4.47878425982316,-40.0614658495272
"npe_median",21960,1.81465076039271,-2.56749968953092,-2.92746372392962,-0.793038481250072,1.56317638863535,-1.32009148470526,-1.92641096743362,-0.119853301203562,0.00559398701326355,1.92100560038048,2.43038092286989,4.44717341644632,-37.3539347699741
"npe_median",21980,1.76617647444318,-2.49010206906265,-2.98748971863991,-0.802188789036534,1.84070762490683,-2.63997978285017,-1.78459446070131,0.0450340712151815,0.292203732172028,1.58857399565678,2.82208138342446,4.38110161175741,-37.5249341795713
"npe_median",22000,1.88970345809978,-2.49997711324576,-3.10045565929404,-0.650701985600017,1.76810322665022,-1.51459293782133,-1.79821268960457,0.033845147852648,0.0202787350037631,1.79531212027615,3.0618042080829,4.56338280215757,-41.0041074904226
"npe_median",22020,1.43713471075606,-2.48687156717054,-2.97541071813489,-0.726914209589045,1.68260191202215,-1.14935244773434,-1.85930922508427,-0.0431811465848947,0.248170609515921,1.81179296969225,2.38908624000337,4.17129773013565,-34.171578278214
"npe_median",22040,1.78426154829342,-2.4723857399733,-3.10789246733232,-0.659027007440869,1.99179670372255,-0.78425045198485,-1.6149666486716,-0.0785853559973135,0.11567876777397,1.70718040344635,2.64223837954513,5.03290366949514,-35.5079111100059
"npe_median",22060,1.60601046082573,-2.47124331107716,-3.02238506008007,-0.677607031569192,1.81162911862406,-0.793101372141466,-1.80057756411249,-0.0564463726292629,0.239838261567989,1.72040248486143,2.73461005649651,4.90478399182952,-33.7234927283873
"npe_median",22080,1.88395653542196,-2.53497760374454,-2.95324515218668,-0.826778267535346,2.15936031909303,-1.16536313411884,-1.74822161342265,-0.071651544100916,0.168750811851511,1.57862452912478,2.88989572555241,4.42880723682232,-32.4794164286362
"npe_median",22100,1.57508244290298,-2.53183384444324,-2.93574024217499,-0.833755619178649,2.0534316151196,-1.20197085484952,-1.86185199656748,-0.036108614384536,0.182309522590701,1.49477782874719,2.91304619833426,4.45455610736559,-31.6873791291818
"npe_median",22120,1.72836453901727,-2.44900054461787,-2.93078065464413,-0.840427452390299,2.00616292887749,-1.48925022273628,-1.87939614945465,-0.200480292875127,0.57687243913615,1.34193765712774,2.80623696702155,4.6293197749085,-33.3883120078107
"npe_median",22140,1.35152313827895,-2.44436921764415,-2.9632807017851,-0.803126189877738,1.91855437075276,-0.52520150079601,-1.88514579139901,-0.110851931099911,0.354517479476826,1.61605362102151,2.61827613836564,4.73983252673749,-32.81379301051
"npe_median",22160,1.77883458352861,-2.46188439222682,-2.9531427355515,-0.77485534516293,1.77749529218784,-1.06852789258576,-1.77396246587615,-0.204956085579398,0.650088776729789,1.46340172206339,2.61607132698241,4.41611627479217,-34.7325165238762
"npe_median",22180,1.93595021714616,-2.51579817002692,-2.9802726489119,-0.741266958239792,1.90209092300848,-0.865184440401387,-1.61214942235727,-0.0974408803455597,0.255065551512764,1.67717454333178,2.30766233912067,5.01781913718847,-34.7706750355036
"npe_median",22200,1.97282272611288,-2.55001076598014,-3.00908541455511,-0.758655977002646,2.0243198589412,-1.31837922688025,-1.49438941479534,-0.0607516183629608,0.0774709846604429,1.66403680461014,2.66873358416191,4.82033379342052,-34.8791372492514
"npe_median",22220,1.49423215833055,-2.53929131632138,-2.86849495523986,-0.869606107608781,1.8530511686369,-1.45627585712321,-1.61130139490705,-0.00771772344245095,0.23351057546696,1.65260813567202,2.52241886297614,4.6340195745572,-34.0985157084923
"npe_median",22240,1.63208704103948,-2.4856043260787,-2.95795472685623,-0.766750025015038,1.86345679442627,-1.80394128062516,-1.52850097186513,-0.0610016885402786,0.405708314485173,1.63668505723501,2.47345331448045,4.96858322115305,-35.2048657033536
"npe_median",22260,1.85885395529822,-2.53122302533874,-2.96839595007865,-0.835061268339227,2.06473664270745,-2.43537475232349,-1.53294621632136,-0.0103546976517996,0.0562173730086064,1.61629410433552,2.8640064054958,4.65930388691914,-36.9931406482881
"npe_median",22280,1.44885561565827,-2.49143003834775,-3.0194265306068,-0.767382409714924,1.897952498107,-2.60915443841049,-1.74522319375075,-0.00457881608314152,0.0823795498182161,1.79742391431849,2.33441040812186,4.72854068299563,-35.6496622895673
"npe_median",22300,1.43528744389904,-2.48751512202745,-3.09172274862934,-0.695491615767356,1.80476111271337,-2.19829126752718,-1.62411898426934,0.061235401698811,-0.0600427748805756,1.86496465894154,2.57641625210526,4.30764784677829,-37.2432461757016
"npe_median",22320,1.09998353618875,-2.57354517462005,-2.94857366836568,-0.744612945951706,1.92263547935428,-1.38521649419185,-1.69824827245457,-0.00867525602738777,0.353128927245736,1.68219512855971,2.72457798514794,4.84884586344652,-37.1682026664266
"npe_median",22340,1.38696761147845,-2.5692752439067,-2.93386490617602,-0.782353557606927,2.11957394153355,-1.32263597194516,-1.67947486522909,-0.149833052579576,0.516731794201956,1.60412674457553,2.66228725048753,4.89368635818369,-36.0497452370253
"npe_median",22360,1.82090430961623,-2.54745247408753,-2.9687168974555,-0.787647306457143,2.1330822301521,-0.903157853054609,-1.82568151880253,-0.0947207087871472,0.28943227038841,1.67517164858929,2.55067917287544,5.1331766333325,-33.1462455677694
"npe_median",22380,1.82829323362633,-2.5079454264102,-2.95658069633847,-0.809310674769157,2.05332897274235,-0.429438381777276,-1.74456409547243,-0.0384831430191485,0.246021849375666,1.5563098234582,2.86626566511031,5.09744078631352,-33.2344422662274
"npe_median",22400,1.78577758736483,-2.51266049038735,-2.95487006087313,-0.789183973426673,1.99681767581699,-0.908739380300785,-1.73046077754714,-0.0935997285917718,0.433947459360397,1.47519336790195,2.93511141867585,4.88995587676797,-32.20645992988
"npe_median",22420,1.98333132239284,-2.53278561554982,-2.94689900217429,-0.889350182571472,1.9875284492715,-1.54560216103215,-1.85997425752578,-0.00218029526620254,0.0123138431668755,1.57548029471313,2.74487517426071,4.39605606438378,-34.8804238282865
"npe_median",22440,1.66972486391855,-2.55724673141371,-2.87864227882201,-0.857650411661316,2.07969096695385,-0.857009385531552,-1.7516771793487,-0.105735966865502,0.421116960447902,1.36958123506291,2.92365152778179,4.85583885905965,-32.3117739966213
"npe_median",22460,1.7899243418896,-2.48774384372876,-3.06378482638717,-0.760304768611558,1.89354117947109,-1.26577108395023,-1.74589786450629,-0.0136375505868734,0.0114000362290795,1.75518918909625,2.36141931554716,4.88060588421873,-32.3738604804696
"npe_median",22480,1.70355828023704,-2.5162891699999,-3.08287204419215,-0.715806882879224,1.94391053124857,-0.986490761483741,-1.81814273607291,0.00889190106808684,0.0691943419922855,1.71854217432711,2.46884346614104,4.72702453482283,-33.2802970827848
"npe_median",22500,2.01055806340623,-2.47567828094808,-2.99260734904444,-0.805447632489187,2.00429892444392,-1.22425372598819,-1.74883948121554,-0.0835428240336948,0.448526478211225,1.72742018013859,2.72941531211578,4.66630001816169,-33.2773199851836
"npe_median",22520,1.69628366790133,-2.54807774255966,-2.97477038022999,-0.690576982650208,1.57677982824792,-1.21229980987419,-1.77979687944859,-0.161863226838368,0.25255360072973,1.92608482636525,2.25047602350494,4.92578030172957,-33.1557362067683
"npe_median",22540,1.85637084704999,-2.50025361876594,-3.0024578336122,-0.737714753076214,1.85996143247404,-1.923315096912,-1.73745047291248,-0.0807949140965785,0.169865717586808,1.92470166651405,2.43364072472843,4.74183389354617,-31.4470297089383
"npe_median",22560,1.59260614504946,-2.53748062925894,-3.03368012591308,-0.743009060666866,1.97902062868223,-1.11069594650216,-1.71381091809432,0.102749309402003,-0.160899296462122,1.83682824573496,2.56283244287577,4.9013487389516,-33.2321042976134
"npe_median",22580,1.42830501486656,-2.63534205276943,-2.9291580422729,-0.799364629723805,1.96798198692204,-1.31784152536726,-1.65382309267569,0.0821821178427619,-0.266087685090443,1.84436091770516,2.46063576147911,4.62881266647611,-36.9243901654533
"npe_median",22600,1.77204425202605,-2.59033200255703,-2.89788412523587,-0.823028359812268,2.02306069743899,-0.678821326866484,-1.6417838972468,-0.0469153605161162,0.382485512132106,1.52094445352206,2.58268486634759,5.05663697950805,-33.5399219488939
"npe_median",22620,1.764764900819,-2.6510186060637,-2.88888820141508,-0.781191121459389,1.8658772963233,-1.19911977448193,-1.63164251547534,0.00243986352841642,0.208295542536603,1.7280536865126,2.79588655468904,4.59282301774934,-33.9454538650629
"npe_median",22640,1.9773007739987,-2.59940575431585,-2.83401068874878,-0.883168434925419,1.98532069680181,-1.15758163789316,-1.78980164471626,-0.0954868570047472,0.468527166959074,1.61666653861333,2.748802797278,4.7806548637143,-32.7166576251883
"npe_median",22660,1.84713354291634,-2.54623026538124,-2.85382524729941,-0.901083735896374,2.00886487449816,-1.39274757904637,-1.89373354392026,-0.126347805861553,0.339728540365086,1.72298542986141,2.75674205104934,4.92577204305311,-33.5135799148469
"npe_median",22680,1.39121955443075,-2.41142046248355,-3.02565978866204,-0.758106195376107,1.68595168508752,-0.555369343607648,-1.94344272456735,-0.105574290465996,0.0558315072096846,1.83382345648335,2.49002255486705,4.76842631611785,-36.3057401898899
"npe_median",22700,1.55294262196532,-2.5423037166864,-2.85810935785329,-0.892051135349099,1.75538628527095,-1.25636683751297,-1.86725138486289,-0.0987660248041183,0.383256633095862,2.0743363363726,2.09450547623015,4.74350961860222,-40.1848423711272
"npe_median",22720,1.88140795123662,-2.66870587533279,-2.84924054357983,-0.822285006644346,1.86042219314011,-1.76369946470387,-1.75792127497404,-0.182375830514152,0.346013363730942,1.71429651249103,2.5965769123439,4.45699520910943,-33.5552030368908
"npe_median",22740,1.68082253314642,-2.56882553907258,-2.91450623658746,-0.820535441006082,1.99402495477063,-1.66384228004962,-1.68031891995258,-0.0834258964972348,0.311497910874309,1.70764962744176,2.59336670258477,4.36063013024363,-32.0613989163494
"npe_median",22760,1.65781859760557,-2.46343921107034,-3.00621871102968,-0.763704452348291,1.89129008632964,-0.833731924734276,-1.78269083179085,-0.119196854621055,0.23704722497273,1.70428993855829,2.69874131509845,4.52340373858236,-30.7468787454876
"npe_median",22780,1.64183677975541,-2.4933280418052,-2.9328136054112,-0.739677724303091,1.72190770752002,-1.87208487810333,-1.72307721436427,-0.0985565214453988,0.61979180366339,1.76294006980556,2.55350693549045,4.84877010443933,-35.3958856481088
"npe_median",22800,1.56977241022675,-2.4150753543406,-3.01424949042205,-0.777374176811122,1.79857605100639,-2.21539761942903,-1.60383313529633,-0.134830924920657,0.236581734715165,1.73856608561863,2.6554126420813,4.77481331186215,-36.9493899070073
"npe_median",22820,1.50728227734736,-2.47416207700761,-3.06432572748224,-0.731249122421452,2.08188948374209,-1.94233816550882,-1.98907315112515,0.113273805489642,0.0172061370134203,1.73348412043445,2.62036270935708,4.90480567922779,-38.0031987959483
"npe_median",22840,1.54261525427437,-2.44867356589094,-3.03206394731192,-0.708267272617621,2.02798790311387,-0.99474348439114,-1.84996522250328,0.0561389417702201,0.39949632586858,1.4919086479712,3.10537806418632,4.41459752942521,-39.1342709857156
"npe_median",22860,1.74936799763744,-2.5089151108891,-2.98386521432049,-0.702880896320054,1.65925740101253,-1.48767549971811,-1.87057883375994,-0.0687810055782763,0.440850279398843,1.66428343962276,2.400586314471,3.90531632026201,-37.2415532393052
"npe_median",22880,1.92222250180735,-2.55927067285632,-2.95806863878161,-0.775845552678595,1.99769830846266,-1.28221693442774,-1.85613247865985,0.0340020842698983,0.138070728336297,1.64149400479707,2.77319531991047,4.50015709082346,-32.5648387573304
"npe_median",22900,1.7583558721317,-2.49648692884167,-2.97469478859723,-0.798128765015245,2.01704850621871,-1.20643668864714,-1.78589986052927,-0.0428023591155584,0.260372548153351,1.50023313628597,2.81163660348287,4.87456151078949,-30.4224209246664
"npe_median",22920,1.89087888112256,-2.59614124088793,-2.99764909925144,-0.67539911004454,1.96151401788569,-0.722103008032217,-1.66767040844278,-0.217226115303572,0.074551169745051,1.78901436910482,2.62835855933141,4.64187487526522,-35.5851545704282
"npe_median",22940,1.45066945121436,-2.50651701204294,-2.95278780621726,-0.685500107251762,1.66059076028805,-1.53955487139199,-1.65584122083286,-0.253787430978064,0.291759450864976,1.98893007752415,2.17664505363114,4.62238444051227,-35.8614141513991
"npe_median",22960,1.68345891113034,-2.61461543624814,-2.83706585043223,-0.804583130225354,1.76287600702906,-0.272907163673176,-1.84406107613713,-0.0548502951114817,0.588496655796264,1.5203780453752,2.3913250524807,4.89583677956174,-38.8636779370317
"npe_median",22980,1.56805282907715,-2.51005302838245,-2.98969331018649,-0.795726162625255,2.1456602288641,-0.533603554296203,-1.70718871523969,-0.0938777789892913,0.219813728296352,1.6831311022364,2.78076212802323,4.36479630041601,-34.7688111001029
"npe_median",23000,1.7992080840657,-2.48135919516928,-3.0856716646237,-0.723366073237895,1.45407777036659,-0.62535966361142,-1.69023840615927,0.054291339615024,-0.128952912858913,1.84535439829738,1.95189720323477,4.71135724372362,-37.3916185309296
"npe_median",23020,1.70076365380306,-2.60605620365874,-2.86876731964584,-0.83335095109643,2.09195571238612,-1.40468128836889,-1.62160256377693,-0.133650671471897,0.510136427087455,1.22064817954138,2.72266979508402,5.01892292950617,-37.0504682076695
"npe_median",23040,1.59884747361846,-2.59375530584277,-2.92304048583795,-0.752333183028297,1.56999451676577,-1.64265935298082,-1.74430886047971,-0.0972201782377497,0.275328884535077,1.88190838391577,1.87220950406402,4.69788925059572,-34.2157107480711
"npe_median",23060,1.65877843631751,-2.4526622284545,-3.12586318665212,-0.66226700986459,1.70504312487845,-1.44750414490943,-1.71828124077006,-0.0542236893645177,-0.0431076368880963,1.82098908603235,2.55999203046709,4.51107722938493,-34.3104150624557
"npe_median",23080,1.41701599614237,-2.52619523819019,-2.9854779566901,-0.772543121044159,1.8109258238843,-1.47753103091178,-1.82836656838915,-0.039608179929041,0.0934824759482781,2.04299246931178,2.49834752518049,4.01902641512164,-37.4066141233299
"npe_median",23100,1.7110802121601,-2.46024310051721,-3.05703593668103,-0.772302134175016,2.19645661295381,-1.14311124841821,-1.77394700245126,-0.00333638429998118,0.0327907067453166,1.73224816322933,2.60624570301955,4.83610692323268,-34.3493939366508
"npe_median",23120,1.38360928075175,-2.41811779990082,-3.09360669505995,-0.737951456032408,2.07053398100041,-1.86886691570736,-1.81719340228437,-0.00911274200794349,0.10261984965227,1.81543743359623,2.52593082057989,4.71837924267335,-34.6797587621403
"npe_median",23140,1.43771330000785,-2.55707775351337,-2.90215715125479,-0.875173594447823,2.09259000833888,-1.72778079913946,-1.80591006156613,-0.00426569843677356,-0.0283931704917725,1.59467880991028,3.03128274711919,4.87491218769158,-35.707079711383
"npe_median",23160,1.681809501662,-2.61672882176693,-2.84518240866441,-0.917991741265344,2.13003687729872,-1.81234936659151,-1.82696055419098,0.0294287696925119,0.185678030853328,1.55269236696094,2.80279633231124,5.07712078235113,-35.6656505012113
"npe_median",23180,1.83071807706788,-2.6178266747987,-2.87152757481835,-0.830240683938554,2.10918346933208,-1.61186789354758,-1.75218024933663,-0.0223827068431439,-0.0592209581002443,1.73718858281088,2.91675621007862,5.21162742367121,-37.9782619533735
"npe_median",23200,1.47258907580479,-2.47748581956991,-2.86467377770049,-0.883554103224158,2.04670176300277,-0.287654039576465,-1.91841030345813,-0.125428771425,0.131219313563384,1.73633806478717,2.92228201319733,4.96294269532383,-39.6827349629153
"npe_median",23220,1.72087800593576,-2.52845030879449,-2.86178518196151,-0.814389063338424,1.93021453667952,-0.500471021421719,-1.9600392555374,-0.224650039915161,0.322772165920296,1.79599352004465,2.63348796930444,5.02195776193325,-35.4645573398607
"npe_median",23240,1.12620031369819,-2.40516180071103,-2.98484990928972,-0.743583893037026,1.91603846328477,-0.515445462982258,-1.85295322936275,-0.229022284284334,0.227298669743678,1.94157800909379,2.6608031960527,4.95884453329299,-37.5873320811013
"npe_median",23260,1.85149411563247,-2.58876752229601,-2.93654875042511,-0.731340284993418,1.88386283372595,-0.301055748308287,-1.86882220290467,-0.275367545504771,0.336381272311556,1.48532399812625,2.77693722265958,4.53335346809971,-36.6790785064357
"npe_median",23280,1.97363445590292,-2.60346285477287,-2.91916650926795,-0.74187929287504,1.88367130977394,-1.10847469695757,-1.85002927364928,-0.233139759846619,0.403670300207785,1.66407600555222,2.61386566749642,4.46253451952869,-32.6976178595924
"npe_median",23300,1.64415382605027,-2.47552565802611,-3.01495524181544,-0.759283468647421,1.86301125330876,-1.4780904109158,-1.84740958309913,-0.160741258096021,0.0122270111964669,1.93368531775292,2.528638065945,4.31441376431853,-32.9508576796713
"npe_median",23320,1.53070492776351,-2.44636268284039,-2.96952419936654,-0.780272928323652,1.99829859109213,-1.92314219645668,-1.82467671464267,-0.289968960366439,0.268938417067703,1.82825719095875,2.65427913605108,4.39663068112326,-34.3163521290784
"npe_median",23340,1.5978575666228,-2.57215624660022,-2.91355024693078,-0.796140457463443,1.93197432206868,-1.91317907875924,-1.69508333427612,-0.0467535900195191,0.426193606200122,1.92542175806317,2.30345778394761,5.00416356836705,-35.9200946845942
"npe_median",23360,1.62352773943467,-2.49047583058507,-2.96940895028873,-0.792955395999955,1.81341793352555,-1.70526009083446,-1.77099746807194,-0.102980941162873,0.149639672045017,1.70138771283515,2.61692522264973,4.22373205732549,-32.3273385174201
"npe_median",23380,1.78571435624215,-2.53361372065647,-2.86529012224253,-0.848962990133625,1.90502889399141,-0.761391485526297,-1.86050977743121,-0.196762625509099,0.447250567681225,1.68533672545446,2.58177677471183,4.23265944276589,-33.5589231250443
"npe_median",23400,1.69887586272863,-2.57109641916569,-2.86614417500237,-0.8352807562145,1.92732997719766,-0.888413891255344,-1.8457901648841,-0.245239572047597,0.391112898520828,1.71955234075904,2.5415368132108,4.2546318004401,-33.3251204571472
"npe_median",23420,1.72747022075596,-2.55222896398277,-2.9632306887751,-0.797818397517004,2.06880217090448,-1.61509872650624,-1.6729433852434,-0.0517606922542152,-0.0697850978886008,1.53477986155189,2.88661227161348,4.94889101192826,-33.6447348550541
"npe_median",23440,1.85145430413437,-2.58278085302918,-2.91493044039913,-0.781903658344496,1.70330554595717,-1.4698546547942,-1.67394507210712,-0.119511683529287,0.094229750378304,1.77623518988977,2.5952124974239,4.43534125187644,-33.40604194887
"npe_median",23460,1.79688036078271,-2.66479871020396,-2.90826608185693,-0.787256533336076,1.97616870407843,-0.980316050341904,-1.81631628474694,-0.017843624917562,-0.00229827547873809,1.67038374396818,2.8224894436756,4.61030659204006,-32.9852001559189
"npe_median",23480,1.69052446101047,-2.55872861461661,-2.91559978531996,-0.776038827878366,1.73405507924643,-2.22345006878932,-1.74069221965338,-0.0601776981625251,0.226578704916187,1.69100190313382,2.42341597807124,4.28809539017803,-34.4553739943282
"npe_median",23500,1.47653825725839,-2.51179258295724,-2.98597804883415,-0.755610241889595,1.75455279812461,-1.22048590297058,-1.66592191749215,0.0491616812014785,0.0627942128038426,1.88056721944082,2.24597988684866,4.25448043093492,-35.0664207676726
"npe_median",23520,1.54770635766272,-2.50368627009064,-2.92995781038798,-0.79258762122683,1.96801200011163,-0.443737158469032,-1.65731926419796,-0.14428213539623,0.207118203298871,1.83731990669119,2.11728185706877,5.15516681645796,-36.1335637891568
"npe_median",23540,1.55650932826467,-2.46031759954506,-2.9633745979771,-0.820709015767089,1.84283176624696,-0.690581339190135,-1.77522652394103,-0.15181750090674,0.196295911449705,2.00256684424617,2.10862021877044,4.64169063518542,-34.3713122832831
"npe_median",23560,1.69525518826165,-2.54860569468883,-2.87622601656925,-0.806291044412278,1.91644069309865,-1.05000440435357,-1.80077251871441,-0.146883666914194,0.521881003682347,1.71432878639791,2.69321857973224,4.59309008483852,-31.6500349184195
"npe_median",23580,1.72944817933756,-2.5229012873226,-2.90185423320824,-0.78974962239144,1.95548291369786,-1.55838785551825,-1.73109837181776,-0.144669385484606,0.474577649350376,1.69303914157354,2.72195909942703,4.35883143551164,-32.6033555592733
"npe_median",23600,1.83492882420368,-2.52206143588956,-2.91639330070152,-0.822207120216835,1.88177381161089,-1.19405215333152,-1.70813515631452,-0.0883958505002671,0.485460530679608,1.67089867640071,2.4657482760837,4.42665967055064,-31.6884399893781
"npe_median",23620,1.77016858986151,-2.53891550520259,-2.90615144775539,-0.792951082771002,1.79830664275392,-1.32212913120362,-1.64192901177251,-0.112156975503851,0.428224798246147,1.84136576676016,2.53924621382881,4.48692264027752,-31.9646298999828
"npe_median",23640,1.76299198731084,-2.49126139820141,-2.94875866691685,-0.811108314808988,1.81486788032918,-1.20649318046066,-1.67551008973981,-0.104759850383881,0.204172356915394,1.75783846573326,2.63898563142072,4.37179736030951,-31.6923825394596
"npe_median",23660,1.41517396896966,-2.50842657955292,-2.88926976498036,-0.826538579678151,2.01595323892352,-1.49320964715401,-1.80338937824596,-0.246310387343525,0.193652655672668,1.52855689101375,2.83478852675554,5.01541216435007,-34.8982775458703
"npe_median",23680,1.43986046685306,-2.48598835325871,-2.8466208242003,-0.877490802046352,1.9941316327959,-1.49602532924783,-1.78402136837585,-0.244265240654554,0.46136722678855,1.58411564293941,2.57698242288614,5.01780432684045,-34.2789715213284
"npe_median",23700,1.68055429342975,-2.60167738177992,-2.86561377663732,-0.881144493234436,1.98702870449089,-1.7663963959338,-1.88673673532424,-0.0582492575411233,0.10757010901773,1.59722124731552,2.73204857034199,4.74341033401929,-33.4850904786969
"npe_median",23720,1.81999670072458,-2.57035310023598,-2.94099129665661,-0.794317489967857,2.01114754420798,-1.67444215448994,-1.82548481358101,-0.174928846064407,0.0139908567767532,1.55363193634514,2.89610614542862,4.47906751505732,-33.4439311192915
"npe_median",23740,1.85275591857366,-2.56347525990516,-2.92286996933098,-0.764802149942181,2.00274572391724,-1.68196664031572,-1.77335472022747,-0.245924871636684,0.238775881272854,1.52278296573243,2.85689614060223,4.5911354978198,-32.7702128463108
"npe_median",23760,1.70953293078594,-2.48167767435209,-2.938914367497,-0.758207246253181,1.81010714218802,-1.38771398976785,-1.82575221212312,-0.180152650903246,0.399573772195412,1.8264959608574,2.32911625234238,4.77760319474378,-30.960987467233
"npe_median",23780,1.84499121967215,-2.56862074934141,-2.86724227771973,-0.807391559277158,1.77371430492067,-1.78897674833656,-1.93446936347133,-0.207026732435549,0.289458448072674,1.80980601343014,2.13368197182585,4.69243019414907,-34.4719113859349
"npe_median",23800,1.72674228980718,-2.63415203901369,-2.92212307941045,-0.825630311246005,2.17047077177504,-1.70672845349928,-1.82861062181873,-0.0175493263213929,0.232107213169891,1.69694236718767,2.61384526504517,4.7737036303765,-35.4503193429154
"npe_median",23820,1.30785927188523,-2.4288793275972,-3.11648425793716,-0.791805361160548,2.17148119264643,-1.13125291731839,-1.68465539382939,0.118526049373571,-0.0449416198838085,1.82274887706896,2.63438241174777,4.73995538303363,-38.6474339589238
"npe_median",23840,1.25667960890459,-2.40323714074174,-3.1525100973262,-0.738182854119596,2.04364226769312,-0.867858627971267,-1.800216070518,0.0405419286489727,-0.160965914675143,1.77785866591939,2.61157064098939,4.9745182354792,-35.7662595821481
"npe_median",23860,1.52769121067815,-2.38818387220342,-3.10013446340472,-0.811303153029,2.10303361706388,-1.11848663816587,-1.70322912948519,0.00717777393023413,-0.14301534045001,1.52509451008836,2.9096081738419,4.74852633194596,-35.5561425638999
"npe_median",23880,1.91223100602784,-2.59934061878133,-2.9201238388786,-0.774310637314413,1.78516750834817,-1.1556172217729,-1.80492532974005,-0.0802812386879055,0.0967096120288652,1.71575309996999,2.70927755528353,4.74557256973428,-32.5303076923603
"npe_median",23900,1.41891490041638,-2.53619350123244,-2.90123015312186,-0.776968220973698,1.98552880869913,-1.4953655827495,-1.74902207862282,-0.207900433628013,0.389480970136951,1.57499639419822,2.78292676896444,4.38207137002699,-32.9545859893165
"npe_median",23920,1.66966912691179,-2.45084991746635,-3.04662264458011,-0.743015281236539,2.10574026716748,-1.8077461359756,-1.83686379234969,-0.108872436518966,0.131120071924415,1.85936885297673,2.63589957056617,4.2759848695769,-36.302967133244
"npe_median",23940,1.91906363988716,-2.49962511497064,-2.95303444265699,-0.856158812958552,2.22866720613616,-0.60554577577556,-1.88258673782355,-0.192199102523701,0.331411140616263,1.74582272027928,2.45851104976299,5.03779054548409,-37.7805942540318
"npe_median",23960,1.69403757192915,-2.45843219957979,-3.01828534112489,-0.708276654742871,1.75950970057262,-1.10691142298177,-1.90875823451794,-0.123548284171705,0.341232146320484,2.04487062252085,2.19881963831543,4.9119564229763,-34.3943884930024
"npe_median",23980,1.91386009206803,-2.60283876188598,-2.87800150149205,-0.796164607706105,1.91033107892416,-0.63367918818468,-1.75066934241946,-0.289703331756326,0.525516284558542,1.67013057212921,2.73255156878112,4.85999969412404,-34.3047049423873
"npe_median",24000,1.79072550977939,-2.4983579613395,-2.91361842791639,-0.833786916207452,1.90576906386884,-1.10941779757165,-1.88269941809208,-0.264114631954103,0.544866233304741,1.69545294397466,2.50188279177863,4.71336724574372,-33.6031386902083
"npe_median",24020,2.22927799854422,-2.62767087797158,-2.86872696842163,-0.838867213686107,1.88663229804604,-1.21345836120763,-1.88022474835995,-0.316169383960369,0.450894235621486,1.45653617380124,2.67893220931569,4.63012094481371,-38.4183658275239
"npe_median",24040,2.12681284167096,-2.62578363667241,-2.96936552293671,-0.842069334727529,2.01446608992352,-2.15780444756128,-1.83102387981064,0.0468518166710498,-0.00676767639567455,1.35451117073672,2.85063084341493,4.77106159884471,-39.97988986724
"npe_median",24060,1.60895046759905,-2.5086476996136,-2.95527918881633,-0.820286041758965,1.9940922720875,-1.18482920957653,-1.83270166686422,0.0372411077234281,0.0701450981708755,1.59839848592294,2.84580261349518,4.64707797977783,-31.6161631251299
"npe_median",24080,1.53410900098656,-2.50506556281915,-2.93134086711923,-0.815747121204447,1.94991081205283,-1.09885114817385,-1.83249698306525,-0.100405639563756,0.19713247266054,1.56229590573617,2.76113680395155,4.72283367993148,-30.83810872697
"npe_median",24100,1.63074882359031,-2.53934307855544,-2.95898905285995,-0.781012134929702,1.91718389233095,-2.05303859118462,-1.70616914539996,0.00865803626111786,0.0376980827367566,1.74224145471629,2.61699701118656,4.39587016017951,-32.79154723894
"npe_median",24120,1.70124361730716,-2.5593060680409,-2.90624049357702,-0.809185102744137,1.97001207679351,-2.56394650558671,-1.70209795235597,-0.0887084238236769,0.215871540543894,1.73752179206736,2.42628116219227,4.65804352184844,-34.5721735576339
"npe_median",24140,1.64685831095784,-2.53410690992165,-3.00284790095099,-0.732426814766056,1.96439935421192,-1.54335906362075,-1.763113692284,0.0746407412521373,0.079064886165115,1.79361992634385,2.35230667662831,4.95583943926534,-34.1822210878924
"npe_median",24160,1.71564575174657,-2.47076497961124,-2.96477309633838,-0.778057868138113,1.82749607020386,-1.30542027017946,-1.7903649693118,-0.185398317047621,0.395889378848338,1.80531258257637,2.1640533070425,4.73147146281574,-31.3484775322791
"npe_median",24180,1.55469136568135,-2.48463556676728,-2.96576932487282,-0.7859188287876,1.92317945555917,-0.662313428805709,-1.71470754658612,-0.0944417698256852,-0.0351350911828826,1.72278669995539,2.65398840369424,4.50202370318818,-33.4927084060287
"npe_median",24200,1.69466305122865,-2.58388203903368,-2.8995259031927,-0.868561918973981,2.16428286842001,-0.923804528075746,-1.77562339507119,0.100608286128326,0.169437483091,1.51878139412642,2.76178032312313,4.70487571939239,-35.4124348400811
"npe_median",24220,1.64189694704598,-2.51330332791615,-2.92760060856433,-0.816168414875256,2.03909574629014,-1.46829345421152,-1.65991212400203,-0.196667261722724,0.221573830772499,1.5746279431623,2.84442025848446,4.67279422982954,-31.384960940845
"npe_median",24240,1.56356096052614,-2.58280596889415,-2.86589333691331,-0.845122700738622,1.90879931572519,-0.616037890896425,-1.84893239084976,-0.052986459789274,0.0764678257236308,1.74520593952326,2.63151078822564,4.45286575355551,-33.5251932975872
"npe_median",24260,1.46471316265761,-2.46972311817964,-2.92349066724255,-0.785415833426044,1.80201629439856,-1.11303480754291,-1.79729967265095,-0.0840272685947537,0.321864735335579,1.64115197424028,2.5278257895315,4.69200263170453,-32.4913126699851
"npe_median",24280,1.52668954294633,-2.44301716090081,-2.97341491362621,-0.79725194289561,1.97749322107448,-1.5271741457198,-1.80854308954464,-0.074139537151391,0.160022904324651,1.66052076021085,2.77558279630319,4.45261409235004,-31.9049179417974
"npe_median",24300,1.95254092367714,-2.56893605923661,-2.93932869168581,-0.796091470822583,2.06856110898633,-1.06624896526265,-1.75139768715475,-0.0285713638813513,-0.0501089486212758,1.77268971482249,2.68179793848717,5.16305010258074,-34.7344608797133
"npe_median",24320,1.54146860023734,-2.57119663756848,-2.92486761302214,-0.769618010397255,1.78075755842824,-2.34173771720025,-1.72347133403489,-0.119167505336623,-0.0241388811568189,1.64715353935966,2.63952660637052,4.32832896657362,-37.2962067338069
"npe_median",24340,1.80263197745153,-2.5791176257068,-2.98071379870426,-0.758176206912303,1.64720801603787,-1.86849314036611,-1.81764904141038,0.0540954214140192,-0.254145936247508,2.01668968292255,2.42259782753889,4.32977710172214,-35.4598774395715
"npe_median",24360,1.76117082989038,-2.57760598646106,-2.95126203219276,-0.791981465180453,1.91578339309346,-1.33092313880479,-1.7433395690911,-0.0762139994918167,-0.149817163105803,1.73050029721204,2.75785449042354,4.52395854089599,-32.4217303167834
"npe_median",24380,1.75010859956811,-2.47020645097195,-2.92732711989908,-0.829451348587115,1.92907043956157,-0.91087931250565,-1.69618374097393,-0.210666573336409,0.129331011464801,1.58699956395976,2.60028149684308,4.99836198068513,-34.8864557593322
"npe_median",24400,1.67018949411329,-2.46516607606009,-2.97643494720837,-0.76729857715478,1.92744732498488,-1.27778318887316,-1.69825325349548,-0.189620660258007,0.206517268040715,1.58436108832036,2.60156572943027,4.90021664428405,-31.8921651288955
"npe_median",24420,1.67018949411329,-2.46516607606009,-2.97643494720837,-0.76729857715478,1.92744732498488,-1.27778318887316,-1.69825325349548,-0.189620660258007,0.206517268040715,1.58436108832036,2.60156572943027,4.90021664428405,-31.8921651288955
"npe_median",24440,1.55250855725586,-2.48027506201678,-3.01266398837862,-0.758539772941492,1.97592094204718,-1.30676058005789,-1.59291857871015,-0.0933654937857812,0.172768883806764,1.64189728667514,2.82046650163633,4.87240393333838,-33.0311554933708
"npe_median",24460,1.8129250572013,-2.54247869794549,-2.96778051801356,-0.828626333494152,2.04343544629125,-1.22936587200784,-1.7795111688761,0.0340470342355376,0.21010490385032,1.73538543103459,2.82541376927212,5.08351811322936,-35.073156265644
"npe_median",24480,2.09766827369775,-2.61482132166758,-2.8706508855457,-0.893692226602356,2.15060145273271,-1.25772554386142,-1.81229065557548,-0.0442627593989656,0.233768894956713,1.56002818320058,2.94841355475662,4.96301701226621,-34.7616690713147
"npe_median",24500,2.24499910820187,-2.51944102599115,-2.97254447534364,-0.779396939658803,1.64216772305194,-1.86767227684058,-1.8481811235416,-0.103411905624304,0.191826964091403,1.97892434043675,2.33481879170207,4.95275731882398,-38.7475492208716
"npe_median",24520,1.94995211862453,-2.45516097838088,-2.9893366324032,-0.722912319468185,1.68493179320859,-1.40864065664238,-1.67321075363571,-0.280039172649502,0.293200522410876,1.80846981403574,2.59615331063398,4.63839783758265,-35.4853338396717
"npe_median",24540,1.59469082443732,-2.48269220983251,-2.91598796755144,-0.798145056134645,1.90717271349477,-1.78683601134514,-1.80813977864709,-0.106873057395438,0.341316949167461,1.83802894776979,2.8745206691791,4.8227188494512,-33.961191938888
"npe_median",24560,1.5383750329276,-2.54637128054849,-2.91231793790761,-0.78710962224462,1.93202730426447,-0.81756661805271,-1.87717791184889,-0.138883144198931,0.343188056391483,1.99535765625883,2.68399664366931,4.9588636992429,-36.2151366397889
"npe_median",24580,1.67476996969425,-2.48254186823125,-3.00250053987903,-0.757435107453004,2.08451136743916,-2.08015020537542,-1.77228422822356,-0.15300240906129,0.104835660085395,1.63912959163949,2.88559163376951,5.00063850540793,-33.3187792062921
"npe_median",24600,1.70833664271899,-2.47329457448638,-3.0377494032519,-0.700480422005427,1.80238769133623,-2.18256554147049,-1.76145951037446,-0.138131592475897,0.233489505138731,1.68752484286412,2.64011717544815,4.40338296535206,-33.5877959271825
"npe_median",24620,1.75270431323818,-2.6211399425856,-2.90236364115089,-0.807720279659113,1.89628954291796,-2.13067366978889,-1.75425560723626,-0.0374020300394022,0.1570408843896,1.93812172931738,2.37967281487731,4.6664133699756,-33.863666730092
"npe_median",24640,1.69623033556867,-2.55650225668908,-2.93712912534931,-0.813759577158037,2.1088096118157,-1.71317807624252,-1.77532060168899,-0.0151393878561595,0.0394605526276908,1.72973095933923,2.82703630690998,5.08177517083553,-32.9192748870038
"npe_median",24660,1.62294380635876,-2.49989027575685,-3.01829966381668,-0.789199154898517,1.96715431767916,-1.66379607339225,-1.79794828993713,-0.0562583673036905,-0.0667172274851808,1.80589747945706,2.52394008112461,5.0380536899444,-33.3293410066268
"npe_median",24680,1.70036736860758,-2.52322425392106,-3.00228830660094,-0.781351538380342,2.09784074003243,-2.25272165579368,-1.67125545705814,-0.086808205950388,-0.0212588787149624,1.62457296685735,2.67860127456372,4.69283489156338,-34.1881350325788
"npe_median",24700,1.87055709026802,-2.58080765448793,-2.963959305158,-0.783356985599518,2.04447912813649,-1.37885887560038,-1.69168690462402,-0.112034644930297,0.0404706800037305,1.54424713189691,2.87922552628391,4.11786658887297,-34.0063491449717
"npe_median",24720,1.7879160250328,-2.55936430708355,-2.95801481916671,-0.762547292044836,1.79140077810327,-1.43600507506811,-1.68808695127706,0.101422774375814,0.19377101252818,1.81585325642107,2.43003712310858,4.61780820470348,-32.7487829458486
"npe_median",24740,1.94696962611993,-2.50355343912694,-3.01696366361999,-0.747651726325452,1.7581349692161,-1.11363236813035,-1.74657162601681,-0.005887253274913,0.327814689165977,1.94179198255531,2.12491043427693,4.70123458238722,-33.1953862272647
"npe_median",24760,1.77772861360615,-2.52570950707054,-3.00232802458558,-0.730628625934734,1.84131817821688,-0.628002463176638,-1.80359806322162,-0.0269473569339188,0.130743802742712,1.95285601859827,2.19447931945237,4.82793099147312,-32.5115534226959
"npe_median",24780,1.64129226257696,-2.60133265065595,-2.92907206537043,-0.773254302614048,1.77649350927315,-1.68880644248395,-1.76079047459449,-0.0248923341905545,0.183816030128761,1.58732078411969,2.33173276686406,4.78403192844303,-34.1967768062362
"npe_median",24800,1.37816568520241,-2.56546560171379,-2.96549487693275,-0.779762176563586,2.1344672480943,-1.74651179435394,-1.73013696154028,-0.0926274002837068,0.0222832116024289,1.49469141282561,2.73299658038054,4.91230042265793,-35.3673016553783
"npe_median",24820,1.50877884841732,-2.58822479576499,-2.84122372993517,-0.845044422373764,1.89859841058723,-1.19972990745779,-1.71692022464625,-0.29319770815628,0.289614110295121,1.55374646057549,2.41827264001875,4.97392252872109,-36.4988826359669
"npe_median",24840,1.74672183132281,-2.51544303064332,-2.90914289360903,-0.821031549054924,2.03283236345642,-1.9903842259031,-1.53628635552814,-0.330160302496884,0.2197571572857,1.6488364912086,2.69414930676354,4.92576610005968,-37.1975305900318
"npe_median",24860,1.80729752367188,-2.49897257075399,-2.89542058690617,-0.842701080032232,1.6767506584589,-2.03373293317122,-1.67764361388648,-0.0488505950480047,0.169368638455987,1.84304755233785,2.34277278029672,4.58378511876655,-35.3671950328197
"npe_median",24880,1.84493654974391,-2.60587891022808,-2.8667900557639,-0.789538799547228,1.71227606477245,-1.23282972905859,-1.89081343857996,-0.0671022010491381,0.0284126585494773,1.99669372832959,2.67590201140025,4.5695033009951,-36.0080384405051
"npe_median",24900,1.79282812959744,-2.58411674453461,-2.83802979963847,-0.887949655369468,1.92272954366905,-0.880985115213542,-1.81639201631403,-0.0491394468660982,0.263583592697634,1.58210024039566,2.84954841231455,4.7661203686271,-33.6092429287536
"npe_median",24920,1.85254820599879,-2.53065882547986,-2.86798490148225,-0.879509201977275,1.77803350049638,-1.19729750313846,-1.81231653957066,0.0709351658526317,0.252461607590067,1.68542669647859,2.76571336456584,4.39038549990081,-37.0369513324508
"npe_median",24940,1.4523239487943,-2.56956530610468,-2.82441497247842,-0.897366404814476,1.89612077957322,-0.851316021185588,-1.88509551956781,-0.0515252007383837,0.314059260795074,1.64175796179627,2.60819995754177,4.46918175666349,-34.5371031251668
"npe_median",24960,1.5976309247092,-2.50474156999123,-2.95184920145886,-0.831377244096348,2.01478789788174,-0.775164047491715,-1.9619223842922,-0.0552753361336982,0.165525849348462,1.6585292046356,2.38738475819026,4.88238927312455,-33.5101577237165
"npe_median",24980,1.79839380757797,-2.58219262122063,-2.85647200387728,-0.823081795895629,2.01900403214704,-1.39152666257574,-1.82512337881671,-0.0372438321809223,0.439120791231165,1.69688630569805,2.61686569963509,5.16139795493587,-35.3183506444781
"npe_median",25000,1.85566424732718,-2.61935844881941,-3.01415368339231,-0.659264874863047,1.81196702639333,-1.80159024009606,-1.72432023399985,0.03137240814663,0.0514860250466047,1.78650059163369,2.47330484469306,4.81799771445511,-35.5276087586043
"npe_median",25020,1.65849510118085,-2.5618045316912,-3.07595471551538,-0.645513110972973,1.5843103176193,-1.79813987588048,-1.76533565733057,0.0396002253195985,-0.0553821506169775,1.91197664936688,1.90568993571948,4.79843787340245,-38.0641717831666
"npe_median",25040,1.46918692122558,-2.59445108612361,-2.91147463322458,-0.788398765071419,1.76379377954563,-0.548420208427311,-1.69912838519542,0.0931478316107542,0.146763313427269,1.8234171209211,2.300482963501,4.58043808572007,-35.351249681675
"npe_median",25060,1.83477384912275,-2.6082872497338,-2.95652442194094,-0.7946742492667,2.02038018817818,-1.2150600928051,-1.75078429380602,0.00953220379374677,0.129252722598804,1.71216160867457,2.76616388474761,4.26818056648712,-32.9032932950845
"npe_median",25080,1.71811889113063,-2.57620300695784,-2.84547218981517,-0.873824025858353,1.93635412440188,-0.874634391513101,-1.7649943177999,-0.0908923261011099,0.54933050128896,1.6797690322998,2.85991141812742,4.6032633351266,-34.5615109462665
"npe_median",25100,1.84261505755377,-2.58908234581503,-2.93031248479493,-0.749680575858723,1.79073015715556,-0.405099275992829,-1.73642276381348,-0.000170421717177426,0.202452358828351,1.88865756396535,2.67766267025382,4.86666026663331,-34.18675558873
"npe_median",25120,1.92404782320651,-2.58089719746602,-2.91235922341431,-0.769980121934874,1.73867187508631,-0.746355699177343,-1.90935180570899,-0.0838969154594394,0.402414850772032,1.76316643981372,2.61149575027485,4.70386457977745,-33.3311172375406
"npe_median",25140,2.09084367724356,-2.55889186979917,-2.97051890323255,-0.767816842948382,1.82305347542339,-2.19065888712829,-1.74563974991824,-0.0274887646016544,0.202918975975907,1.71974031078503,2.55586140499146,4.55585793984743,-33.5039131112301
"npe_median",25160,2.11769206908336,-2.63993200874406,-2.92907431688316,-0.753132579854164,1.66580374118906,-2.04093226712112,-1.74921901406994,-0.0515648163093771,0.0301320542573089,1.74209124797404,2.41651979981491,4.71796407276816,-36.391449495829
"npe_median",25180,1.94865306335876,-2.57256015583905,-2.92751310317449,-0.804241890752136,2.11212551137132,-1.506103831096,-1.73865133555035,-0.14338990760434,0.0553057760504815,1.64851365667294,2.86344273285161,4.88584847255636,-32.5989096445629
"npe_median",25200,1.86107410835549,-2.55135530072042,-3.00279616011299,-0.758223781365999,1.92281985098867,-1.29161920463576,-1.74871117564691,-0.00985402065488014,0.00281940820617185,1.58717362755794,2.77551614423374,4.55638251216444,-31.6195152072547
"npe_median",25220,1.73221593525483,-2.54331680562187,-2.88019480611642,-0.877984085854583,2.03742289995422,-0.736935452839637,-1.82413453146629,-0.120624990606361,0.268908855801178,1.76162495929409,2.67366690114895,4.56539327932253,-32.1010900527286
"npe_median",25240,1.70454147985121,-2.61599080649391,-2.7929836399652,-0.909675902759768,2.04187035623858,-0.616846408729084,-1.76310671077612,-0.221965596578635,0.482604319419592,1.74005359404413,2.64370819666178,4.75965284483739,-35.1562592740508
"npe_median",25260,1.62783945431279,-2.55927823735278,-2.88085206333952,-0.856916820441849,1.97134681763109,-0.790153859088408,-1.7461071595219,-0.16046292955103,0.196640234406009,1.64787476835827,2.420355418301,4.78281170470318,-32.3617969728256
"npe_median",25280,1.78160799691746,-2.42775454763701,-2.9911991524452,-0.843369373725543,1.99507667789879,-1.40993232506185,-1.68922660783462,-0.130578965058277,0.258091160121508,1.82310830354695,2.02764576734904,4.54835400817017,-36.7651335578919
"npe_median",25300,1.86829259620114,-2.48007129591838,-2.9709092500211,-0.772880883901121,1.78617717722697,-1.33286866213399,-1.72968364741424,-0.0678639446661139,0.359296468024269,1.89568304136874,2.19434203321099,4.6287188060677,-31.7344984147527
"npe_median",25320,1.69440884417124,-2.5354626852354,-2.88512709293553,-0.81934141769569,1.7976789855922,-1.39014971185776,-1.8685536055055,-0.181467861269854,0.510172395300329,1.83433487994994,2.10576006734223,4.73274581350316,-32.6649068929981
"npe_median",25340,1.62853710011966,-2.49873508602849,-2.86496833472352,-0.864162125377515,1.85958185139785,-1.16895239282686,-1.82830205487602,-0.263407513890309,0.576686194971654,1.69482957860705,2.49113494568298,4.81507699217646,-33.4778461207625
"npe_median",25360,1.96900062085669,-2.56115240464428,-2.83779687096189,-0.853770105587309,1.76851348929016,-0.612378435018062,-1.77343892995521,-0.28365949782124,0.537262507650188,1.69637603352819,2.44567657713693,4.51719221779483,-35.1280582068323
"npe_median",25380,1.87769253355683,-2.54041329308969,-2.95317513466387,-0.794382178831507,1.72019431998792,-1.41716403773425,-1.83446909340725,-0.171134750701987,0.108136820744967,1.80556255246006,2.2046943194614,4.66546409620259,-33.579783589824
"npe_median",25400,1.71058882594676,-2.47933604774076,-2.9703001473192,-0.788862946166547,1.76108495192589,-1.26468856925127,-1.69015218050299,-0.113756329538008,0.145019599174567,1.70748783481013,2.26220234945094,4.33138859596463,-33.7626526761274
"npe_median",25420,2.06247233883773,-2.57474989106885,-2.89927019222007,-0.804722972055111,2.10015035236995,-1.09716616968643,-1.85903588795601,-0.0654112595313557,0.161387119616292,1.78793736200756,2.96240730490771,4.23873007944907,-40.2502092180464
"npe_median",25440,1.31261077098686,-2.45335032493917,-3.0132326809773,-0.707704087134746,1.85686203756737,-2.15671509583654,-1.91646842053774,-0.194878519346395,0.0633220382106586,1.86753835328231,2.64128697169091,4.57132125504815,-36.0493451095428
"npe_median",25460,1.88987313801788,-2.61618657486488,-2.86134922726279,-0.820791030390344,1.88826166049357,-1.64691269628285,-1.84752720984618,-0.147960182463426,0.297794904474574,1.82465899977572,2.60292048038998,4.78010067879839,-31.7314600051717
"npe_median",25480,1.50434379673519,-2.52906775885975,-2.9510993656708,-0.771822967753098,1.62100439632951,-0.71161747481969,-1.73125693794336,-0.112116445971715,-0.104899121560662,2.00572044279944,2.15464433195641,4.83088303428298,-34.2988830506587
"npe_median",25500,1.58416861902664,-2.47653102952036,-2.93968938647856,-0.874119998833267,1.99443605352456,-0.593933658654309,-1.70915576299605,0.000887422377315207,0.154652452717453,1.70606338885057,2.55733003339574,4.66065886208006,-32.8348239525689
"npe_median",25520,1.66577631417792,-2.53887601764694,-2.83547814159615,-0.824839242918759,1.71192522961276,-0.69879774368663,-1.84175995952237,-0.262344285271295,0.316825439251473,1.88268895477223,1.98643094113848,4.85277217238783,-35.7525288809663
"npe_median",25540,1.82908042857279,-2.55897098330063,-2.88903018502081,-0.825939807974083,1.9073058546768,-1.36522972960042,-1.77506873758598,-0.237100554966828,0.352716414349106,1.67122224443429,2.78914115589642,4.05417949934024,-33.1744734313143
"npe_median",25560,1.67037499045025,-2.50952351311671,-2.94066919447876,-0.762053308962517,1.8487779980502,-1.35612951392514,-1.71173409374188,-0.264549843529463,0.246221374256584,1.7912625921731,2.61746042218736,4.38585262003181,-31.7388459882773
"npe_median",25580,1.76291641191246,-2.41980354611342,-3.06480116894755,-0.715479476672552,1.87558571503659,-2.01403023861379,-1.70220715003752,-0.172152259876382,0.149436064976098,1.89397821763165,2.4778601575374,4.89607453424047,-33.6078187772807
"npe_median",25600,1.95871965200515,-2.486975155598,-3.02475049622339,-0.755450512618363,2.00426403399476,-1.97111498904495,-1.92000982860125,-0.0848918023395205,0.113144539348227,1.50008545516257,2.91479302589641,4.69689217714942,-34.6061066737002
"npe_median",25620,1.94565561661645,-2.53012740192282,-3.03251891639722,-0.756177023495728,2.05591905600994,-1.21453696322457,-1.64754323262789,0.00450969797730212,0.185926662506048,1.48866371001226,2.71911517375487,4.70939519552761,-32.7873445067761
"npe_median",25640,1.73761034524282,-2.45154241172641,-3.10826203008061,-0.731340082031172,1.99540206386219,-1.23244535351211,-1.77044821668087,0.00855567238348011,-0.0315717829578226,1.82815411889545,2.62754394859659,4.92722541833808,-32.0193940244514
"npe_median",25660,1.81020059491507,-2.51939241346174,-3.04209156688683,-0.802615852391531,2.15248654408521,-1.22188367794291,-1.73198982366568,-0.00431995177724684,-0.133681719772601,1.77361722615495,2.57033573606998,4.85337945575958,-33.7258458289363
"npe_median",25680,1.81639925264727,-2.44212181419714,-3.00309332063515,-0.855793459972821,1.87684552107034,-0.854743886360074,-1.73763116962047,0.00516543975218307,0.122270761655458,1.57771138375726,2.78704770583272,4.11419447383476,-36.2325009242584
"npe_median",25700,1.81006285878072,-2.43154430241891,-3.13286136462692,-0.719780007778232,1.76262346920297,-0.579230197200944,-1.94104693464386,0.0585601175017498,0.0616907188204514,1.90898139790632,2.11107526291066,4.6867839404504,-36.1949994124683
"npe_median",25720,2.16624943649919,-2.4525049001831,-3.12624782716213,-0.735796942430664,1.895320897828,-0.605116477170008,-1.77407602375763,0.0831749111626758,0.113147869381383,1.88190731031575,2.5758260486599,4.61779836828487,-37.4917075356656
"npe_median",25740,1.9980575279566,-2.48174551807921,-2.92160721099145,-0.793663979760247,1.86456518691193,-1.61359252627022,-1.69738878980623,-0.0954318976266081,0.679128959156319,1.76996968906333,2.62620416381663,4.30861144333636,-38.7350600840252
"npe_median",25760,2.01059181479967,-2.57168411045019,-2.95200949691925,-0.681440314122858,1.53634008982233,-0.372487834977895,-1.79413412418941,-0.253686293303807,0.43577288240601,1.88810283623383,2.246602288171,4.91752470409394,-36.8093786716658
"npe_median",25780,1.74756263136043,-2.46073483503466,-2.97637036917401,-0.71477421927291,1.74864089399973,-1.21593996536104,-1.65210990637804,-0.274619003517567,0.204046190677054,1.66809454870536,2.64239551480592,5.20047521948557,-39.6099396137431
"npe_median",25800,1.72045756604351,-2.43832750307479,-2.91951376496969,-0.787589941815731,1.59920576056581,-0.925787317866544,-1.69915737237261,-0.284198217255672,0.357127659811045,1.70791492971484,2.56904483368814,4.72170600011066,-38.1791501860899
"npe_median",25820,1.59199889844914,-2.44598603185624,-2.97081533709326,-0.775562482438087,1.89218766906787,-2.20357518709869,-1.70764363116954,-0.216936928372304,0.239805652633441,1.73958494195167,2.45439668155556,4.64002106938091,-33.1166689248836
"npe_median",25840,1.44919709271324,-2.47363344916747,-2.91663118786357,-0.864921188072842,1.9304616148988,-1.75151652089812,-1.75702333868938,-0.147529919550586,0.12773242428307,1.55804076754384,2.91946537345072,3.441712534499,-39.158510187797
"npe_median",25860,1.86991388215764,-2.65520521646735,-2.85401177669951,-0.805382743801855,1.82886422682548,-1.53266913173878,-1.68851227564216,-0.0290637103478853,0.228025725534837,1.77054421311371,2.86423036461045,3.81055155203431,-37.0888132612674
"npe_median",25880,1.66401437829933,-2.59464232050034,-2.93700234125356,-0.785477235441886,1.8119747461533,-2.13746801395041,-1.88067857213516,0.0752952101668066,-0.0136373620724082,1.81433230047623,2.66678799522381,3.93371745452004,-36.7922447501234
"npe_median",25900,2.06622236788054,-2.60727213173122,-2.9810250263139,-0.736315842699201,1.85067246892814,-2.46384038798396,-1.84137823139639,-0.047606345202082,-0.214725094812892,2.02787883408674,2.37170549553977,4.23893722045474,-41.1615217159003
"npe_median",25920,2.11437831041418,-2.70189771054805,-2.79532923597345,-0.850770489830525,1.84081432039574,-1.95345545836318,-1.73934223230626,-0.188200779126191,0.0336357107050958,1.77456478394535,2.75518936794448,4.45265738589159,-39.8216317606638
"npe_median",25940,1.83051440380337,-2.54570923574079,-2.94528593437523,-0.860672634604096,1.85391276344716,-1.62535040087497,-1.74532380135115,-0.0466511770714216,-0.241144907779297,1.88054426922114,2.61411348546341,4.60966145241267,-36.1489295454297
"npe_median",25960,1.63251820114989,-2.52036556506415,-2.99669022720469,-0.798217088096267,1.97997694529678,-1.20602496206206,-1.80991054601127,0.0380288282884062,-0.257093076479925,1.81432737428356,2.54463598887448,4.91255105223661,-32.8262900996844
"npe_median",25980,1.63251820114989,-2.52036556506415,-2.99669022720469,-0.798217088096267,1.97997694529678,-1.20602496206206,-1.80991054601127,0.0380288282884062,-0.257093076479925,1.81432737428356,2.54463598887448,4.91255105223661,-32.8262900996844
"npe_median",26000,1.86470643116843,-2.53743686481591,-2.95793347499158,-0.795828634258482,1.78440139784354,-1.29032487050245,-1.80784425966276,-0.0570531327971429,-0.231337284990973,1.92472856345304,2.52109413659865,4.8879712789702,-34.1603139228176
"npe_median",26020,1.5582501794273,-2.51634211375185,-2.85292420555765,-0.848397026078809,1.72247976160755,-1.71606656175754,-1.79712673753878,-0.0800285794292356,0.496953149469683,1.73168207945424,2.59199412731478,4.77071714512269,-34.7464574125403
"npe_median",26040,1.63679642761785,-2.49113572994003,-2.94381048553583,-0.82046755237553,1.81464730461009,-1.65029192173377,-1.81626670771887,-0.121626951192901,0.176211201447497,1.80852716578897,2.51050956211838,4.63558896281751,-31.6658953169027
"npe_median",26060,1.51438715749308,-2.50974294388624,-2.91133813185154,-0.881855106090675,2.05343795363087,-0.55315895491072,-1.65998283769028,-0.0710693864189127,0.239831563801619,1.51624049248088,2.74595456553811,4.99944620323039,-33.9894508891062
"npe_median",26080,1.60513360837369,-2.58906106056879,-2.8442038775452,-0.877551416955257,2.04778535149542,-0.746970012201867,-1.72372931148732,-0.0936290634545487,0.478407057966849,1.49781823176879,2.6069096906614,4.98268146758636,-33.4171405163744
"npe_median",26100,1.54130646470003,-2.61085979660254,-2.86479938328894,-0.811111575610312,1.92645779432973,-0.699111127352933,-1.75908777535378,-0.119912025589432,0.464178328003985,1.58159808524322,2.55310135768805,4.95789445653824,-33.1572785492354
"npe_median",26120,1.64411978975301,-2.63543229511503,-2.84870263777503,-0.872325462283475,1.97425322597126,-0.531286669090861,-1.9758014192723,-0.00763182802396382,0.376501148118279,1.63286598109142,2.56987214682209,4.82058422926965,-35.9894732067175
"npe_median",26140,1.96411222062257,-2.55591482447787,-2.8622243970131,-0.929281514921666,1.79208271705282,-1.63441255967411,-1.84974612864299,-0.0634047855654311,0.593748196100755,1.6996124353627,2.11712729330271,4.75602297095935,-39.692899300845
"npe_median",26160,1.48516681033956,-2.48916879460212,-2.85825184171146,-0.920437572503534,1.99386471735566,-0.683249689361391,-1.95519081369592,-0.144423031496753,0.454340732267617,1.54066261222251,2.53639273650529,4.77381896965022,-35.1730064077377
"npe_median",26180,1.66049951127974,-2.50783408213974,-3.02255422731745,-0.765216611173428,1.93656267644465,-1.45022420211115,-1.72292420408314,0.0596192556129678,0.123791860143669,1.44975715343256,2.77798549221657,4.12409136580756,-34.5117350231696
"npe_median",26200,1.88773049509089,-2.48456326368669,-2.95042145587963,-0.758223447370173,1.68162829326421,-0.357801046854616,-1.85653322363432,-0.213972953256587,0.414498117637876,1.58784021599819,2.47662145307124,4.36361150382642,-36.4683589584688
"npe_median",26220,1.66247347121398,-2.47882587236217,-2.92704346113164,-0.842849726644877,1.77928021068361,-0.693444524198058,-1.78274692173637,-0.134655558461257,0.197583373110393,1.75446788482068,2.43165812518322,4.40469920889291,-33.1126232205558
"npe_median",26240,1.95178393633557,-2.55971162034051,-2.88655784056405,-0.895885260114011,1.8240015577394,-1.15766239127731,-1.91790318119764,0.00697280522533967,0.211851624503054,1.58852209950967,2.42691597459944,4.73627125348654,-35.4697620539142
"npe_median",26260,1.88698641625781,-2.52690019113867,-3.02406080837846,-0.758790079581289,1.84740432189061,-1.71344740631062,-2.01629479840704,0.114696755045834,0.161743653598805,1.72622915941026,2.63238993393626,4.11188306216753,-37.1279945903222
"npe_median",26280,1.56558551857755,-2.4900160929682,-2.95904658540634,-0.744995437573085,1.75117517750105,-2.04020320155272,-1.8656020806842,-0.0748572265077869,0.43374748992322,1.73051555110647,2.41812617778799,4.74336280440902,-32.7115804288239
"npe_median",26300,1.6329059443136,-2.60670309203252,-2.85792625520779,-0.907181385244312,1.86538072186866,-1.6996564733127,-1.68086023513051,0.240910978973665,0.0208151893096848,1.78902031061898,2.55804528690035,4.60080813464486,-39.9566884512568
"npe_median",26320,1.62441534586615,-2.61425257273324,-2.87008226557336,-0.767496033649998,1.83302867816198,-0.806426913101289,-1.8366975272358,-0.0790833462954915,0.299712021113519,1.70309854348798,2.51874546512929,4.82121273705423,-32.8996372187551
"npe_median",26340,1.47112233796438,-2.44985312574591,-2.90031443490303,-0.854081017649282,2.03083668967514,-1.47672135346808,-1.77330370933516,-0.0772063506364028,0.410812278903358,1.77119293282753,2.76391352918332,4.85765440875286,-33.7666454503628
"npe_median",26360,1.63403731780295,-2.44018534381687,-2.92075023254884,-0.797433165588282,1.67391312407368,-1.98346313544484,-1.69406063495834,-0.0819556269963027,0.387750394158726,1.98307592389339,2.33333170984624,4.7651864193833,-35.501021373954
"npe_median",26380,1.35829382913511,-2.38626987033669,-3.07442765142916,-0.724253463431445,1.98340797150911,-1.28134327446248,-1.67915367341002,-0.12184980452783,0.0376970632243321,1.83288516712122,2.86494963167299,4.70271070040338,-34.8504788866366
"npe_median",26400,1.97133619328383,-2.51120885108172,-3.03466965518269,-0.751694294689335,2.15258777102437,-1.42884109245578,-1.67105003331619,-0.205450635769766,0.168279082127539,1.59643260446752,2.50000178824003,5.07535821780392,-36.6771462821896
"npe_median",26420,1.66668670524917,-2.52733766108274,-2.86131754818356,-0.78479437993287,1.88025261575676,-0.997003539218223,-1.75197131754173,-0.336130342161613,0.523380282438135,1.74834229914026,2.366454021937,4.94964733953384,-34.8161587838151
"npe_median",26440,1.71147334082936,-2.59152460812499,-2.90616202471358,-0.85486313808008,1.8367239269982,-1.21454663015545,-1.8188761496578,0.0475556239842335,0.109762944651777,1.87683446601176,2.34446695661073,4.8506794587271,-34.1850478823856
"npe_median",26460,1.68610718741921,-2.46963726643177,-2.93588545178432,-0.878646512319905,2.06302266753082,-1.4866152774363,-1.71366936282236,-0.0733152018710733,0.372017929328962,1.57959065196349,2.40444672391129,4.52933131350458,-33.9030267728091
"npe_median",26480,1.74483952597476,-2.41896944527929,-2.96210879355133,-0.830814750033348,2.00132899812031,-1.34808304342782,-1.75892244863033,-0.216433161378594,0.479322254830685,1.60841335477607,2.52916591974732,4.48822050365451,-32.9910866212504
"npe_median",26500,1.48912741781117,-2.50996204537849,-2.9936783597738,-0.734507631295661,1.9706314136283,-0.736361587993821,-1.80762598063973,-0.272960091075625,-0.167474254797458,1.7409958310561,2.4861947426998,5.00055744696132,-38.4119806961161
"npe_median",26520,1.64200390576422,-2.54006570619484,-2.93857431807704,-0.697149656677018,1.93277258501645,-1.08785076275286,-1.70006309316992,-0.316864264916718,0.36142448064461,1.67035426935162,2.90350500549779,4.3153536510619,-35.9380083827064
"npe_median",26540,1.5565727021522,-2.55269354067998,-2.94764928900477,-0.66344007501882,1.82914702624716,-0.758642378288553,-1.69482572667992,-0.243968522899934,0.268660883250155,1.82507413927016,2.5997417742786,4.94144890036224,-36.0304547771615
"npe_median",26560,1.459118372531,-2.52749790832599,-2.92420598697365,-0.706738603619614,1.81542182568351,-0.736598628607779,-1.67512620507589,-0.186911755106291,0.3517156100624,1.59251514942817,2.93140616456959,4.66644024389969,-37.3472486710811
"npe_median",26580,1.503134300348,-2.43653514594107,-3.10714114664531,-0.671438454887009,1.90021235670993,-1.16802297747444,-1.65531422480141,0.00203595818864825,0.101984329839919,1.68428864911795,2.78066920445652,4.66866460944215,-34.0535963920638
"npe_median",26600,1.54890155387219,-2.45145684997613,-2.97173058189975,-0.841076111747482,2.05711891224448,-0.764620977542289,-1.69916036895892,-0.0448153406566647,0.332521973099369,1.42510146986813,2.9114697098158,4.56969252985883,-32.577659527085
"npe_median",26620,1.66788042854927,-2.53166642041193,-2.99120327272191,-0.794484539700356,1.94007997700004,-1.27316494886969,-1.8510694294492,0.0403135662642953,0.204763173215728,1.6529371057888,2.57157958472337,4.68553484133804,-31.7249349233162
"npe_median",26640,1.7386094373976,-2.59792570412653,-2.96583525925986,-0.729551826494797,1.84113536044697,-0.220095194118165,-1.72296754746013,0.00435671560246949,0.177652127423369,1.73760388732454,2.40977651005294,4.74421664105736,-34.0470054715826
"npe_median",26660,1.63514355762782,-2.42067074248754,-3.01040013013492,-0.779411764626709,1.94583779629582,-1.87252115677102,-1.73716372389387,-0.150257952994053,0.216289133444351,1.92016374823668,2.45196000253336,4.98029232032558,-33.1112691576672
"npe_median",26680,1.68581735158316,-2.49609871705909,-2.98213169207835,-0.784161467595124,1.88266113915992,-1.27087631298018,-1.79343625410296,-0.0364518184872131,0.160289994519846,2.1301636418212,1.99518031204717,5.12832980166573,-36.2311537079231
"npe_median",26700,1.44383304675272,-2.46224498306924,-3.02426214808995,-0.757348070709131,1.80886107538956,-0.764472948431272,-1.85400368169797,-0.0506409053865564,0.142842842540781,1.68759779751983,2.32111116142736,4.69795287306715,-32.9472898808038
"npe_median",26720,1.6669319549633,-2.44280738128864,-3.00990918792275,-0.740099611784566,1.73967081133085,-1.02491234302112,-1.91001529195352,-0.0560707151024525,0.273443704240242,1.82941979929998,2.34605819115365,4.72826902628518,-31.5908802987362
"npe_median",26740,1.76024028418593,-2.53744129211743,-2.95581264017329,-0.780804706346003,1.93308792067046,-0.817713940210071,-1.74463100376677,-0.0879325939026423,0.323529369479945,1.65941774813239,2.45953225239087,4.86565006048188,-30.4049443060091
"npe_median",26760,1.63442660718877,-2.5178782254659,-2.90043498410233,-0.813610837824076,1.76454781893673,-1.71806287584884,-1.70953070752219,-0.181704818434636,0.169262300267626,1.85811903368784,2.40405722714628,4.53349782247585,-32.0228693626917
"npe_median",26780,1.4145560495007,-2.49459270050447,-2.99466204241176,-0.724842822992973,1.70963404749126,-1.64516096216516,-1.82702265513747,-0.162456220861508,0.24322138220882,1.74770396235253,2.38363337702088,4.47849228560442,-33.6147201845848
"npe_median",26800,1.47057078755563,-2.47182055841607,-2.9927872216745,-0.7144244249934,1.7066599304752,-2.18058361867446,-1.89516134151715,-0.11364186625014,0.24311958287985,1.98938158085693,2.40863428555291,4.63868357311161,-34.4759841681417
"npe_median",26820,1.29852637763511,-2.44143712003423,-3.03011650925267,-0.694294002716129,1.77744593706685,-1.59760255027422,-1.88020576820481,-0.196174242256099,0.269888049575184,1.82358758610532,2.4740077625429,4.40726984903067,-34.5776467773382
"npe_median",26840,1.55938775653095,-2.56660225272641,-2.87675742642125,-0.82176891703171,1.99636756544578,-1.14571539745143,-1.75865264345015,-0.258978291545263,0.313437244730716,1.64152105203201,2.73814080473844,4.72108195230913,-31.6265791529586
"npe_median",26860,1.70921538261548,-2.50127201030803,-2.98292311037871,-0.719163997736529,2.10229813255118,-0.851529790599503,-1.78715628253251,-0.340780086627454,0.179195494406446,1.86412522232854,2.50142842824016,4.81271290528204,-37.5173433041706
"npe_median",26880,1.73058087429513,-2.5022426741278,-3.04412424315568,-0.695387830046937,2.00934172350981,-1.41922922532595,-1.73439930657618,-0.133985401484397,-0.11112984924042,1.70773832176722,2.9823810162151,4.80885872672004,-34.9131054023612
"npe_median",26900,1.89597388351349,-2.52848268354064,-2.95252065153683,-0.724346905136361,1.7067107777082,-1.1060958361261,-1.83181427726998,-0.162395614052862,0.297175573554144,1.84841153686847,2.31260422420355,4.3233729107959,-33.1280198023234
"npe_median",26920,1.48089147499926,-2.52522126245796,-2.8758273995815,-0.819130872282212,1.92489609121891,-0.659416756058937,-1.77853044200172,-0.0699213472407972,0.532376745240381,1.67019162729353,2.4889198173399,4.58249108026922,-34.6903302631293
"npe_median",26940,1.66850400836561,-2.55070444691975,-2.9597931066788,-0.754960661028875,1.90474242270789,-1.1510552533862,-1.55076272037602,-0.164257167281859,0.166611277752612,1.66768921235062,2.41353501527655,5.10292360832886,-35.4378936574512
"npe_median",26960,1.13392800488188,-2.62829475844252,-2.78101554307575,-0.934124356065463,2.03888122997162,-1.83557332235521,-1.71632266054947,0.00314551230068217,0.323332749321607,1.7482988197696,2.43129930422398,4.63595054037662,-41.1411153702711
"npe_median",26980,1.66310732036111,-2.44983060204626,-2.9433635837,-0.878138499151498,2.25861225554948,-2.20074426830835,-1.76985075617031,-0.138475436885052,0.421837636597872,1.45651488387925,2.9850425702557,5.1268874979289,-37.3667360606937
"npe_median",27000,1.5338147230087,-2.45692163316936,-2.94079699547721,-0.819143116169556,1.92043754873597,-1.69285336213429,-1.79734475612368,-0.125135635493443,0.148143212850073,1.72302588447254,2.63583066739924,4.64720646818448,-31.423278940616
"npe_median",27020,1.5884987512238,-2.46626439466827,-2.98892351087206,-0.758404669771473,1.79484436838408,-1.59231635558109,-1.70798652395933,-0.0848021018628339,0.222953406632872,1.90166829742767,2.54267707590841,4.62893598228005,-31.1304563882578
"npe_median",27040,1.65087355912895,-2.48479995847601,-2.92924920132808,-0.836539844775288,1.92947996910297,-0.796597130928812,-1.76350144694346,-0.0201780284225156,0.152485067169324,1.75703827692009,2.48478147684295,4.97575576063425,-31.8798820434281
"npe_median",27060,1.44115643763667,-2.50526590196109,-2.87380015033224,-0.97166180873675,2.1758703501282,-1.0681742421653,-1.85491960583351,0.0136654016717006,0.476878518088957,1.30734062290001,2.80478066898706,4.37913407133766,-37.7226715142317
"npe_median",27080,1.28874754409348,-2.48442957461601,-2.95400241844694,-0.83896672906918,1.85066889289933,-1.48357393948513,-1.94430561825746,0.0727652159246521,0.251973422647123,1.57524957073405,2.85550222027052,3.88579077945894,-38.9970077519308
"npe_median",27100,1.47293287294177,-2.54343659257234,-3.04152731971101,-0.732209628332256,1.72397309909902,-1.52451504114451,-1.93175925273094,0.21027423333519,-0.0298637043677651,1.79675587727799,2.67844699847296,4.01119222525835,-40.0975415085822
"npe_median",27120,1.66769626506381,-2.61328957347578,-2.89147874167144,-0.817840534818174,1.88114483636577,-0.853923998623141,-1.99900603043539,0.0535235989476078,0.264693435250225,1.68248295443501,2.61755645391839,4.49406482328697,-34.9936493563381
"npe_median",27140,1.86728834940688,-2.53306959872166,-3.00463196112773,-0.74013521897924,2.01194674337913,-0.992398863425948,-1.97899409599604,0.000980779461143652,-0.00449052344384945,1.66944924138807,2.70381705747658,4.53793879393239,-35.2846107417941
"npe_median",27160,1.64446203476495,-2.46959410762242,-3.01195566502315,-0.737694531262097,1.71925151640111,-1.22181247273835,-1.78260449889477,-0.0717232128598099,-0.0402281406513269,1.87399623882515,2.05613481861044,4.99268967204352,-33.883787591161
"npe_median",27180,1.65183627740807,-2.44015475790517,-2.98083801312934,-0.791752228042309,1.87024705482415,-1.134846351118,-1.81714306847509,-0.100921835369382,0.229253750813717,1.8996424677127,2.49707638527765,4.91331573759288,-31.1855641903114
"npe_median",27200,1.55706998617403,-2.47037441886383,-2.97040006620399,-0.776943152987485,1.77427628606711,-1.02527476315136,-1.94366149561275,-0.137606820683181,0.358405870654221,1.65668312311366,2.34704563048302,4.52871253533179,-33.2286756599657
"npe_median",27220,1.47919780254534,-2.45568718359663,-3.06795705979214,-0.726277557926633,1.95217113004338,-1.48208111779103,-1.79013837495997,-0.00574467442949421,0.0276833513252071,1.98382758920429,2.55736610464659,4.93749089045502,-33.6043736718741
"npe_median",27240,1.70550563514257,-2.48077924349379,-2.92937374876168,-0.807347550756889,2.06864826907604,-1.45155658281019,-1.83535073272868,-0.183674129978424,0.39630184405601,1.67745956566474,2.8107632408751,5.12151165499225,-32.6099030656277
"npe_median",27260,1.97261376735451,-2.51455680866052,-2.95672195445071,-0.842086977667619,2.168114883056,-1.16278973951408,-1.8576987452534,0.033761542501344,0.221535494317538,1.95179392120703,2.74156414571164,4.82269968655598,-38.261212731754
"npe_median",27280,1.81216068207155,-2.51338360230694,-2.91315763112704,-0.870103156721123,2.17007638351681,-0.888330835644765,-1.77113038374921,-0.0568945900262152,0.329530536297993,1.91288705405645,2.76787412927327,4.8464759120088,-36.7983598891835
"npe_median",27300,1.86427457558219,-2.45205322092714,-3.01462625520435,-0.70568566178491,1.82795021503541,-1.51789395679629,-1.87653196338175,-0.110713793270288,0.477844770494134,1.92146761518221,2.31770980461744,4.96699274325887,-35.0575254468993
"npe_median",27320,1.90188984255404,-2.43911180602847,-2.96869994398601,-0.765434581030971,1.85153267311949,-1.14349216981521,-2.00862948770626,-0.215140340826049,0.458019863158893,1.88105875458133,2.31710405835707,4.96566042591362,-35.896246825263
"npe_median",27340,1.35408236679346,-2.3906591403506,-2.99212765296122,-0.768422298164686,2.09245414051511,-1.76653302505271,-1.7975690121816,-0.296112213083221,0.202291545274045,1.82912737098469,2.68380112348859,5.03788319562176,-36.8525169029206
"npe_median",27360,1.61345958399812,-2.44235810626522,-2.98607129433205,-0.746119885283333,1.95405668215532,-1.85557072572789,-1.85847794486931,-0.258007806559115,0.360440946212575,1.6972871762626,2.73534956630905,4.66239533399267,-32.4370351747616
"npe_median",27380,1.95066854219443,-2.51979185979664,-2.97180143527902,-0.807440697117352,2.00571677769727,-1.6012831161036,-1.63080130186775,-0.0913986935763886,0.271159805782534,1.65516849498427,2.68777455242217,5.00375584553105,-32.829012190484
"npe_median",27400,1.58800827507499,-2.53625128620786,-2.8984145900454,-0.863590129470611,2.02003758807092,-1.5035687715684,-1.75791083954702,-0.15980491540315,0.185310742174079,1.62068885287536,2.72355788102406,4.92500349231433,-32.4231515749037
"npe_median",27420,1.60551326662278,-2.46886974464839,-2.89455916457626,-0.901687782368671,1.86440160029294,-1.5186236877296,-1.97492744831089,-0.0869548418471081,0.461100194450522,1.53977782970219,2.49453180081375,4.85006881458526,-36.1628785481794
"npe_median",27440,1.88863623591157,-2.39604100214611,-3.05897990679887,-0.767647931945208,1.84581761853378,-0.639462597203303,-1.83883927307716,0.0565742339013273,0.288672594400368,1.80545285575551,2.22034394303938,4.94084663007167,-36.0365812711466
"npe_median",27460,1.43435997596088,-2.44699864590766,-3.0176105632542,-0.745993005804356,1.91607629747887,-1.08855811750241,-1.69441786277216,-0.180384457374235,0.347177838875915,1.6363672467418,2.56916716918944,4.45839594309631,-32.9542294582393
"npe_median",27480,1.62793853316318,-2.45028050292244,-2.95616139829206,-0.788363910538787,1.94729678254635,-1.19633612221066,-1.71632397892542,-0.148589536484427,0.433087636515402,1.70434327278443,2.43523522571608,4.78764045473959,-31.0265314167655
"npe_median",27500,1.58645673916722,-2.50666291305715,-2.98571688747624,-0.761038707381332,1.91259832179247,-1.33425571762181,-1.78783041577149,-0.0287204109742103,0.205856018743227,1.58608510666806,2.78900329854859,4.37832425815716,-31.0214030409353
"npe_median",27520,1.59833540062688,-2.53449880805187,-2.95198204283694,-0.769960823171051,1.73851581602745,-1.17059304869553,-1.91986385699257,0.0167331980001317,0.144674932632059,1.86012026680171,2.48904620771059,4.83890434932184,-32.3443505914792
"npe_median",27540,1.42601650891129,-2.61533188451951,-2.87263431538579,-0.819975557381214,1.74496720757982,-1.4000347353605,-1.85398647845837,-0.0330864967848324,0.173181627539622,1.85214793927241,2.46187405419964,4.79554436667786,-34.98001522969
"npe_median",27560,1.69300560124919,-2.56468679201589,-2.84459377336013,-0.811440226716845,1.7859341556807,-0.803191166597003,-1.75414029208189,-0.143489330531163,0.556571340752635,1.62049886321018,2.52142715229654,4.89024215066869,-33.9292186040741
"npe_median",27580,1.78118939369647,-2.66207807645286,-2.9096020768727,-0.771575843774681,1.92192572384042,-0.285744203750635,-1.93645114805757,-0.0188443843384446,0.299445756605069,1.43296577231371,2.37172894287624,4.58413494697945,-40.7596915617698
"npe_median",27600,1.40542368140856,-2.60268255098688,-3.00275972148201,-0.699043742003923,2.15540353369156,-1.37226082541992,-1.85963708804331,-0.0678130097198015,0.208847022657738,1.32322878411954,2.70744829015513,4.80343701273804,-40.4639643875608
"npe_median",27620,1.4382016349057,-2.58071992064774,-2.97267024423917,-0.718691786967954,2.11476181349741,-2.39282424339997,-1.91917542870062,-0.0766942875477643,0.161348316439478,1.43481508639164,2.76192511989198,4.8363522544433,-39.5449102750333
"npe_median",27640,1.50447468049702,-2.56054170981373,-2.99255708398881,-0.729752093845664,1.97743416354913,-1.15609228685927,-1.90040686628879,-0.135853777867814,0.285200559108191,1.61145409203434,2.68297645644218,4.96824180123139,-35.5955042913082
"npe_median",27660,1.64632958657373,-2.64619301964481,-2.92387263121659,-0.740123423574109,1.96474527213397,-1.46828908317709,-1.82235348334445,-0.204743732291387,0.136000184753274,1.55394596132567,2.72829120652711,4.72286000580185,-35.0871569349609
"npe_median",27680,1.58950171710774,-2.52143712499856,-2.99071299509021,-0.694357850411638,1.97608052259294,-1.36450988348647,-1.95582999426089,-0.184200161300179,0.32158583106864,1.60759454871343,2.74776958000735,4.59230843437682,-33.8386478324493
"npe_median",27700,1.90618979838937,-2.51051814710995,-2.96970077476487,-0.744438664281057,1.78691907396298,-1.42485110294433,-1.74290270225628,-0.162210587326631,0.185605876348586,1.83965376052007,2.4957974196935,4.84171974204012,-30.8491923955278
"npe_median",27720,1.64006574191006,-2.49564600907937,-2.98966715678805,-0.788834383512563,1.91719905799668,-1.49012128564644,-1.75736045302408,-0.0639049069684432,0.0706213717867153,1.74441641223484,2.75544811330203,4.42845776821841,-30.8773176896209
"npe_median",27740,1.67327715370659,-2.52404783678781,-2.88286062211661,-0.838173449533683,1.8186198244264,-2.04499360136045,-1.93478680029004,-0.118690644963449,0.371228011204252,1.76039604779599,2.49688252772978,4.5395192543797,-33.119395296423
"npe_median",27760,1.57373606987225,-2.52231737743941,-2.85766051921978,-0.848623668331696,1.60230279750394,-0.364215487695021,-1.74150378708648,-0.192358267772218,0.23438205960638,1.80347471736202,2.0331736340214,4.41001248540711,-37.7131114333717
"npe_median",27780,1.44217022812578,-2.54419526869036,-2.83082783584938,-0.873161424569425,1.78860197875752,-0.247384543540803,-1.81471306957188,-0.186669294113461,0.122653985477166,1.83121893084961,2.29829700558499,4.93371371294908,-37.2105960860833
"npe_median",27800,1.60284108717325,-2.46592564030635,-2.97118269048468,-0.795113827251393,1.74056278346305,-1.05337824702546,-1.72691770571047,-0.0558669637029672,0.171228265436427,2.00060935468102,2.44719077911861,4.900195785719,-33.6569894836607
"npe_median",27820,1.60102220560173,-2.52340487921952,-3.05747322515772,-0.678720799615288,1.89580504483744,-1.3784204338943,-1.75411840286145,-0.0291456887274825,-0.0163983369162928,1.91876379895352,2.65104115663087,4.77072655716774,-32.9454323992292
"npe_median",27840,1.59684057955522,-2.60167485052375,-2.90344906908303,-0.7928825619101,1.78502350593234,-1.33279489056107,-1.6224007065453,0.0601436208931922,0.355290273582808,1.80467833159437,2.27031924224788,4.87854140219291,-34.960579961497
"npe_median",27860,1.84023324255792,-2.60308504362782,-2.96143079946287,-0.764278079728251,1.90378251196721,-0.913103412515955,-1.7829564645491,0.0560742516229794,0.0899522081543077,1.81688277210068,2.49430009360611,4.8567165741777,-31.6782272332013
"npe_median",27880,1.66570189057428,-2.57665597447915,-2.98282777303593,-0.710210246517301,1.8422461843182,-1.00874052628241,-1.7509326596586,-0.134449027675994,0.0986226442219966,1.78400519920472,2.52339736451828,4.58302299399113,-31.8244216368921
"npe_median",27900,1.52167866324462,-2.51691027821039,-2.99763696070158,-0.717867646766543,1.8756516837011,-1.1607534800391,-1.6041113403596,-0.0941353301558583,0.365915153008991,1.79123346999013,2.41232922855835,4.91780858322808,-33.7866826626421
"npe_median",27920,1.58363425040194,-2.63641451014799,-2.83060837874103,-0.81025580014347,1.82673815883225,-1.65898700012968,-1.74255577572608,-0.154233468016469,0.316309108639752,1.87511014413103,2.49849885341359,4.73310291813547,-33.0297514549103
"npe_median",27940,1.44295994035263,-2.48836415651288,-2.973818223317,-0.726760276433149,2.00287767458698,-1.54904446847933,-1.70372221884868,-0.24045220484147,0.221988316995606,1.81023338342396,2.62024786899373,4.78228192615425,-32.8231619084726
"npe_median",27960,1.77947930233857,-2.45150763353193,-2.95443344486959,-0.768143109112769,1.84625293872104,-0.702816295953141,-1.59767252301159,-0.291802958436977,0.492529358736823,1.92860743614816,2.39093262535625,4.59666940449443,-36.0144980166053
"npe_median",27980,1.97199005579619,-2.55539830405262,-2.94618686118603,-0.770280780854396,1.65605109993809,-0.972506744881054,-1.63256512305155,-0.031003697717526,0.197206012374646,1.87310136262713,2.09739677802538,4.61392297377976,-33.2942639168391
"npe_median",28000,1.84294008899959,-2.58906290091601,-2.97953399272748,-0.765841830482692,1.83832624167286,-0.894944396864578,-1.73888521639707,-0.0159710939152229,0.0284322651821177,1.76123584717785,2.44513211731482,5.13049222344229,-34.5845517638023
"npe_median",28020,1.6236283256893,-2.53814480007662,-3.03721480797472,-0.732458476117614,1.85120840135821,-1.6206402039382,-1.68370270087952,0.0774029104552075,0.0836631229968493,1.87060116176674,2.47550133133415,4.67689823154853,-33.6355525103572
"npe_median",28040,1.55152827795954,-2.50372452046987,-3.01054297720741,-0.697125846962,1.82794460857274,-1.00840825666751,-1.87166029281017,-0.0807124628644011,0.3804770908878,1.7253940479578,2.56692093694409,4.38386834706938,-33.0549806802953
"npe_median",28060,1.63511543929709,-2.46865692868246,-3.00791525964503,-0.751108303574129,1.89738370209859,-2.08792239977697,-1.73992667270109,-0.0771515493583857,0.306401377059169,1.56788303602362,2.67176589278197,4.20068550957999,-33.384997388153
"npe_median",28080,1.3711606348331,-2.52224636553938,-2.95749904048874,-0.743783828855414,1.8739866384625,-1.13715515353341,-1.82111075177441,-0.0062898164152176,0.379952040212755,1.53183503252282,2.91390877363673,4.14453023904824,-35.4216686350648
"npe_median",28100,1.74290135113068,-2.47516649442428,-2.94750719845466,-0.806824116989627,1.71468160263414,-0.781598013148393,-1.80721530802499,-0.140199722160279,0.452084499289948,1.73901844586286,2.47344520800242,4.49406132745773,-33.5175676569914
"npe_median",28120,1.55378431979135,-2.57616620849127,-2.85615840393594,-0.810932288098608,1.86249427939671,-1.09602504993833,-1.73597297409227,-0.203385748569248,0.263474714712602,2.02075147626367,2.39082912239705,5.1267396831475,-35.1355099406697
"npe_median",28140,1.8111403533598,-2.56504441449574,-2.91615919235306,-0.770176215623442,1.89784932290205,-0.913633811677044,-1.7355665087586,-0.154777127800727,0.161441704184007,1.84282735681694,2.83531880528657,4.82298991196331,-32.32730532835
"npe_median",28160,1.99707761685314,-2.52713307344969,-2.9851858024683,-0.74315872466281,1.96576478272423,-0.655800982971355,-1.59764865285401,-0.187608258580317,0.252475546941267,1.74834321373585,2.64661586675254,4.52747190027887,-33.8287129909046
"npe_median",28180,1.94876517867833,-2.50925230411683,-2.90008836497344,-0.852269662599276,1.99584565452537,-1.26035267292044,-1.71815314976887,-0.129961552760327,0.366529110329645,1.67051229199549,2.65918134060502,4.40531517829222,-32.6421228802056
"npe_median",28200,1.74731435307711,-2.5335755468817,-2.91554536745772,-0.78734647560436,1.67245062705614,-1.20344698645003,-1.75965566926522,-0.179055314893562,0.337124017994965,1.72815130313022,2.38141568328081,4.53931165143506,-31.8369561664164
"npe_median",28220,1.76487046736144,-2.5130125828571,-3.02582804151879,-0.702635551844202,1.65513436360619,-1.12294176753056,-1.65896927084634,-0.133968417988311,0.155785478381892,1.77306687192636,2.32075086164483,4.65412072990077,-33.3450104582112
"npe_median",28240,1.94664604280935,-2.56730751519799,-3.02374982510115,-0.71990605536978,1.51817951548616,-1.22142409218882,-1.7363041827065,0.0350162511461239,-0.225733371923536,2.05969386854355,2.3430474570192,4.65596292431009,-35.754376828008
"npe_median",28260,1.75098149764838,-2.59514265049491,-3.00866154851763,-0.749314987056943,1.80685960289314,-1.42603978437252,-1.82917599749498,0.0665104768561264,-0.275942336993788,2.09878036024828,2.63279835549043,4.48438830820007,-37.1666038023083
"npe_median",28280,1.79059250495426,-2.599294480328,-2.94969921737235,-0.796843850294845,2.01663333903013,-1.46347111252786,-1.78219576019643,-0.0488146295578276,-0.0124040363113334,1.82432630370593,2.85522872402521,4.79808015740345,-33.1894273979217
"npe_median",28300,1.58421797709977,-2.4519249873546,-3.02833702368055,-0.753384934190618,1.98501823091938,-1.22900263804855,-1.76455044532113,0.0225447232893682,0.216391834824878,1.78613931839907,2.98922675939243,4.63141944319712,-33.9384244737307
"npe_median",28320,1.43666815182189,-2.58455132807531,-2.90976836127593,-0.806712239909586,1.97881494338633,-1.38035596851139,-1.98489692569658,-0.00110045661180537,0.123754430442686,1.71022397710873,2.82439543622781,4.86662000120582,-34.6728421818131
"npe_median",28340,1.35289811118615,-2.51228181534343,-2.95516228256514,-0.746130158164534,1.99081364514651,-1.31926860795933,-1.83665596142314,-0.0609108003087339,0.109323124950651,1.79065359930165,2.81522243228084,5.10225411716509,-34.3242415114924
"npe_median",28360,1.42264180163101,-2.48892893933455,-2.98311699918933,-0.766455637167402,2.08323133858415,-0.917345154901847,-1.83150542660727,-0.0105389746396591,0.152234675434487,1.61233310509273,3.00273345778157,4.75558168290327,-33.4803964148723
"npe_median",28380,1.44094194787658,-2.49287037174706,-2.98866780264707,-0.731240407603839,1.81975279866914,-1.14825592794454,-1.79839153897365,-0.0939019054339884,0.126058703436586,1.71570524760946,2.64125406924851,4.76319397292009,-31.3491447015348
"npe_median",28400,1.53154309752773,-2.52321255757833,-2.9262521061055,-0.770762088307618,1.98087035255081,-1.28842970122367,-1.77301416737106,-0.154347734202672,0.297808309655828,1.54395496938361,2.84601619500528,4.50394924500566,-31.4907909552042
"npe_median",28420,1.55632870695761,-2.56151341356777,-2.87037213569396,-0.792603688612118,2.00405780547763,-0.825952198132207,-1.81774391559316,-0.16337355096959,0.328251370470661,1.66592630109189,2.77015646593122,4.52678032344879,-33.668130606445
"npe_median",28440,1.62300578008639,-2.48052247981162,-3.0144012322366,-0.71370425368276,1.86466579290545,-1.54138073632447,-1.79587128776651,-0.166093202167659,0.0967912191942683,1.78828716888706,2.38278471819508,4.68932814828728,-31.8939429801465
"npe_median",28460,1.8119860439467,-2.54056135639971,-2.94028137196745,-0.841449192849253,2.0225256715823,-1.23186030901817,-1.59998271353926,-0.0548675228622475,0.0115599446074865,1.72419630393654,2.68953203402127,4.70950714153188,-32.33203766689
"npe_median",28480,1.51568752471416,-2.59928425006775,-2.85075740778724,-0.848441135590046,1.89737766609217,-1.38119311215507,-1.7494264526119,0.0208896923872112,0.375955901194277,1.45661640089338,2.55102463369502,5.13910273424731,-36.8490407905403
"npe_median",28500,1.7466560945995,-2.47004505091439,-3.08324823481221,-0.707955500244485,1.8831436767648,-0.643675777324497,-1.7152404564885,0.0998395641796139,0.164997516605603,1.70389712582347,2.45896424598345,5.06031508529658,-34.6347081978317
"npe_median",28520,1.63541733643119,-2.38300741350051,-2.98773269652308,-0.838370582341355,1.95178376373209,-1.27430263825227,-1.57539026571726,-0.171009567813245,0.641960811327178,1.43419202343501,2.65943567529338,4.9436462909382,-39.0212267474735
"npe_median",28540,1.30874662949461,-2.46487642480389,-2.98864881140247,-0.845427776608831,2.11407514020598,-1.7587593993692,-1.80679649586159,-0.0081082943871734,0.0352228242536481,1.52046185857568,2.88708762028903,4.77181992118772,-33.9620949717196
"npe_median",28560,1.45995995088503,-2.43283633284606,-3.02205371431555,-0.777850393710773,1.9601789166305,-2.02377278693991,-1.76690091172602,-0.130323236941674,0.144612812796281,1.50270102378019,2.59540870167538,4.73348474554075,-34.3143447492935
"npe_median",28580,1.69593937176719,-2.54014945698977,-2.91142725050351,-0.794531887401109,1.60342435535283,-1.75703049204581,-1.7298873782052,-0.148818799866497,0.103145646114546,1.77419177875142,2.53247353207857,4.46327396614617,-35.9577655218374
"npe_median",28600,1.82521025518194,-2.51584602196546,-2.99198980351528,-0.717140233615995,1.34650853717763,-1.4522390666698,-1.82295819343693,-0.100500402712607,-0.00147128454164658,2.10116238746042,1.82999405556292,4.44822227009592,-35.0923279544877
"npe_median",28620,1.97864120097049,-2.55953654945683,-2.95280269230837,-0.762420962215078,1.77752345274866,-0.569450390646008,-1.85002967955181,-0.245023518460663,0.184227098173975,1.95737791823606,2.01031562360297,4.80491894150246,-34.9222044760977
"npe_median",28640,1.68921103686196,-2.57560633577378,-2.85369550894914,-0.903705681049972,1.98324011459602,-1.32132758468886,-1.74077511403178,-0.0953098125394046,-0.192100442665765,1.96283969634188,2.31352880000722,4.87384010663137,-37.837520263894
"npe_median",28660,1.40048420265628,-2.5245601386574,-3.02541086245654,-0.804243218263025,1.98417052831987,-0.631446352924296,-1.70502173414911,0.0889177628235832,-0.160907005672659,1.72479281788538,2.71315113670327,4.44729558014369,-35.6005217717027
"npe_median",28680,1.18008706696648,-2.43710519733918,-2.93349050241266,-0.829703378702267,1.85785635710654,-1.36767287888352,-1.94247058471295,-0.0545284686958878,0.217217339165055,1.65430166762274,2.85612052517309,4.68243313766035,-36.8703381429726
"npe_median",28700,1.25593118172735,-2.47013623900166,-2.86526152793086,-0.899658104394411,1.99580202399494,-0.806734453548469,-1.95072401170439,-0.20724145087696,0.257976780834566,1.69577948133018,2.60994792015277,4.70788282544859,-36.4406664113151
"npe_median",28720,1.33845115981285,-2.47005845708509,-2.8603171807073,-0.883579221545736,2.00351177495665,-0.514875155908749,-1.75191044826076,-0.358747003110177,0.484291935498009,1.81078670854531,2.36817586720003,4.69738195923551,-38.3492044239721
"npe_median",28740,1.38839919372471,-2.60490407916556,-2.80605761188543,-0.867253020265268,2.01035235953925,-1.73431673711563,-1.89902119096456,-0.167211553669606,0.370527241748015,1.83126032245043,2.53631934443266,4.97796513959934,-36.2285030723485
"npe_median",28760,1.54753142176597,-2.53923490907721,-2.89707094175775,-0.840418691679734,1.91686802464718,-1.90502260664475,-1.902678969944,-0.104967475466488,0.241426716914938,1.67018080090828,2.44440121707159,4.64484737471455,-32.5123358755762
"npe_median",28780,1.82601130724701,-2.5698773183073,-2.93557867224628,-0.769948149483654,1.93715705994561,-1.03367894336167,-1.82706789949907,-0.0612242604775039,0.0619104498536162,1.76236066229085,2.66325574374695,4.8106172606469,-30.6745905986309
"npe_median",28800,2.00448866778043,-2.61906032835496,-2.9310938522318,-0.788582252418444,1.90253106807676,-0.912822822898151,-1.81144496479263,-0.056471244127876,0.101129095981942,1.74160952006218,2.21752355735227,4.95150764730101,-33.3200267914875
"npe_median",28820,1.80244669857174,-2.6250295222573,-2.83428340242527,-0.886813360438834,2.0399747466605,-0.307009333441657,-1.86930700501974,-0.0315787252360637,0.0986717916675829,1.77349884751389,2.49480119722869,4.94257990449057,-36.048812537275
"npe_median",28840,1.52883174139846,-2.57022546088619,-2.87304429887699,-0.854918173514763,1.99588915561682,-0.798823630134098,-1.76314964290078,-0.108106816730718,0.13473043349183,1.72397958391093,2.7689904419138,4.92364568075282,-32.5718547602369
"npe_median",28860,1.72545478497038,-2.53963453467509,-2.96977859799373,-0.722659439009765,1.90415098518897,-0.968901800332053,-1.79454394920199,-0.0365406574716941,0.18112853272938,1.8672102399401,2.62054554712488,4.91038868261356,-31.6291940477677
"npe_median",28880,1.70799579718544,-2.58356352686615,-2.94732071193037,-0.674617342231946,1.88144882189512,-0.471933607277966,-1.80011598956374,-0.140514875728831,0.335224765399597,1.81336266505329,2.71302123537028,4.84297088842803,-35.4812425328545
"npe_median",28900,1.90168914700384,-2.53188681391795,-3.00944785623704,-0.657846228801878,1.86729046618656,-0.436345040145236,-1.78117855587195,-0.0311978292731301,0.417539553102833,1.69394992241179,2.74431523925071,4.58978666098038,-37.3595108280141
"npe_median",28920,1.81410576926874,-2.58970678887226,-2.86730937131363,-0.816786038665479,1.44860871275339,-0.558330311148378,-1.81334114568034,0.00187581332691106,0.34602114227684,1.88778799248076,1.9206527068033,4.73141458526349,-35.630657639518
"npe_median",28940,1.58056463283444,-2.56137697582489,-2.87280490147845,-0.796532943305471,1.41497339554119,-0.920388949136158,-1.7474840838336,-0.0125818796427639,0.17113372078118,2.01665192897516,1.80487302592002,4.77128975962372,-35.2203039968955
"npe_median",28960,1.59020454720241,-2.64330519028886,-2.88544088367647,-0.762288199672499,1.77923182328973,-0.618299562346139,-1.95062826111291,-0.194012143160188,0.00644536582632225,1.88796776756286,2.31695597038451,4.70275483818581,-36.6655112430469
"npe_median",28980,1.60009704567321,-2.53539973298775,-2.91796286523732,-0.778472702194232,2.05037390473241,-0.837050743805166,-1.91757152433398,-0.17512573125828,0.252869797974497,1.76141709514114,2.85827531433379,4.84729493217381,-32.8336117580247
"npe_median",29000,1.56222676039569,-2.56884249112846,-2.95612811870477,-0.77865392080857,1.86380977197363,-0.838238829577374,-1.80387934954202,-0.0343943932690597,0.0473484021930204,1.92585664088808,2.70760898841055,4.18808523131465,-34.5144180871515
"npe_median",29020,1.37675030348462,-2.41639489964785,-2.86211502125349,-0.850251261353848,1.57485094569498,-0.896986446605297,-1.90189831562009,-0.107609786225801,0.58207549078475,1.75875625735457,2.15932410779904,4.99577654295704,-40.5713145152882
"npe_median",29040,1.83279585582007,-2.46097084891015,-2.89951389509433,-0.775755139251104,1.3383065282851,-1.46904189073772,-2.02780817042135,-0.215836567704663,0.446892374082852,1.91925755627238,1.82969468384251,4.62153917037873,-39.976543702419
"npe_median",29060,1.58052574147487,-2.42887799353882,-3.00619921750325,-0.713277988012053,1.64642877178967,-1.65806428348622,-1.98490120256721,-0.0300839626381663,0.142577966641059,1.83640557496421,2.31123910354625,4.6409732384641,-37.6013426202011
"npe_median",29080,2.19810047059592,-2.55251404437997,-3.03495126779332,-0.750605739726678,2.00800310698529,-1.85991095711004,-1.80784665643094,0.0629199886914113,0.0116469060645814,1.6963343917269,3.01163368609268,4.52603363590858,-37.1849472521876
"npe_median",29100,1.62862108663249,-2.48826230420973,-2.98865716510075,-0.76082110939982,2.09067625827711,-2.04022146741703,-1.93158985762527,-0.0749591124693797,0.307853437860767,1.63597818730437,2.71774924703646,4.48847026456619,-34.2778470073836
"npe_median",29120,1.75250848837388,-2.44511496220458,-2.9357465056969,-0.83976571086327,1.94151176151815,-1.61006102304516,-1.83786891987073,-0.0655980228774292,0.383861234081578,1.60643539389784,2.77393133503846,4.86240325330574,-32.4949123236704
"npe_median",29140,1.48176556698028,-2.49658688856331,-2.87480497562748,-0.855581243610286,1.98769865823998,-1.20192439757942,-1.68662303660066,-0.164434064180212,0.193757083356534,1.6443007942588,2.88051155818657,4.68105195308081,-33.5724717518283
"npe_median",29160,1.27212601985136,-2.48577702582032,-2.88097820994623,-0.862290709530569,1.89482563569875,-1.85756022104893,-1.85649748233329,-0.128571425300705,0.405576525650924,1.62887635453582,2.40943313061284,4.7385650670087,-34.0469791438408
"npe_median",29180,1.4089425854942,-2.48513718141563,-2.8792447599982,-0.870386493147428,1.93949382572918,-1.80303725752811,-1.82209460811811,-0.0610242989136201,0.511861150829738,1.5907916828819,2.84406301914531,4.78095214168905,-34.6308898879477
"npe_median",29200,1.62047833535152,-2.61825641242868,-2.89722869874697,-0.790562833974286,1.94077787736922,-1.95117460246854,-1.90674924212592,0.0127601913173236,0.5481560841998,1.53249475493129,2.33095004822593,4.50745253539914,-39.4299281189866
"npe_median",29220,1.62999836825284,-2.66519420975037,-2.88028015850317,-0.732790614297326,1.46152045858651,-1.41584330211016,-1.86294310388193,-0.111468949184946,0.0274040967328788,1.87715705959238,1.81568814115391,4.96065284274442,-38.9290136509448
"npe_median",29240,1.58229162060424,-2.63005404991995,-2.87250263685369,-0.761854120775355,1.72823976161792,-0.81884275793491,-1.66527210877806,-0.249456479228147,0.402420252322774,1.78066020803866,2.09828958838269,4.58365447861961,-36.1147805141131
"npe_median",29260,1.84490005471948,-2.57896025739227,-2.86026639021396,-0.895789595532954,1.89338204146206,-1.16998583102857,-1.74178269334505,-0.115267151880424,0.246350228276801,1.91021128417197,2.11248813099264,4.69912476642956,-34.5792735260361
"npe_median",29280,1.59852868611267,-2.43193767835315,-3.08208735178726,-0.73738077082525,1.91356069272476,-1.13302095752811,-1.6820680271121,-0.102513555565291,0.0061791769527652,1.82117861476566,2.66688049109568,4.42758397220751,-32.6572046187493
"npe_median",29300,1.38647889059982,-2.43138676304163,-3.06162171399848,-0.694564939223288,1.88902995751015,-0.451870111321585,-1.59795656516643,-0.183967520781776,0.121920481949372,1.82618121045182,2.54375743594671,4.61260318627848,-35.991847908199
"npe_median",29320,1.42037039867271,-2.61211693672549,-2.88122462166537,-0.789348452145718,1.75963020436346,-1.10746204145891,-1.91771276560146,-0.0843789173093954,0.448670826657106,1.60381457234993,2.60789407850698,4.71684898375369,-36.1822981349659
"npe_median",29340,1.50212461805679,-2.57516592219095,-2.94729831301323,-0.6959732309503,1.52944825730086,-0.792691175990877,-1.96429707173108,-0.0882406075549547,0.262175637901673,1.73462616945591,2.32172815884547,4.84710786852916,-37.4942829187388
"npe_median",29360,1.4887940039538,-2.56759529968331,-2.93327826736988,-0.710749645488982,1.77163024909036,-1.69971115765694,-1.88662104867204,-0.0868146139646058,0.369544299523145,1.72452752375101,2.71053201175735,4.31721167957185,-34.6492809347047
"npe_median",29380,1.70018304617892,-2.59233808305895,-2.96818840034538,-0.721373621386194,1.7726270812032,-1.67275176149493,-1.94114767650228,0.0412753844597242,0.327327011255489,1.66876376569878,2.48542878836442,4.40970531760425,-35.3574805619939
"npe_median",29400,1.45567532552099,-2.41999240805949,-2.97181263969552,-0.811211742440084,1.61259753683341,-1.62069729146914,-1.85836083412087,-0.0858297571223788,0.478287843142987,1.71152208758279,2.24628347732259,4.690270119076,-37.2969005164276
"npe_median",29420,1.58806715896164,-2.45330389324171,-3.0437617242381,-0.732522882417006,1.93142511711162,-1.21705487523991,-1.8496702056696,-0.225515654553836,0.444732843934588,1.40602166156,2.6624987253512,4.61554122824533,-36.8605502246672
"npe_median",29440,1.96645457932679,-2.61762065493916,-2.89835164729874,-0.854829034509414,2.06071433235629,-1.40057584426646,-1.71462350889013,-0.134266464689209,0.0466832105735809,1.70281268139275,2.80782628779403,4.63535925450516,-33.164718122507
"npe_median",29460,1.88274217561428,-2.6543747050503,-2.88655728276767,-0.82847511997964,2.10187960040014,-1.0231428846577,-1.75855738081405,-0.154653000141813,0.323283489737988,1.475170782873,2.62851312787999,4.65006978547678,-33.76291510892
"npe_median",29480,1.93631995969886,-2.57739184895131,-2.92062177783843,-0.780185015365708,1.80975422441869,-1.2289064913858,-1.89675597867482,-0.169267320861942,0.31626692926524,1.90595132996656,2.35893266985833,4.7206165314205,-31.9621176418389
"npe_median",29500,2.11111205324613,-2.58441831597685,-2.91159494163143,-0.768936580569782,1.87943228840963,-2.26332534803034,-1.73007337285714,-0.231393439865955,0.367736101093839,1.62737510336001,2.50678986086237,4.58862708506373,-35.5926935266865
"npe_median",29520,2.04238722922654,-2.71150867638598,-2.85206976985732,-0.754518814862496,1.88622889070005,-2.17632129356506,-1.86045808998964,-0.194756743739865,0.139707782609571,1.76481245690888,2.63884725075524,4.73462277833158,-37.4061075723021
"npe_median",29540,1.67873482494018,-2.57446049746431,-2.9831886730226,-0.702699759830722,1.86162974174763,-2.71107676341996,-1.79009095102665,-0.120579723286001,0.185404707912901,1.89931600503179,2.51487541814007,4.94413887408168,-37.0137083461211
"npe_median",29560,1.62409916141378,-2.52143388444975,-2.91892525650445,-0.836919296535429,2.05281359298498,-1.21341666175794,-1.72761815088407,-0.326503355425706,0.319924146611946,1.59896790677395,2.6316151354037,4.86682587425509,-34.933883031045
"npe_median",29580,1.86492265217209,-2.49117470138782,-2.87750907193066,-0.85220567177999,1.84728035131752,-1.82858370522169,-1.96009542076171,-0.228909415937354,0.598042403055269,1.71521577059419,2.64155369193915,4.26454972808453,-36.6443070692761
"npe_median",29600,2.01435546864489,-2.57435873924257,-3.09715879198282,-0.708776219270309,1.98359818724828,-0.896989454789093,-1.83983781790525,0.0317094286237275,-0.254331445820728,1.79757362577582,2.56257855529459,4.87165290716701,-35.0853936984536
"npe_median",29620,1.63532365184384,-2.59182774806556,-3.02201020229024,-0.705382282854081,1.90399204901984,-0.772352770943193,-1.77702748506017,-0.138044837995812,-0.0567599810418072,1.69624802936633,2.63269836756946,4.59585013651717,-36.1657329230751
"npe_median",29640,2.01824527859255,-2.64774450930811,-2.95273046892019,-0.790051640987665,2.17767895052298,-0.84383501501356,-1.80688796233942,-0.0997814950170275,0.00468484373092994,1.67112472432563,3.01180175909442,4.88810151608816,-36.1945982315274
"npe_median",29660,1.64429840616006,-2.51330740072995,-2.97974926514517,-0.775141589611356,1.86560415896282,-1.35259814490569,-1.85211777348216,-0.0279554877527249,0.143388845296045,1.58354163594792,2.86987036673359,4.36876345915242,-32.6133106269025
"npe_median",29680,2.00637462506247,-2.50652338081304,-3.02570765322556,-0.737324836873338,1.9645383153625,-1.07310288102578,-2.04577335451074,-0.0488094089527589,0.145688181837444,1.72808633600731,2.83582195376868,4.56343765433753,-35.245445280423
"npe_median",29700,1.72322487549804,-2.4531660041812,-3.0224555469923,-0.767923179414306,1.90113599033164,-1.29249297008787,-1.78814568500081,0.00370432804363938,-0.153439387892937,1.82143136899348,2.52394956352638,4.6682182045827,-34.6780695650167
"npe_median",29720,1.39803463100168,-2.46070326390098,-2.93156825514541,-0.782359104131192,1.9056757834468,-1.63547152218808,-1.65982979016265,-0.0786724429406483,0.317250078351772,1.85839265516877,2.45795777100791,4.91309104272039,-33.7962531546141
"npe_median",29740,1.4186060639178,-2.40759651322283,-2.97027533148857,-0.738288837880543,1.92645312089112,-0.92846651307541,-1.58948081045966,-0.213056539786199,0.228003559507093,1.87050612764626,2.51737757982358,5.16985726127622,-38.7650253120632
"npe_median",29760,1.45277111583076,-2.48628927425241,-2.9414091768095,-0.723332942373466,1.8943452430543,-1.12071059582008,-1.78383075940273,-0.230443087797131,0.219523051541656,1.90111856314795,2.54264545513565,4.94289668741378,-33.7775606267161
"npe_median",29780,1.81799182356069,-2.47441650244195,-2.94680198034291,-0.795877855097563,2.0626396502851,-0.931079385566875,-1.89907498044558,-0.279950046505562,0.0810887851483683,1.79774311765174,2.83468917528289,4.76504821991075,-35.4235441136477
"npe_median",29800,1.87233959178308,-2.52822892579985,-3.01509973486392,-0.764670845199613,1.95950812115776,-0.523923738621595,-1.79502030881855,-0.0358009249926165,-0.354646605784363,1.90178763410892,2.76931882253918,4.70139427245032,-36.1890757686434
"npe_median",29820,1.72635817636912,-2.6148738760419,-2.92523946917021,-0.797345791397848,1.91103699667001,-1.1253278642384,-1.5808377345767,0.0762927482146874,-0.00651119144959524,1.95210491227214,2.43078332536687,4.48430812443449,-36.0928782254573
"npe_median",29840,1.77521271587411,-2.60890039661141,-2.94545745723045,-0.674622645355297,1.68762676132077,-2.50317021283145,-1.71134479229526,-0.182685597975248,0.242378125193204,2.06363849572639,2.40737136439969,4.04433828215606,-41.3485614151511
"npe_median",29860,1.35931672008005,-2.48142083407426,-2.96564461486487,-0.732449786375693,1.89155194350737,-0.848969434894093,-1.65049653053202,-0.298740875472767,0.189067124433894,1.98117183384271,2.71909685395112,4.45655129755697,-37.0151838526235
"npe_median",29880,1.17593865347713,-2.52618402267954,-2.90660112705881,-0.748834766952997,1.8237413194112,-0.797023886808311,-1.86725334214256,-0.318646413377346,-0.0232932191027483,1.99583582981346,2.5194795533033,4.81223515909068,-39.6099228007585
"npe_median",29900,1.35453648074888,-2.47388771770181,-2.97890587120535,-0.724237174728087,1.33543435401555,-1.3502360428366,-1.93359885088394,-0.0704392526361598,0.294179553675243,2.13159322257063,1.19981430338745,4.7121081785003,-38.8173220295857
"npe_median",29920,1.79018412024487,-2.44987417952517,-3.01130353313642,-0.712650263924981,1.21617261525779,-1.86172298454444,-1.84180421171161,-0.134902843494223,0.349474003871723,2.00253248170912,1.4339828282088,4.77739331193671,-37.2353722236031
"npe_median",29940,1.63609059251533,-2.59631181248221,-2.84551885838048,-0.786143980966929,1.27440091872336,-1.99238848354262,-1.74936553866732,-0.127597406060846,0.313199406888518,2.11958863239198,1.62189613399473,4.31204846167843,-38.7468672339391
"npe_median",29960,1.35742957454355,-2.55704310259257,-2.89338404527011,-0.816111323103385,1.68282935541972,-0.370891464380486,-1.75353699948688,-0.168637101507213,0.189280841291683,2.06660264804361,2.22489697931208,4.39912275628516,-38.879444211866
"npe_median",29980,1.47039200652403,-2.60828658224163,-2.86284042465743,-0.801752567695987,1.4744414399783,-1.83639193668205,-1.90634146283426,-0.0873399063166049,0.0160357689745422,1.98675904006747,1.86416041557251,4.74252324904411,-37.5549804145639
"npe_median",30000,1.23340748095516,-2.58820244897392,-2.94176447095598,-0.730745360535609,1.30974418742918,-1.41622259657472,-1.67898863415027,0.0129378004317554,-0.00337748477371115,2.12729762919708,2.03882203742234,4.95942268549936,-42.4395785489333
"perturb_1",5020,1.57733142294747,-2.48495336903134,-2.92063636252901,-0.863045914998699,2.07942080845776,-1.39232775144076,-1.91793011365936,-0.158870752079029,0.25191452000854,1.68913968650382,2.67885072578635,4.89990814402886,-32.4847171315902
"perturb_1",5040,1.45444877639982,-2.53966669616816,-2.89159419741571,-0.779707092398806,1.9126113929626,-0.964769207729796,-1.86336556236496,-0.214011804605884,0.184341870365631,1.80657817632842,2.51924752289561,4.82798366649472,-32.5111754413428
"perturb_1",5060,1.84502836706425,-2.47956306341438,-2.92742751392408,-0.883419564637312,1.8854119679098,-0.701550436848752,-1.82948567480277,0.104683746758638,0.255351818506982,1.73595835930384,2.69798552850481,4.72596013642334,-35.7313054007939
"perturb_1",5080,1.6322795621668,-2.46514785155772,-3.04298403505884,-0.820147772169255,2.07206733921113,-0.717989561707082,-1.8020409243048,0.159185920612696,0.154112762721893,1.58762754171997,2.6715341360039,5.21694537985894,-36.9825454213391
"perturb_1",5100,1.66359900238116,-2.43084966973146,-3.06159041206628,-0.75564111644484,2.06821148724063,-1.83790332011465,-1.901093161541,-0.0317536657482701,0.416501228225096,1.54402680675693,2.76513044943655,4.83070733963481,-34.4028307249342
"perturb_1",5120,1.3750035930245,-2.47582737061078,-3.02720560206762,-0.782990584119104,2.10240281940988,-1.25918069804101,-1.87630552399669,0.0622203949190716,0.152623242231623,1.4220271655802,2.73247302674343,4.87518870507063,-34.2669043992598
"perturb_1",5140,1.38942566427045,-2.489796040243,-2.98914964077167,-0.780109956199077,1.75209439734254,-1.30994531921823,-1.86246305459405,0.0817266608776719,0.265158082086436,1.71412580312402,2.55543508275151,4.85980109796956,-35.4001087519748
"perturb_1",5160,1.53372512134188,-2.55460238989613,-2.95947194411312,-0.746039691973719,2.00661488986959,-0.698599052447102,-1.87527621957728,0.0376292776390795,0.293954762413113,1.37872431187218,2.82719410739682,4.72063220168627,-35.5866411159452
"perturb_1",5180,1.69691356694603,-2.51715625664776,-3.01000223732148,-0.705935195657327,1.73289232726378,-0.702212283871273,-1.83857172117663,0.056391028774676,0.323189370507251,1.59833811888075,2.53935832782406,4.62570289123145,-34.2797154288535
"perturb_1",5200,1.82636432243036,-2.44994087477945,-2.99290984280076,-0.806525658625111,2.09778889954662,-1.14304662824319,-1.74258734685052,-0.137520463764063,0.280524257231877,1.52943735258608,2.78957486498508,4.80656780916902,-31.1186519100464
"perturb_1",5220,1.84124532185577,-2.41509281888711,-3.09655897922214,-0.673234111754131,1.76968323957575,-1.5301369859933,-1.81101499966672,-0.0823339326265454,0.306135606461241,1.67391038170957,2.5631619626493,4.68927220024932,-33.775957525276
"perturb_1",5240,1.72475914868452,-2.42922565329946,-2.99211338955658,-0.749216349318537,1.74489791469175,-1.49713259967946,-1.68902090757569,-0.0778001556723733,0.609489929892319,1.77695379191267,2.43046431834158,4.88927218611907,-35.1444907131502
"perturb_1",5260,1.5206959488641,-2.38060520496565,-3.03954070253363,-0.723924079701024,1.81271776468109,-0.85669000471929,-1.90465499387401,-0.253244996535825,0.241664273759598,2.02736082744777,2.40744822381644,5.10888731374426,-37.7490525432753
"perturb_1",5280,1.63099886695247,-2.42745701212651,-3.0112328408151,-0.696076292032325,1.95151802448632,-1.32132748024429,-1.73835592311066,-0.398163300554241,0.347502538264465,1.96935343987241,2.48212190786848,5.1486431834366,-39.1678260271798
"perturb_1",5300,1.84939273166451,-2.57496375015821,-2.97670133495313,-0.720417173037025,1.58717984176596,-1.20824857522325,-1.77121297787403,0.013077155892965,-0.0650826637275146,1.92720506989608,2.41251844884853,4.11704160735251,-34.9855538121597
"perturb_1",5320,1.5321480768405,-2.58938736159204,-2.89121280431568,-0.809720931283138,1.98641267737243,-1.43925895807398,-1.75098622247262,-0.167529099366266,-0.210775134245495,1.89878707495451,2.45321193952951,4.96966747615745,-36.3382156214169
"perturb_1",5340,1.75758115212159,-2.53343994345438,-2.96665610037912,-0.727867266946889,1.82920520837275,-2.04492861901807,-1.76279950005457,-0.13230735664105,-0.0978773364828769,1.88376233927167,2.57038080517883,5.00792762813647,-35.14870495597
"perturb_1",5360,1.92543826543769,-2.52974664841233,-2.8982384073047,-0.850722279074825,2.11712499622362,-1.08288175600954,-1.82460015106379,-0.174913853772347,0.17110024825222,1.72318402039659,2.53958283923208,5.13268949780325,-34.475593790448
"perturb_1",5380,1.52097920969188,-2.53548311705504,-2.97936982361333,-0.735704234577166,1.74790797216498,-0.574135784354234,-1.76768514819561,-0.000422460693487989,0.0909725695608769,1.6487165795081,2.43225536079572,4.93838630117237,-34.0567970365074
"perturb_1",5400,1.46121944509261,-2.47063704684222,-3.03024134601681,-0.755726514476907,1.84081529347287,-1.68189803698792,-1.79982244733245,-0.00622259724281503,-0.109549284002795,1.83505374731736,2.70366929131907,4.59369780197319,-32.6373298336137
"perturb_1",5420,1.51073279392223,-2.47292186430017,-3.01964483792731,-0.737335587796528,1.89604242146463,-1.45092255394051,-1.84716230970681,0.0206506275418739,0.121590994620564,1.79607817433479,2.50126036971563,5.09606731988964,-32.5962265084045
"perturb_1",5440,1.44141187016679,-2.45817013935719,-2.97541662312958,-0.769477266872975,1.8264558170588,-1.99732736253773,-1.77222716054875,-0.0303227578168394,0.245368340785566,1.8148338474652,2.44512875647778,4.93685618220736,-32.4439014445064
"perturb_1",5460,1.5153335121831,-2.4606608972696,-2.97802309475096,-0.768815147214241,1.8245991649599,-0.670416494557654,-1.6788300890919,-0.0876084651767102,0.321087717382944,1.80710600586725,2.35729698351154,5.01360302370604,-32.2670435172967
"perturb_1",5480,1.66256982834121,-2.45367776682531,-3.02384023165075,-0.741253741276619,2.02708358553185,-1.61320934460576,-1.6676835669512,-0.0274032609912155,0.237681285133273,1.67014677730238,2.71820108023172,4.98217671441118,-32.4498527700097
"perturb_1",5500,1.3488074213035,-2.47203088853442,-3.05012943882731,-0.751665563201744,2.03990791173579,-1.64758428598014,-1.76350772229882,-0.0425313267152302,-0.146287033038448,1.78032498582372,2.7452364104304,4.75698626362049,-33.1385277816351
"perturb_1",5520,1.29724582934146,-2.39658520725091,-3.09161655752865,-0.710774066129439,1.94324704660581,-1.14663332277802,-1.66159858351887,-0.155199093403684,0.0851882953690538,1.90364676094122,2.66805280135562,4.52557506380747,-35.3653629012065
"perturb_1",5540,1.28888949479559,-2.45559235872044,-2.97212842690468,-0.76467320271864,1.99775915656289,-0.597835746723723,-1.53053936941689,-0.226699455127018,0.356859732686945,1.81590979887613,2.36392048620796,4.86940597842994,-37.5537678445894
"perturb_1",5560,1.65050722324672,-2.42665613410714,-3.01974385552722,-0.74698906650657,1.93888108884918,-0.764935742754822,-1.6225144946953,-0.251349810622599,0.211013947755755,2.10328782458967,2.30127033014054,5.01685676425046,-38.2988174676184
"perturb_1",5580,1.49822466137998,-2.61157359844805,-2.92094904300863,-0.759465135371725,2.01606743443366,-0.680434797610947,-1.69960897662264,-0.0765779938575045,0.184905722512621,1.6099348409034,2.65506488779032,4.47180415669106,-34.7343465717544
"perturb_1",5600,1.59013719363152,-2.50994899023173,-2.93152949337998,-0.760270940172534,2.09734371136049,-1.44287304656222,-1.85073126357114,-0.315936692918481,0.403523216382675,1.64589585153507,2.72579513591517,4.50929288398174,-34.6156577710647
"perturb_1",5620,1.69791415072454,-2.5834029314722,-2.93155884120394,-0.75002544043055,1.86393336791409,-1.30376051966652,-1.70040422721658,-0.166422518248195,0.485930619914148,1.39586229729684,2.87753286935334,3.89583587429454,-36.6668076034508
"perturb_1",5640,1.61626278557096,-2.54079536020032,-2.97840794805923,-0.747411183696244,1.79512899781188,-0.798178295186219,-1.69783711108033,-0.0484507168758065,0.549248095888682,1.50917861047562,2.2738831559218,4.81234248163766,-36.3985937127194
"perturb_1",5660,1.90249756748252,-2.57071951589443,-2.95546425496447,-0.794241903926065,2.06576391061659,-0.653592085495049,-1.7739864481163,0.036823164188584,0.413925883356708,1.41389138963501,2.72923131960741,4.75741779361993,-33.6320386015562
"perturb_1",5680,1.71613894757773,-2.58177166742573,-2.88621934748313,-0.814615118269201,2.04251979378646,-0.860852475131475,-1.71687829032963,-0.159631567557125,0.738830151813889,1.49288993871833,2.63863544812083,4.67132440566307,-35.950587550496
"perturb_1",5700,1.94275807668227,-2.59842037300523,-2.88714879152421,-0.777268852814136,2.07348170128531,-1.59889059000948,-1.73471424710397,-0.235460413262335,0.65598154482252,1.56680725007181,2.72844022239907,4.92399239362648,-35.8414765375311
"perturb_1",5720,1.93417664421702,-2.57778150531533,-2.92011990290244,-0.795723347937465,1.80251392709102,-1.79810382591594,-1.86856930232359,-0.0139296132321933,0.473254404493214,1.92405236537201,2.22735592885252,4.80310637973081,-35.0728212542192
"perturb_1",5740,1.39783080353173,-2.49482246268351,-2.9826308926999,-0.784582226998765,1.83868926933657,-0.765905409402166,-1.81213729435767,0.158032377330852,0.143387484346606,1.72342733132976,2.70987059280204,4.82649562414975,-35.2838672902909
"perturb_1",5760,1.54337531098336,-2.51107937056282,-3.05645316785401,-0.770784868750497,1.90046150555436,-0.75611023192798,-1.66886059879594,0.26258980694853,-0.250971123918563,1.79754556774039,2.48029694729101,5.01395724533136,-38.4314835068035
"perturb_1",5780,1.6010168247328,-2.60248401811605,-2.95943604267113,-0.785849045822316,1.97866059845099,-1.30912169540687,-1.77193061796755,0.121374764325664,-0.205445544662727,1.58899323016606,2.65504041696495,5.06235492749293,-36.0797304651862
"perturb_1",5800,1.71815273893232,-2.52489643380803,-3.01945491470926,-0.752890328706127,1.98569627768691,-1.58996019434992,-1.92357793774439,-0.0945444963543745,0.0260982709850705,1.61597937223591,2.53232016988491,4.87327035285999,-33.470290829215
"perturb_1",5820,1.91202839821075,-2.58210848475122,-2.98626380574963,-0.719582301802877,1.79435703987601,-1.10655738697905,-1.85845312902257,-0.144956745054606,0.019430247518347,1.84943302277229,2.52356603049752,4.68206096856888,-32.3307925122445
"perturb_1",5840,2.02157869721093,-2.6104827482043,-2.94458296919379,-0.805538267708079,1.99360725689921,-0.953474079978619,-1.80108019804271,-0.103965119525969,0.080778813982545,1.55476694253975,2.54906929344417,4.69466531503434,-33.3947941448024
"perturb_1",5860,2.11011458530104,-2.61576253878663,-2.92136236687652,-0.812016540275271,1.88633859410627,-0.486942261584732,-1.7549752505726,-0.226456709438018,0.224756505964289,1.75787430191765,2.45257857123797,4.9107911026925,-36.5025275002041
"perturb_1",5880,1.77491236265597,-2.5637277649544,-2.86281078285744,-0.839642088132721,1.95720339957453,-1.92304816352364,-1.77430751169771,-0.229130853188367,0.359275150419246,1.7218274731694,2.60043926355684,5.31346706814048,-36.8524701573199
"perturb_1",5900,1.88912089110857,-2.55510833439432,-2.9164352667787,-0.86047310039766,2.13622290707315,-1.55070246702526,-1.67601256896,-0.262043051438971,0.251161440770086,1.42495424754707,2.87619676365286,4.93693489504759,-35.3999122409495
"perturb_1",5920,1.64060536128921,-2.53158677405428,-2.96378022793907,-0.743369138089834,2.0022868668033,-1.51248303378069,-1.52904913728886,-0.141607135271136,0.476482323214755,1.58335545715539,2.74159210616081,5.03736218420387,-35.7157979842486
"perturb_1",5940,1.89612268271828,-2.52004570447364,-3.01896670487059,-0.715815943667012,2.17887079046643,-1.51396835988171,-1.70393904857552,-0.106948805374067,0.317700568434903,1.60123805590003,2.7032826884114,5.01713484496687,-35.2721712141806
"perturb_1",5960,1.61558415641453,-2.49671701843014,-2.99508623994416,-0.786121529104529,2.02407687246541,-1.73290228325905,-1.77004211211654,-0.0395917102817959,0.313647829812464,1.85251394794164,2.35743678989048,5.15963024821499,-35.4908147416886
"perturb_1",5980,1.81558191230524,-2.45692242630495,-3.08122223133263,-0.741376374858865,1.77933883072659,-1.6397772537631,-1.92534892006784,0.12109057741073,0.0194010723268394,1.86942907032902,2.64284222536299,4.81927971947489,-35.5195782743844
"perturb_1",6000,1.65821003784786,-2.51982995430516,-2.95418408298289,-0.731587936413816,1.46857241540702,-1.4123814754375,-1.93966836490982,0.0126275757329209,0.27389303838208,1.99247920448429,2.08140673955415,4.45423266074203,-35.0567318963468
"perturb_1",6020,1.76746231668865,-2.51365372740017,-2.91595270307391,-0.753407449606594,1.53874513489488,-0.969621846997075,-1.98720559328695,-0.0854461349645566,0.38267723229844,2.02606503723847,2.25555059153276,4.45584539179342,-36.1453789537503
"perturb_1",6040,1.82995624568023,-2.53132855166006,-2.91824138873773,-0.73873585010192,1.53927609525568,-0.698108990628192,-1.92402311618674,-0.110596382638802,0.261254952094359,2.05945794151949,2.36982182508788,4.63766950114256,-35.7279787484672
"perturb_1",6060,1.14184874921768,-2.51183700063092,-2.99087222928665,-0.698585398125313,1.9287997146224,-0.497324438621055,-1.81381361396662,-0.165048027864283,0.203003241660397,1.79026950335409,2.58591719947367,4.56679868424783,-36.2136780785106
"perturb_1",6080,1.4766953840532,-2.42735690580763,-2.94158269432079,-0.895672730100359,2.16874720111941,-1.62312056820788,-1.72454852047499,-0.0520647645878281,0.355324502939925,1.45176701431231,2.9341193916207,4.68598846119187,-34.1568416327569
"perturb_1",6100,1.45406739194437,-2.44213153040092,-2.89138293576369,-0.858279800243792,1.86996505430752,-1.89857306999648,-1.82030266735473,-0.113086848457731,0.20573021754459,1.85545180163959,2.43328166907939,4.84226624838222,-34.9546466592356
"perturb_1",6120,1.61285449767618,-2.39486183085098,-3.06150214649,-0.767084561293772,1.74585364867483,-1.73971314571264,-1.84746021341087,0.132597277981147,0.284756053880653,1.89112993086979,2.41980721819055,4.54528072080198,-36.3144788682158
"perturb_1",6140,1.53967196757356,-2.53724019630287,-2.95664370095458,-0.696419622481538,1.62529601174263,-1.21848914612463,-1.82328992975435,-0.192439653455451,0.433610228653543,1.92370694792028,2.25375609658378,4.85792731648798,-33.9033141501875
"perturb_1",6160,1.78863126837547,-2.48393280384338,-3.0451282414804,-0.698035714598224,1.40999403902968,-2.05919784389623,-1.96541214408272,0.0021871569727064,0.128705628930315,2.10989257319839,2.1344388070912,4.75581800239391,-38.6563276328074
"perturb_1",6180,1.8383219351213,-2.58812122732021,-2.94401380995377,-0.728527039929524,1.74398075649267,-1.24994605964693,-1.68956474279742,-0.107570739691033,0.259168536506103,1.79817177072294,2.28871827424932,4.58675189107384,-31.6997341771842
"perturb_1",6200,2.04645195219886,-2.5645761479347,-2.95714175676001,-0.727010471063465,1.69388264307534,-1.26423859942124,-1.93715584280962,-0.0482354456749674,0.328034685132694,1.95868992359118,2.45359476830929,4.6154978954777,-34.4353137279234
"perturb_1",6220,1.935653079405,-2.49644857341855,-2.93035105614973,-0.78817020487358,1.70004517891823,-0.834363789719608,-1.7859515706418,-0.212810243306487,0.585642387215378,1.84387116758773,2.05859737772146,4.75899711344548,-34.163706528849
"perturb_1",6240,1.86751707329886,-2.58697340286181,-2.90478982298359,-0.78863130429938,1.94781547076298,-0.86547154814793,-1.79950457518615,-0.134994577969387,0.421023763448637,1.68743134310859,2.34449263732815,5.12013248271217,-32.7740341224925
"perturb_1",6260,1.81807450990366,-2.57885384910894,-2.87078384281641,-0.848391794721202,1.98070441901933,-0.878650881560186,-1.72755493325899,-0.0446159711839617,0.472397619124458,1.62377662143229,2.85536697350226,4.95468024505674,-33.4635645513977
"perturb_1",6280,1.94705830820911,-2.55150127033016,-2.90353838565948,-0.811621624150537,1.89425504310368,-0.934075047289271,-1.78844731479857,-0.0664367452611824,0.27957114012501,1.7635258929809,2.80496491609366,4.91883200158376,-32.6098038521906
"perturb_1",6300,1.92109288778564,-2.49282350958767,-2.98157509150342,-0.786848634386843,2.0178208382094,-0.966682698937599,-1.79023210479299,-0.105379704380014,0.0587502892067501,1.60190377287131,2.93458607607048,4.89349465990732,-33.0750124792827
"perturb_1",6320,1.81328663471804,-2.41879060389958,-3.04732833684847,-0.759954743167779,1.99749683466097,-1.64423517703217,-1.74930756858354,-0.0380926281182392,0.132702426861932,1.71508850072208,2.74928687226936,4.86979017831594,-32.3336002732799
"perturb_1",6340,1.41101012314559,-2.42612510468171,-3.02456084969266,-0.727784578781398,1.76605596979269,-1.32010754569528,-1.64713487041163,-0.178443797557584,0.118113635665667,1.98871109660355,2.37572979454265,4.72062427222838,-33.5281750299393
"perturb_1",6360,1.39079619505974,-2.42500010333448,-2.99830996515858,-0.744430316432485,1.84301860653102,-1.19950479260448,-1.64678922849653,-0.199363723167886,0.237257034114016,1.90587633976608,2.33301031700781,4.98169366395795,-33.4249438951453
"perturb_1",6380,1.56531278345063,-2.50578351568749,-2.92012210046151,-0.836092949109958,1.89515936301752,-1.64441143828278,-1.69065097300893,0.0189005239233636,0.261074808130885,1.93072589066962,2.41585782795711,4.78379296979108,-33.1134657681159
"perturb_1",6400,1.68872404924717,-2.48006813313729,-2.90514423500691,-0.817154513979914,1.83359393901723,-1.11091471060743,-1.68618765497439,-0.271655126202179,0.35066052500384,1.71130381029977,2.55499672553464,4.58197116892949,-32.1482308839759
"perturb_1",6420,1.7127644788069,-2.54826903602926,-2.95994000064074,-0.749125730093904,1.91732878010446,-1.6568273458015,-1.92816650168507,0.00756965773427137,0.264923304182292,1.55360776410614,2.85894992538031,4.51063020799629,-33.2163326648694
"perturb_1",6440,1.38934307798329,-2.53954628867418,-2.92024543460457,-0.759401311950457,1.72589166911075,-1.52942656226207,-1.92538404880366,-0.0700288102267148,0.258267462958443,1.68478255252334,2.64894825356441,4.63890378726898,-34.2442334613783
"perturb_1",6460,1.62271243229353,-2.47455285385539,-2.94320931137828,-0.832452997499386,2.01876591714923,-0.844532738067673,-1.81850603984351,-0.0751800426108129,0.147492228360279,1.55274392255271,2.87923289385063,4.66726485301092,-31.9791528079358
"perturb_1",6480,1.41352825235578,-2.4726148267855,-2.95019507330249,-0.849981298349903,2.01484840740428,-1.76148465018695,-1.74410206777083,-0.0165619891121394,0.0226034816602501,1.56265263550959,2.89464808350672,4.85894276755699,-34.2700043692733
"perturb_1",6500,1.13590517965941,-2.56283291769466,-2.85954036262909,-0.772403374518695,1.70497205029589,-1.53737552291577,-1.73542860607722,-0.198143182261545,0.208712463123466,1.86524260271461,2.65253305651009,4.23577058611948,-37.526820971305
"perturb_1",6520,1.66379116653971,-2.55842951673647,-2.92502274065021,-0.801917633123309,1.94909241615915,-0.621413697382186,-1.65066046894013,-0.175885033818498,0.463074269633343,1.46388402088621,2.92902667856241,4.86314778302083,-36.4068699578818
"perturb_1",6540,1.61490384277988,-2.54117390893722,-2.87768003923602,-0.853194946346308,1.89872265419517,-0.647024094731669,-1.76496231401338,-0.233722886838323,0.455765596851348,1.59216715267682,2.6754616113226,5.07585525773902,-36.0667137043741
"perturb_1",6560,1.79309888120984,-2.59186099619478,-2.81639310080724,-0.848030643564374,2.08298141288088,-0.936055990684065,-1.67838625158243,-0.325679938017029,0.381432036318167,1.58447686336035,2.84153245282964,5.06306443510142,-36.7908076948117
"perturb_1",6580,1.78512239587763,-2.52665185022276,-2.90906953818476,-0.825145023366568,2.12853685700457,-1.20254282872625,-1.79470473831195,-0.241189696608289,0.514331181605598,1.48376541672447,3.05499062071447,4.62120980774427,-33.3618681046564
"perturb_1",6600,1.86771415449537,-2.59438055514152,-2.87456178275767,-0.846821694332304,2.09423246581467,-1.15959553164621,-1.65936668754551,-0.192793254559056,0.32271342907268,1.70477933380934,2.7748097816626,4.65199741255459,-32.2585357617103
"perturb_1",6620,1.5721812458185,-2.45098131788923,-3.00268873914441,-0.795886702743507,1.98880423645727,-1.11239389064452,-1.77305403057521,-0.180479505094796,-0.160602841589273,2.01831043201288,2.59634603133547,5.14674794442702,-37.4541704213261
"perturb_1",6640,1.87068309905947,-2.56675210612482,-2.91332569478612,-0.763071297217303,1.94324262478795,-1.27209980968125,-1.63282840227162,-0.172029364470365,0.170236741554376,1.91750526026663,2.61006096422914,5.10494799945514,-34.0403015594097
"perturb_1",6660,1.33948474314374,-2.49346887464293,-2.99461025114873,-0.748180888579403,2.04856927826826,-1.14567716288404,-1.6049116472652,-0.0420506808619351,0.210154772680216,1.69677477461348,2.93763779229833,4.6063240998287,-34.3712408488149
"perturb_1",6680,1.3279898106584,-2.43982978170177,-2.93296221008648,-0.707514201470783,1.84632921464351,-0.93905802062863,-1.63206937494147,-0.342458631233653,0.525855078002135,1.76217164411108,2.50187881306942,4.81894254357839,-38.9158463548561
"perturb_1",6700,1.69289546020579,-2.44316271835901,-3.04277161728975,-0.837518598552714,2.1794993696078,-1.53751156179961,-1.61887947383675,-0.0188285475812128,-0.0118473969809311,1.39316595141197,3.21498269610714,4.61191801025496,-38.0928478033663
"perturb_1",6720,1.76050040211401,-2.48096311198859,-3.062021703561,-0.794469862212411,2.10833905745527,-1.64964406354005,-1.68390705432433,0.0796046475573739,0.093821406877424,1.44452753394267,2.9696027123622,4.54297665893542,-34.0077171839387
"perturb_1",6740,1.81034717063869,-2.43966730447006,-3.09992063532955,-0.77610352945674,2.11101800250289,-1.87729920588983,-1.70510721262431,0.0985436079263776,-0.0171282131317636,1.65049194865318,2.92092115437635,4.69403621987615,-34.7445494420577
"perturb_1",6760,1.44544256301412,-2.35209589298616,-3.17323681973863,-0.700932186550334,1.70501812742023,-1.50855374913418,-1.81526461449046,-0.0341809426611429,-0.113609249988692,1.73794347430613,2.33638910034452,4.91555254013118,-38.0997636617947
"perturb_1",6780,1.6893877548864,-2.45257743290856,-3.08290999543291,-0.754531960989729,1.96218537784434,-1.8185170686692,-1.79579234326847,0.030985666735752,0.0505333547278119,1.60822117285834,2.52201645332619,4.97088026620775,-33.4369165785266
"perturb_1",6800,2.07478278949008,-2.54571277750798,-2.90906952610138,-0.827468588760891,1.80471237200579,-1.23265021137946,-1.74474344669749,-0.106562406762814,0.439123589206429,1.79299579489855,2.46430759038318,4.66192602140399,-32.5558531017504
"perturb_1",6820,1.81149002263741,-2.56225408738258,-2.8945972900695,-0.833383206311286,1.86589803628764,-0.776299478226932,-1.8394191394811,-0.111151383047193,0.34717861894622,1.79704792658675,2.4884764734594,4.62280554984841,-31.2628132452952
"perturb_1",6840,1.75585216690215,-2.52518183727029,-2.95236080086749,-0.789176709126104,1.98529293409031,-1.53437580287522,-1.78809785947628,-0.111462257471937,0.250565325161379,1.65073609474925,2.82008241478967,4.73679199243303,-29.8702257891321
"perturb_1",6860,1.68304552704186,-2.53788845071295,-2.99761118287459,-0.67340633262246,1.81299108753724,-1.82107343173412,-1.84934970397167,-0.0599798691681742,0.293696555582518,1.7900089223113,2.48922319255994,4.82115448027523,-33.2151552412281
"perturb_1",6880,1.64405647775699,-2.52872974719992,-2.9505875298963,-0.730675176030693,1.80492459869751,-2.62287468833618,-1.84237671472367,-0.101142603663192,0.289872326179075,1.74428385833751,2.62497578912688,4.6506774964453,-34.4342478355755
"perturb_1",6900,1.81033173958923,-2.48154233134636,-2.938429590481,-0.775801421803299,1.90066477030473,-1.0017241132078,-1.61457074521921,-0.188941592967985,0.439382273564974,1.66260742774603,2.66952783286287,4.50203304497894,-32.6820748430031
"perturb_1",6920,1.71346405913109,-2.5345878353031,-2.94822013635083,-0.844986949432872,2.02393813620404,-1.17461546280865,-1.48021217125354,-0.0607530886711219,0.18883915810999,1.59682669479221,2.66855572998185,4.08579017872553,-37.7672573573706
"perturb_1",6940,1.68484083969545,-2.45186330817756,-2.98782500388499,-0.807327364468608,1.89223194309927,-1.25565268224622,-1.60754049522745,-0.0648044311555859,0.0544197749555629,1.68069294702365,2.81867236326756,4.06585650737992,-35.1845951110958
"perturb_1",6960,1.79454709227587,-2.46521287313293,-2.94141598855844,-0.823259335413547,1.71284795427293,-1.54910262774288,-1.81568860118382,-0.153776894767392,0.307175606991149,1.77776356419639,2.53267349979529,3.64808227072104,-36.616986613471
"perturb_1",6980,1.56292774048211,-2.41705607582232,-3.06287762935631,-0.750574217177907,1.64470777370412,-0.75596371168583,-1.82734249424677,0.0387352949593097,-0.0803826381259945,1.7491156014929,2.32808813361843,4.30296085639931,-37.5092129267453
"perturb_1",7000,1.48316786746812,-2.43789464601344,-3.0158430277919,-0.763636926859806,1.78977705477247,-1.00399357355665,-1.6748007718258,0.00599516189904177,0.360189007140239,1.70357806382818,2.16462342033383,4.25396633616626,-36.6621550035543
"perturb_1",7020,1.53248069028764,-2.48552857888272,-3.05085984518396,-0.718465977852405,2.02014351248393,-1.31712066113625,-1.87341102357862,0.0860180081731037,0.336408253711612,1.60427620592094,2.42894519734514,4.83529399746474,-36.0858945163391
"perturb_1",7040,1.73850249843889,-2.61376253215255,-2.94688135982841,-0.77780804191777,1.89179904961255,-1.87723227699,-1.91255943574766,0.0557070509511783,0.101087707756517,1.6986786915938,2.38430114977611,4.87071286969272,-34.2843713302382
"perturb_1",7060,1.79599071658739,-2.61845870885078,-2.87179930760498,-0.780377894517214,1.82627217713579,-1.34391165220607,-1.77075708207663,-0.117514992050603,0.346968927301775,1.88587121832352,2.56292081085379,4.83044317198527,-31.8050950729399
"perturb_1",7080,1.60491060486819,-2.51886278438269,-2.96661624330891,-0.804720898515309,1.81752573545522,-1.0639317793187,-1.86207205191828,-0.00391273244676256,0.0806470589837338,1.56445474797312,2.52215273927555,4.71512050045366,-33.2558826602766
"perturb_1",7100,1.92151346815846,-2.53522487728585,-2.90686428895344,-0.78205514161633,1.72843547519462,-0.732706461894549,-1.99871603034881,-0.0605454005964216,0.367237432533373,1.82938468030111,2.41879420844291,4.6167447174256,-34.8340387064259
"perturb_1",7120,1.84327638942468,-2.50404647905634,-2.85003571772327,-0.890916558235732,1.83573442671412,-0.902359466184959,-1.96029369830251,-0.126896251840113,0.467491528174182,1.81686267934696,2.3984727794469,4.50091500572066,-35.6493490627758
"perturb_1",7140,1.64810373702332,-2.49850331546716,-2.8894167936666,-0.833732642985291,1.92097100238747,-0.507388430954156,-1.89539735706211,-0.214581064407641,0.498311226026702,1.57194173173187,2.42679451209145,4.68173057324252,-33.8117705508981
"perturb_1",7160,1.71345933678566,-2.51347511475016,-2.9228209333074,-0.775785627072572,1.8386659071806,-1.37066026963198,-1.83928531345271,-0.183522821978896,0.350661956613883,1.70821611311278,2.31779385517321,4.63391834346602,-31.3346244911955
"perturb_1",7180,1.7130220812542,-2.54425314490532,-2.90922304692546,-0.804656104763523,1.83471448965674,-0.751463871590823,-1.79521262782091,-0.214403939895143,0.398134945997509,1.92364784246067,2.31547894103781,4.90059275209306,-33.5348978825417
"perturb_1",7200,1.69669351249587,-2.56132216504881,-2.91537643247342,-0.797070482934582,1.99614306082204,-1.27165887369934,-1.83140147603457,0.00084263944863093,0.268741457722746,1.86146556352494,2.58029868176571,4.74063916118241,-31.9833959864305
"perturb_1",7220,1.71772760694256,-2.43234728988557,-2.97614844724312,-0.78659960107045,2.17108900610082,-1.27399796628018,-1.73651337290995,-0.184050268564612,0.330414172107855,1.69505315137493,2.77049227270752,4.55054092589877,-35.6855760185889
"perturb_1",7240,1.48250572386874,-2.41048963608667,-3.05152943669289,-0.690899596533494,1.67529537793987,-1.81303706375838,-1.68808574816899,-0.134199229960628,0.245920634755667,1.75990948655242,2.30753877455648,3.95535961443074,-38.5083901697152
"perturb_1",7260,1.68032609891081,-2.43905872405532,-2.97882300139428,-0.735759808489889,1.98134832049925,-1.84778554136833,-1.72562013632118,-0.322399743646085,0.446344095189548,1.74856749377099,2.62701370022077,4.73149784682457,-33.943239498994
"perturb_1",7280,2.01317101737992,-2.5647070570786,-2.97363184706594,-0.715319767417387,1.86337126428381,-1.96141699692965,-1.92211220426638,-0.208972577594347,0.225584174403354,2.00406333268432,2.53989493843125,4.97624933172955,-36.5746369540981
"perturb_1",7300,1.66083157958723,-2.4955220928496,-2.94462603436236,-0.788689147701634,1.88384079292772,-1.01256851884531,-1.93502852914162,-0.146949105935737,0.455704906353523,1.74875459183379,2.43408594302237,5.03904935712944,-33.0081464032226
"perturb_1",7320,1.43676622102277,-2.45879600204675,-2.92081552872502,-0.870969898533636,2.04607559566739,-2.24478924261199,-1.7745356777158,-0.034831043081862,0.320753372244377,1.78572930952284,2.56983767735283,5.06268975143807,-35.8241175329643
"perturb_1",7340,1.57041721167265,-2.53454221823164,-2.92350887941519,-0.822701967649272,1.91697057076184,-1.02579427142087,-1.78258513215564,-0.0312307681475857,0.43223312587129,1.55017905901807,2.66825858730855,4.77421968656704,-31.5929219733962
"perturb_1",7360,1.33805088159376,-2.50407382031722,-2.95181024379055,-0.718060588261649,1.62658197358519,-1.27848377379833,-1.87630825981359,-0.20249403026346,0.437640458168678,2.01636414348578,2.08322748292104,4.77274571408629,-35.5454687974779
"perturb_1",7380,1.49894748830908,-2.45569865673537,-2.92953729242174,-0.790989848237606,1.47701401653278,-0.725783824494215,-1.88448115416876,-0.0798722958943761,0.370961108514295,1.7966347844593,2.06147411494103,4.66514163233515,-35.3216571478386
"perturb_1",7400,1.59412640994201,-2.44114171726108,-2.98812241443297,-0.735336283374802,1.65035906225362,-1.50158443526994,-1.70969468212825,-0.191661127845208,0.608286303083293,1.61973017891095,2.20818727312523,4.55150014909073,-35.628384344522
"perturb_1",7420,1.27387894362039,-2.38273543460114,-3.01025525532259,-0.754168092138393,1.68277841664976,-1.45865099025923,-1.70579781925022,-0.18277063226577,0.306379513711542,1.83701437582567,1.94422597974746,4.79223897189719,-35.557540691856
"perturb_1",7440,1.57409614737066,-2.4722030316221,-2.94989331036094,-0.812005927505282,1.87670050737115,-1.45874608436803,-1.69322573453363,-0.180661924609744,0.171389731174372,1.99191533286918,2.19389960745592,4.60007592267539,-33.2696596666134
"perturb_1",7460,1.5425959965726,-2.51878088623879,-2.87970984435727,-0.817677219662955,1.84824250638959,-0.899684625082219,-1.81112627775343,-0.172441869255112,0.226854006448121,1.95873066228348,2.3483550019074,4.77382827979931,-32.2317218928214
"perturb_1",7480,1.47005752260538,-2.39054265902131,-2.98803900025372,-0.791035900124872,1.9317924622044,-0.768572519885412,-1.74514065983661,-0.306650416082987,0.459410139429478,1.59895385936689,2.80282108869134,4.55173310415577,-35.9806715540322
"perturb_1",7500,1.70322886994322,-2.41026166850895,-3.04204372957101,-0.782588762485087,2.20990592152872,-0.776474646558172,-1.87135078231427,-0.0369130992954641,0.0757407328352689,1.48287076129661,3.05074670641255,4.43276871031509,-41.0341148964904
"perturb_1",7520,1.71575795695963,-2.49094231127699,-2.98145429839191,-0.831570662585228,2.13641800699199,-1.76202302452775,-1.91762061957246,-0.000592155749068249,0.100531758039661,1.39208499211755,3.05954589872965,4.48327483917772,-35.0033352720557
"perturb_1",7540,1.69942316293546,-2.56134729335308,-2.87626127842983,-0.84967712337136,1.82779319801875,-2.29305642648576,-1.84214043534231,-0.124111431555513,0.108961830445268,1.52933533729757,2.69690636479143,4.5265800056667,-37.1523329318683
"perturb_1",7560,1.47291444972062,-2.48162859602914,-2.87069425656473,-0.851441482174843,1.79540589412001,-1.52419792351243,-1.7634486657946,-0.193433310778268,0.307619009082327,1.49235781368626,2.65852656452569,4.49010373014281,-36.1102587030119
"perturb_1",7580,1.65624175189677,-2.60311542933587,-2.85305890436424,-0.772369039029554,1.75644949408071,-1.46285449995463,-1.80693435572313,-0.336016164557393,0.260715220065822,1.91859391099601,2.3867882406802,4.64773507234861,-34.2833351792505
"perturb_1",7600,1.7098101255456,-2.5135473405454,-2.85346443836172,-0.83583211954912,1.74425526009622,-1.38783965382308,-1.79248201376332,-0.211505949974152,0.188238829342142,1.85510085489672,2.45457468557412,4.3365292100352,-35.0320785987999
"perturb_1",7620,1.55124146389569,-2.54860646875508,-2.89252146032042,-0.811414588922139,2.01049299843489,-1.79641655716255,-1.77792477186823,-0.130251923587553,0.0395057949036507,1.71120737242753,2.91756028528316,4.49736704886036,-33.8774882403357
"perturb_1",7640,1.78153962796645,-2.5415760818619,-3.01615345899849,-0.742736217342795,2.01121152138595,-1.53730992267699,-1.89880527566196,-0.0146432566400756,0.053698344577963,1.81791923604656,2.8326484732639,4.67705773795024,-32.376334370455
"perturb_1",7660,1.81065386698786,-2.55429677735019,-2.98721293840891,-0.756206691915533,1.76127166598731,-1.84308504485298,-2.03153907969689,0.0390599281448152,0.129173188370674,1.84927694488203,2.13841880993615,4.77107355322948,-35.6638560976523
"perturb_1",7680,1.65652656113323,-2.57895337054663,-2.97014168231171,-0.776998096590449,1.85106610332324,-1.48577893494876,-1.93755599713743,0.00726203890374616,-0.0948753930607684,1.74030819663187,2.43775921639659,4.54983619256596,-33.6338239251374
"perturb_1",7700,2.16818002673748,-2.50880835407821,-2.97483492414988,-0.8090149545091,1.77961426043315,-0.349297525299563,-1.73445018799202,0.00574356187922084,0.268299493670359,1.72373514456765,2.36600651972931,4.61308905427635,-36.2846575675534
"perturb_1",7720,1.97996488321034,-2.43930432288841,-3.01470923724378,-0.749177176875401,1.7323700289848,-0.80031855925187,-1.8560437025244,-0.0169874863746842,0.543728062829885,1.89384218061238,1.86079675059273,5.23987898335384,-40.1823201204071
"perturb_1",7740,1.77855613911403,-2.48407525146065,-2.94982094673766,-0.738765871653859,1.75366456723441,-0.527371679428648,-1.80086428667956,-0.285294850132037,0.408009210148065,1.83782384030664,1.86121575069786,5.15981621339604,-37.1039735733396
"perturb_1",7760,1.9696701685232,-2.57678742629142,-2.98512071195654,-0.752040886102928,1.94634156604544,-1.23961766581502,-1.53992925969498,-0.240722810653824,0.20175395454662,1.74834810086522,2.38952317501583,4.7701950289438,-36.6045333980239
"perturb_1",7780,1.47530351779819,-2.50603464093679,-2.98443187188782,-0.765664808398782,2.03885922928261,-1.48117754839202,-1.76497546801533,-0.033047354491163,0.258690045926007,1.80616279624484,2.2240448611475,5.10897471429739,-34.6995216689423
"perturb_1",7800,1.53667491414987,-2.48153530063647,-2.99665752450585,-0.743541876597035,2.03074009787972,-1.58091536776537,-1.89393705681591,-0.0934674953357185,0.281847511618527,1.61201386296501,2.62219091798029,4.974106107319,-32.0559486540271
"perturb_1",7820,1.39215477777743,-2.54838299316119,-2.92134462800485,-0.807112006727723,2.10078211608546,-0.907012689337462,-1.96167061578975,-0.0964137394507273,0.331117210571126,1.48460675710167,2.57820420841107,5.00404781206632,-35.3616155089243
"perturb_1",7840,1.25680230733976,-2.53336645288455,-2.97196406206714,-0.731676088362594,2.00118682865647,-0.897004082259601,-1.84301241981771,-0.11930364147234,0.244887671275224,1.6285308499452,2.56776491333315,4.72532244877253,-33.8665722851121
"perturb_1",7860,1.27135853030571,-2.47965213564363,-3.04023508759266,-0.685714631241807,1.86748827165516,-1.55130630010945,-1.83404986999483,-0.0434005823715095,0.416288191979997,1.53745425881343,2.68258635206544,4.49897270514018,-35.7454945435653
"perturb_1",7880,1.17622531433539,-2.46115055664861,-2.9940758168873,-0.769760930025609,1.85418446866843,-1.08819171278361,-1.80068682971656,-0.0394617710193314,0.115119559209262,1.6997539432924,2.58397265860767,4.30268532576545,-33.7623894922969
"perturb_1",7900,1.42227114116777,-2.58954469254414,-2.87429677163963,-0.824762897949289,1.58567597927589,-1.81689604167544,-1.67204081927615,0.0209561901626694,0.121550268145524,1.9514810318188,2.29698895104529,4.48538621977855,-36.9689885207814
"perturb_1",7920,1.5715736529009,-2.56037007284292,-2.91420998413629,-0.792213536360988,1.58395976416855,-1.20329574070013,-1.80462504847923,0.065794199398616,0.215558278142034,1.91825494583153,2.44794172874576,4.63233950807094,-35.1342762011584
"perturb_1",7940,1.74001525038995,-2.62895294731744,-2.85950108997269,-0.788067767228324,1.57798733866455,-1.05121460478638,-1.67963365883204,-0.0440964183861158,0.333316930056852,2.0291495737337,2.51471704063471,4.45420025918376,-37.6335109741636
"perturb_1",7960,1.80950360742077,-2.60297963398255,-2.90218499779586,-0.789472783906474,2.17011138432811,-1.08260468261374,-1.76084061010109,-0.300726908640072,0.190567525823646,1.58250328774701,2.95826930100394,4.79736552255736,-34.7831220903866
"perturb_1",7980,1.74077470283622,-2.52007533069266,-2.91543496779607,-0.830798755541119,1.98261818281031,-0.972768075930365,-1.91138380746016,-0.233373196489569,0.245306623101404,1.73334834812525,2.6868202693427,4.88434304096295,-32.8041951847863
"perturb_1",8000,1.81694817960657,-2.59536953225779,-2.93185676791109,-0.755690114993977,2.13973864544265,-1.57337518856115,-1.78196860663717,-0.206420175605517,0.289358256245428,1.62187643581328,3.05369205116653,4.92984473502865,-34.4283472062421
"perturb_1",8020,1.72704892816803,-2.50489585848889,-2.92814127205403,-0.863728905611001,2.12834664884224,-0.885145254043193,-1.7879233960393,-0.221336284353729,0.243349803455781,1.61653853158455,2.73837106631435,5.10060562199538,-34.3711751131764
"perturb_1",8040,1.6530049898308,-2.43495377401651,-3.00091248948188,-0.759579483474885,2.04170159491071,-1.29456968774915,-1.83325698090901,-0.0833590271931992,0.40392273772387,1.65763224359537,2.8063062674247,4.61631904342964,-31.9682871756032
"perturb_1",8060,1.80306742760934,-2.54781067283597,-2.91393403437523,-0.7995029045508,1.91130654511651,-1.31200324284698,-1.9062998228574,-0.0889688787342933,0.27111703604295,1.64864479879558,2.68506286041715,4.34429597222682,-31.545635604715
"perturb_1",8080,1.6666483314815,-2.5082255416743,-2.94137610074921,-0.816381091527536,1.98384655933098,-0.829188854308398,-1.78902999169812,-0.157173843036538,0.328637079198951,1.80083554598283,2.52897628396681,4.68350944373872,-31.2202953169484
"perturb_1",8100,1.95133731382486,-2.58357683917418,-2.8660593155109,-0.857982323192668,1.93021357992046,-0.508268971815531,-1.79669213773027,-0.143373725970895,0.369896915798619,1.76834394350383,2.48272247456816,4.61399132250852,-32.5777839428887
"perturb_1",8120,1.91301687213267,-2.66277120162202,-2.89029810016765,-0.721242564408056,1.72976534856024,-0.179496073751983,-1.7399259359227,-0.226135100163893,0.0305035211128539,1.93540057686472,2.17944863177541,4.84212084973143,-38.6143901946093
"perturb_1",8140,1.93219982894442,-2.53728069158969,-2.93015849717352,-0.863514985306227,1.96869086712221,-0.755840730829382,-1.80338958005486,-0.00192063350196854,-0.141848558355482,1.92742399997748,2.48482891529335,4.70487074322072,-35.1472003968786
"perturb_1",8160,1.75380019699653,-2.60919276870221,-3.00345014788032,-0.674210286617326,1.85494289132984,-0.955333110484683,-1.63473898121043,0.0658071751559131,-0.103102719344328,1.63000932353814,2.7653990132925,4.24892564157068,-39.6082506574363
"perturb_1",8180,1.54190398120375,-2.45549416483129,-3.05118553364975,-0.7028073290424,2.14303156663091,-1.71233105438718,-1.64297716493424,-0.0920269558195575,0.33197266478381,1.40113460116097,3.05791154144657,4.19366743293154,-38.7204785642053
"perturb_1",8200,1.37904964457816,-2.50499641723586,-3.0140837260496,-0.712770664260645,1.96186540357408,-1.75775396285023,-1.67900176133435,-0.0415954805454058,0.04319549980949,1.74341686061062,2.83892413111348,4.42489260498033,-34.0511106737044
"perturb_1",8220,1.64937461784398,-2.55690779296162,-3.05255916993229,-0.722541159311445,1.88030528604587,-1.36189359723609,-1.67871467617125,0.0790134508353009,-0.0960793985483445,1.69706954163422,2.31618078509969,4.66793234966861,-35.1635578789356
"perturb_1",8240,1.49466771749486,-2.61920431035679,-2.88930587686554,-0.726071771683094,1.76287617694346,-1.26656686326314,-1.9114951042923,-0.157214109615751,0.0756260442505723,1.81080696759225,2.36886781323765,4.84258808300934,-35.7156645670799
"perturb_1",8260,1.5287347514738,-2.5957506606287,-2.90383330384705,-0.838528463269552,2.09275282647301,-1.60055654647033,-1.75449931993091,0.129124286276409,0.1735766885076,1.60042091374181,2.79237340688645,4.4624254291175,-35.869533305538
"perturb_1",8280,1.92327774612887,-2.57616300202115,-2.90496055197673,-0.903608062356547,2.08797735553225,-0.916253743454209,-1.76622494487239,0.0475370028074933,0.117739144937775,1.5331659344724,2.74236357587219,4.40599299563139,-34.3247835025464
"perturb_1",8300,1.68992435302794,-2.58874367882478,-2.87398530731686,-0.854622397879658,1.94025688393991,-2.35618333518592,-1.69059248417299,-0.0768071643527192,0.393801616970222,1.61615819523274,2.59000017052271,4.52872690252578,-34.0862871151334
"perturb_1",8320,1.92384881641831,-2.47430884818951,-2.92984837045714,-0.850363748121703,1.97976762140715,-1.65391051173353,-1.82637931205842,-0.0482372869208904,0.462210174609441,1.67768232356835,2.48211064475051,4.58482221994576,-33.3018900418762
"perturb_1",8340,1.57448805789931,-2.4637250730574,-3.00142429699948,-0.856436138517051,1.91803039545441,-1.24590076636126,-1.77664012187599,0.197360259416665,-0.0733424036461158,1.7208624338356,2.78375187413299,4.67882699123053,-36.2242672353425
"perturb_1",8360,1.69409498679295,-2.428908243926,-3.08915057792114,-0.694712495068209,1.8127524758025,-1.57317426352161,-1.53521147907384,0.0495677335551288,0.130901835203609,1.9905759827805,2.73159295007662,4.78443072998124,-39.2292723940767
"perturb_1",8380,1.59617438708856,-2.55760637572079,-2.90800279300854,-0.880922698417463,2.05339755799883,-0.781633235510809,-1.6263262621836,0.0158878766375197,0.378024570763598,1.49672251602023,2.78569234667733,4.90824865576166,-35.1808697866994
"perturb_1",8400,1.64057142157154,-2.55947452550902,-2.93806975486661,-0.821255624294574,1.96951152358621,-0.826874669948364,-1.67988557377427,-0.058233578429884,0.171438263512134,1.62927360451533,2.84701638806187,4.7191468420574,-32.8613639324295
"perturb_1",8420,1.56921858463107,-2.50555482190116,-2.90539188945146,-0.792430642097237,1.55249142556445,-1.16524306114728,-1.74202022464418,-0.0956060084457612,0.334135381090183,1.90739793871543,2.15548579565931,4.51747726711975,-32.4533766730707
"perturb_1",8440,1.78973662983975,-2.4474369091516,-2.99208642631409,-0.760466941452879,1.96176559702745,-0.417879111788752,-1.67838193872732,-0.114360598934629,0.415656625821211,1.8834615043995,2.39750268560817,4.76023891453812,-34.9082701235187
"perturb_1",8460,1.36549361383215,-2.41235599493524,-2.97176921343732,-0.84586204622977,1.98135550950653,-1.22040533718089,-1.81487543911202,0.0444188105578118,0.186687988179891,1.95339266517652,2.27850424605196,4.67627353796017,-36.8315672552334
"perturb_1",8480,1.70557389110503,-2.48578062713295,-3.06321416625793,-0.75779092515827,1.95399384188255,-1.57567368817949,-1.89686727902417,0.146311077165111,0.107129443278942,1.69780593076345,2.60952681873342,4.56539306821113,-33.5423993645311
"perturb_1",8500,1.66176173428672,-2.47180947219712,-3.04976562224983,-0.826305290144364,2.02283812860885,-1.61416828554005,-1.94883331652162,0.127238441316059,-0.287245285923392,1.72007638762818,2.80110097949881,4.55006239189795,-35.9838060135415
"perturb_1",8520,1.77166462007231,-2.54402753827238,-3.03488224116203,-0.726669744900395,1.96829947832259,-1.9316272981435,-1.71432818697567,-0.0979593250507156,0.128494502169649,1.66414607961236,2.58299204976929,4.75675931965175,-33.4529858916734
"perturb_1",8540,1.6734089966489,-2.52982804546185,-2.9509003334692,-0.788099947172194,1.91849227030113,-1.43639043926667,-1.90101305675039,-0.0973714733844237,0.303050200986378,1.66156863217373,2.63576686126434,4.46628133883251,-30.8122091003033
"perturb_1",8560,1.5725187101255,-2.54368047204058,-2.9108333352104,-0.777415503489664,1.76563052041578,-1.24244482423763,-1.84585674424726,-0.201648301005575,0.202925240311697,1.90091309285903,2.45599697504211,4.30424377199696,-32.3254111662926
"perturb_1",8580,1.70672311491209,-2.55638250423604,-2.94461168019055,-0.725557842143539,1.8767898003551,-0.586927224808804,-1.72832451282163,-0.165979568931762,0.314838747898625,1.86075380455418,2.55100401295356,4.9579683695999,-32.2167807099971
"perturb_1",8600,1.72788274415257,-2.51496690017864,-3.00750006978459,-0.690415332987281,1.83253765014304,-1.68565294672018,-1.82424443746588,-0.0528392782929604,0.40187490574196,1.51126921508065,2.78551630558661,4.44200776472689,-33.9753306376713
"perturb_1",8620,1.70347404677008,-2.40151026151304,-3.05660464573036,-0.811929637120683,2.10096794889874,-1.37544322971687,-1.77735846430156,-0.165889235143538,0.216110463133851,1.65529683160863,2.75997150600493,4.52762038219957,-34.6039190774586
"perturb_1",8640,1.84712427635893,-2.47292593739025,-3.06958351968683,-0.715842001154864,1.70521356929814,-1.60684328437779,-1.96817608511983,-0.0043325904038119,0.136927657373104,1.97780360221776,2.25225793096502,4.83042542210807,-34.6766592868134
"perturb_1",8660,1.4890639803055,-2.45765394800609,-3.07426642218005,-0.77218184078558,1.79097829864711,-1.56898468924181,-1.80389965848817,0.198458520160912,0.0230349608234687,1.71851397871316,2.56517271507727,4.60426495573528,-35.7871661632638
"perturb_1",8680,1.26483102346412,-2.43154332846537,-3.0241048425199,-0.778052030982114,1.95648450635138,-1.65102534685241,-1.70447388397983,0.0958444064803544,0.12702015739877,1.56360348130213,2.8945742322916,4.80059733259791,-35.8795970078873
"perturb_1",8700,1.42498725702637,-2.51832979290717,-2.93822757623724,-0.833914413260358,1.99362790749222,-0.48245379235368,-1.73717812048242,0.0443533575990765,0.206413824059032,1.48364072417438,2.77732644689672,4.83813233556507,-33.6378492643155
"perturb_1",8720,1.41501616573099,-2.50544376776986,-2.9093986844513,-0.852991486542364,1.97737340973016,-1.28117415243617,-1.67324426460367,-0.126101129700182,0.409939890953576,1.6031257988041,2.51789375648631,4.74608134009338,-32.3460517864924
"perturb_1",8740,1.46969288202102,-2.54813189681415,-2.88065378006439,-0.834786467180264,1.88169955043256,-1.70134950336755,-1.79430965126597,0.0165372047115558,0.288599144404503,1.63215399130109,2.37461247843285,4.93724819523863,-33.933022348915
"perturb_1",8760,1.70997263534097,-2.61540723446762,-2.8873290349309,-0.82117705924074,1.75189723435545,-1.70534697067692,-1.81874426407325,0.0389212014440921,0.56444025754267,1.58268143094411,2.27321519033602,4.75866868020661,-36.7412978144592
"perturb_1",8780,1.55368802739149,-2.54800523491387,-2.93483804679854,-0.797758433580416,1.99410261185449,-1.0774707833151,-1.73518176316956,-0.00394934604080315,0.323602419180908,1.66538138206602,2.49730686238361,5.03257528345451,-31.894391069528
"perturb_1",8800,1.30150990013054,-2.48254348028451,-2.9499841160573,-0.786075765995954,2.13597446337244,-1.66082797330875,-1.80794163209929,-0.0927431675731826,0.361748066555944,1.51360800137095,2.9069707845224,4.92862157234006,-33.8080582703814
"perturb_1",8820,1.31626497256746,-2.48959278697932,-2.97355073575896,-0.771656335604917,1.89737288899385,-1.47873268431792,-1.90063928572541,0.205294410518157,0.188605204535727,1.76930252669408,2.68057832674921,4.63938304418376,-39.113685340482
"perturb_1",8840,1.378951481441,-2.46321255411072,-2.96653412658552,-0.825616308056878,1.854745851153,-0.592535095140958,-1.99479689416965,0.0711214254886888,0.319040505761402,1.76327284222868,2.52824226582012,4.7256456250892,-36.5252586928887
"perturb_1",8860,2.0565319267437,-2.6150485440868,-2.86109847041781,-0.862193126705307,2.0772337841522,-0.503310239615666,-1.9160590631216,-0.0875369741620696,0.586642849018104,1.64018354527795,2.48413332931161,5.16835799664042,-38.3509280044265
"perturb_1",8880,1.82866242030476,-2.45654536711929,-2.99876073488811,-0.762641368014079,1.828424117525,0.00833921057698323,-1.92536942927313,-0.011243575354243,0.276549184480932,1.84553691365336,2.33284207769213,4.91322220894999,-35.8491314993499
"perturb_1",8900,1.7553014336197,-2.42428230366393,-3.04336279895217,-0.788115990106097,1.88293685589948,-1.11530426050537,-1.84475162747153,0.0563678052555649,0.110080252052664,1.91349111334475,2.30334005395253,4.93429039770115,-33.0576096925318
"perturb_1",8920,1.71151120247666,-2.46195969876918,-2.99650519673571,-0.804885635807888,1.93764358726716,-0.81623258235863,-1.91986008161352,0.0111647093293285,0.228443396410148,1.92062225661841,2.35598139853442,5.01648127776293,-33.8705901228497
"perturb_1",8940,1.61528181678471,-2.44813544146657,-3.00103092098401,-0.736491869896073,1.82296985707969,-1.47093325953916,-1.77013761020904,-0.101437333480522,0.362262862656496,2.09940492024823,2.0309789746307,4.66212321324214,-36.1538164834363
"perturb_1",8960,1.66909877665772,-2.47612300958752,-3.01531186342993,-0.738519242904934,2.0523612748838,-1.79202244406149,-1.85044810265578,-0.0845839071236746,0.249688686023447,1.71491032213573,2.57875957868549,4.94383137767219,-31.9343116022518
"perturb_1",8980,1.71255214507372,-2.4923300893064,-3.03198626846728,-0.719985569200229,1.71084736856216,-1.37491438903972,-1.72132166056879,-0.0326529710710179,0.0620701817294106,1.90454015402432,2.15631522214919,4.61954054926765,-31.6749700694504
"perturb_1",9000,2.23383494024564,-2.6257036751624,-2.95109017586696,-0.84774089801883,2.14352064128163,-1.25544129289209,-1.73001198172636,-0.00193620670224235,0.236496246570751,1.40751014902383,2.76068749634802,4.72317896625374,-35.9132720155686
"perturb_1",9020,2.16594337085325,-2.60311788169481,-2.97302149119135,-0.777994960044868,1.95874511410967,-0.352721028061167,-1.77180508502113,-0.0692538378401819,0.299963972359547,1.58149651509849,2.45829848689859,4.43668116067972,-36.7127344177435
"perturb_1",9040,1.73577193590133,-2.48831598378913,-3.11832751049123,-0.750401399392622,2.08901525166309,-0.336046125880654,-1.88455937442936,0.171327632075987,-0.177062381670424,1.66184244209985,2.90977158725332,4.70111734696398,-37.1330495315339
"perturb_1",9060,1.31880583358211,-2.44946175781213,-3.04680095413954,-0.779191554356359,1.94259058887814,-1.70642727549623,-1.78331557025912,0.0915049558912655,0.0875417639563402,1.61628197595807,2.54241370527369,4.45763182839261,-34.4367891462111
"perturb_1",9080,1.52605588641272,-2.49323622818332,-3.01973896093198,-0.804103550904664,2.10199581967989,-2.08138215003491,-1.7424604960996,-0.06402969838984,0.148986528746724,1.56776795609136,2.72109496918943,4.35255006066973,-35.2244387019516
"perturb_1",9100,1.32590732374435,-2.49007146710066,-2.9501737746799,-0.825246085053434,1.95008860194321,-1.47819526647896,-1.62368495539628,-0.0792471364374852,0.397849772218667,1.45239957745641,2.80741977635742,3.54083463079033,-38.8702068523426
"perturb_1",9120,1.26245019357924,-2.42841032452461,-3.00915098896094,-0.77711252077705,1.91405858696695,-0.794545120501251,-1.55274530365504,-0.125389809765651,0.0332170766328708,1.78316624756219,2.86042108713094,3.94653869293745,-39.03794038881
"perturb_1",9140,1.8405751050169,-2.50625499429928,-3.09428283074409,-0.756874542909909,2.15108873965057,-0.586215730681426,-1.69635808118738,0.00668452866364425,-0.190593164871191,1.34826757476632,3.35295127032095,4.43063677225988,-42.8808367731042
"perturb_1",9160,1.49673971284579,-2.56614181353596,-2.90722075086621,-0.871246060479087,1.83850813202298,-0.54151876281324,-1.63971379492002,0.00126537382802609,0.244112844388013,1.52514982491524,2.34994993834796,4.62220663282056,-38.228640383264
"perturb_1",9180,1.56190214889977,-2.50709586491062,-2.98918827850268,-0.829863247460796,1.88976032903408,-1.75341686424796,-1.81193029648452,0.00259843627500464,-0.0191306010003654,1.72121608481055,2.25395500910998,4.36825196361954,-35.563449176201
"perturb_1",9200,1.49253232151399,-2.47458876018074,-3.04206596464311,-0.757680669059648,2.12502748045557,-1.43114038377854,-1.81523033060561,-0.0892077991957478,-0.0399710687097844,1.91092610106149,2.85493374020302,4.74974296392153,-34.8363875359891
"perturb_1",9220,1.60197108209221,-2.52840311727717,-2.96900554980834,-0.758623421111007,1.99183290289554,-1.63648229242601,-1.77393955660802,-0.211424620894986,0.133322855791424,1.86049775021985,2.72808701708691,4.69116447604525,-32.3767030790604
"perturb_1",9240,1.82679666181357,-2.50859111369365,-2.96580011341502,-0.818365207688439,1.96447102373915,-1.4433315945196,-1.78423074044682,-0.0768467350870817,0.230509997921425,1.78746447560957,2.70298085907335,4.55390036109469,-31.046185500071
"perturb_1",9260,1.54081302379146,-2.54810086111351,-2.97009190763019,-0.783444757492173,2.18442689347974,-1.8274838010095,-1.77613987590028,-0.0556094147493507,0.343357112559563,1.34527595676476,2.96765643906135,4.88986700783148,-34.2162101014012
"perturb_1",9280,1.47182525050877,-2.53618933996224,-2.92643959836601,-0.797189786583073,1.79348607254437,-0.827711366334896,-1.76286018626458,-0.105906539790785,0.237184470260251,1.66718314877078,2.6089844123237,4.74674052490442,-32.7653467385729
"perturb_1",9300,1.61460475709027,-2.70388058614377,-2.83680127707416,-0.825171345321604,1.94393412755138,-1.58395790413882,-1.69657318544516,-0.0930786268879733,0.161168918098511,1.50635059658654,2.55465059884423,4.84493075767325,-36.8436577669949
"perturb_1",9320,1.53595756579238,-2.5692713830905,-2.9849406970885,-0.753565822959469,1.91483687855202,-1.40308757419292,-1.67281203704653,-0.0455694328634241,-0.0361274317314356,1.75775734354495,2.45268030186431,4.72210871113621,-32.6251456630875
"perturb_1",9340,1.75471864525432,-2.52675622220653,-2.9811296405575,-0.834008095512856,1.97068640235906,-2.03069294478623,-1.90775386276414,0.00969750858793409,-0.0506883263790427,1.50694534980947,2.7564020512524,4.74316049775259,-35.3199126224636
"perturb_1",9360,1.81981102563796,-2.6298383251991,-2.93438128733823,-0.756015936870542,1.93898654534404,-1.49472183601185,-1.87336649347749,-0.189149593228195,0.226897818982037,1.66518826604615,2.62123630407935,4.90440534206431,-34.1274991224364
"perturb_1",9380,1.6718710308804,-2.60611585854954,-2.84917896923288,-0.828764026742297,1.98073973538756,-1.13268199260804,-1.80336919704174,-0.279366686211664,0.396237524695639,1.47573852232666,2.73535330607697,4.79475858350807,-33.1530859682874
"perturb_1",9400,1.75384791827754,-2.50448281562992,-2.91323038920794,-0.832462150166021,1.77355863708935,-1.42803697113408,-1.67586798802098,-0.181187906392686,0.242973434312706,1.98969651400101,2.28367532637702,4.62483624647447,-33.3427025006436
"perturb_1",9420,1.82775621404206,-2.64361459262207,-2.82265080439699,-0.838248056085598,1.95801093647434,-0.987972821208904,-1.71354340761384,-0.107630223128172,0.333702377178483,1.71323473402706,2.75698777791557,4.78830483674242,-32.9232349403495
"perturb_1",9440,1.87280022606261,-2.60688262219987,-2.9548883617198,-0.790774244900699,2.15259826556473,-1.3938514032343,-1.79138658150779,0.00664950788264616,-0.0793703630071052,1.83087782548869,2.61995278718054,4.83987846955637,-34.4793755493775
"perturb_1",9460,1.8761826469762,-2.66120102507606,-2.9063716694369,-0.785092270293693,1.64646796320514,-1.41820045443429,-1.76109335063235,0.118488549341491,-0.228147478101185,2.04978215470195,2.18694445034498,4.34343290168934,-37.8502191133713
"perturb_1",9480,1.87899947448917,-2.54364039422023,-3.01307599681222,-0.728874828793584,1.85523053214175,-1.49498951371123,-2.03430131580223,0.0893189357813625,0.0416051972345202,1.85398136103354,2.62838609751685,4.58945025825848,-35.5844029406402
"perturb_1",9500,1.9408315604564,-2.54904716994597,-2.89593993255301,-0.820850440094062,1.91683366115567,-2.73853862071549,-1.88318196650568,-0.047218973027982,0.380539935435016,1.77998353547754,2.62162494305764,4.35839532803128,-37.396527112462
"perturb_1",9520,2.00655408375847,-2.56479570536265,-2.86978477130504,-0.899254366867975,1.95024715940997,-0.776205925567745,-1.84122670816604,-0.100305477008347,0.524152180758059,1.52680547776047,2.53968978712941,4.53013644002662,-34.0156292818411
"perturb_1",9540,2.12120056602826,-2.56002748527677,-2.94196256166821,-0.787953177246963,2.18558707486585,-0.243336854858496,-1.72163248506446,-0.245374019364597,0.438737347333264,1.69298181655368,2.56469637053276,4.57662662779339,-41.1479300280942
"perturb_1",9560,1.75866335939659,-2.50805172033276,-2.94398452442708,-0.798033943519732,1.88127843412105,-0.765235609842398,-1.87046554505728,-0.148404274940999,0.41165218823345,1.98821977045827,2.05371326060843,4.85749953390708,-34.65203456694
"perturb_1",9580,1.98447786851487,-2.59435486446562,-2.87594393655154,-0.87605376268953,1.97087967967493,-1.31136846913834,-1.83146941097233,-0.0417953673529661,0.056105071370651,1.9122063442191,2.29144176847548,4.35600246980528,-36.3914198128128
"perturb_1",9600,1.87602110550463,-2.54724338303405,-2.93915296499642,-0.842696691909372,1.83662499726118,-1.95231553258512,-1.87315708424473,0.157470590222164,0.0642753405788115,1.85044345874081,2.45254916812292,4.72379101112849,-35.3081484801644
"perturb_1",9620,1.65300146961604,-2.49701453537063,-3.04075079265668,-0.750893297973761,2.05549784814237,-2.34886036730117,-1.83535759741217,-0.0885399840106061,-0.18673268491597,2.0262984222786,2.56972234555084,4.33283385992941,-39.7465190515704
"perturb_1",9640,1.46136632211701,-2.52474826650768,-3.06082472279035,-0.718581868098896,1.96529735078205,-1.45711252958773,-1.83375920867206,-0.0603204213797402,-0.0981401163968103,1.91077064848572,2.4788062741892,4.4951523019053,-35.067697853081
"perturb_1",9660,1.61433368884774,-2.49979371082207,-3.01440080327469,-0.755577197052521,1.99883615750446,-1.84647413873926,-2.00313149240442,-0.0347776588165726,-0.0308624490525787,1.8234191995581,2.19973673154764,5.07365805527449,-37.5949550903448
"perturb_1",9680,1.52707073446054,-2.43049942783152,-2.99856213493313,-0.853003164895696,1.90678594926385,-1.74346549605327,-1.94101524056752,-0.0133103500736202,-0.200976390928855,1.91767075496455,2.13791554043117,4.7661997662405,-38.4248309050082
"perturb_1",9700,1.68863979243832,-2.45152820530863,-3.01554817148716,-0.831907925459167,1.93695739171569,-1.76672059163867,-1.7690908617214,-0.0207291325603353,-0.0817796674807965,1.75642826250338,2.51105220854441,5.05842058127183,-34.611785760563
"perturb_1",9720,1.92299379919463,-2.58833554774963,-2.87827858745444,-0.82574762165064,1.89407006260737,-1.04789747612469,-1.82233419054236,-0.160800315187782,0.294200755285547,1.49880375596065,2.9265388855794,4.41843256890826,-33.8176284951315
"perturb_1",9740,1.47052202789154,-2.52505488606178,-2.83671555009326,-0.874448442405883,1.67585954287573,-2.04158371679687,-1.75345073639838,-0.0545676298080581,0.330940302958595,1.82257332743677,2.74862979679147,4.36411102766557,-39.8316506058013
"perturb_1",9760,1.21081700244834,-2.62833576515776,-2.83131681149161,-0.814189571876386,1.76430332443743,-1.2586320245583,-1.77932124432111,-0.00797954160370799,0.082705426347919,1.80304509563736,2.50900495773398,4.65230994317396,-36.5793746688819
"perturb_1",9780,1.16086342926546,-2.56266575803143,-2.91211612061548,-0.761031857430271,1.730644928906,-1.72142236990676,-1.81979668685077,0.0435342445483047,-0.265166260507577,2.02717114175725,2.44297696242616,4.93197672551527,-41.0594739590182
"perturb_1",9800,1.86940940804711,-2.63888836661746,-2.94658694601778,-0.695404786307783,1.62918698936762,-1.16548581256475,-1.67483669800199,-0.0791249334330087,-0.135352417260303,2.08098828480157,2.02042225376147,4.8313920754345,-37.3115152575555
"perturb_1",9820,1.7974338009283,-2.60196001717233,-2.859737093243,-0.851424348136305,2.03198592629521,-1.40297908528273,-1.66958610757848,0.084593415159808,-0.154067661332896,1.96236451206986,2.69833020476365,5.01140817720152,-41.6225905702289
"perturb_1",9840,2.10506360449581,-2.6720348115608,-2.80625270453127,-0.843901545882751,1.89451104420012,-1.09263725189785,-1.66358031716898,0.0981011013350128,0.143283242821663,1.84746258844478,2.6851741042668,4.93369460451348,-43.6953489052696
"perturb_1",9860,1.70387019466459,-2.51507292839284,-2.89181264797538,-0.867984558614424,1.94595405746299,-1.16693439295112,-1.8233639241672,-0.0363734354576012,0.32405070305578,1.83834726127415,2.67675232773383,4.58369775406506,-32.2793083455674
"perturb_1",9880,1.6279240239199,-2.50239176975406,-2.9292923547731,-0.815490530901033,2.03890102629232,-1.4905384460928,-1.84874051294361,-0.00995723288910533,0.312449665284905,1.73483780741634,2.88436167367072,4.79426830819403,-32.3689279293951
"perturb_1",9900,1.64399706127707,-2.50657394899781,-2.94302246492266,-0.80643105668152,1.98549835379967,-1.05335193687521,-1.78018711324581,0.000172138389718761,0.33210099285823,1.85478098093324,2.76116510388265,4.77681778190354,-32.5487065270471
"perturb_1",9920,1.37531129381449,-2.47386307382714,-3.05276181394308,-0.755534254688382,1.95509276474132,-1.80492066193898,-1.79331869898135,0.128994582919742,0.0883340680695382,1.78013225711306,2.51763031517187,4.66053680754443,-34.2021996965965
"perturb_1",9940,1.70430206064807,-2.57833958042283,-3.00003781869648,-0.756309635358202,2.0099639426035,-1.26852889148678,-1.73369108826239,0.0118322984504104,0.0707785702304212,1.58925923471551,2.64013776272897,4.68901955563533,-32.0183222021792
"perturb_1",9960,1.7114932298732,-2.51371935678296,-2.94992440946887,-0.870897642716975,2.03480850178504,-1.44228473385364,-1.72201840929767,0.0236805390056231,0.211497154439544,1.54745258077617,2.50757070485668,4.61961920293081,-32.6808144133868
"perturb_1",9980,1.8592533115034,-2.46161786537697,-3.04353687969453,-0.816763672424282,2.02414855798775,-1.96508772780647,-1.84524868416613,0.0103477744955539,0.101887710699865,1.68269237790103,2.65458024271975,4.81609763245146,-33.4513699108335
"perturb_1",10000,1.91559588187462,-2.58118464737414,-2.95312098009788,-0.787483967248689,2.14712103402879,-1.33050314794702,-1.84817610830882,-0.0868030551029528,0.225430277736898,1.68720168551934,2.71213416813437,5.00324273899327,-32.2262350742544
"perturb_1",10020,1.77288820245539,-2.70032683734532,-2.82915311351646,-0.793290921680197,1.89138505618729,-1.39212965078742,-1.90476475134688,-0.210750623661744,0.176218457989975,1.83257847775724,2.66050273598011,4.78075755694992,-35.3245498159385
"perturb_1",10040,2.02968649629325,-2.5315964066564,-2.96014190405929,-0.823927813547971,1.95022162510189,-1.38968681256381,-1.85257358577968,-0.296496824381332,-0.148859319966282,1.78594564641928,2.63435509786853,4.32120069473327,-39.9879224043827
"perturb_1",10060,1.68112779829799,-2.47796023608284,-2.97778680937829,-0.739456185479568,1.71092187253026,-1.14840526676532,-1.80498032149733,-0.265049971348686,-0.0645947151488804,1.93207729322738,2.33884310996316,4.63877779004262,-34.9389532016958
"perturb_1",10080,2.07549129419585,-2.48697628084788,-2.97554036656084,-0.817642097992064,2.11482639080283,-1.39433583229628,-1.82667508568867,-0.25639715463825,0.253953117277152,1.4059723146645,2.90450063437647,4.6434064587025,-35.4056906463447
"perturb_1",10100,1.81144004659003,-2.52233714313873,-2.8942164795613,-0.806499121212985,1.94260321016,-0.852463987763093,-1.8374508860636,-0.331106855503571,0.486278536441745,1.44791441426194,2.71692720046028,4.88968428322868,-34.1738383644634
"perturb_1",10120,1.58690709174341,-2.48262730362927,-2.96787253326447,-0.765039545853984,2.13672777675336,-1.22145014013489,-1.74070764117893,-0.208582192158709,0.42471741337683,1.23457565861219,3.27434830626287,4.41037305987047,-38.1875119279282
"perturb_1",10140,1.36020788154547,-2.45614298209703,-2.99617146291776,-0.746247631274722,1.97198453837241,-1.2473421307674,-1.79455377316861,-0.0658915784523944,0.56824497263508,1.51873360862134,2.79909453189394,4.68888447062505,-33.9973238503008
"perturb_1",10160,1.57252849333762,-2.48617606074084,-2.96169270839324,-0.735757760096331,1.84367658327642,-2.03171871530274,-1.79031647614547,-0.0523075226557087,0.354743069193905,1.83488106083697,2.64482195949975,4.59865126250326,-32.9946950006245
"perturb_1",10180,1.69214018092449,-2.5056102702948,-2.95398976502936,-0.791174362109118,1.9377569978762,-2.09595461986438,-1.71591230890843,-0.0994429209173165,0.42312347517183,1.805666568478,2.54438340222878,4.41841914937562,-33.0790993188583
"perturb_1",10200,1.68596649688188,-2.44247612948621,-2.97971476679877,-0.748631656402215,1.91017104823792,-1.71144294769169,-1.82029728034778,-0.284133945133628,0.45003994019486,1.91987994283221,2.43031654687685,4.91142998604268,-34.2944332865159
"perturb_1",10220,1.73684170333539,-2.50251034588069,-2.91174986235016,-0.813634437870104,1.73737623371574,-1.29140634850713,-1.7985429667911,-0.0918613321313421,0.360925452331741,1.8032545333173,2.54053151101618,4.4749597490604,-31.3517618669392
"perturb_1",10240,1.67176663407882,-2.47677125948594,-3.00569004079986,-0.716476164505128,1.61546574961777,-1.14952462372002,-1.84885769122282,-0.00190603227999839,0.237295886695854,1.91237668981582,2.43149368491816,4.63126013886937,-32.4392954482293
"perturb_1",10260,1.48063653577103,-2.4875943256602,-3.01913044081992,-0.685608631911065,1.61224903468981,-0.0754213411015333,-1.76106625808242,-0.0792908017695461,0.230677297984553,1.92576516189006,2.15225173617823,4.51381364776225,-36.410275956043
"perturb_1",10280,1.95829700330593,-2.46760931527654,-3.05161487955461,-0.702167446591788,1.65226762782063,-0.774420370103746,-1.60779971961149,-0.138128434559596,0.286289012272888,1.98307830870052,2.20409796813369,4.66056858251141,-35.3173891286484
"perturb_1",10300,1.60293804771357,-2.40938772556643,-3.07912123000948,-0.785653752597665,2.05788838868266,-1.37348587517127,-1.78697122165665,-0.089539746116792,0.0774599179924312,1.61912569779791,2.8704913060937,5.05108377134436,-35.3452369070552
"perturb_1",10320,1.59547227989597,-2.42646424328111,-3.06917058716541,-0.746729178518974,1.87471308651318,-1.57065049160526,-1.71489167541287,-0.107247721395155,-0.0229161459335885,1.74403809259135,2.45289020301436,5.01246425743902,-33.7527225839039
"perturb_1",10340,1.80997613023839,-2.45883053243973,-3.01383435980631,-0.737948175389877,2.11746326019207,-1.0053996672106,-1.68941639197852,-0.130980319151295,0.215592652085898,1.8097058199903,2.89966996096774,4.74277662175004,-34.8989802224227
"perturb_1",10360,1.81877883431828,-2.53639398880245,-3.04624712642248,-0.745018393324597,2.15406646954044,-1.12714259844674,-1.65287549836519,0.146454464264193,0.110577172478606,1.58523976518735,2.95733901240739,4.87565843637794,-36.4108035562323
"perturb_1",10380,1.66746119802366,-2.46444658970412,-3.13002970890429,-0.724816300823285,1.77525074247178,-1.89769203126961,-1.81460353526297,0.165577249980773,-0.0908714935835278,1.8761501715256,2.05873427442784,4.90619075712139,-36.6349818048269
"perturb_1",10400,1.69840421772672,-2.61632050052471,-2.89632228940671,-0.853471239762567,1.88304742474622,-2.05254619860655,-1.93415201287495,-0.00856251933633639,-0.269202713111767,1.73748999964164,2.63312128950945,4.71459817508037,-37.8957009599519
"perturb_1",10420,1.8143939734158,-2.49160310763421,-3.02066305417298,-0.705376609498017,1.69185510705238,-1.28733577950655,-1.79923424691222,-0.104348037428666,0.230384592084017,1.64192368860996,2.42691445074636,4.33608192694976,-33.5994730611263
"perturb_1",10440,1.76811505998064,-2.56017039300623,-2.94063026811206,-0.742179608118014,1.80520603633091,-0.602618869781087,-1.70519570482128,-0.167087264057844,0.30064032228044,1.50039451238263,2.66302549938097,4.63716576826113,-33.8426067948377
"perturb_1",10460,1.43123407761607,-2.45314022470613,-3.0055010825318,-0.747307529655969,1.81905028554877,-0.938541841989048,-1.78718893515318,-0.0526472691705291,0.305339158029459,1.80531857102627,2.6191937349316,4.5977253478771,-31.7454804295039
"perturb_1",10480,1.57349587332477,-2.51915127670524,-2.97799578891757,-0.742011873274111,1.8897790772192,-0.918699623331489,-1.79732413512353,-0.0490521445523115,0.359454139356977,1.70677757509063,2.89196751791496,4.46403678113664,-33.0977006250112
"perturb_1",10500,1.57199098755148,-2.54818463152054,-2.94726451647623,-0.708150937401163,1.66879417489352,-0.509750230901021,-1.97613265964232,-0.105224549276258,0.270139202298193,1.84315826255334,2.50065946485707,4.51949368785808,-35.1497131539848
"perturb_1",10520,1.76467510788994,-2.5359923731115,-2.91221136573978,-0.741345417763915,1.38881001267578,-0.81675091830623,-1.93852173880274,-0.0811970479039937,0.449573646532182,1.85823082777792,2.11444797026792,4.15818869119261,-37.8021950815383
"perturb_1",10540,1.62690958640322,-2.47453901938899,-2.91675344126669,-0.783110376951255,1.87597653493937,-0.63793815313017,-1.85781187772883,-0.0825241285216606,0.258029336071375,1.64173048445162,2.61452471391787,4.45330158306697,-37.0213174390294
"perturb_1",10560,1.41855732070863,-2.53514184624915,-2.94936689044002,-0.744338235098433,1.88727600522934,-1.25429436669904,-2.00295912020032,-0.0942100356785515,0.0756406376770754,1.70726089969974,2.20866928336359,4.97721923552906,-37.9502484190473
"perturb_1",10580,1.17564004517683,-2.51353518331453,-3.02088704743626,-0.694669489118713,1.9920227344492,-0.719774983041321,-1.8934854097036,-0.19046191802612,0.0568921737138631,1.6407265896148,2.90176549719393,4.7972818277702,-38.1152538132908
"perturb_1",10600,1.57795629486761,-2.47466689692076,-2.97618704308868,-0.809859104006794,1.95374549424842,-1.42146096817005,-1.74000436779778,-0.114346160341867,0.0983084562841714,1.6635425377292,3.01536622036383,4.51579441236234,-34.0484650532197
"perturb_1",10620,1.53877977022475,-2.47577981258943,-2.92147189940767,-0.810755691202603,1.85322425387677,-0.822001228592321,-1.75626593196589,-0.143944583810539,0.313524401264378,1.58295310478321,2.65617831382178,4.8652246649114,-32.0440334377651
"perturb_1",10640,1.44931339536618,-2.3989130106615,-2.89665183007995,-0.862219891422904,1.91832024843375,-1.39174675027131,-1.73492800306769,-0.20714462482686,0.400456368649854,1.66883067867481,2.82638671307689,4.9565538521129,-36.4932010348772
"perturb_1",10660,1.52650980822183,-2.36154651992072,-3.02789676261237,-0.813740350019208,2.07678627797052,-1.47265803342995,-1.93461078891953,-0.0813302407700361,0.155420951152619,1.52793375711796,3.08955307157365,4.28933344466114,-38.4899450434473
"perturb_1",10680,1.43297576173667,-2.52850401942131,-3.00885925160771,-0.760721580793709,2.04456578997726,-0.937472575519203,-1.68425559856205,-0.0187147770550499,0.246633543688853,1.51965118276009,2.74510984168748,4.72136399503871,-33.5399605897739
"perturb_1",10700,1.42753262810507,-2.5087323091642,-2.94268373088544,-0.815104833347609,1.9697932939777,-1.5292762702344,-1.89740846692776,0.0618882191078697,0.296665632975034,1.49135855650933,2.85588973013625,4.51705983034328,-33.7044145689072
"perturb_1",10720,1.36357869215548,-2.45017286157409,-2.95580809319991,-0.813475987846614,1.94365715461309,-1.73537805442709,-1.8147199453724,-0.0313507163685338,0.383217232431641,1.44474915662278,2.8224728676075,4.34342715986462,-33.850025222868
"perturb_1",10740,2.05355845564818,-2.56010005658191,-2.95577176422118,-0.752753601597145,1.9708915577207,-1.69489863624388,-1.956394986653,0.0060371132745862,0.269286134100537,1.52067862076706,2.8104269795406,4.62164839313185,-36.3491631620922
"perturb_1",10760,1.93385663468439,-2.55357543310393,-2.94353422461434,-0.765173440749311,1.83661115690342,-1.86317729297273,-1.77631647374652,-0.0285886410165433,0.55515242071661,1.34459393246445,2.5671359509655,4.326245420812,-37.1775923263149
"perturb_1",10780,2.14303648335256,-2.53625803173577,-2.96149549917635,-0.781516238869182,1.8816504466203,-0.906156453837787,-1.7318181227899,-0.177733589201338,0.497615261847183,1.61010222832396,2.78368441173653,4.38291098843078,-35.0055308380537
"perturb_1",10800,1.95992040323305,-2.54851141629813,-3.01376386061046,-0.764259787962711,1.95781201033974,-0.954387792115027,-1.84427820720572,-0.0505950791842451,0.188275550525214,1.47020153799551,2.85643942483262,4.75237454856261,-33.9522458093314
"perturb_1",10820,2.18268538039076,-2.70042413849705,-2.89865379405832,-0.845292235343707,2.15750735741075,-0.786854605232046,-1.71152101958629,-0.127886390208495,0.155606703237824,1.39742093997938,2.82699920398718,4.67306102545916,-37.5899735725194
"perturb_1",10840,2.04822739351606,-2.64764621040703,-2.94824707400296,-0.797544173570084,2.03745426438719,-1.0732962709324,-1.7166600578893,-0.124166405675074,0.196243901318882,1.34006111933364,2.69850485635299,4.42220251863946,-37.0471757437615
"perturb_1",10860,1.79150011766819,-2.58394864420337,-2.80923341966623,-0.929648932771077,2.0409770708899,-1.2476354994342,-1.86203382882877,-0.138168668058293,0.457075945291434,1.5262360598373,2.82062028597289,4.24753960599394,-35.0562459719208
"perturb_1",10880,1.68217959458362,-2.48766783628593,-3.11274809254833,-0.76739277094706,2.05748485780028,-1.83140597600632,-1.83487397601836,0.130417922534284,-0.189486021753117,1.74414466001434,2.76614392129436,4.79261290459485,-34.70591886171
"perturb_1",10900,1.50047176619807,-2.5710554721572,-2.92777790079763,-0.748007328476016,1.80028264486885,-1.28542761325011,-1.73699093149862,-0.161192801946167,0.141927071688533,1.94150752270084,2.49822349396769,4.44298749535265,-32.3955856233175
"perturb_1",10920,1.68652687542552,-2.51586202778358,-3.00160979507636,-0.782060386863978,1.8838766317656,-1.24624939994196,-1.70306744848113,-0.000884879582517733,0.038904469711685,1.99621148689004,2.29330448161678,4.60805946885833,-32.5549386786573
"perturb_1",10940,1.68820969083599,-2.45224374300992,-2.93569016856137,-0.824621480174907,1.84097188121615,-2.01338424132299,-1.62217870905115,-0.133579143020857,0.281855671204761,1.81603141833493,2.25686145040325,4.3444387628518,-35.5389254388655
"perturb_1",10960,1.433364001566,-2.48411086689469,-2.99183010917066,-0.700897323225216,1.66466800867075,-1.65072080722832,-1.76622162976288,-0.158719613448025,0.186100052694858,2.00712365090047,1.96326204954712,5.08952178112279,-35.0291352442457
"perturb_1",10980,1.65026030848878,-2.44785534883226,-3.06085503518613,-0.708700862659373,1.82402848409156,-1.69396077367902,-1.66397705808644,-0.160375074704822,0.146534855766937,1.70696699438487,2.57572424593003,4.03948228758063,-35.2228292796978
"perturb_1",11000,1.68511694812182,-2.45810491423683,-2.94583978576128,-0.877207802261519,2.07820462169744,-1.08278251678902,-1.67758710073338,-0.104520850307371,0.261679755469748,1.52649672832234,2.97804770977948,4.68906633068205,-33.0822022246894
"perturb_1",11020,1.61485919098863,-2.50458221614159,-3.00889409576888,-0.736363077017901,2.00213984595881,-1.61689200241765,-1.79209233985331,-0.0520457657926534,0.240172750947373,1.72084691420144,2.83464115811911,4.72509193175574,-31.1015073967528
"perturb_1",11040,1.6935414997829,-2.63354611237371,-3.00234185559557,-0.724469767267724,2.05514353352638,-1.60145735941606,-1.82714237342587,0.0577026646081946,-0.239332067272174,1.65800528845257,3.03193590796887,4.78060370666774,-36.8930610555325
"perturb_1",11060,2.0208660167018,-2.51121429027925,-2.9476277035208,-0.859076997509655,1.93182490673728,-1.26197679634148,-1.93606772780025,-0.072037740253566,0.0656616252086888,1.78570946437426,2.61048992395018,4.67191141374868,-34.0703972886548
"perturb_1",11080,1.45705075765915,-2.49401480464403,-2.95753679521407,-0.756722916193601,1.73528197926742,-1.65834821209651,-1.61526936297625,-0.0348389613065901,0.257032042994938,1.83997139417433,2.40079485478409,4.6928873958915,-32.6771465631124
"perturb_1",11100,1.6788405095994,-2.42783621404663,-3.08409707804787,-0.696420609754613,1.89386180115295,-1.27081070968276,-1.74430475178136,-0.153194038601656,0.115946336360397,1.77201229107407,2.7241470641665,4.46854258876052,-32.3166423161061
"perturb_1",11120,1.67004208103894,-2.43165913148732,-3.05403634835338,-0.724913422239757,2.04588059300693,-1.12529314005063,-1.74501308517331,-0.173864437688234,0.247401164450979,1.68922891661511,2.88375439460282,4.68432223697403,-32.1037920440419
"perturb_1",11140,1.68197964773627,-2.43645905242903,-2.9613634218575,-0.813036762871371,1.87854026752976,-0.974489912666585,-1.95211728082207,-0.212307993978778,0.354177615747254,1.76975755347148,2.33743700365345,4.66835785572326,-33.3667129914692
"perturb_1",11160,1.53759901492025,-2.55197744865695,-2.8830184821786,-0.793212697669272,1.83148977174554,-1.358456138957,-1.78682955397161,-0.180640265971465,0.228292452211575,1.65434384819881,2.67466934459613,4.60786230567195,-31.8957312004408
"perturb_1",11180,1.81086841804505,-2.51471975835727,-3.00347292211174,-0.72320343285719,1.88998208320451,-1.67504631323599,-1.77249515122927,-0.113930686720972,0.440628517023203,1.58426104579445,2.6564820853316,4.72926756537409,-31.928996889733
"perturb_1",11200,2.07404231771004,-2.53465086681393,-3.04905288563663,-0.727106661534162,1.94292805321972,-1.99970002652247,-1.82421593999679,-0.0387840610265928,0.202597273317186,1.68765428952894,2.41969577812147,4.60576980126455,-34.4619648831396
"perturb_1",11220,2.14869237824221,-2.57912823075653,-2.9005618638181,-0.777962753386739,1.73890924068499,-1.00967853262871,-1.83777753954237,-0.174947922789927,0.433020533817307,1.83800939039341,2.24048476840894,4.80160989464781,-33.66822798379
"perturb_1",11240,1.88027739068396,-2.50729819493757,-2.89190218186756,-0.809096713022369,1.65933876337581,-1.20492446673486,-1.88244790096214,-0.24434617887794,0.243666539803482,1.88977498567419,2.06299230898066,4.60763660638991,-34.4480014166181
"perturb_1",11260,1.71554480338388,-2.48198200386653,-2.91024355421847,-0.841444737035743,1.77366765732,-1.56329078670942,-1.87859412924676,-0.0189668761771868,0.164632501429688,1.90094385133048,2.02270726988761,4.74241808032707,-34.8468321253214
"perturb_1",11280,1.71882811116068,-2.4791379598785,-3.00453771181888,-0.716677408479837,1.71308354709409,-1.06049307311872,-1.92965364677652,-0.0664802889693891,0.302230343712687,1.82371312986525,2.35939381955798,4.581188527959,-32.0344095819584
"perturb_1",11300,1.61777529624743,-2.52192659035935,-2.95768478268736,-0.805823521521393,1.9436151396409,-1.92949408788088,-1.84475976172436,-0.191223265039101,0.0857409056485179,1.71136425659352,2.65388258149063,4.53911904323314,-33.7040417680917
"perturb_1",11320,1.71174875219943,-2.58589981975446,-2.87928296552685,-0.802899019897807,1.86809684710431,-1.12977317574283,-1.73848862445866,-0.156826673015882,0.399179879829745,1.60835064185734,2.40093363966252,4.6950770176009,-31.4951454199018
"perturb_1",11340,1.63186075021375,-2.62131752264526,-2.89975485226936,-0.754993746267399,1.81228446996208,-1.48479573160715,-1.81454775760758,-0.228333381431135,0.255314033599486,1.97928454465526,2.09710310628436,4.98515790981271,-35.1234746166081
"perturb_1",11360,1.84449995747064,-2.59754952473374,-2.99853535005125,-0.766025736682632,1.64818847399894,-1.81181600871426,-1.92194915838146,0.0335174669837601,0.113653168085256,1.91771855307957,1.87596307994424,4.82286780033703,-40.2856951599877
"perturb_1",11380,1.64168907217906,-2.5156370940538,-3.04941815901972,-0.730883254194732,1.68166644877618,-1.15908263753059,-1.95484346083568,-0.00699327745260273,0.000253000141985489,1.85749672908215,1.80024559177204,4.59622062999948,-37.3848781451556
"perturb_1",11400,1.38500000960874,-2.47525550118648,-2.99014497748219,-0.77003923118445,1.65147342898445,-1.4798440618979,-1.90477277071561,-0.000757534623854418,0.229991129449152,1.81848319898189,1.56886866116363,4.79258883253032,-37.7090419802277
"perturb_1",11420,1.78407039225082,-2.53455670809565,-2.97312228437694,-0.787404011653381,1.68678332443125,-1.55093032088788,-1.80543797615362,0.0114442175790246,0.173566670786534,1.99858595119597,1.77807826153676,4.59055561410361,-34.1427894035562
"perturb_1",11440,2.03400086115198,-2.45368894368889,-3.0211596687966,-0.760988864847342,1.63698368776977,-1.20132444240404,-1.77849644425848,-0.105709429832957,0.278103987961285,1.953132022322,1.91534861817212,4.9704890074749,-34.787614815184
"perturb_1",11460,1.62400185688749,-2.36072628795167,-3.05469636779686,-0.746773812600887,1.74477277868389,-0.660472668105797,-1.8164361393741,-0.136303135849069,0.42987028742801,2.01579794123406,2.1409643880651,4.3998268189193,-37.8583054220466
"perturb_1",11480,1.73930884969587,-2.36790129769163,-3.09556012440289,-0.722939654236815,2.00697462279621,-0.39120686422824,-1.72407716847826,-0.169506746751242,0.323391168470041,1.80773392553651,2.62955939637342,4.53806126958472,-36.4805247251088
"perturb_1",11500,1.9044419722969,-2.4349836282748,-3.14139142636382,-0.700372440156025,1.96652080234871,-1.29754950226437,-1.90462767353892,-0.0576889040174263,0.162093667107872,1.85441202151034,2.76015435098403,4.20357558877403,-36.9850762391647
"perturb_1",11520,1.79347466088869,-2.42054278028769,-3.07706772330447,-0.752627553309034,1.81085909628782,-1.16791454323213,-1.8082084544587,-0.0171948345159186,0.237167281577267,1.97348162054613,2.63672653958913,4.72644301691561,-36.6272935427591
"perturb_1",11540,1.38007895357912,-2.43583682754496,-3.06066401483677,-0.811972464755652,1.82490837004726,-1.253922896685,-1.72449490759825,0.013612102360982,-0.153452037297546,1.90759568920003,2.33526509676458,4.54654366127962,-35.7638220583404
"perturb_1",11560,1.18716595777442,-2.38871096849516,-3.01358560883298,-0.841244923409216,1.958237329173,-0.835227108732637,-1.61137674500076,-0.053234848047142,0.145766312001244,1.82408329345873,2.37072107634993,4.81708545561537,-37.1684382417338
"perturb_1",11580,1.40981656168229,-2.42334750197713,-2.96047345305174,-0.835057914089003,1.83855210215847,-1.67755199139675,-1.81644459162207,-0.0302620774781214,0.226962144619068,1.67651417031198,2.55900424844571,4.54771135939434,-33.0475421297139
"perturb_1",11600,1.9711421459282,-2.58448703747544,-2.92276384665004,-0.810160663822437,1.88924499659386,-1.5458444092439,-1.79210209694299,-0.0617073832602625,0.321383800634893,1.63154352076217,2.33366116223721,4.67741488290448,-31.9101192511094
"perturb_1",11620,1.79159068867014,-2.41160524581435,-2.97228721432008,-0.785780615280704,1.64943780614662,-0.928241122533642,-1.76828561037301,-0.152440744890684,0.565161975158253,1.93216007980055,1.8808493582,4.64825873249772,-35.8109999922115
"perturb_1",11640,1.5713431988538,-2.51738904088118,-2.87268036181479,-0.842161166281091,1.68034680204524,-1.34932240771786,-1.72597132114274,-0.0102991540147944,0.299102281115098,1.85554593721914,2.22346037292452,4.88432724317543,-33.4669174899811
"perturb_1",11660,1.33546527122902,-2.45306518044482,-2.98018996562204,-0.716617481047319,1.75203823127114,-1.56614686464452,-1.76215575764332,-0.150429070727753,0.309172429801326,1.77979787149585,2.68598773637594,4.83647655889465,-33.7952774802496
"perturb_1",11680,1.29226434918292,-2.52517422062238,-2.97683059683339,-0.70484602478593,1.65127332455032,-0.796524618692051,-1.75953834163143,-0.071160087099227,0.269182620474963,1.84081758331241,2.45847769496452,4.47456283338474,-34.2945007787813
"perturb_1",11700,1.50975285601638,-2.55705200268587,-2.91845292568606,-0.843006089505347,1.86797168763531,-1.23866438220419,-1.67990778245129,0.134227553975802,-0.0671288479675075,1.72790943095915,2.48681967340532,4.70174989838374,-34.9206368983624
"perturb_1",11720,1.29224789059522,-2.48720611430953,-3.08965755939282,-0.700664507804358,1.9055371722723,-1.25116165117617,-1.7482508583926,0.116500222641221,-0.157864922487298,1.93050915885572,2.67114534179976,4.73293466881866,-35.8684659950924
"perturb_1",11740,1.1968745364307,-2.50079102256827,-2.97284372988332,-0.801330722527749,2.07563137297458,-1.48957273283296,-1.79138925229281,-0.0899399840972475,-0.0683962179126575,1.67844139736034,2.86139837135947,4.8019283370686,-34.1720197148012
"perturb_1",11760,1.68594768647945,-2.56467257907526,-2.9833289223294,-0.78306320781481,2.0015036334172,-2.28900457074753,-1.82160668663585,-0.0100088705514588,0.0796102878388133,1.87323186335779,2.43310358285382,4.90933688499767,-35.0483779818923
"perturb_1",11780,1.4904973335427,-2.51492474806345,-3.13732078112251,-0.698788804349811,2.03335755516372,-1.77039341512581,-1.81964153386938,0.12571158989671,-0.0762231872257437,1.77237573050115,2.70942655745349,4.72972201887116,-37.8749618234215
"perturb_1",11800,1.19394345942381,-2.48006319872722,-3.00808398408714,-0.765912935523411,2.05930456059527,-0.203694685847941,-1.55765800608024,-0.028214058841055,0.117630174279746,1.60361286655569,2.55844621665701,4.88437861495978,-38.7148973759557
"perturb_1",11820,1.58681195789928,-2.57984644218381,-3.01004958261499,-0.714914696890668,1.89719079130014,-0.270621349774259,-1.48485760278638,-0.117690416730483,-0.175773419974355,1.93979068338785,2.35608210609212,4.39802037357896,-42.7619474120581
"perturb_1",11840,1.64423162351998,-2.4658627965308,-2.97756591024017,-0.852088611724806,1.8931372456116,-0.298268612392925,-1.79497542865975,-0.151458468062761,-0.153327596256005,1.92948481845988,2.5709578017363,4.73072834306571,-38.4888311702472
"perturb_1",11860,1.61291605888846,-2.54618836171073,-3.06568382482399,-0.715473144276246,1.70540093304494,-0.763854937706584,-1.90799714760189,0.030403191596272,-0.318367005525492,2.05177301980516,2.44763721267797,4.68171431492381,-36.7874375052027
"perturb_1",11880,1.4593167011584,-2.52344226298216,-2.96350455027525,-0.78816792503062,1.88978398608434,-1.16755847177348,-1.85355634604001,-0.00295209674163637,0.0352290523547098,1.95056009486272,2.54712812034562,4.63659664569381,-32.1741284547
"perturb_1",11900,1.87745999474124,-2.46632239379695,-3.06609647381879,-0.704952852623902,2.04437300092244,-1.02452347894743,-1.80006402694375,0.0564492453511408,-0.100355410197466,1.77107111605924,2.81010948597371,4.62410513317446,-40.891352374237
"perturb_1",11920,1.60744147785073,-2.58710780158841,-2.86133069175358,-0.780471945136585,1.74488550534957,-0.985092930923014,-1.71322472143756,-0.166483034927351,0.225641501625251,1.9042881070456,2.52874507553508,4.22855241012695,-34.0081884191359
"perturb_1",11940,1.60507051595139,-2.46946667999933,-2.96719603591439,-0.700714344797834,1.74055671713813,-0.701092604162528,-1.72839238069128,-0.238313303043887,0.399448367516252,1.82345698182396,2.7021915755054,4.1709051151287,-35.4817308523419
"perturb_1",11960,1.78447029908466,-2.51759225646251,-2.93039880790814,-0.750017990690015,1.83493948145578,-1.43993777159229,-1.78190403803931,-0.175410790902937,0.466012672858417,1.65256231087576,2.72329338674245,4.18214427724094,-32.7538682105759
"perturb_1",11980,1.79466837946566,-2.61364577877356,-2.89747967173824,-0.778262824701711,2.01939935657276,-0.499219220911773,-1.83539205446771,-0.187444879365697,-0.00489320821047584,1.94383396262717,2.66032533534006,5.00837069551168,-35.7315809267136
"perturb_1",12000,1.49160825337483,-2.55958274627818,-2.92831853112154,-0.772356744627675,1.87160440568955,-0.647161595208918,-1.7068077628345,0.0575667054942676,0.204670335077026,1.62632049658109,2.61282589833613,5.00291241637774,-34.2744676182918
"perturb_1",12020,1.70318545853281,-2.56602166905868,-2.90836420864384,-0.772442553779713,1.86179161525387,-1.24499842723393,-1.70074676543594,-0.120017908577382,0.332984506054,1.87134625674566,2.5688735803946,5.03895225707204,-32.0599739052525
"perturb_1",12040,1.46676228606703,-2.47463982862512,-3.02102288766128,-0.74124014014966,1.90526607066393,-1.1796531343817,-1.70196257896055,-0.10118966552883,-0.100916138669337,1.72542763924029,2.46113476981433,4.84636611872946,-33.4586917414589
"perturb_1",12060,1.53748471365095,-2.49014850789195,-2.97137151608096,-0.788073004727118,1.86145623871513,-0.913675298808103,-1.55167506096348,-0.0640501178406734,0.0705563027888293,1.744150064531,2.70214899670737,4.58113221055448,-33.660344609214
"perturb_1",12080,1.77000388528194,-2.49269777651383,-2.98608027366531,-0.742824246029064,1.68575551553686,-0.878928912727061,-1.50507510082925,-0.0280483228037908,0.0200599239220301,1.92932983903418,2.47663742052891,4.66305093195397,-36.4778249381965
"perturb_1",12100,1.08776159877305,-2.57647194068115,-2.86753684386518,-0.751103952642455,1.5703736065597,-1.52674263863623,-1.55220887347603,-0.152247332380277,0.183508314072586,1.94957384836869,2.42302346195928,4.64591543083248,-40.1593273469508
"perturb_1",12120,1.27407997717585,-2.56920904128475,-2.82822313389832,-0.832814008798953,1.70428025079371,-1.04292696660864,-1.77963305826751,-0.130633014183809,0.180609188387088,2.00996544541249,2.30069557502164,4.76256714977889,-35.6075653139518
"perturb_1",12140,1.48606119126925,-2.44239302519266,-3.01381313174378,-0.779627237459847,1.83337103235004,-0.713270737260222,-1.80925148519266,-0.198605960840868,0.0844162663474759,1.86768929445538,2.50227170447085,4.73786349790071,-34.8485370809618
"perturb_1",12160,1.49445185083279,-2.44275988182967,-2.97985782758974,-0.78016253199003,1.87197293215703,-1.01203855038951,-1.64921988098553,-0.15408582031653,0.135537677891555,2.01540727915976,2.53698189625242,5.09013512390641,-35.5154998411741
"perturb_1",12180,1.41884714518944,-2.42506398099009,-2.97898407855778,-0.799946046240168,2.11165393489286,-1.15374105471754,-1.76798569113193,-0.205300510781431,0.346395021533928,1.61599407850525,2.85346128532589,4.66197840368483,-32.316922990747
"perturb_1",12200,1.2510402267597,-2.3985744790071,-3.00402076096152,-0.709660013591129,1.73965037161191,-1.17410994945459,-1.92458660886853,-0.233532873253328,0.132711769913194,1.99190409803757,2.3800963560876,4.89279223260028,-37.171712414201
"perturb_1",12220,1.08141699314381,-2.50861595099542,-2.9426099228121,-0.753258685620832,1.95318672740429,-1.48907554527717,-1.79606345974619,-0.244576142077112,0.176979474497051,1.66234495331094,2.76326105529084,4.47251036222802,-35.4086029150368
"perturb_1",12240,1.74697219034003,-2.58948956416674,-2.95444262556719,-0.840129750061123,2.11043910523005,-0.84166067977351,-1.84601971041499,0.0865224813945163,0.216688451436846,1.60724331955073,2.71216283969443,5.04050004601545,-35.6892144263671
"perturb_1",12260,1.37749196073105,-2.56995187598257,-2.85262774425598,-0.848316121817059,2.04247554033481,-1.3102153040194,-1.77766540960345,-0.0690043586277556,0.455733932386819,1.70198967067698,2.81684656777585,4.64940218104807,-33.9880720021827
"perturb_1",12280,1.4045437910367,-2.55631870909291,-2.85076355649313,-0.856127665613728,1.97438114861296,-0.610300796367764,-1.66518952624128,-0.213451267632236,0.522057403277376,1.62563846970041,2.69008930731881,4.66890040240052,-34.2831092293493
"perturb_1",12300,1.41600587223648,-2.53423116935803,-2.89353264662704,-0.795627319048064,1.87908648432245,-0.919390916586526,-1.80158852932457,-0.151116851983086,0.504086857745468,1.65421546834948,2.42590018637201,5.0460574325509,-32.9949731733371
"perturb_1",12320,1.71228681550103,-2.47454255105469,-2.90592157869902,-0.88527809071561,2.13954484965994,-1.10638596657235,-1.80909779683316,-0.18952945916058,0.583295391657565,1.46629541975973,2.84272443801354,5.02773665357112,-33.9299208692171
"perturb_1",12340,1.64526987996024,-2.45780039503286,-2.87896453968225,-0.896188441475473,1.88272319524158,-1.04372149325593,-1.66185826101002,-0.261331813333044,0.401304804759873,1.64221056351392,2.47938527393178,4.64459606909843,-34.8410158200332
"perturb_1",12360,1.69639215086148,-2.57611246924834,-2.88870819711462,-0.81054166018294,1.63953699739428,-1.72614986111912,-1.80642499634466,-0.100610821292563,0.194619871881623,1.86615714857558,2.02566458107612,4.5839885055384,-32.9576645930896
"perturb_1",12380,1.70331435629013,-2.54856096846646,-2.93283592056063,-0.774230453801358,1.84833132544025,-1.36816356484535,-1.57646228206119,-0.0585406259025202,0.347602984938374,1.81503122983012,2.62636701663993,4.40950304247215,-33.0245534146588
"perturb_1",12400,1.84495267372997,-2.49846631485548,-3.05694097731188,-0.735000694878392,1.77798994350839,-0.572510193594386,-1.60698664951779,0.113029798114753,0.0896906513877627,1.8653940929389,2.51948418766144,4.51366926123947,-35.4201283117056
"perturb_1",12420,1.65570021604231,-2.52657796909562,-2.97257564707729,-0.768772759342971,1.65572038465127,-0.296835882190285,-1.78880116421123,0.0747700795437015,-0.0205024949386805,1.83750962812795,2.39355059316586,4.45161261583209,-35.1445258683756
"perturb_1",12440,1.76246563278279,-2.46690125877491,-3.00137048584291,-0.721368379934093,1.64991555415677,-1.1876057589535,-1.89351307495334,-0.0614106333843371,0.00153934357180515,1.94804986812197,2.49883614547124,4.79368010538815,-34.4972089096883
"perturb_1",12460,1.90054694237446,-2.64914593239019,-2.85113180903111,-0.810236056619363,1.76363504894358,-1.10043521566877,-1.70097319709016,-0.15090360252569,0.163629043916435,1.91728991793942,1.97933239911151,5.17083782194951,-35.8631326679769
"perturb_1",12480,1.92779074535019,-2.51559335298132,-2.93974108339396,-0.81505732358051,2.11760391963156,-0.53058196017715,-1.64044620460022,-0.161879981043839,0.413650849491679,1.59190003352468,2.7940666708149,4.70620292110117,-33.5747915002889
"perturb_1",12500,1.69854455554237,-2.45526301514475,-3.04239759844037,-0.793447754291843,2.08146118008868,-1.12268534091949,-1.69425079637092,-0.0239976375890695,0.109167734683201,1.62827705997784,2.40745845092275,4.93623034637363,-33.3124249473174
"perturb_1",12520,1.53612716362448,-2.46721083586336,-3.02224322124633,-0.728449544240989,1.88936397953327,-2.09353195677027,-1.84982566762247,-0.029567448266246,0.0734145481827984,1.7728419611556,2.51077744916984,4.79957754840697,-32.7782046289069
"perturb_1",12540,1.92836386972263,-2.5280637430188,-2.98015055689014,-0.763252439763476,1.67654606409931,-1.21867708830855,-1.61565403918168,0.0187727300428378,0.213738418641097,1.76153071646375,2.43615316320348,4.50755173233117,-33.4961107926553
"perturb_1",12560,1.67500036906591,-2.44016979020875,-3.0200506749586,-0.726391596630627,1.61308923554114,-0.789758393750653,-1.68445465843203,-0.0696178714096887,0.216376909853624,1.89035968761297,2.41186805569342,4.47459971674585,-33.0865047708872
"perturb_1",12580,1.70238155830707,-2.52326297813313,-2.94882317271663,-0.745168929959278,1.77657893233342,-0.25256453420602,-1.7246583906721,-0.159572948057338,0.0509497915400395,1.909681453253,2.47893866809201,4.96809150882415,-33.8293603328321
"perturb_1",12600,1.7596209842818,-2.49870367107111,-2.95684318808363,-0.825739785805109,1.98699122600073,-1.21611674689702,-1.69697188348666,-0.0286083188638867,-0.0356340903498467,1.91908476449861,2.68746516810768,4.77107811700234,-32.8011909687263
"perturb_1",12620,1.51914942349911,-2.55543727269434,-2.9294456043656,-0.712770829340418,1.75558393872359,-0.89563811765314,-1.58127169708282,-0.141335573405398,0.31504217431557,1.79267440042864,2.61558253730803,4.8484205794245,-34.573754971751
"perturb_1",12640,1.69982290976645,-2.53385737008658,-2.92608753452608,-0.846273488999666,2.10247264719989,-0.839044982639943,-1.70188294254975,-0.0834190499021141,0.202087612626677,1.51763412314294,2.89082506456907,4.28613256561638,-32.8308084361669
"perturb_1",12660,1.63467149513503,-2.54226950348329,-2.94183031875751,-0.816910402843492,1.82320742781286,-0.800103966425432,-1.78782266061969,-0.0538519903591587,0.0167017436581789,1.76818190866754,2.4678578994274,4.61029560203504,-31.8614857370222
"perturb_1",12680,1.61132147482217,-2.41688926574388,-3.08600813165457,-0.788407101788182,2.09059735706817,-1.04858051109575,-1.87936222823471,0.00950191530198605,-0.1227212367434,1.64876580087777,2.67227824284244,4.90611360319725,-33.945202244121
"perturb_1",12700,1.87472177981756,-2.56177330811549,-2.88911078703288,-0.881149910209689,1.94044434603288,-1.26615653789579,-1.83891190400737,-0.0523498810652381,0.141759733723957,1.6871008144468,2.3992679327603,5.10248393395939,-34.028899623188
"perturb_1",12720,1.65841063886516,-2.56600741242265,-2.9180022435303,-0.779599484108975,1.83175237218836,-0.84005736837346,-1.73437845295891,-0.0873239521370152,0.0980722142392685,1.82928928969678,2.30837796342304,4.99545996045428,-31.5526912355209
"perturb_1",12740,1.51641884014962,-2.45329935089682,-3.01432597212802,-0.758725289150064,1.89118591349369,-1.64468857899066,-1.96768945359543,-0.0275776668648713,-0.0273960624137422,1.91692271297545,2.43000589631842,5.05459571535779,-34.7851780047913
"perturb_1",12760,1.72023026002776,-2.52090861700634,-2.95136817793518,-0.784295453132077,1.96525007523949,-0.533033447577284,-1.85537758996655,-0.0394520137310452,0.227074001959993,1.83383149576516,2.68406435999318,4.90446855275211,-31.7644302965253
"perturb_1",12780,1.73852177248807,-2.46476805777266,-3.00699535564101,-0.755194018095475,1.9696290461921,-1.74219022162134,-1.84121021222979,0.0118116677440737,0.228008685105612,1.59343238884694,2.76025434024283,4.69121522087443,-32.2268194746546
"perturb_1",12800,1.94993894558746,-2.52335672269908,-2.97975108221343,-0.793187867024684,1.95279558766456,-0.857146802149591,-1.86261680674973,-0.00406495586746084,0.243752397028134,1.64145670215122,2.73824917984003,4.49687643854917,-31.3738044809833
"perturb_1",12820,1.810099066416,-2.51349628637396,-2.99094672366369,-0.764483384701212,1.92983315093144,-1.36407675659412,-1.77485076460852,0.0312872364374654,0.338302489411915,1.57122701923209,2.76982534709179,4.78839213939986,-31.3447136578137
"perturb_1",12840,1.50365379089389,-2.46358634329823,-3.00942043311655,-0.721880715501147,1.83828065896086,-1.20343009155051,-1.74189591960526,-0.00889559055191455,0.27639734620523,1.70995092300703,2.63459129850596,4.89989386897559,-31.875187078275
"perturb_1",12860,1.51931223244738,-2.48261674815709,-3.01748432949587,-0.733584837615428,1.85457010852169,-1.60597682631066,-1.78454991394223,0.0495453209584445,0.277353341698293,1.72422645663688,2.64111778245399,4.56103564743493,-32.0236867775344
"perturb_1",12880,1.40956195720694,-2.47505574012573,-2.95953712514885,-0.757078781350152,1.80368925929714,-1.93471885488898,-1.75285466922622,-0.0939387725103095,0.199775649134627,1.79701179869958,2.58320286617734,4.36448623721687,-32.63219119291
"perturb_1",12900,1.4761419098738,-2.53211433669076,-2.96248181720519,-0.768840409058476,1.88119322232776,-0.532699330206666,-1.92922939509793,-0.0108485142591242,0.00492934835890693,1.78651767686632,2.75989797894337,4.54885676768303,-33.8402874522708
"perturb_1",12920,1.61267838659325,-2.52069884948808,-2.98569326989599,-0.81224158072945,1.74779875053048,-1.19692995487664,-1.75220256905132,0.139638712998373,-0.189779709766184,1.84764332254317,2.49913037434816,4.50408914996543,-34.3860656206104
"perturb_1",12940,1.35672325855573,-2.33964795776389,-3.03697287666134,-0.763736786908511,1.90627799825231,-1.16454323084311,-1.62339390891702,-0.143496701287528,0.506612803164245,1.44538328682907,3.01117762435875,4.70720824473791,-40.0757831152852
"perturb_1",12960,1.13186340357391,-2.41770564465857,-2.96381097859186,-0.802180266463542,1.71727007819908,-1.3167555578639,-1.54351598697752,-0.0373147199956087,0.322907832188061,1.83309940114781,2.10449459028231,4.77288974372457,-37.6862986845049
"perturb_1",12980,1.41195234467596,-2.4826380616239,-3.07658105411493,-0.740655789937156,1.9257740215525,-2.26680801032422,-1.74868591521103,0.0559868962150411,-0.0677912131299686,1.90811192035623,2.70286608618634,4.59371719722451,-36.3893669111807
"perturb_1",13000,1.99070020740105,-2.47943742767746,-3.09269124505842,-0.769601214569553,2.06929688046345,-1.46523331591015,-1.89042567665816,-0.0492027684075362,-0.193532637074257,1.96914689179161,2.91254544513108,4.91539361584568,-38.9135522198807
"perturb_1",13020,1.59022927838253,-2.48835904257467,-3.09494874465503,-0.69348853414993,1.9456090621468,-1.11706096941731,-1.93537098581683,-0.112850298010384,-0.0857266620504665,1.75174077146111,2.83865397482289,4.79646602288241,-36.131936935649
"perturb_1",13040,1.62907742448532,-2.42824409120137,-3.06156776213323,-0.767022406911494,1.68868716959894,-1.59338207312286,-1.67036281632882,-0.059819145668588,-0.120119045187725,1.92200272885587,2.56921933556555,4.34493949891036,-36.1057326764123
"perturb_1",13060,1.8179246768167,-2.53616371757883,-2.87262647671073,-0.817214475155441,1.76792397886603,-0.871342873450242,-1.85262454310172,-0.153732783767712,0.167251207433267,1.942853939986,2.80921833803832,4.43793794338187,-36.3143095654691
"perturb_1",13080,2.26870430354178,-2.65030525518041,-2.95859195354679,-0.762340046547263,1.62901178019208,-1.09289382865856,-1.71912171482201,-0.0586765348008592,-0.133229206689158,1.9802104738304,2.1521067536618,4.46993780185081,-37.718826281208
"perturb_1",13100,1.9198899429264,-2.67092395924345,-2.94830425875011,-0.734425174582663,2.03347462140546,-1.26575801835947,-1.59035943512153,-0.0512857917874557,0.286197175726997,1.47535890967729,2.76079780068265,4.60268866752543,-36.1355655931593
"perturb_1",13120,1.33087148391305,-2.44274210169726,-3.04974743464365,-0.711391607987137,1.93030123671139,-1.72270874361447,-1.85055549982336,-0.0951175273313032,0.0701167999067891,1.88312984201935,2.44536978801222,4.68042871226403,-33.7239784371536
"perturb_1",13140,1.54959425452168,-2.49808415925255,-2.96203937959862,-0.780183394988599,1.8772466283625,-1.98885334281915,-1.71555250196158,-0.0828508584252195,0.220948907699224,1.78674723343431,2.45026001697625,4.82844464211648,-31.1508713265014
"perturb_1",13160,1.79853245819735,-2.5657004298054,-2.88979774336486,-0.81888549012337,1.86963559091704,-1.76804889547144,-1.71032509775371,-0.122033669385127,0.214476368929475,1.82643964254861,2.53710966611827,4.46193483952519,-31.2151367657245
"perturb_1",13180,1.79737978472688,-2.47641707878343,-3.08071472393473,-0.703715006308842,1.87174996721191,-0.753796357603419,-1.76053280658891,0.0879282771236067,0.165593937738832,1.9172697475525,2.54687879605602,4.8501531217304,-34.1583871072059
"perturb_1",13200,1.62887923511291,-2.5000812785786,-3.00356056211513,-0.794696232392155,2.02548552579936,-1.5831762133108,-1.81074018160347,0.0739344935780135,-0.0193410948613361,1.8098180796851,2.95480810681027,5.01719132951509,-35.1364304379037
"perturb_1",13220,1.48073828046092,-2.42761496500274,-3.04118122522864,-0.742177752121044,1.75986154669832,-1.62432238248282,-1.8062782532815,0.0102210528286258,0.0193157555987801,1.86079442182157,2.75186423719099,4.52524688902482,-34.2523263294803
"perturb_1",13240,1.69243281427512,-2.49629787056402,-2.94667906313753,-0.754347826835566,1.90558409546532,-1.14751307775065,-1.91372532799069,-0.185054430992867,0.239832523950802,1.76804429163432,2.83612505796853,5.04992132547065,-33.8395594920404
"perturb_1",13260,1.8450700890573,-2.51976578053838,-2.94808408992992,-0.745255036002324,1.69649857848531,-1.51909867877405,-1.88004314263595,-0.225076100991354,0.127334523546442,1.91686582788474,2.38845990039422,4.61556552411319,-32.5856788157102
"perturb_1",13280,1.84087779123282,-2.62087653480393,-2.82880084713116,-0.866695380853006,1.80777459130334,-1.55782092989226,-1.77247057417426,0.0273757093167475,0.0350444041315176,1.8526735692592,2.6893895475847,4.70640175426458,-35.8987162909988
"perturb_1",13300,1.71798852906197,-2.53529196273702,-2.90879899618654,-0.722523061614496,1.68690196465679,-1.46871379316436,-1.80752307941541,-0.235869908611138,0.200628953118649,1.78253249559071,2.40514583220007,5.1184303582788,-36.309857703928
"perturb_1",13320,2.09037197235742,-2.55820219498748,-2.97761009079769,-0.772455575509958,1.87887560632693,-0.8808203094297,-1.88476566676418,0.0560974631639449,0.18241897783047,1.72677004696566,2.57008463257894,5.01886631769434,-33.8903701631181
"perturb_1",13340,1.86691279377484,-2.64462064836805,-2.90739633680553,-0.779935540663542,1.94974286225498,-0.848955067435334,-1.7116138922078,0.0235960369247299,0.291250211903894,1.69605683579924,2.70040968199112,5.03356661790723,-33.7626834496654
"perturb_1",13360,1.64051334864547,-2.5117299615694,-2.87069579364007,-0.805202646021663,1.91416695912963,-0.597392089588744,-1.70852622749435,-0.322040019925745,0.576062030943582,1.50848303963611,2.68947484102824,5.18137710450879,-37.0725057323801
"perturb_1",13380,1.5752618111544,-2.51356519756368,-2.93184835061568,-0.793124736863277,2.0135826790875,-1.22402367982698,-1.86694522304736,-0.147564856346451,0.247315288927088,1.42339066337695,2.80693665333422,4.79462575246383,-32.3021668701134
"perturb_1",13400,1.790554599368,-2.53586576206018,-2.92350312846576,-0.787937944097236,1.91729328431285,-1.47732068321741,-1.80521263019503,-0.14119441015644,0.284389182489731,1.45189177723426,2.76219037950491,4.62760525703185,-31.9274363529521
"perturb_1",13420,1.71736355311562,-2.44070766434679,-3.00185830087564,-0.77894195464026,2.03344689636635,-1.30156913717354,-1.85100062793299,-0.015115570785165,0.293571719965048,1.49314201561903,2.82978873930693,4.51550611894287,-33.1655083811209
"perturb_1",13440,1.62570516290985,-2.51162949252061,-2.90603655289134,-0.793558844950755,1.66598452112553,-0.832076405044835,-1.73495393767477,-0.0375050727249569,0.358329627486812,1.92941259636583,2.28983992482659,4.87014351067858,-32.6236793483526
"perturb_1",13460,2.1066288045278,-2.58309416888858,-2.9342182787691,-0.780326686274653,1.83110060498265,-1.16696481761435,-1.89862158908461,-0.0387013695774414,0.124171800635194,1.87973235850718,2.48992841606357,4.86266847645262,-32.8831382167381
"perturb_1",13480,1.97240825851524,-2.49760338303723,-2.98573189540168,-0.814521210455661,1.99777162315862,-1.19143031226041,-1.88117403657247,-0.0522570588247739,0.267470005932439,1.58046411937297,2.69595244158463,4.70407608873094,-31.266823550945
"perturb_1",13500,1.74980687165047,-2.50773425186414,-2.90949702602116,-0.815131576998503,1.85797581747992,-1.31351311017237,-1.77235204042312,-0.158737004226522,0.32123026104242,1.67781921545347,2.64156719385407,4.540767394791,-30.2746949918824
"perturb_1",13520,1.49131786770669,-2.52577597513341,-2.9357098680523,-0.830442256731852,2.03201236815008,-1.75134006780467,-1.82656326202161,-0.0848502561148755,0.0296740175943354,1.60801744722352,2.73460001153379,4.73606323100841,-32.053971421804
"perturb_1",13540,1.80135915630812,-2.65776544063299,-2.89671919360268,-0.720322846201642,1.84801959838692,-1.8050380001023,-1.61572486971182,0.024440597088193,0.0941681390865954,1.92471365328285,2.69066441797482,4.34212174848935,-40.030014110462
"perturb_1",13560,1.72217227208184,-2.63897150185646,-2.87794616076067,-0.750175745505336,1.73971429653663,-1.6631040866521,-1.66809884116197,-0.133455024467026,0.144132316388213,1.84111756257786,2.46473937829517,4.53037704284835,-33.5009741254489
"perturb_1",13580,1.71035956130787,-2.60236370205029,-2.85693092566781,-0.828973880636745,2.00654354644461,-1.21453739942552,-1.75305156013978,-0.191718810943541,0.385763245357961,1.52244247184282,2.81104894693245,4.54635609043873,-31.6391274200297
"perturb_1",13600,1.74358866930721,-2.53304267594974,-2.97142616779776,-0.754289289749207,1.99732222914064,-1.8388008862739,-1.88901571166614,-0.1291516905926,0.17375683823958,1.70680858025208,2.76105060096421,4.28896450075531,-32.3381850958077
"perturb_1",13620,1.67963294594363,-2.49425647781772,-3.00764876383568,-0.765454188964305,2.00655928087849,-1.05752505158607,-1.77381744715707,-0.0943641348297057,0.239909913895043,1.47408242013576,2.71062606048928,4.55399607945513,-31.1473959285107
"perturb_1",13640,1.56299570503805,-2.50974679150532,-2.95309718091675,-0.816499145920657,1.96398293176657,-1.47399477827791,-1.85288154740907,-0.0407488785062931,0.29474773193092,1.64150014475684,2.62646405177135,4.71258898544178,-30.6529128009793
"perturb_1",13660,1.89699495475236,-2.60211743651744,-2.92899483581502,-0.75429310635335,1.89311388757253,-1.08573959913469,-1.69600328245441,-0.0450839191075413,0.415214390038016,1.46793304669756,2.71215723279705,4.60525939927978,-32.9782604211819
"perturb_1",13680,1.97712918281368,-2.48601549990273,-3.04354706905122,-0.748163271009317,1.90142507856359,-0.948055092923393,-1.77660821968446,-0.0481082288598092,0.0433581039623462,1.73080234078757,2.41440037650502,5.02475688612568,-32.6085246218188
"perturb_1",13700,1.53681454064583,-2.41641500229632,-3.02303683425823,-0.798726504384451,1.87307074079859,-0.0305389623525803,-1.85632488931967,0.0153046875307915,0.20384755986186,1.82107990383424,2.26231498494003,4.77532817334547,-35.5351457175243
"perturb_1",13720,1.72873785977372,-2.52561957082063,-2.95899208826884,-0.793034143221706,1.84713810399864,-1.19494923682274,-1.56227679637539,0.0614569203461714,0.189191040391551,1.97840002952302,2.05046027572106,4.87751668052619,-35.9199117509722
"perturb_1",13740,1.88443210790205,-2.57201977693115,-2.92176652199747,-0.786197845263457,1.87785551283792,-0.974718899140706,-1.65277373225456,-0.054422178272234,0.0422479170717792,1.82953571252415,2.58915735423815,4.94113326706858,-32.2595178450712
"perturb_1",13760,1.69562829644569,-2.47932024644039,-2.96429068982248,-0.769597071367654,1.76654295820034,-0.554254881400667,-1.80142461053556,-0.115736370375217,0.23242360087775,1.80890470230383,2.47097678364117,4.62244434371539,-30.9949505400612
"perturb_1",13780,1.82388883963911,-2.49061328984139,-2.92226427958892,-0.844605324721492,1.7257092957165,-0.642016792406969,-1.70177897141689,-0.0444342622342233,0.143567572515155,1.85150681882552,2.49940099772043,4.66693639001527,-34.1406577851064
"perturb_1",13800,1.38860335578107,-2.43779371526177,-2.96435933314648,-0.732562548311872,1.77558045007384,-1.06107220601155,-1.84121307862632,-0.144403582252653,0.398051538070039,1.81454844494156,2.60469152810199,4.49968259795711,-33.1590890746706
"perturb_1",13820,1.79885697045571,-2.49904972653719,-3.07439954975099,-0.67104189141203,1.86554847618508,-0.892107129531339,-1.85673751520423,-0.0314106407412256,0.36615057223511,1.47370073153754,2.92646499415575,4.67177007632081,-37.2504193942013
"perturb_1",13840,1.7042626796188,-2.53870520190446,-2.97359270229899,-0.775849908437934,1.75728867027782,-1.04609182892143,-1.85243727425093,-0.0895471422789186,-0.180110204751935,2.0924662323365,2.23654844043055,4.82874174356857,-34.0297669289254
"perturb_1",13860,1.8624839048379,-2.48258347230498,-3.0005157547595,-0.790988593376076,1.83356265000584,-1.19163474490885,-1.90281389381408,-0.106933042123573,-0.070263325661356,2.08817690696652,2.22875547470259,4.88958880845564,-34.7401248191373
"perturb_1",13880,1.59713552921117,-2.54723498757428,-2.94379478208012,-0.804330413913921,1.88730023012341,-1.30187057337353,-1.87675890096085,-0.0207008737006043,0.0301147180727786,1.903734064621,2.21897485160625,4.82859157417541,-31.9929503751998
"perturb_1",13900,1.41257706079444,-2.44638961607051,-3.03620511493837,-0.720450345628354,1.79654319784992,-1.84242329951311,-1.70235841997451,-0.0737638898474663,0.169661311395645,1.91790411950518,2.2502103686533,4.67968800163227,-32.9736723736967
"perturb_1",13920,1.69815171541991,-2.47499963746248,-3.05395377239288,-0.69704442743672,1.84759040778364,-0.610072954717893,-1.72097023714872,-0.0515162297351065,0.300174114926681,1.83856070700334,2.58468274683285,4.63568005004924,-32.9410291896468
"perturb_1",13940,1.55188579626305,-2.45963920067825,-2.9736905914231,-0.720852093873627,1.81843028389377,-1.03880302093883,-1.88267737955829,-0.261325821452794,0.533898216552964,1.82072003385941,2.34909493319474,4.79035846298459,-33.875146284462
"perturb_1",13960,1.60728964072898,-2.51010038370991,-3.01050005908152,-0.713504572995849,1.78033180213835,-1.20232576129361,-1.90855806038675,-0.128032065504303,0.0595560602053822,1.89655071801423,2.42087520712719,4.64161979232007,-31.8810941801908
"perturb_1",13980,1.87561124599403,-2.44945327355408,-2.97616864550106,-0.853253122518623,1.95530294431619,-0.89979047349511,-1.73704573260338,-0.110207923542221,0.5311672667896,1.5701071841612,2.5405743843784,4.24846055317714,-35.9723248155979
"perturb_1",14000,1.2156746120247,-2.38190691151659,-3.0156101511107,-0.843139766543924,2.1402895008395,-0.792867172444725,-1.58613265778283,-0.118860391803057,0.485588768752792,1.57411570977945,2.43902019069839,4.57606819228149,-41.783151438588
"perturb_1",14020,1.68997571903308,-2.41959587774517,-3.08885983206749,-0.716529482078547,1.80276566488165,-0.215009838225318,-1.94122996489863,-0.0785870735839934,0.294587038754697,1.71309726373685,2.35418606533936,4.72985379142476,-36.3806398723782
"perturb_1",14040,1.1896402065951,-2.50734202957823,-2.94944568942839,-0.812824944491939,2.04448562838814,-1.12767076744666,-1.72071631509043,-0.101319591486529,0.354572246120089,1.53188717656331,2.7823051861216,4.63003921583764,-33.6804806747051
"perturb_1",14060,1.29267508571379,-2.42070056572401,-3.06286542317091,-0.72595023629079,1.94167205334859,-1.87673972917429,-1.7924796555019,-0.0994967686093836,0.0243802183810062,1.5236434447858,2.61348250537218,4.90610844715618,-36.4975172134714
"perturb_1",14080,1.84536384592891,-2.56575055339908,-2.87533297889339,-0.83847003095617,2.02042525199843,-1.48128172561284,-1.80100051461267,-0.167894258063937,0.424579870764116,1.51219493583103,2.7033507026173,5.04223004364573,-31.9431454756869
"perturb_1",14100,1.28834908945984,-2.40490787271772,-3.06996490363515,-0.684737158398599,1.70933388686733,-1.37071071772617,-1.91142915672882,0.0164821731492523,0.191077257392697,1.76200071252837,2.2263531298079,4.63522034113814,-37.5103624453082
"perturb_1",14120,1.81329342290195,-2.49317779717713,-2.94159233475864,-0.792048902881487,1.87014220869708,-0.293993946738121,-1.82600843728057,0.0091981024067681,0.303694739560611,1.83851822995596,2.56988571983293,4.43924884093874,-35.3968148116621
"perturb_1",14140,1.81990613699214,-2.45318039329747,-2.91182708073888,-0.888618341131406,2.01120234883648,-1.4568893221273,-1.77600373100378,0.0605640264023155,0.321456627188397,1.91438045671218,2.98269498218167,4.24513992524522,-42.6227422536487
"perturb_1",14160,1.86550162985473,-2.51343286873362,-2.93099116274826,-0.862411342375864,2.23687625871323,-2.00970047276929,-1.81671656549407,0.0143315803048298,0.408951278534641,1.56493877610282,2.87775988239459,4.93173062479575,-36.337420050065
"perturb_1",14180,1.67369813821448,-2.50613290739745,-3.02505899834489,-0.695412428135335,2.13576673362562,-1.82274078907028,-1.76407960493907,-0.0836260853854719,0.393334930656839,1.58898122881401,2.67849676764894,4.80496224026285,-35.8381548146862
"perturb_1",14200,1.57558789301891,-2.36020656732972,-3.09679304725386,-0.689365991583906,2.02573192859532,-2.04358398875388,-1.79832114284476,-0.162977278599745,0.294484588192434,1.73994628080873,2.45497126929209,4.82865612255996,-37.6828241063384
"perturb_1",14220,1.6664715526809,-2.45987567822279,-2.994560977663,-0.753898339663238,1.97107000514726,-2.04239962655657,-1.78790515024205,-0.0339744498595911,0.229914176104018,1.72722338427266,2.56798329369048,4.91961823135183,-32.6351971682387
"perturb_1",14240,1.98187546165686,-2.47541205867364,-3.04451409741589,-0.740480095636071,2.15679642335668,-1.50414883359405,-1.8282484579666,-0.0731727421204629,0.384611339736355,1.55616142818094,2.97002099260863,4.89283268666985,-34.5724439275313
"perturb_1",14260,1.54681026612229,-2.48608234107667,-2.88614058391531,-0.790397456395923,1.78502641897772,-1.57323300631215,-1.75085137841872,-0.327792947163546,0.481854517524274,1.82715626175873,2.47298957136904,4.6815327634512,-33.226468278799
"perturb_1",14280,1.96129574106997,-2.54606107302291,-2.86342101337548,-0.870186979670042,1.96741479431977,-1.01994074275143,-1.81180812084476,-0.154553916337312,0.327786098153525,1.65903677774001,2.52096681657687,4.74902191110188,-32.2600180537572
"perturb_1",14300,1.5904384341317,-2.48582665428732,-2.96106016308575,-0.784214240255328,1.92365069484197,-1.04269386818783,-1.73591692391358,-0.111960322037987,0.125191921953487,1.70703481330942,2.46257400007649,4.79864374224902,-30.7719761275234
"perturb_1",14320,1.56862534203113,-2.4332288827193,-2.99182033993229,-0.798781858021717,2.10118044029694,-1.35902496942444,-1.76321938837096,-0.0570816897853504,0.249270865548696,1.66655411723083,2.62198271279084,4.96007744692065,-32.0542195926018
"perturb_1",14340,1.54626746781228,-2.51671229046317,-2.97655823144647,-0.797915938858759,1.99854512298028,-1.44684800762128,-1.58113881722293,-0.03882789917505,0.149919217607915,1.83588112020282,2.54552752394256,4.7145870348359,-33.1661100971475
"perturb_1",14360,1.74560607751061,-2.5300826752489,-2.90383052968316,-0.784534513249553,1.85924480843533,-1.43825222374266,-1.71746702268016,-0.128168887095637,0.380814771733926,1.71004904128867,2.60788698968346,4.63372648514697,-30.5449742129362
"perturb_1",14380,1.31192682483138,-2.55017898189338,-2.94528578731905,-0.783083985449875,1.9691809196522,-1.15421088986151,-1.68121152353956,-0.0106305823935138,-0.0637272813540909,1.71084712869342,2.79157610143246,4.57847869346068,-33.6106298735179
"perturb_1",14400,1.78825547822137,-2.55239840663437,-2.92514339317455,-0.863140641928202,1.99381324064723,-1.05215677332534,-1.89145529458058,-0.0361948324523211,0.186820527016644,1.50340947940726,2.66070173698955,4.56385242015217,-32.3741125436201
"perturb_1",14420,1.78797252554277,-2.50342920972544,-2.95024756469526,-0.817495523699278,2.13393857802166,-1.23700602773781,-1.70883819520421,-0.207483027314493,0.204371965261772,1.50159369833736,3.12601432950206,4.7617957596093,-33.9348348987729
"perturb_1",14440,1.46063897594137,-2.47020551679682,-2.95363449102172,-0.846657937365243,2.03370131572141,-1.57349144527022,-1.82639416872087,-0.0557547664613386,0.154771626137495,1.84134142093395,2.52575322530608,4.64624545443021,-32.4015468241701
"perturb_1",14460,1.57619318161152,-2.49558821101425,-2.93590526524348,-0.808101247490803,1.86456748341562,-1.53155983762881,-1.76187196350735,-0.023411616519192,0.34910835998969,1.68098139133349,2.45886428685532,4.63939187857852,-30.6732107734074
"perturb_1",14480,1.7468742875289,-2.46479922441883,-3.06360931171684,-0.732185825329948,2.00164554389578,-1.33006327495772,-1.79634578772215,-0.0158083247795735,0.127821061104132,1.52734756561398,2.66693792033674,4.82199967175325,-31.7269608849483
"perturb_1",14500,1.5596878092828,-2.56980617515894,-2.9583166209999,-0.789964961126492,2.01852833677593,-1.05492618935742,-1.78962277461635,0.0922522285061141,0.110130547398116,1.59269277731333,2.49378291390814,4.94546627171896,-33.6303188878278
"perturb_1",14520,1.68378773055646,-2.48886015478564,-3.02197221676959,-0.79964547477283,1.94496952947452,-1.11889913868333,-1.88709024025299,0.141070107050874,0.262579085556427,1.49586753255003,2.52835113166313,4.39884953477676,-35.4562121562006
"perturb_1",14540,1.8494442085584,-2.45649478820832,-2.92742668008316,-0.85819927975672,2.08402748990955,-1.45204253931191,-2.03975906226672,-0.0995853191748463,0.360009556615938,1.46688023889356,2.5510826617367,4.54444210935795,-39.9427488025426
"perturb_1",14560,1.75397667047962,-2.4448713313028,-3.04610698063936,-0.686736503881668,2.022621895639,-1.52008366948414,-1.91451551877472,-0.203808676819109,0.128893641811765,1.63498196237883,2.63084982850506,4.86048530863657,-36.4866559135394
"perturb_1",14580,1.3754316036685,-2.46768585493158,-3.01823880662511,-0.778329405555025,2.00067670941461,-1.26541922675868,-1.78881901541223,0.0624024013894662,0.157574162578516,1.6651448775101,2.5401288612409,4.58926359432721,-32.709132214838
"perturb_1",14600,1.38083193293737,-2.4077849023384,-3.02515351398236,-0.809462202026673,2.05299616927687,-0.479315068278823,-1.75230298582134,0.0415890614950052,0.304889554482634,1.57744639482234,2.55413814364199,4.5067149463427,-36.2326528460047
"perturb_1",14620,1.4570143900892,-2.51971566685043,-2.91603104949352,-0.828527163580827,2.16055248577037,-0.597723628990517,-1.82005857533641,-0.17142940050237,0.315011105098863,1.63812662381852,2.75263140874251,4.8753955819237,-33.0595473397374
"perturb_1",14640,1.65271569785032,-2.48238202221393,-2.93659091717597,-0.810810021230264,2.08947914425359,-0.916621912534237,-1.87350915179336,-0.152038610861041,0.273710124993026,1.87011111569753,2.68916084455198,4.83278340400921,-32.8703962818192
"perturb_1",14660,1.58270995326043,-2.50352611056754,-2.96249303724983,-0.784775152878589,2.12403517470727,-1.57207292275527,-1.7707269997114,-0.157351205138163,0.206066304682144,1.69081983246632,2.97801757887611,4.27150465556166,-33.3623009461371
"perturb_1",14680,1.43992344453822,-2.50725515549302,-2.98532916034052,-0.731043967465745,1.86572480502696,-1.35413497753282,-1.73414160298533,-0.024088984265511,0.42935033497756,1.83700218473803,2.47695126860591,4.48407598978162,-33.8110151515396
"perturb_1",14700,1.75813584840434,-2.49968163817045,-2.96866187145638,-0.77148912552182,1.88331237940862,-1.10781123973465,-1.88874928064692,-0.0436331466482178,0.277107089709283,1.89659553572245,2.61901458501963,4.292447822098,-32.4607794949568
"perturb_1",14720,1.75813584840434,-2.49968163817045,-2.96866187145638,-0.77148912552182,1.88331237940862,-1.10781123973465,-1.88874928064692,-0.0436331466482178,0.277107089709283,1.89659553572245,2.61901458501963,4.292447822098,-32.4607794949568
"perturb_1",14740,1.99829515181571,-2.61018230709623,-2.89255536374726,-0.797125329147777,1.98612611952653,-1.51175315822201,-1.74682900154012,-0.166434141165457,0.13756304100846,1.83334949270908,2.71406044763357,4.4583399413099,-32.7460857390295
"perturb_1",14760,1.69213481844969,-2.5791544570632,-2.93511638968317,-0.839280821405466,1.82843574367329,-0.632446879540327,-1.89920092932449,0.191072417779405,-0.156501213230117,1.86765235797402,2.259614297805,4.834617209991,-36.9056725463582
"perturb_1",14780,1.96082564477745,-2.44756292148258,-3.04615528706182,-0.796318333465848,1.96942294756533,-0.286514383837664,-1.78880841364799,-0.0526436038088282,0.0471446354930495,1.78780224053584,2.56154653770882,4.72476803944479,-33.9053634544062
"perturb_1",14800,1.71664931746119,-2.49256521710845,-3.01897736607741,-0.733268219196571,1.7692269775093,-0.938698564146643,-1.79920377218105,0.0121557766429882,0.200080557531726,1.85512713229366,2.49289655445103,4.65399381570546,-30.9509324051387
"perturb_1",14820,1.72605760416977,-2.46317008241971,-3.07692728688632,-0.685574464345697,1.53238641082528,-1.43263513181583,-1.89307623750837,0.0777109273203656,-0.00669062177997052,2.04173467426774,2.17208140395638,4.87483584223054,-35.6107803904084
"perturb_1",14840,1.67063572202494,-2.50774012643208,-2.94270302559182,-0.751048336832351,1.67511649466765,-0.515409588824891,-1.85184911877903,-0.0920449351801534,0.278162871126233,1.89837923311082,2.32976339100101,4.83351599477691,-31.9597585118813
"perturb_1",14860,1.96089684997225,-2.59315302087328,-2.95602306771004,-0.701517918942732,1.74747788884097,-0.879881541596324,-1.78844786759818,-0.0651546237123333,0.290709041022101,1.9420613403314,2.3251571908229,4.84556387957115,-33.2173921293493
"perturb_1",14880,1.80911238455798,-2.57249900774528,-2.91427408047993,-0.729026814118394,1.63550130834985,-0.904253996591581,-1.91812688106657,-0.0797803886069772,0.385051502051178,1.8750415968249,2.1684118002053,5.04831474154864,-34.4527751381273
"perturb_1",14900,1.50239412472618,-2.56156329848668,-2.94876821328217,-0.743967624156059,1.71898828438197,-1.16283433406771,-1.8104933845585,-0.0209899743682253,0.260614924503983,1.86612546327173,2.12726344837599,4.80722614941208,-32.3353818937104
"perturb_1",14920,1.49878344784208,-2.50483838930753,-2.89536973541482,-0.808850813439425,1.74540317729693,-0.850020157253386,-1.84842902488969,-0.244336948672161,0.51254540702851,1.64342686865979,2.57308483980061,3.82634896170225,-36.8662995046057
"perturb_1",14940,1.67971836532182,-2.54506476770977,-3.02386875519905,-0.71533608418775,1.72500784742006,-1.3934711977736,-1.74747412838415,-0.0498372540986263,0.0483852887543162,1.76840541376701,2.28637666526426,4.35983984484465,-33.6603030913128
"perturb_1",14960,1.67726998684837,-2.4121028150354,-3.16611201811093,-0.701149618448188,1.83130976987678,-1.08682746197588,-1.58984656395398,0.039095180535749,-0.145363772221591,1.97912774863852,2.73660311323414,4.37577786299598,-37.6859711206184
"perturb_1",14980,1.51191588641963,-2.43243972909375,-3.03655787714126,-0.747115656123032,1.63852774700654,-1.06969283663971,-1.62875373317458,-0.0060239600867294,0.188008235023436,1.83582053729041,2.29121996293578,4.51659076186918,-33.8162950027578
"perturb_1",15000,1.72449498442323,-2.59666771455201,-2.91007102743873,-0.796462475254608,1.76302181027539,-0.835344549666351,-1.76586694917941,-0.118064438979389,-0.0388698732583535,1.85143957925124,2.3376916412881,4.18525000962031,-34.7226780151635
"perturb_1",15020,1.8211099836096,-2.59498010483875,-2.884227138096,-0.788687706754521,1.73903986780471,-1.48590549238399,-1.74533973522841,-0.168128452977908,0.161901217786213,1.8482144411738,2.43081464373319,4.78561120146618,-31.5957440575359
"perturb_1",15040,1.84955340502331,-2.48534255230399,-2.97396990849712,-0.766165271608601,2.10053864909974,-0.924027398846922,-1.68293693290953,-0.14633657973466,0.389723610405093,1.59177530367036,2.96163286509786,4.87171975234968,-32.98633536457
"perturb_1",15060,1.68445471189535,-2.50730266984945,-2.97143477768076,-0.70435607255985,1.91964197337887,-1.63290140303563,-1.75513028391112,-0.31449428551951,0.228342980577551,1.79482694211824,2.64108527110682,4.73707431407748,-33.143148606662
"perturb_1",15080,1.54630793185846,-2.51924994931579,-2.92939840196105,-0.746129259550003,1.83714788502922,-1.51649002377419,-1.8404233266301,-0.161188065724241,0.322137927229931,1.55475287143003,2.63941437767585,4.84489760503202,-32.6746797630161
"perturb_1",15100,1.67076013097854,-2.5287354066095,-2.87601688892257,-0.840885452051599,2.00108941985871,-1.48705935412651,-1.83662420247952,-0.0901700218842766,0.497459411952825,1.56008621709141,2.78898569399002,4.76675247649825,-31.8605899865445
"perturb_1",15120,1.65388668920338,-2.55351459243568,-2.93476891420598,-0.749820687467506,1.65343175688671,-1.82953452555625,-1.76422762394724,-0.138601279798112,0.548647391556585,1.56629889554212,2.37402988379299,4.85289202373363,-36.219741528694
"perturb_1",15140,1.62167160062509,-2.54945814613339,-2.85595766304158,-0.857615256881564,1.83422360434657,-1.90141717146815,-1.68120226783499,-0.242348275578981,0.257665626719598,1.61847156677297,2.39355602825345,4.60672669506726,-35.3167980310139
"perturb_1",15160,1.75908218906889,-2.47136888047577,-2.99128915251062,-0.764030141415475,1.70705713711604,-2.04620872427662,-2.02234930150381,-0.134533094825975,0.0660848325069273,1.81941805217386,2.30222232386175,4.53213559020531,-36.2703160998164
"perturb_1",15180,1.62393422526629,-2.58250027870393,-2.87556056314568,-0.873310728847787,2.13545134366791,-0.953413184851925,-1.88996138233106,-0.136518527672853,0.0941568664949588,1.68454835644105,2.49158174172129,4.85960243984796,-34.7290295405853
"perturb_1",15200,1.49535198061047,-2.5370125904213,-2.92581098703718,-0.77955975046157,1.87845975905902,-1.16459109101143,-2.00732346653816,-0.152620009663946,0.168258772926525,1.84937222767752,2.49487904426931,4.49730336056436,-33.624898373251
"perturb_1",15220,1.70415592365075,-2.58312887217816,-2.98983419684829,-0.795076276720151,2.04860425219105,-1.14790118414967,-1.79593528350195,0.0212233577657586,-0.178080508874668,1.68770943182034,2.58771615983439,4.3986258594186,-34.2023042445494
"perturb_1",15240,1.88290117988478,-2.61584589683546,-2.928016237285,-0.783524094910499,2.03481087642483,-0.172517715033377,-1.83778374113526,-0.173828746395341,-0.179852636205428,1.51270211291456,3.01999541652568,4.48453245798971,-40.8898181048449
"perturb_1",15260,1.98418017595218,-2.59209466139249,-2.985088439844,-0.752315213298423,1.86603892415736,-0.329781111453356,-1.98290990825448,-0.0867737377063098,0.230165905130337,1.84312203924759,2.45820694079108,4.62807003559703,-37.01800192669
"perturb_1",15280,1.91221213276403,-2.67072501507653,-2.84853530084444,-0.806233093016748,1.71114018042152,-1.18836801492455,-1.85941155986833,-0.0500038617431406,0.336930912917215,1.84075222928163,2.23129192406578,4.85496486561818,-33.6638682423038
"perturb_1",15300,1.86267921520994,-2.55558961239181,-2.91244930439798,-0.780417283730837,1.809482200677,-0.463868218433179,-1.79035225358329,-0.0695545144701324,0.360947137080331,1.82938621105689,2.56969638098292,4.34852003656089,-33.1005030330578
"perturb_1",15320,1.64475357947864,-2.57831200395842,-2.93381577283808,-0.734636971877656,1.75083758253291,-1.01456017415934,-1.5967371743498,-0.0927839435076965,0.000794255096970564,1.72794944774935,2.5338349432317,4.44984385483444,-35.3728787489217
"perturb_1",15340,1.85429412596677,-2.54980422124174,-2.91911892063076,-0.847249958600115,1.98473677621101,-0.850236925160027,-1.60576838851017,-0.0340067597097497,0.176764684974095,1.86466069364588,2.79672414065991,4.63795585145669,-34.5536791102004
"perturb_1",15360,2.22839481062112,-2.52960851372113,-2.99108808296224,-0.755916584897886,1.95187223097043,-1.28000538872771,-1.90730443365405,-0.153287432300717,0.380812779709801,1.79101187584764,2.76375543921288,4.53251158265412,-35.7881490132555
"perturb_1",15380,2.00017348764437,-2.52031299452475,-2.95082224872305,-0.717658114876347,1.76216621852207,-0.763783393241342,-1.96828215996229,-0.152091027972469,0.351637744927495,1.90898351108282,2.48429368143094,4.87656854565674,-35.4735800856842
"perturb_1",15400,1.78019363646938,-2.48832905443505,-3.01678396650547,-0.718613140353917,1.75918762378466,-0.0548295129362116,-1.82919602812124,-0.193592595121753,0.191506517629612,2.00492387579816,2.33416585828795,5.12754890944947,-37.1444699589489
"perturb_1",15420,1.90699661045923,-2.58023749744895,-2.91658066008199,-0.734529425886121,1.68033636196956,-0.619382952627732,-1.7581623338628,-0.184634205791653,0.126400658258899,2.02016250141628,2.50832697648957,4.69127728584945,-34.2346949065508
"perturb_1",15440,1.43006722088493,-2.53525432789897,-2.92483913376208,-0.819970561686482,1.92117450959445,-1.19436233340008,-1.72962786431377,-0.0301304739366938,0.282357337278228,1.72009457370737,2.82726060899013,4.2235360871929,-33.3848064820229
"perturb_1",15460,2.02991674031321,-2.64474595049905,-2.90338016275988,-0.82473352373718,1.93070075385088,-1.43321569044416,-1.71317524893544,-0.00287157148849362,0.451236641296776,1.71644220640595,2.50584172028333,4.46301235965141,-35.0821460201503
"perturb_1",15480,1.81123624838213,-2.52170763302237,-2.88935043443121,-0.840033683259015,1.91962848225506,-0.62468072651928,-1.74114007523186,-0.13289737232432,0.605925869974903,1.77428297546935,2.50114762543218,4.55033885191609,-34.0262440716582
"perturb_1",15500,1.6400457792374,-2.52862373659282,-2.83925577257585,-0.93067966554379,2.02085283967263,-1.17724147689063,-1.86493081093714,-0.0829561378085256,0.470514540964168,1.77440556616357,2.74456376702639,4.47576159032917,-35.5707950321105
"perturb_1",15520,1.97993628178546,-2.678803160845,-2.91191684327154,-0.812650836233063,2.10021145081384,-1.73007606502197,-1.81321695374246,0.0215761187673027,-0.0554677936367443,1.5726086942279,2.81013005477847,4.6628346452995,-34.8513828048965
"perturb_1",15540,1.68584221829077,-2.6136546490175,-2.91207045243614,-0.79304937689854,2.13812581148784,-1.42173045773887,-1.8839539760164,-0.174958046067388,0.00649213243655151,1.68360075848026,2.71209114019446,4.4522298544441,-35.9053895350728
"perturb_1",15560,1.38933517643161,-2.64771844316589,-2.81766619657764,-0.86795058770401,1.88396738077291,-1.88687813147219,-1.81984861884013,0.0923367070553721,0.147589294033173,1.70587386633139,2.51007025804882,4.55292885214839,-37.97929135682
"perturb_1",15580,1.79955006943429,-2.53457398782925,-2.89712570069263,-0.84650866103339,1.88461666779865,-0.938002532690886,-2.00124886514592,0.023499826745391,0.358636554592458,1.62852000026794,2.74536830697371,4.46427116967315,-34.7843364548469
"perturb_1",15600,1.69915015584285,-2.50448708878232,-3.00771285210692,-0.753345892591894,1.97188133371189,-1.48272272384868,-1.95525926399947,-0.0095158579041704,0.193207584285992,1.68949297961542,2.73668616550081,4.12650033057728,-33.707847380811
"perturb_1",15620,1.34698330294118,-2.44730874547969,-3.04515537916207,-0.77259247449944,2.11105088473646,-1.08492829512941,-1.97769959542774,-0.0849355032283221,0.120043759480625,1.58080137711478,2.70936367471315,4.96381561636465,-35.3683171247529
"perturb_1",15640,1.44623974011898,-2.45720940188666,-3.08517193354191,-0.731497467171949,2.05439413306537,-1.46730452663633,-1.92965715892148,0.0646247257693982,0.047125883059188,1.64323364843955,2.63020543024171,4.87710610764237,-34.2495006876433
"perturb_1",15660,1.4438501435443,-2.50298219666353,-2.99086873986602,-0.729777267229158,2.04281073980853,-1.42671353850951,-1.62839944661266,-0.203842356001799,0.490274930042185,1.4441014190419,2.595878737834,4.68857297007917,-35.7133947389944
"perturb_1",15680,1.73711695887694,-2.56410084217735,-2.89264942805622,-0.761516805202808,1.86504511281219,-1.20818767629185,-1.86070832882993,-0.278335161452172,0.428863116803887,1.4268088927229,2.69390724729489,4.8236595624611,-34.9137956747567
"perturb_1",15700,1.30671223548143,-2.41313999695536,-2.98351036870692,-0.747730055882254,1.81966818154779,-0.563008359570576,-1.63012863366218,-0.192298067948481,0.334860072194254,1.89447563787454,2.20032807195819,4.75175455656868,-35.6164836392421
"perturb_1",15720,1.59893542036321,-2.49782278696775,-3.00017283830027,-0.754700157797777,2.20489168309542,-1.29295015593682,-1.61679239335559,-0.256866308455723,0.441789525405781,1.28081474547938,2.85010175788822,5.02715135345361,-37.5228406004344
"perturb_1",15740,1.53365099588796,-2.43660362931181,-3.09005665371735,-0.696819538884871,2.04181189525676,-1.16231926319192,-1.68363038167512,-0.205082369932563,0.278901712919171,1.70922847806344,2.77170438556426,4.8926223760007,-36.0603453101584
"perturb_1",15760,1.80402203118416,-2.53314658966087,-2.96766223222601,-0.811354197978298,2.19965255101224,-0.910596766395663,-1.66380158781725,-0.111747487850191,0.307335267306098,1.4789388332879,2.82394981207426,4.86490752662182,-32.6695635943804
"perturb_1",15780,1.63057604609516,-2.56576968675502,-2.96455583574796,-0.68450518823881,1.78490316700706,-1.17514835744576,-1.77628083009333,-0.223449506410827,0.396495522955198,1.57071659212159,2.62655423753638,4.74092359943098,-34.3486964475588
"perturb_1",15800,1.9230837813891,-2.5475913252637,-2.96537023492397,-0.815172986461904,2.09350826412936,-1.32748621026762,-1.88975524390833,0.0351845165841455,0.234570816217096,1.49348834293213,2.99120071589316,4.29978961196567,-33.7603558886539
"perturb_1",15820,1.92447735673285,-2.49953174119115,-2.98086248571181,-0.771320077402322,2.03719716671168,-1.09603866018521,-1.88912996658666,-0.135078298035203,0.509353585581077,1.51449500282341,2.75912395973496,4.8601648988854,-32.3569298709498
"perturb_1",15840,1.88214012026259,-2.49257384120861,-2.96921691761042,-0.809927468324706,1.84531414493317,-1.25141348272952,-1.72190233711614,0.0194393542685824,0.138492707913689,1.71339917453977,2.67572834070302,4.51018990479162,-31.8720720655566
"perturb_1",15860,1.94412630149067,-2.43074756069025,-3.10789414501585,-0.716558961431515,1.65338159812376,-0.490919545430433,-1.53994896294497,-0.0383537564515089,0.0626604230837877,1.94216809452192,2.20600680301782,4.39463802648515,-38.6123047629819
"perturb_1",15880,1.92632508855896,-2.45769915900069,-3.09976950632719,-0.679853259633351,1.68902231596614,-0.945487112158425,-1.60912323834983,-0.214248685207829,0.148468435290722,1.80414906486354,2.33802561558556,4.94017693340377,-38.5404394218021
"perturb_1",15900,1.87189441861332,-2.5253815182683,-3.02333703616103,-0.669226908812843,1.68477281085485,-1.64569023172409,-1.69207328740208,-0.0647885850364683,0.315459232587552,1.77282587645425,2.54247266055003,4.53268286745224,-33.5662555910013
"perturb_1",15920,2.22237265598346,-2.58544379743783,-2.99872520314077,-0.727340405544046,1.89346341266268,-1.49183014956199,-1.8052909447649,-0.0525241538966447,0.0260316580606306,1.83582291541605,2.76543069030366,4.45707970963573,-35.0740854610852
"perturb_1",15940,2.01431321822105,-2.53070024141921,-3.05305999045784,-0.746975049278072,2.18073672770436,-0.7840571239463,-1.66735001294711,-0.142496991560655,0.0697769641277636,1.66146298032543,3.05493367546674,4.56209832089589,-36.8176080175376
"perturb_1",15960,1.5916444554938,-2.47667297667398,-3.03789462736022,-0.791059603857747,2.09201258144724,-1.50293674988666,-1.72427473766435,-0.129962393754047,-0.0797966821326682,1.59334539341687,2.8249943260122,4.92811535039326,-34.450482627359
"perturb_1",15980,1.95433319506675,-2.42821159432263,-3.04455024961158,-0.839808129814834,1.92903682436564,-1.49831359311827,-1.84715299427514,0.0382926571905024,0.105704818780315,1.82144808441525,2.51191707625522,4.98664460348251,-36.0854866928265
"perturb_1",16000,1.66720804690674,-2.41708144903384,-3.00589014083494,-0.838125495807208,1.91140016648467,-0.250052698739308,-1.88651248848608,-0.0235986197731127,0.0449677047762168,1.692075291649,2.78876674196021,4.50298179918758,-36.1559685554785
"perturb_1",16020,1.44643022137169,-2.49595888861885,-2.94257067688367,-0.759461917775964,1.88374066589225,-0.66751617452231,-1.8968254809425,-0.0581919552626372,0.312532083158067,1.75995221022632,2.57326269996727,5.08423453463612,-33.3642641595634
"perturb_1",16040,1.61924210423366,-2.59573937919388,-2.87772377526561,-0.774256053814188,1.86775942182238,-0.461335174808417,-1.7687128097582,-0.252350175408369,0.37678885483947,1.75167175598197,2.29436121852399,4.77118702100432,-33.9214975138761
"perturb_1",16060,2.05020659301195,-2.54119178421652,-2.95700148227469,-0.755028634631872,1.62548425811975,0.0037676743698612,-1.85994182281843,-0.189838994145118,0.48568155660802,1.82357387284567,2.13201098821424,4.57587114414005,-37.9114542757918
"perturb_1",16080,1.70063146876144,-2.55695782800506,-2.84763397524543,-0.793231275503189,1.5001099821228,-1.17439295355621,-1.96855273620739,-0.278362460818673,0.408593808165131,2.12222748956907,1.91029854832734,4.71588673803214,-37.8842360559688
"perturb_1",16100,2.01096249626479,-2.53246994626451,-2.94494408978576,-0.723677021523075,1.55598148377027,-1.32801746433749,-1.86104994907158,-0.382672475415976,0.326694737572715,2.10386907275544,2.14432616247918,4.51167481760836,-38.5658937207309
"perturb_1",16120,1.58154224074439,-2.62370137583916,-2.86342258975108,-0.760060477216957,1.32008399320986,-1.8348809210509,-1.75997385436291,-0.0970838155119688,0.114478638591469,2.07618956433525,2.00455097810017,4.66188917332043,-37.2026240705864
"perturb_1",16140,1.73929062128159,-2.4615783054149,-2.94376178950053,-0.745146050312211,1.2983877482994,-1.62352613819575,-1.67897940763384,-0.0955622386371091,0.408777022775028,1.88434169735102,2.25098228017024,4.2231463774509,-38.5312729086938
"perturb_1",16160,1.9821572431285,-2.64278091421228,-2.8923867907624,-0.733407430918827,1.79375337855176,-0.989121737859549,-1.81560832553679,-0.122677479823266,0.180238847576473,1.62402144251639,2.51410268185517,4.89852185096783,-35.5798824971628
"perturb_1",16180,1.80845439388647,-2.47723021090603,-2.96726125912966,-0.738234228497423,1.6886866101299,-1.7526385402422,-1.77132920812993,-0.163042425328451,0.242578904913734,1.7561676631987,2.27831969811077,4.83824449533113,-32.888159583573
"perturb_1",16200,2.08773186211588,-2.57096325086572,-2.91505222654522,-0.812909440879291,2.06508896611282,-1.41481215236462,-1.75127152824836,-0.0982840950454221,0.481084950258818,1.54408125966933,2.71343341590956,4.70217234825999,-32.9917442837444
"perturb_1",16220,1.57695161466005,-2.5488020145694,-2.98233944155086,-0.744896522107532,1.85791710910804,-1.23308932739976,-1.68423720452815,0.0796592663897914,0.268892349632528,1.54325340991066,2.60933254801345,4.47999452858203,-33.8437235608671
"perturb_1",16240,1.56433118298141,-2.63792159006072,-2.90661529721426,-0.828156073810682,1.92520369291217,-1.31639131502136,-1.7210214011313,0.159185209084653,-0.151617588116151,1.79875469190332,2.62138841471819,4.69460676112183,-35.3119081458158
"perturb_1",16260,1.80466109413347,-2.48201773671427,-2.97442928649886,-0.843175124766141,2.12181935390775,-1.21699102867714,-1.71877824616394,-0.0675647720490248,0.190099096870749,1.40250772817669,2.81723845550456,4.66576385768583,-32.1702638569122
"perturb_1",16280,1.79734045762837,-2.52491864995273,-2.85551953863143,-0.90529597045391,1.94837150635421,-2.00687109445751,-1.98858418814431,-0.0653606861595404,0.29714532291029,1.57530160218697,2.52946828258479,4.7622442463078,-36.3735782050578
"perturb_1",16300,1.662562855993,-2.48060214457048,-2.93185315186326,-0.869304827747001,2.15258516744351,-1.25943757866593,-1.84563652084829,-0.0500360536990573,0.431103114488187,1.52426082996633,2.89717555549576,4.77595646601882,-32.3066422056705
"perturb_1",16320,1.98741728919307,-2.60227827005782,-2.91434156755433,-0.77369691977055,1.84018797207262,-0.816670978663307,-1.83348730312913,-0.0321074490221602,0.33139809418371,1.47193951387975,2.54082091768217,4.90430358657654,-34.5211008085745
"perturb_1",16340,1.95058177836674,-2.53311602359598,-2.97267236237271,-0.760834089737214,1.85926476157584,-0.578371420805226,-1.77868299521753,-0.0288074817079182,0.277979496940462,1.43961348779745,2.75545867542944,4.89162086336466,-34.4933018248233
"perturb_1",16360,1.56045821210258,-2.49542250732218,-2.93184465868383,-0.863535966509418,2.15366389325242,-0.220307111049002,-1.68544077908556,-0.0984869960289751,0.425843641708644,1.31817499435979,2.66086137437697,4.91131769749414,-35.9075604932001
"perturb_1",16380,1.92903809121105,-2.4995955269271,-2.97611680781629,-0.866096838882087,1.96726537966245,-0.458663074814486,-1.57689024929909,0.106388751101205,-0.0631384029807917,1.8716101200266,2.70187543613182,4.77520776077494,-38.7774657077504
"perturb_1",16400,1.72014792673258,-2.49301580895362,-2.9035700760439,-0.920854520738661,1.92519638246496,-1.82460540993663,-1.78225326829129,-0.0140070649501761,-0.00834381769216944,1.61237925263686,2.6897643758009,4.45724642843603,-36.4593083251944
"perturb_1",16420,2.01917549258357,-2.56522026487717,-2.94405565905506,-0.877191920456013,2.16764656848494,-1.47627587296083,-1.72631490069495,-0.0943137634367081,0.149365961630809,1.53551338337195,2.75108511757452,4.69884551083346,-33.9482847127025
"perturb_1",16440,2.00064613395476,-2.62108316816313,-2.93626327047587,-0.84487801138693,2.14519801617269,-1.28141034117625,-1.7021549095425,-0.00962908636841156,0.274623745646571,1.34122747537254,2.66928477015491,4.31624545771876,-37.2672625567041
"perturb_1",16460,1.86283490330737,-2.54364582016852,-2.85099556595782,-0.87508259192345,1.82804227036739,-0.488193945499575,-1.8498599315015,-0.244565892053273,0.427396505773021,1.74759317305022,2.60645486520451,4.00316863022319,-36.9704099146185
"perturb_1",16480,2.18945649253553,-2.59845776286329,-2.92812529227194,-0.821272090328259,2.19168507425554,-1.44880774486458,-1.86800259400218,-0.259554010625383,0.578755991150875,1.52426692530003,2.98735052692171,4.25079298835559,-40.2378774950058
"perturb_1",16500,2.07112967090232,-2.53883244771061,-2.88161018791269,-0.845040159810455,1.83214408705583,-1.87052729297002,-1.93645268431856,-0.134524447974838,0.547944439768327,1.70405118791321,2.86136106347744,4.27893317332041,-38.5076848606757
"perturb_1",16520,1.74052464893703,-2.52742202063254,-2.86034672182672,-0.837898640090843,1.99206466132619,-1.19019378487994,-1.77033032950751,-0.264852143771678,0.41302984183397,1.77524901093927,2.81305589526266,4.39903026534747,-33.3185365942024
"perturb_1",16540,1.72285094135992,-2.50280252820892,-2.88032346655022,-0.808753681546737,1.90819905722696,-1.37653480550214,-1.77332764296278,-0.239695439992693,0.43220156352346,1.80927072363264,2.77528514397509,4.18998477818023,-34.012882343878
"perturb_1",16560,1.51102853846173,-2.65447112304226,-2.89884216655557,-0.724679360606725,1.70031981754879,-1.27797583471968,-1.82354747884197,-0.171207643945254,0.130449203990419,1.88106041533902,2.30656574837629,4.26837858792725,-36.4563106468439
"perturb_1",16580,1.83829925721268,-2.58501683925848,-2.94402162297002,-0.744243909778195,1.81059750012516,-1.74085757636118,-1.85338780705991,-0.0583690993207267,0.145384328024025,1.9325493288672,2.43138901114424,4.93171873544115,-31.9439922829582
"perturb_1",16600,2.15677974315989,-2.63324804788879,-2.94415923852951,-0.763196135267843,2.0823993243501,-1.54672604119635,-1.79944184181199,-0.227851581450875,0.254025768666303,1.83225657889649,2.83526888783321,4.93391273287441,-36.7581063633651
"perturb_1",16620,1.96898270906773,-2.64891042283766,-2.90704120054005,-0.717899332173579,1.9157471226189,-1.60762912747493,-1.8517020291926,-0.319786468408645,0.195503600290864,1.85795642369353,2.85449004580599,4.46677238264976,-37.1680538839574
"perturb_1",16640,1.84449126315248,-2.63939185647713,-2.89834373029131,-0.796879881413854,2.02048216304385,-1.14688649543825,-1.84326375416218,-0.247939617577888,0.321691116428859,1.67828924407064,2.74570630649224,5.01614208131931,-35.5758145807505
"perturb_1",16660,1.90061998705745,-2.66708717131277,-2.86907181555066,-0.861736782232641,2.06834062151017,-1.27143781266647,-1.81227114026365,-0.168065848595841,0.291533415285928,1.50181312048726,3.02399099258538,4.59756339174912,-36.3205505781252
"perturb_1",16680,1.77857118693184,-2.59609527155475,-2.88588193385868,-0.831802191167472,1.88871088065777,-0.763396024408383,-1.81406381826334,-0.18698648366445,0.197514387937921,1.84655597368598,2.51791448576181,4.9610862517343,-34.085932471153
"perturb_1",16700,1.68119105207294,-2.45101909190369,-3.04446535127719,-0.76677326900411,2.08575324960108,-1.15187621139089,-1.77997845834789,-0.0943059792653939,0.182551506409348,1.72868332645518,2.78943556004563,4.59032723642021,-31.3777027747324
"perturb_1",16720,1.98188244160671,-2.53105400165173,-2.93125364243743,-0.807023099630178,1.90829395030007,-0.171399699266385,-1.88744351396317,-0.0834713255454484,0.428780549267729,1.78895457588583,2.54383793003685,4.84412440511155,-34.2583671365543
"perturb_1",16740,1.90825467082999,-2.56052047417035,-2.98358531186466,-0.727607248380104,1.67040171110541,-1.73031944484926,-1.73954155360605,0.0012834956008648,0.017521534557429,1.92951780158484,2.43003374553614,4.46069477706348,-32.7170655099612
"perturb_1",16760,1.74961952270672,-2.51905265304151,-3.02430478295407,-0.655080982992683,1.66760705681134,-0.897254946082278,-1.84326170657658,-0.254726569298525,0.347365373543538,1.9028982728428,2.22513682091513,4.66495199986088,-35.3767476578219
"perturb_1",16780,1.74969372854574,-2.50027789386105,-2.99645589681243,-0.730673288040813,1.87114109787166,-0.984661686935155,-1.72161899414191,-0.170052722464648,0.216993432101266,1.92792311678348,2.48254050892225,4.71932049732084,-31.0474349563495
"perturb_1",16800,1.78596757823499,-2.45734007450879,-3.08207198310481,-0.74080627807993,1.79769243256934,-1.36422337399364,-1.65095742550212,-0.0406644957491538,0.173046570302626,1.80252160500157,2.22529553084724,4.79431010685998,-34.3687406833032
"perturb_1",16820,1.89581227678969,-2.50222520794588,-2.94758813652478,-0.830771968153589,1.92240852601922,-1.49180917963924,-1.68590022254601,-0.0895612574254718,0.582326356920501,1.61343570557567,2.46462357842588,5.11371097154103,-36.3213627881326
"perturb_1",16840,1.55569991162604,-2.53230583964024,-2.919512441836,-0.867049992249438,2.02204874315653,-1.20974303345253,-1.76511887924491,0.0513917990762138,0.206480417381045,1.73674702991251,2.50867620215014,5.23667319436151,-35.3189051394432
"perturb_1",16860,1.86442497770141,-2.54752109147763,-2.9062995523642,-0.857525661470222,1.85204060103868,-1.02753316461358,-1.82248148873547,-0.0125551895903985,0.291885421964915,1.7462621199856,2.43432227397902,5.08609791783345,-33.7464202698481
"perturb_1",16880,1.45747940558931,-2.55861806692767,-2.9271138139791,-0.736194424688812,1.68170187956329,-0.91777474685898,-1.90392389969902,-0.147094773204218,0.429703599735664,1.85187392686159,2.35951318421667,4.82931642882957,-34.3305832377914
"perturb_1",16900,1.45909194773238,-2.57547046908476,-2.88375140829316,-0.733905858197926,1.56183190176931,-0.970449666149884,-1.78517266258928,-0.195040371480332,0.360841025369765,1.96522133029262,2.16330163038104,4.71430796856548,-33.8969097089659
"perturb_1",16920,1.43800548915919,-2.53255280140186,-3.00314682541411,-0.806691872356206,2.01125979790575,-1.118848442429,-1.77958338800496,0.0974806175089832,0.114412678972817,1.70595930478732,3.01078084659229,4.42238937225495,-38.1624926398418
"perturb_1",16940,1.94710932744542,-2.64639000140885,-2.85800522044474,-0.85693440442497,1.9354481101283,-1.26294337587776,-1.78952115918539,-0.0953141196013331,0.323588368315528,1.81639687787811,2.55094000073011,4.14021562430513,-34.6969522149862
"perturb_1",16960,1.85692796646292,-2.56244751150208,-2.95579502781015,-0.74149873400343,1.91248665386093,-0.599126116388601,-1.86299700776847,-0.225328964207606,0.258406558193413,1.97705107622766,2.55787506544552,4.83618328120631,-34.4694082094452
"perturb_1",16980,1.80596459227288,-2.4379915777639,-3.04493100142418,-0.73760698928285,2.08638292491113,-0.71972937641655,-1.75528396847508,-0.187849462393856,0.500832573078604,1.66180062902836,2.83077957845199,4.71750330535548,-35.2487506030942
"perturb_1",17000,1.35363973139839,-2.60390728116578,-2.89487481759033,-0.715148989222443,1.77401689080899,-1.18412566082611,-1.6044840862309,-0.00613998598346106,0.391314022959041,1.62659502888183,2.54143746492449,4.86522382048338,-39.2317475929046
"perturb_1",17020,1.44568044255142,-2.63234143400433,-2.9253210905474,-0.66445037701421,1.58981754471881,-1.99799674508161,-1.74394350812173,-0.13360173185961,0.415381728658195,1.66217191114384,2.41995548269249,4.94449305240193,-40.7782391233233
"perturb_1",17040,1.8091109364389,-2.56903244248952,-2.92877126834757,-0.680465355510782,1.3407055814234,-1.65423905100133,-1.78912609888312,-0.179459032635819,0.196375310493883,1.97373246440281,1.89153543189347,5.07462199156059,-37.8674396572405
"perturb_1",17060,1.93014078659447,-2.53071697119309,-2.9135092871586,-0.804596581966403,1.85576224977873,-2.29947267276398,-1.72426262538055,-0.178744985173928,0.25236584123656,1.59399054213642,2.41141791746484,4.89775049661909,-35.5219284372578
"perturb_1",17080,1.88949753241751,-2.47524926909165,-3.05674377500315,-0.750217892617717,1.70884997238468,-2.60682769669548,-1.86321134163134,-0.0261682190304733,-0.016139648244942,2.05559184414645,1.98206059870545,4.61279868650478,-37.5730486913027
"perturb_1",17100,1.97981075066791,-2.54326775063794,-2.98117449298899,-0.750586987938041,1.67274028470775,-1.20407517000365,-1.5680625352951,-0.0397543611430317,0.190535350736216,1.9638502517793,2.0142315968678,4.83169851667991,-34.3154099191208
"perturb_1",17120,2.04516263841595,-2.5390869859253,-2.96446000966138,-0.762190013670152,1.60271708513785,-0.943002751352398,-1.93256050083191,-0.162986281123034,0.145664895905598,1.92215676365616,1.85604598664799,4.64938752921953,-35.480207519535
"perturb_1",17140,1.62342541229169,-2.47145446668774,-3.0040860920397,-0.772908896275898,1.86723304050294,-1.42401951386391,-1.87886118940715,-0.105463314829169,0.420913680567108,1.36469919420671,2.64979874244154,4.43209660540058,-34.9457945014947
"perturb_1",17160,1.39863399804062,-2.40484602369061,-3.04487485115699,-0.772607998759318,2.00187323395725,-1.63302668614832,-1.80668139390891,-0.0939028657008309,0.305451609060788,1.3196944028305,2.71647902848583,4.64100788602135,-34.8044485020547
"perturb_1",17180,1.70982089040691,-2.46099819215593,-2.98294063383765,-0.802665812239213,1.95135726150195,-1.85384522712125,-1.80517235945292,-0.0916288340547878,0.111208880834053,1.52298514952391,2.79364116297298,4.29693273366416,-33.535985437005
"perturb_1",17200,1.84460120393441,-2.42128790169976,-3.03277916307472,-0.76182285941048,1.79033805023779,-1.14712897273021,-1.84189138251033,0.0056183038653634,0.166512804316641,1.82371902507859,2.7064282833698,4.66073829112521,-33.539959164432
"perturb_1",17220,1.66116408304977,-2.46842483779226,-3.05156741345302,-0.68140349373296,1.84304081474246,-0.934454913482379,-1.69726884778145,-0.162989980925934,0.314406319787927,1.71939708442274,2.77646942982052,4.34035344233516,-33.9356571308942
"perturb_1",17240,1.8774346545793,-2.55192907739525,-2.908246628247,-0.810617200805942,1.97557009192307,-1.10396492206118,-1.83091523343077,-0.210620547265539,0.220050177569766,1.63907884921952,2.89772811582624,4.63548338290132,-31.756238153897
"perturb_1",17260,1.67059533757806,-2.6101634900273,-2.8206247290605,-0.86019165085515,1.95300992635374,-1.62423828609733,-1.86912007967783,-0.130679086809927,0.303912267573413,1.52167403885701,2.88829951961208,4.74393987483603,-34.2753299934674
"perturb_1",17280,1.50137028401713,-2.5787499299175,-2.78470616899503,-0.955142300072786,1.8751847166168,-1.31134460853269,-1.82867398394537,-0.00232980022139215,0.264785759031798,1.57840353294871,2.45330239163612,4.93191328728657,-38.1637912532015
"perturb_1",17300,1.55295340901271,-2.48991188159064,-2.89239220625559,-0.91099768149994,2.01736775349889,-1.48615106756903,-1.83541523543137,-0.130890997137531,0.157162047327827,1.85383919472011,2.5157964480114,4.69701986956422,-34.7535147928341
"perturb_1",17320,1.47089739948121,-2.36278281784337,-2.99229192874795,-0.790283819447313,1.62596983317321,-1.55925174479856,-1.77288109304466,-0.0787946663054917,0.315323609316602,2.07141111945106,2.04628728583331,4.62799129570884,-36.3863615742936
"perturb_1",17340,1.53227601860239,-2.46987743721251,-2.94896552676676,-0.818188647636611,1.96311190080413,-2.0644296831984,-1.63848094454411,-0.119674041672146,0.273485038929867,1.71290723740982,2.58290126899635,4.36764562604433,-33.2531880647259
"perturb_1",17360,1.83454110585003,-2.53804586358585,-2.95495221180475,-0.764876612965849,2.06242989129487,-2.51662871660299,-1.72515475989745,-0.147975059156038,0.110063941141099,1.7650524274069,2.73724206363766,4.31045144507519,-36.7626276194733
"perturb_1",17380,1.83241188829289,-2.58575017233477,-2.97115112046797,-0.755356829482196,2.04371770743736,-0.822024962454583,-1.85678289878954,-0.0904305141707829,-0.169150276311503,2.02978861986365,2.59435698016356,4.35780827849848,-38.7470384658587
"perturb_1",17400,1.7761926115532,-2.55007608172142,-2.88982018549541,-0.836742844617546,2.09193202792495,-0.908609277725638,-1.64771638557099,-0.0435999653734777,0.249870121606405,1.51465047205613,2.73163427918848,4.46540303995984,-36.9937016552333
"perturb_1",17420,1.6239190553108,-2.44385783041019,-3.00589156060495,-0.706922723732592,1.91314196068589,-1.17084834365869,-1.74589236432795,-0.374726714023819,0.405193588742182,1.63458091001689,2.51706673877392,4.56060989913348,-35.4986912424825
"perturb_1",17440,1.49130275639317,-2.47903362625629,-2.92510153061097,-0.793836535271776,1.91028884861908,-1.74172677305313,-1.64039223997361,-0.257592249776957,0.534840186120685,1.58023840823032,2.35507010781118,4.57215268812697,-34.9435607603506
"perturb_1",17460,1.23522089055056,-2.53737175097819,-2.933529050707,-0.734156195550561,1.79265294264654,-1.25105631940947,-1.53407930448908,-0.0974724971641182,0.385196804468014,1.8236086662467,2.54335197549451,4.74452351406729,-36.4843165086965
"perturb_1",17480,1.10464065341595,-2.50075034862359,-2.87420087676406,-0.876217842259702,2.03112659303177,-0.93804188421834,-1.61156130216167,-0.165878644435108,0.43565508869125,1.50139833885523,2.40806686703627,4.58444537863032,-38.6333789330816
"perturb_1",17500,0.878203417070983,-2.49674979862176,-2.97161598207763,-0.791130720910369,2.1287579748791,-1.66099417536891,-1.72246629014923,-0.0453359604931939,0.163865026611494,1.74402909003809,2.57892279862474,4.85785767457136,-37.8982596335838
"perturb_1",17520,1.36780596121366,-2.56661465105523,-2.8756261492266,-0.864318798384943,1.94489392909836,-0.784663452461237,-1.80162810832436,-0.0211315364223488,0.501934431723321,1.68279068881504,2.40817650482751,5.11076208031049,-36.9825146926302
"perturb_1",17540,1.86179292576422,-2.5040671078595,-3.03587014075335,-0.686463379875638,2.02015991356885,-0.216348010395803,-1.75493512149925,-0.208560559626694,0.363399278709885,1.59646681414892,2.56307149276304,4.53644078664988,-37.4906271490158
"perturb_1",17560,1.76261007589081,-2.55129786354067,-2.96750348497459,-0.804170614616047,1.79214274170534,-1.077000390793,-1.7146844574561,0.0496649907297928,0.174227998349314,1.75431009630556,2.15534576218387,4.53439418143208,-33.4056476471368
"perturb_1",17580,1.63636144445737,-2.49869096585428,-2.90603539746383,-0.805458356822187,1.80882482976292,-0.855151986514039,-1.86596895265877,-0.0148963484083934,0.262832776000533,1.89027168081444,2.21923438707089,4.67424962816265,-34.3874218576236
"perturb_1",17600,1.53211160060254,-2.43526543797275,-2.97877205684059,-0.811437033288029,1.83585711190144,-0.877775772366912,-1.6349180681868,0.000649019469423827,0.184037887454299,1.92741014202277,2.39955390162484,4.41100177684345,-34.4528456126222
"perturb_1",17620,1.98647262836175,-2.49267405918833,-3.01633254055956,-0.791077284765762,1.90407780200033,-1.38102418879498,-1.64382325327617,0.0826238414456484,0.0843864040648919,1.80924139952614,2.34535842764333,4.21363320843962,-37.6010431107917
"perturb_1",17640,1.91236219845689,-2.38482994826681,-3.03618049043395,-0.824242349602747,1.91210330554231,-1.26074576054522,-1.52455955832323,-0.0903541397894481,0.146177486179917,1.74357763636733,2.7614280660968,4.25523042134821,-39.0627556211972
"perturb_1",17660,1.76131346994006,-2.44535492553684,-3.01347712742228,-0.821387498736116,1.64735355605737,-1.39949632102276,-1.58674764922712,0.0687889420252439,-0.104194190039294,2.04804416895158,2.13238287896449,4.29185111141063,-38.9285401242775
"perturb_1",17680,1.37374027638743,-2.50012302133654,-2.93574324065898,-0.853760485136933,1.92723806073701,-2.02503595155561,-1.71488837843195,0.0722315904062431,-0.0282548502369942,1.69933872381018,2.65214279844603,4.50962677281332,-35.3901858414907
"perturb_1",17700,1.3405849145781,-2.57961523783286,-2.90156057063529,-0.821160399267301,1.92661668105141,-1.19338778909406,-1.76013123881847,0.101337157666988,0.0749606955984315,1.74273161810841,2.58353121024723,4.5577495061047,-34.3874689532888
"perturb_1",17720,1.71348693056145,-2.60472006491945,-2.95374140181207,-0.778279723572164,2.16136796947057,-0.813172534869677,-1.68116376174319,-0.0150999501688218,0.524745319813047,1.4190213003749,2.9358296074767,4.76639040385467,-36.9618437541756
"perturb_1",17740,1.97580125220517,-2.51581051093689,-3.00776166296578,-0.762890082428919,2.12805412589168,-0.930592220249326,-1.73133446153762,-0.0589662526259014,0.366262084478508,1.53656891865592,2.91290786155984,4.73826643883243,-32.7286781131438
"perturb_1",17760,1.75507180885767,-2.47704987936948,-3.02000503617791,-0.697510529046958,1.6501363647069,-1.7282537749579,-1.68342528169668,-0.142555277522452,0.374395099668746,1.82634805037463,2.33616022306348,4.73092976143666,-33.1361016414465
"perturb_1",17780,1.7001034800374,-2.55117095766345,-2.90011281011795,-0.772751257798008,1.56875510118595,-2.33766815990669,-1.83846090442646,-0.116580901937629,0.239554171074544,1.83249658387661,1.99575652041668,4.70656031262188,-35.3485953214457
"perturb_1",17800,1.50520909296816,-2.5467589918543,-2.89429763325231,-0.764174178232389,1.77956340436077,-2.14854180367424,-1.8143998693002,-0.239273674497066,0.400329934579493,1.67584878275974,2.31615034552855,4.77201006751081,-34.4174678719547
"perturb_1",17820,1.88196092159798,-2.50199735535942,-3.02632291004436,-0.758047782390502,1.96862422676149,-1.09342916832966,-1.80331064492314,-0.0420824710096256,0.144336017129792,1.66162340834098,2.61553378217159,4.7994667221957,-30.2227328795468
"perturb_1",17840,1.50668494594925,-2.43995128930755,-2.99254862943575,-0.780551703757462,1.93916541022957,-1.41797751221089,-1.81032257642678,-0.148046280979756,0.237018224055682,1.92846790616026,2.65805875150805,4.63550827364204,-32.4853521928199
"perturb_1",17860,1.27510990115187,-2.51667625963456,-2.86375834380399,-0.840990871742033,1.94111034889672,-1.50571885368395,-1.92342350169256,-0.0625560129899215,0.356628264612845,1.64413427794252,2.75994817792785,4.62004403405224,-34.733468154299
"perturb_1",17880,1.68912808780225,-2.56207450703878,-2.97651869138541,-0.749969290489395,2.05775694293399,-1.20444262228397,-1.71771270104781,-0.127131447934952,0.29560449685286,1.65281146630313,2.6372698290582,4.33657843990892,-33.2389111031748
"perturb_1",17900,1.91134249410582,-2.57399774409814,-2.87408422258778,-0.849731822307829,2.0143280066699,-1.74936201401969,-1.66458369245134,0.014573479971535,0.530022551016686,1.74325834728946,2.81508497694122,4.43252920254159,-37.1908772780014
"perturb_1",17920,1.74823956401235,-2.47957923895549,-2.95673492554029,-0.739501106498303,1.62368568561351,-1.43399565988654,-1.78205118958419,-0.116497575009606,0.366565558490211,2.02410515837419,2.51197135077095,4.19611140267746,-34.8003121099719
"perturb_1",17940,1.92345420871213,-2.43101994862825,-3.04928605188454,-0.706961793752775,1.61363958658444,-1.50602637904306,-1.82924001493996,-0.0249468552721793,0.0725743185103951,2.10016414524696,2.40577632555757,4.69253652051632,-37.0913020541929
"perturb_1",17960,1.95055771600087,-2.43436584519957,-3.1013070772447,-0.725316535280654,1.74863644234417,-0.3875910746317,-2.02456385555246,-0.0199135687635188,-0.0326595148333082,2.10073221693271,2.27525631153715,4.52821949391737,-40.1769707273378
"perturb_1",17980,1.60534451685706,-2.48984038262801,-3.10676755257852,-0.715908478088496,1.97608399895407,-0.398747665717706,-1.85790168546093,0.0492054992862774,-0.246679330497234,1.79591844171634,2.67312001030928,4.87337375997376,-34.6533067856534
"perturb_1",18000,1.59198612934543,-2.52901132955294,-3.04832512444043,-0.731225853818998,1.77719829391094,-0.71481995432774,-1.91899161165343,-0.0312943453249431,-0.268252593875167,1.93625319772381,2.54971117049917,4.71090689891399,-35.4215668588897
"perturb_1",18020,1.70036784421634,-2.474029903681,-3.06863044181568,-0.731688564644413,1.99821283161653,-1.62765743190987,-1.80500057833898,0.0298951453948114,-0.0498680026057267,1.84695371791144,2.98019504945124,4.53648742058652,-34.2689413790233
"perturb_1",18040,1.61430538082031,-2.5020716804171,-3.10288963453141,-0.668062943939096,1.8286468007953,-0.91315073285764,-1.75968367096169,-0.0694378810559982,-0.100707799373041,1.95303525343042,2.34024038243056,4.86017652021971,-34.3077689038857
"perturb_1",18060,1.95434355922258,-2.49479995208965,-3.07880099054871,-0.754006764357761,2.00624314923786,-0.985028662167497,-1.84475525584297,-0.10561102722074,0.180563701813429,1.65031196275993,2.64117301984575,4.768985185583,-35.8055464893558
"perturb_1",18080,1.70026544558923,-2.44649949093034,-3.02251290746207,-0.691389471263731,1.90666739125611,-1.25162635690336,-1.65286698499712,-0.312235556898082,0.347953759537504,1.56754037924083,2.72825633682345,4.61192120912787,-34.9346130728672
"perturb_1",18100,2.0802599210849,-2.58116075532498,-2.95965567475242,-0.731487465822429,1.82195960403937,-2.11432409553751,-1.79716850135496,-0.19061978268913,0.396556668949693,1.52026750910472,2.63245994952613,4.77111509739164,-35.7239386491553
"perturb_1",18120,1.6134409014034,-2.44854993947101,-2.96878601295701,-0.815433213742079,1.97443525427233,-1.87401453253193,-1.62513996327621,-0.0781117165395592,0.524027599829268,1.23517564898918,2.95365673416338,4.45830508941657,-36.1855996001851
"perturb_1",18140,1.88433070761352,-2.50721485417575,-2.98112118615185,-0.804854756999196,1.86915557593376,-1.08754653609783,-1.81166315050384,0.0291118700777248,0.220008087644163,1.43370448077243,2.59868055021708,4.70425351571332,-33.3543483936935
"perturb_1",18160,1.64763483038242,-2.43509871188296,-3.03791575888922,-0.795486535067322,2.20501869773222,-1.36204850192948,-1.80741716684165,-0.0493965152333803,0.211104372366677,1.34503780047491,2.96364237003455,4.23426598006778,-36.564388995385
"perturb_1",18180,1.89006353793671,-2.46717441432158,-3.02771587408527,-0.768459590896871,1.9699921976354,-1.39981619605639,-1.96875074438953,-0.0799129361123117,0.421026474833143,1.48130026414937,2.75861814383798,4.37250026460306,-34.5003370099462
"perturb_1",18200,1.85138657842161,-2.48597774194402,-3.01483557227602,-0.700020516950282,1.54603509332535,0.00406959040867253,-1.82853806687174,-0.0570916783278128,0.285496687850058,1.79347360484474,2.17293490701832,4.61383910681276,-36.5339292929759
"perturb_1",18220,1.87690222609688,-2.52039251812079,-2.96505991535243,-0.730045980715247,1.4589488884202,-0.246096865401072,-1.89203944195297,0.121993047157324,0.120033216173455,2.01693772804113,2.01022383822362,4.54327380985775,-42.13949358034
"perturb_1",18240,1.90494379375023,-2.62241053349149,-2.87715453940814,-0.746812132227662,1.64072614569255,-0.78954819967792,-1.85352946737379,0.0649776416920074,0.454198494197439,2.00095141080757,2.38347681825778,4.6640514987287,-39.7207807950617
"perturb_1",18260,1.9601120622773,-2.45302097969528,-2.99004373291483,-0.761314949260569,1.73070349636203,-0.569792437057799,-1.80287090879642,0.0621573730502628,0.648973672401355,1.83846019450991,2.36928496820665,4.75621948015549,-39.891615804183
"perturb_1",18280,1.90627522807161,-2.5729506592797,-2.95433844831057,-0.748068061448107,2.11194427943056,-2.17183696447731,-1.76895841162142,-0.164432698984446,0.336515646270134,1.64778457573348,2.79744998982774,5.172181964642,-35.3804582742723
"perturb_1",18300,1.93767811257969,-2.72498386130152,-2.84624160668472,-0.749718441369595,1.83056547721319,-2.27339232534173,-1.7502288863497,-0.128446657382683,0.242124653116495,1.99011357019911,2.65016660757886,4.97641757074925,-39.8504624996298
"perturb_1",18320,2.17422216729915,-2.67095036918236,-2.86496711488022,-0.777135640944401,2.06299092083597,-1.42562212567802,-1.57686639573395,-0.27881273868978,0.426022583860739,1.83057440564374,2.64817973285511,5.25868809693353,-41.397286051035
"perturb_1",18340,1.72735066536443,-2.47256688624884,-2.91099761137125,-0.808918666852298,1.98172506228924,-2.02681223666669,-1.60735140586963,-0.324789736198517,0.59013352071231,1.62559138868452,2.7205101488075,4.76407944403863,-35.6197664153284
"perturb_1",18360,1.67800700965386,-2.45723251674579,-2.95738982458402,-0.850670905062884,1.89717293884294,-0.820673483792014,-1.84159070808449,0.00798943684359205,0.481737036896055,1.43194346762858,2.69169679117658,4.61565807315208,-33.8065336455616
"perturb_1",18380,1.77118844604762,-2.52437558019689,-2.94848160246075,-0.748776722103696,1.96303792840383,-0.981546615057589,-1.77935028941156,-0.170387422343745,0.170826874148323,1.53932933502342,3.01655382836828,4.34241896752899,-34.3647044995923
"perturb_1",18400,1.95846513502039,-2.64293023788242,-2.85807917802467,-0.813540938445112,1.89666916234278,-1.02209844081661,-1.82227908754454,-0.240880475982696,0.200482851343216,1.86069233045719,2.2598634641276,4.86826690415044,-33.6398784495988
"perturb_1",18420,1.76228776004092,-2.47782058792149,-2.96182090306988,-0.838523531609939,2.13756329743701,-1.71367846140422,-1.76980346968806,-0.114658186413131,0.0713844216206988,1.86187831531865,2.66042637669772,4.63646518988514,-33.8967729743518
"perturb_1",18440,1.69896722620188,-2.38370658910487,-3.03358855511724,-0.807625819044639,2.02826494793249,-1.56890167782112,-1.79977457910837,-0.170735491995268,0.148121945014448,1.92350899843073,2.41613297901393,4.54876759071329,-35.1547612552386
"perturb_1",18460,1.22670614305315,-2.51296161889646,-2.9358794807105,-0.819690050511801,1.90719258830062,-0.956037216702442,-1.72524411446362,-0.0596139633112769,0.230181873884836,1.65939201663971,2.66421251655762,4.54990186913508,-33.180674093711
"perturb_1",18480,1.00818575342178,-2.41415808326017,-3.00728213513119,-0.795000268812367,2.06124416357164,-1.11043351124338,-1.74121739737679,-0.0995149996992513,0.0597343784574129,1.65630371627449,2.61351189175767,4.81517832466068,-35.6025158421894
"perturb_1",18500,1.51610787869742,-2.47133225133544,-2.95011773334115,-0.805185930774937,1.8924209158771,-1.75222848638955,-1.91197052010933,-0.173614081005108,0.412680606373242,1.78490412846295,2.52185882735836,4.45751014603507,-33.4223214244686
"perturb_1",18520,1.45148713100759,-2.48986514164475,-2.91870489059735,-0.856616694651859,1.82265979056475,-2.674614072086,-1.75779633571894,-0.0847319227221222,0.295557188523662,1.84970826026815,2.51391298145716,4.34079759491504,-38.5661663070544
"perturb_1",18540,1.50753479861133,-2.49369115729648,-3.05556337370998,-0.783066593744413,2.02598532129946,-1.74698353024848,-1.61692503437815,0.0926452574654571,-0.181100829115877,1.84813775290247,2.8445183404576,4.89866532403662,-36.6006708586976
"perturb_1",18560,1.48794890717118,-2.51047319288684,-2.97395090780073,-0.738390113320796,1.90966805718517,-1.32959033839274,-1.86415506249569,-0.0523488575022261,0.0972867814422868,1.77862090295005,2.74875964918511,4.69838470141798,-31.4378385292607
"perturb_1",18580,1.75597781651989,-2.55205483961107,-2.9704475258564,-0.768052208985466,1.95239006099614,-1.94383284766661,-1.79343822377457,0.00913553688211123,0.123222827594947,1.6217627929561,2.78399337310963,4.6686204307813,-31.3369228687641
"perturb_1",18600,1.83860789812403,-2.47640605278957,-3.03916329383665,-0.762494518683444,1.87376071201499,-1.98088067973234,-1.80677080020708,0.0457115771365439,0.0529554624181854,1.91212210148916,2.08967832765402,4.75157941251564,-34.4064358744937
"perturb_1",18620,1.59156881809602,-2.46028912870345,-3.06026896655262,-0.712682957510166,1.85148106914147,-1.31334849396156,-1.73392129331906,0.0177829663992748,0.260835471226524,1.89758670736182,2.4086747398567,4.65897647348398,-32.6972775520689
"perturb_1",18640,1.80087227157035,-2.56556785327647,-2.99752760305415,-0.751253998073901,1.98190985912895,-1.25866673875438,-1.68708108668931,0.0187143515609468,0.390605273677239,1.50595669469162,2.71174570109847,4.59524188471454,-33.3497983889996
"perturb_1",18660,1.32443455097227,-2.43981482737804,-2.95003981444212,-0.850958343414962,2.02012345786295,-0.865725581034333,-1.66701751281004,0.0189849262623343,0.257296349352593,1.71282142227442,2.60717647262482,4.56625623887693,-34.6021601041643
"perturb_1",18680,1.47177721999056,-2.5346781366538,-2.99262779610609,-0.789359507495422,2.14157734481925,-1.56650900358622,-1.89794094696013,0.0510666108301615,0.135573089997057,1.64182520488025,2.73719501688945,4.48392309071359,-34.6879265764058
"perturb_1",18700,1.56243263028332,-2.41962624540964,-3.02322670658692,-0.77392278052827,2.04978814383205,-0.975677898547426,-1.79053024739255,-0.100867850529659,0.171279499889782,1.75609233340804,2.69140196125053,4.41591242974669,-32.6698068717145
"perturb_1",18720,1.62183958298573,-2.45219785047329,-2.94522641745458,-0.871370463112188,2.03180549167923,-1.74829277445208,-1.80147454965945,-0.0796153935665777,0.556513822987641,1.52331176034236,2.8243108211443,4.57294729038537,-34.362509322492
"perturb_1",18740,1.96611614038146,-2.48368525207659,-2.96675055468761,-0.861720464105609,2.10376218535844,-1.83777363558625,-1.84746247577382,-0.0378630588266851,0.413580404911497,1.53528550980982,2.6722648085213,4.5828535479831,-33.7407028757483
"perturb_1",18760,1.87384312576819,-2.39744307025321,-3.09259223777203,-0.754160618604782,1.71168345156846,-1.44037264112492,-1.70376119130199,0.107116031466141,0.340321894494464,1.8541115998314,2.31902881223855,4.37617667015778,-37.388848381216
"perturb_1",18780,1.7693153542725,-2.4403398978834,-3.06225046820733,-0.730555636142822,1.98214356479904,-0.968515637037688,-2.08937870779361,-0.110567379538634,0.161832308333699,1.77955436272522,2.54167472411052,4.85715327067057,-35.9769939899036
"perturb_1",18800,1.80697313979116,-2.59163437823742,-2.94946230007646,-0.85732085758012,1.91769316571467,-1.05917019499427,-1.87518737446409,0.00549541693567764,-0.100675195114959,1.89935752059754,1.93895182824377,4.99145005243538,-39.1080547301318
"perturb_1",18820,1.6680959605989,-2.59504467626424,-2.94795704197993,-0.82069076423587,1.76141985696457,-0.627463998746465,-1.74528108827247,0.145953756815846,0.086469439440219,1.69442930753853,2.57564491912848,4.50018611550097,-37.2897275545404
"perturb_1",18840,2.06444127464426,-2.61963472126975,-2.92284556306502,-0.712501524421301,1.67541147731341,-0.723826944925704,-1.75197511579313,-0.200348083530478,0.100772583222429,1.91406948652127,2.78844853637842,4.6503428907502,-38.2352690671912
"perturb_1",18860,1.79302348621345,-2.48137966354808,-3.0276307325656,-0.729021199378676,1.9101620154942,-1.04275469267769,-1.70659078100064,-0.0983465491571538,-0.00477570662871378,1.81162726056595,2.76781110294014,4.70082607559685,-31.6805096039566
"perturb_1",18880,1.72364865828195,-2.49291735015913,-3.04987878631767,-0.710209494144127,1.74521106582385,-1.24288331049195,-1.8057513562462,-0.0882909251876118,-0.00758421560541197,2.00529320680066,2.50559423725453,4.4871032887811,-32.6011889823833
"perturb_1",18900,1.7769669402737,-2.51745151166994,-3.04947597280394,-0.735954935681936,1.71944247430579,-0.986916598905782,-1.71356930014074,0.118381091362482,-0.131267577954393,1.94551443535659,2.49508321763492,4.49002295881195,-33.7258734632676
"perturb_1",18920,2.1392666789901,-2.62403559839811,-3.01406649037736,-0.738470155395448,1.8092992793887,-1.28416956737813,-1.79966187594354,0.0599492235063574,-0.366707836733873,1.90049303755475,2.5287603131537,4.4872245229746,-36.3202405303857
"perturb_1",18940,1.44071608999736,-2.42084422385202,-3.02686531210781,-0.741755484454271,1.73759245743322,-2.07363113347069,-1.67327224100401,-0.132853370578924,0.0477816086475791,1.85146643230277,2.51549720564091,4.58169616295292,-34.5370749841089
"perturb_1",18960,1.95217972323377,-2.47827935083907,-2.99133175540994,-0.825823008495917,1.99049968699843,-0.87333559961461,-1.91276338788525,-0.0972934065512989,0.330978959291521,1.60015834235398,2.70859633346846,4.35622288365372,-33.7528459824572
"perturb_1",18980,1.49479860166768,-2.51806041774278,-2.99384680789074,-0.736869477900358,1.99209994270677,-1.28792210007539,-1.96104475541755,-0.0399455597548277,0.201375329180999,1.77765308504717,2.76131752315816,4.28417784941031,-34.1966208051916
"perturb_1",19000,1.55730959152439,-2.39508095403153,-3.01463049017547,-0.789214169231282,1.76452864239361,-0.919144286475924,-1.82446434448717,0.0113401924931658,0.323825715045085,1.62360070290066,2.65436441665588,4.52090975067649,-34.3600263052522
"perturb_1",19020,1.57461014667158,-2.47010120983328,-2.92806571871969,-0.814200690109498,1.88722635483682,-0.701646315530247,-1.83764512785027,-0.0131688669645498,0.402270433528063,1.33129348261753,2.70080590189504,4.61366944934417,-36.5902041179331
"perturb_1",19040,1.43502474693899,-2.43925460409509,-2.97064925216698,-0.807019980699547,1.95403253976329,-0.133641036317198,-1.81721524451483,-0.0909444330966646,0.338191233307968,1.47445334974834,2.5326493183117,4.97750562060467,-35.0889885373065
"perturb_1",19060,1.59075602977634,-2.49404759847528,-2.82995761768124,-0.872896593406541,1.76244854717156,-1.23523382409439,-1.77065037806335,-0.222566015427374,0.714118732940216,1.70029349655783,2.32525136968904,4.59555460505383,-35.9593342720498
"perturb_1",19080,1.58299759311935,-2.4766059240735,-2.97289222418961,-0.773499078059227,1.66266449603389,-0.85801617646619,-1.87625096682996,0.0421954313449616,0.334887458137827,1.80204103560902,2.19341432104466,4.55162251468052,-33.3794752557058
"perturb_1",19100,1.7747322303041,-2.51916662801032,-2.92116487935142,-0.843444000843074,1.71476645701088,-0.168149250645986,-1.75135298630285,0.0115225276567512,0.116269481169195,1.95947875138534,2.28889742773917,4.66369829091209,-35.2916311966892
"perturb_1",19120,1.79354999360279,-2.56996647535047,-2.99159051544528,-0.741792307441656,1.43848544758651,-1.12305883838678,-1.66054892979082,-0.123850567192968,-0.108109798890402,2.28750161774066,1.94894741243572,4.39955953270641,-41.5409936479765
"perturb_1",19140,1.7568707671744,-2.51840762612947,-2.91791263111819,-0.801096173075306,1.87459223923204,0.0449783977764598,-1.7838386381721,-0.250485983824149,0.625662967177129,1.70818664784012,2.16399957596392,5.31581932305386,-40.4511143389797
"perturb_1",19160,1.84381607258263,-2.59838387768101,-2.90858631477374,-0.856256062118004,2.19969476800459,-0.108060065680578,-1.74573469333031,-0.163130604903276,0.45481347867522,1.63182449682787,2.5440188591983,4.92140232790064,-38.8040273473414
"perturb_1",19180,1.64543483120958,-2.41978635470572,-2.95917500205655,-0.823526490745374,1.96597623585626,-1.52634011883447,-1.69561392469873,-0.195868044896448,0.396874235200537,1.77381519647451,2.32425728921979,4.76906955818505,-32.6839746676208
"perturb_1",19200,1.40207497859185,-2.4615952697954,-2.95591096628858,-0.794623243560895,1.90309261351562,-1.79804321588174,-1.8583114859981,-0.166905776193967,0.349292818101597,1.57942014385512,2.60873637079775,4.38429520787503,-32.861449792114
"perturb_1",19220,1.81015752761483,-2.51203749150624,-3.01626450513894,-0.778457767263408,1.90536632437182,-2.15358142854433,-1.69811422891102,0.0798451944119795,0.280665727735399,1.87857578924419,2.62057910586082,4.20516528221575,-37.3758973890974
"perturb_1",19240,1.92445115117523,-2.5833153761388,-2.88696715338269,-0.805131986836087,2.0127319467219,-1.18729393211526,-1.743112818513,-0.0256946537940772,0.25853416161205,1.72841341659334,2.72347974866453,4.27793026550488,-36.0571420777946
"perturb_1",19260,2.09847647055362,-2.58760359971061,-2.89995597080818,-0.788490398529586,1.96828171457145,-1.70080332261737,-1.89772901086808,-0.0596654016380953,0.283627350661787,1.73038966676639,2.66277914281091,4.44304244881691,-35.988013093894
"perturb_1",19280,1.97954891719834,-2.53528922352119,-2.9658214259787,-0.772843465005863,1.89874194009919,-2.16168876874319,-1.90154968335078,0.00745430963172301,0.272595611903737,1.70435012154457,2.70795496776882,4.46112376205005,-33.7289112037834
"perturb_1",19300,1.61656512918668,-2.458282914916,-3.01055274522592,-0.734762162168632,1.8707765676164,-1.93435777551469,-1.93250859415585,-0.161365431940208,0.212960106565983,1.86355153517772,2.5349031450453,4.33847849371926,-33.5453243965006
"perturb_1",19320,1.70945713768083,-2.48145943005319,-3.00242915416712,-0.720894824640074,1.80944909417753,-2.07563130870142,-1.9671812672419,-0.141668591943541,0.186578578032846,1.79807183331689,2.59159694831211,4.41960298648734,-33.8838067081659
"perturb_1",19340,1.39718086773804,-2.45184607428886,-3.04525053860181,-0.734789166889899,1.86664068108496,-2.10337116279445,-1.9606422543131,-0.067873345922808,0.177407733453618,1.68153862469636,2.48060572659297,4.42609272499821,-35.6616448833835
"perturb_1",19360,1.48503418399534,-2.51065628355907,-3.03119384764551,-0.785109368812477,2.11714152777212,-1.90471105531509,-1.83478131065911,0.121743745456671,0.116785363136845,1.52451408122949,2.84068899867149,4.16304935765758,-36.9506257141271
"perturb_1",19380,1.19240077300143,-2.48020274431145,-2.95847856956579,-0.831341735687204,2.07217162865532,-1.82139519484707,-1.82142258709193,-0.104863129917301,0.471149035950343,1.28178842473537,2.89262319559271,3.70742505419745,-39.9047130908045
"perturb_1",19400,1.34230113507037,-2.42580723998501,-3.09626601435599,-0.766569507285634,2.06331443555355,-1.53367510936474,-1.80880278056482,-0.0560053526620884,0.106287315832279,1.53176963713738,2.71976967559523,4.59824062786185,-35.6668051136784
"perturb_1",19420,1.55513588619458,-2.46709045429173,-3.11822808501053,-0.729823815564488,2.01223833570558,-1.55794942328447,-1.65312707371553,0.007032752373318,-0.23445425791947,1.88858251448284,2.38908467926698,4.96397282515703,-35.3620821274961
"perturb_1",19440,1.43683560659754,-2.43868124631536,-3.08744853171535,-0.787565945761236,1.94138329365495,-1.0563242694509,-1.61399487160517,0.173595559990983,-0.0374342955313451,1.76971103707467,2.33228287440408,4.81329889669255,-36.6925674932929
"perturb_1",19460,1.56106494957676,-2.56070146704809,-3.02566995029765,-0.810933534266894,1.93240177181934,-1.5428438480971,-1.63296866854569,0.160770057648988,-0.409767662202688,1.92329477224893,2.29441409728397,5.00747044367991,-38.2815039633814
"perturb_1",19480,1.40270887910701,-2.6665677775727,-2.89356981464491,-0.809651467548094,1.72489242194227,-1.38944654703328,-1.77165403456644,0.0112099139929154,-0.286667189832625,1.9266270792347,2.58673907526936,4.22254358784521,-40.1789037012634
"perturb_1",19500,1.56446799740105,-2.63426986934123,-2.88164031530468,-0.746621222613227,1.74436989836538,-1.6416393300975,-1.84939149385124,-0.170574951724002,0.15509264304165,2.00091264082585,2.51688723006558,4.27036148842191,-35.5887395725403
"perturb_1",19520,1.6367924569067,-2.63200262245483,-2.89881737502606,-0.737087593977256,1.63200966873822,-0.27295312391869,-1.83804567669757,-0.25365628348861,0.2658211943747,1.76027564395163,2.45767678569428,4.45664940998659,-38.4210990896247
"perturb_1",19540,1.41077447195878,-2.53879352993597,-2.86626764867397,-0.882041659255802,1.88451472784095,-1.10259656583396,-1.74922769097243,-0.0763212862500329,0.262425732785822,1.36208368918831,2.8586638593764,4.59158986186019,-36.217421144923
"perturb_1",19560,1.03237010336105,-2.48792347460558,-2.91415831203441,-0.820688712194585,1.8809105611267,-1.76384359339316,-1.77246855955242,-0.137685471343648,0.175359620896768,1.56663778430105,2.66443196131303,4.90667240130907,-36.9655399672669
"perturb_1",19580,1.43509319277753,-2.5346992609822,-2.92121370656626,-0.869436037744637,2.0799222043004,-1.26304685111214,-1.64965764285006,-0.0921780131471053,-0.134519274000076,1.46425492764822,2.52541083074329,4.79975342928798,-39.6743969894522
"perturb_1",19600,1.39080310811339,-2.55790109694614,-2.90881085210354,-0.811927859032102,1.93449188091333,-2.21053964954253,-1.67422211833339,-0.185952791624343,-0.0876232923459286,1.86464089980868,2.5308664213313,4.101276861836,-39.1151644018932
"perturb_1",19620,1.26495563283064,-2.51731256888302,-3.00313071884001,-0.734483924514579,1.83828564670399,-1.69075667955338,-1.75773181843337,-0.091992693094466,-0.206100008616156,1.80627511272572,2.6033968031184,4.62268117124025,-34.969582827802
"perturb_1",19640,1.81599011708073,-2.51330145976245,-2.96996386599241,-0.75205275235917,1.76493112908401,-1.51529711921665,-1.86542705368429,-0.125069677844564,0.0093763338407789,1.7958324845649,2.37517437574278,4.89671592574555,-32.6298012499524
"perturb_1",19660,1.79218284616373,-2.4932221975563,-3.01002280506363,-0.73213596903333,1.6157836740392,-0.901689783008423,-1.78596542425327,0.024963358497088,0.162161884185065,2.01751959303922,2.0392365210798,4.79379521450763,-32.6607499557652
"perturb_1",19680,1.70445697542857,-2.49691656491379,-2.99864729954128,-0.745377828706604,1.80457541082807,-1.55828976475768,-1.71437305943233,-0.0268543889871264,0.128910152763539,2.04360670114309,2.35143540329377,4.77517861055479,-32.2202185254098
"perturb_1",19700,2.06484382303833,-2.64183744709233,-2.88146297812566,-0.818303714622441,1.94297791702678,-1.77760443975526,-1.72098521609128,-0.0795924224719311,0.11328770611628,1.65501418758544,2.73755666285554,4.68215558163616,-33.1182168596237
"perturb_1",19720,1.85485895535584,-2.49943344815917,-3.0038062256313,-0.738165502591484,1.70297288282465,-1.25769574595238,-1.57826287466671,-0.0329679419397414,0.265954815193639,1.79749852195334,2.44776575392359,4.44174577364212,-33.3755237772386
"perturb_1",19740,1.92700544005871,-2.44548939718992,-3.00261203556763,-0.792898385614139,1.87898440505529,-1.20563001523416,-1.58677016742331,-0.0935192741787732,0.190354017709999,1.79509891859693,2.66594329950861,4.48246337045805,-33.7335221819142
"perturb_1",19760,1.94622095426141,-2.63773383576207,-2.87947008566327,-0.871487254189172,1.93573098022665,-1.67256326434367,-1.61654991297688,0.0816101130351203,0.0258355883346984,1.73490916748744,2.62909862193234,4.69991240194682,-35.2371850998343
"perturb_1",19780,2.08208891653328,-2.66024860471869,-2.92331860714329,-0.785825830025387,1.71713654650285,-1.87980809738201,-1.81136688537528,-0.00836101432142587,-0.172004710011364,1.85118878087503,2.39055150352689,4.69953808923007,-35.9355448347299
"perturb_1",19800,1.4279239687212,-2.49868626774899,-3.02560754865616,-0.814216197932952,1.75409449038127,-1.16848566000757,-1.70516634827675,0.215521958229579,-0.347714013066328,1.87407685564292,2.31809940832799,4.79728879652383,-37.4981597498486
"perturb_1",19820,1.49269760421459,-2.46079957586707,-3.01247683855204,-0.809202611776207,2.01703381513983,-0.512609665470949,-1.86189107707503,0.0369937761556987,0.0185492756210012,1.60039281648574,2.76733405448245,4.37556819184949,-34.3725560282449
"perturb_1",19840,1.63453316125306,-2.46654364798128,-3.02407401111778,-0.750559974528717,2.04556934384375,-0.869154604070188,-1.82842909054783,-0.0991481974082846,0.0211592475142616,1.70972157504018,3.08753278879886,4.57205479645038,-34.2123357856547
"perturb_1",19860,1.74288894164658,-2.60030591883236,-2.91540352638123,-0.764906752806194,1.80272577344034,-0.75549240386794,-1.86662228620554,-0.112112175773081,0.17484594481307,1.87406242635984,2.60409888319353,4.15056444059069,-33.4753442051977
"perturb_1",19880,1.67022873779296,-2.56266518860967,-2.9509026188887,-0.745478207292169,1.87047918679746,-0.844208024226559,-1.84761863880865,-0.20240135170724,0.252802637655934,1.74612369059503,2.74221853423915,4.33029847881234,-33.0077068262467
"perturb_1",19900,1.7552279304742,-2.61767786599575,-2.92722486935952,-0.738330158618637,1.88062731382278,-1.050161957341,-1.72371431183207,-0.125054003141442,0.318699150643497,1.8550015076919,2.57084381757687,4.79316498550322,-32.1628894585466
"perturb_1",19920,1.64226945258742,-2.5348102020678,-2.98705895979866,-0.665666995551888,1.65388486676084,-1.40501204750861,-1.79521240330716,-0.106777388583746,0.40142210848915,1.96918444894854,2.56860115326048,4.57387024476733,-35.3635057463319
"perturb_1",19940,1.89651934117928,-2.60977246424137,-2.97125847076801,-0.707957535164001,1.99521114882022,-0.492818354330411,-1.73590589261833,-0.162121643651742,0.344832113823339,1.56383204800724,3.16290013122635,4.17772631668196,-39.2420166596097
"perturb_1",19960,1.89256001699969,-2.58241262768862,-2.9437268277737,-0.74730303765667,1.99139518126611,-0.171802493112993,-1.86961720009573,-0.220078729322738,0.312553220913885,1.63215932469215,2.89258122102313,4.47943031152546,-35.3177472439658
"perturb_1",19980,2.08505357676174,-2.64521802807789,-2.99831248464963,-0.637165922846712,1.77041556629366,-1.01375132765835,-1.77292059522531,-0.240410491808614,0.128381800428041,1.90194591064327,2.67741311225661,4.7959787490836,-38.6461742237314
"perturb_1",20000,1.98128691919925,-2.56766119443174,-2.97263670283481,-0.733303950994333,1.80194111301746,-0.340329065205849,-1.93262721886355,-0.177820398307141,0.285679362286106,1.30882907206296,2.68362832336578,4.88794273060326,-41.602515935523
"perturb_1",20020,1.94380135133701,-2.46217830143646,-3.08267279231678,-0.789424939840268,2.17978997822732,-2.00702382780449,-1.8302641000323,-0.0437768941856944,0.194902856703536,1.21141078186525,2.60099719704337,4.67917837166757,-40.7864670496044
"perturb_1",20040,1.35709507026928,-2.35312274765755,-3.09552676595646,-0.778427328716303,2.12455984274543,-1.20477841061813,-1.85966469954836,-0.191932815162008,0.163002009018323,1.6174904800512,2.70249316040109,4.67520423784951,-36.5994125701908
"perturb_1",20060,1.7894674061557,-2.48767628436703,-2.9713154751846,-0.802110841139911,2.14467868004508,-2.25864362616666,-1.82714514818363,-0.176932906035243,0.146994903126735,1.79565733113661,2.54574712957124,4.95588016950755,-34.8822154254934
"perturb_1",20080,2.03820208479075,-2.55348015011127,-3.04694843364134,-0.756081047615437,2.1486337650886,-0.80322785536852,-1.81303951097664,-0.082355974276842,-0.0365784959521272,1.94364630919627,2.60840208977103,5.00292839624859,-37.1954023072839
"perturb_1",20100,1.99652182786237,-2.59186244361884,-2.99044436959709,-0.792636818371049,1.96993940306957,-1.49561354161225,-1.73006769978551,-0.0480978942113393,0.18500130344276,1.49420133574787,2.84335792688572,4.30462332408504,-35.5933944884097
"perturb_1",20120,2.03746410796131,-2.63644260666251,-2.86685184235138,-0.834831716591846,1.94102939826385,-1.18592159264954,-1.83933247504243,-0.214597114717937,0.29627292642519,1.60250174854598,2.6450664030709,4.34768209445286,-33.6395894447606
"perturb_1",20140,1.8831008929605,-2.57273569754496,-2.93671255846679,-0.816284598774628,2.01530799329962,-0.610112144699176,-1.83216821115441,-0.0678265817025488,0.332975015425571,1.65074345416075,2.61532133253053,4.23402978451335,-33.6835805878045
"perturb_1",20160,1.82406368447591,-2.5078133727583,-2.9603632489526,-0.79653293395956,2.05172153643952,-1.64412149891276,-1.80155093201795,-0.208909412742636,0.363363793818373,1.53546797514692,2.59995082757146,4.75150998485146,-31.4687017952929
"perturb_1",20180,1.95522968291602,-2.52688346452322,-2.94413848245484,-0.819250440358055,2.12731971364629,-1.59466427121885,-2.00793626482855,-0.149878530651408,0.273756319648366,1.45562764047484,2.80851285055545,4.92998845562293,-34.8267085045203
"perturb_1",20200,1.62086449503683,-2.40167158001632,-3.05012579103796,-0.683330386071672,1.82948279639957,-1.65516280692739,-1.86512354490777,-0.245254873951615,0.348583285231022,1.60617814310028,2.33618665929704,4.69488657513837,-36.7591862570223
"perturb_1",20220,1.64264319235052,-2.43566347691042,-3.12270070087994,-0.67087639458391,1.90875194174377,-0.882919343661005,-1.77325693107989,-0.122780427089235,0.111581294216232,1.78337971861282,2.43285236738743,4.27669573062596,-36.0748261324435
"perturb_1",20240,1.79637761354275,-2.53326637686804,-3.02733313479408,-0.737543971868307,2.07827696895121,-1.87783108448044,-1.77386449567441,-0.0396670365407819,0.170016039699601,1.39316351518854,2.78903357868004,4.5965093343904,-33.6279811694564
"perturb_1",20260,1.75212629077537,-2.46271405436424,-3.05965932580337,-0.715336732027305,1.90410713938983,-1.20417349901232,-1.87680327688155,-0.16664305050381,-0.148780962157909,1.51636680657217,2.54145703124995,4.71799019198374,-39.6445761854772
"perturb_1",20280,1.87682883498798,-2.53426594670794,-2.93236127640468,-0.778173111376239,1.88839878081992,-0.173901972477291,-1.8281941456623,-0.280349927100637,0.277429138736264,1.64679337871352,2.2318214451614,4.79900404285715,-36.5524631846301
"perturb_1",20300,1.57334671800756,-2.46806035546693,-2.98540363385984,-0.770676263842129,1.92473022540537,-0.58254031949343,-1.78342744504706,-0.00990816986883351,0.359266680238342,1.71384670124564,2.56425101376459,4.79653501016783,-31.4894866751921
"perturb_1",20320,1.66335227519292,-2.47507371982009,-2.99491955088951,-0.72412670677637,1.98691815332664,-0.38569878082425,-1.96396634792376,-0.143872897348233,0.431028053540138,1.67966882057663,2.79333367007061,4.73718910886679,-34.8119377796015
"perturb_1",20340,1.85070277204869,-2.60349704543158,-2.89192670459296,-0.779786452762241,1.87866717294563,-1.09773546739114,-1.83725641476879,-0.223389723364296,0.453383738653501,1.63219398559253,2.48743671019949,4.48440133303536,-32.3615712740138
"perturb_1",20360,1.8534086638497,-2.49160843731275,-2.94202769847926,-0.807587418111831,1.82594180057352,-1.20521789306171,-1.79315173381578,-0.231263523790627,0.518574676140329,1.75423017878217,2.28367725522575,4.66542264849304,-33.1025135047743
"perturb_1",20380,1.79468196815793,-2.393559806183,-3.07619370831368,-0.777768079340062,1.92931801206903,-0.801467485360916,-1.82150477856297,-0.0411206224137911,0.236128162772583,1.9039019290594,2.31516540980307,4.66119185688676,-34.1585745403989
"perturb_1",20400,1.54747733414945,-2.48616639451077,-3.04855422976425,-0.682705334905823,1.94048994255269,-0.588934922189802,-1.91645536556718,-0.227618964640027,0.133690707392778,1.63082947716446,2.80949794285904,4.94071600236595,-37.0722275447064
"perturb_1",20420,1.93043954647318,-2.42147934008888,-2.91514161103997,-0.812971663571609,1.79481603863866,-2.43369829745766,-1.93773606898633,-0.164259556876347,0.643617245455701,1.89930722225729,2.27331677031268,4.93381579084952,-42.084626846223
"perturb_1",20440,1.61562184062721,-2.48230034824174,-2.8498885999198,-0.873864357985177,1.96446547751097,-1.82299689377904,-1.94220925704278,-0.246393379252533,0.503333046554047,1.75129145586326,2.52883801619257,4.77351323074593,-35.0397251589289
"perturb_1",20460,1.8426280727155,-2.49646210413887,-2.86412575415322,-0.863431953189338,1.87593828051612,-2.13087775927446,-1.8634439233971,-0.130336125987694,0.207792621819612,1.71612616194205,2.73921617813768,4.49725730693147,-36.9288208600344
"perturb_1",20480,1.8043444229018,-2.58703116033044,-2.86795430697707,-0.895034718869356,2.16062485278066,-2.05671070746091,-1.80847917656285,0.0509477174743726,0.218981314359588,1.72261407366985,3.04309347644939,4.65083834630294,-37.9729382082447
"perturb_1",20500,1.92147580092464,-2.5777286887166,-2.89943636878208,-0.884592251338978,2.07874399150923,-1.90969437578165,-1.81145256358672,0.0838826938694961,0.10181782116817,1.73846623566909,3.06240712804283,4.63564936870111,-37.4836903104445
"perturb_1",20520,1.94236408008849,-2.48988811675504,-3.02501003345139,-0.78083207144429,2.16107375690566,-2.42674494335792,-1.70081362491713,-0.0893078639465866,0.0566794575857049,1.77750438768237,3.05885547663783,4.536793265309,-38.1174576660149
"perturb_1",20540,1.60975419297197,-2.37511818735015,-3.09570619738189,-0.762706163976031,2.03660272855983,-1.7260449266703,-1.76054651640637,-0.0506352660208379,0.0145894763051358,1.93417150603957,2.76790305769348,4.45601471597012,-35.8224853311647
"perturb_1",20560,1.62924672318051,-2.4445788029011,-2.90942056703854,-0.834513382301099,1.97641544832588,-1.85432088875087,-1.74070375527471,-0.124068529618801,0.502157321652657,1.7389858241464,2.79701199319137,3.98905390964055,-37.0369264411753
"perturb_1",20580,1.75110079063732,-2.41091615196767,-2.9905904641916,-0.876551750380807,1.94747013714945,-1.0544496338502,-1.84231500454708,-0.0564503901074736,0.224105104191684,1.96691663132474,1.94757046852195,4.10453865595526,-42.1574066365397
"perturb_1",20600,1.73658045967531,-2.36074911366232,-3.1122521706765,-0.765368321136596,1.97747244744299,-1.79920271482635,-1.82353296228864,-0.0597680754945045,0.187110932305058,2.03391248368752,2.07397086434552,4.19729261264794,-42.5579202972484
"perturb_1",20620,1.84234766491469,-2.65203864094919,-2.82018089218228,-0.8896946225948,1.94055084876518,-1.06023139580047,-1.98013159532319,-0.0711904729081346,0.121681927738151,1.98712629170265,2.6231926700938,4.31220385361966,-39.2207218195985
"perturb_1",20640,1.76365927957976,-2.61044591297637,-2.90584166047329,-0.784242701101363,1.85716170754861,-0.929382065706302,-1.85475374407437,0.0067800477013073,0.246193991079314,2.00243924721834,2.73506154344867,4.39373465760736,-36.2423016667019
"perturb_1",20660,1.68008229346688,-2.54483686149532,-2.9505747936138,-0.707928611389532,1.76205895726419,-1.50971052450202,-1.81284028065484,-0.183283924225195,0.288259377231887,1.84447827966063,2.58257847668708,4.60393340874202,-31.4479106553011
"perturb_1",20680,1.84435718410607,-2.51135631487582,-3.12368882025588,-0.76319306181662,2.02469881379982,-1.23433772554441,-1.68434469352497,0.128440786464079,-0.400656332594639,1.7295987915243,2.65632118678364,4.63846260865594,-34.8616575291293
"perturb_1",20700,1.83948944286649,-2.506712953459,-3.11170707000243,-0.70781640395484,1.8241106600149,-1.25459491870081,-1.81773753477452,0.0396784047076334,-0.238313395708785,1.89364861633199,2.4531119134447,4.93508018280334,-33.4087835745522
"perturb_1",20720,1.82108199947265,-2.46703071098322,-3.1338212148801,-0.739399297645201,2.08448824720198,-1.26384800856764,-1.75105494751663,0.0517815392116545,-0.0723675558748972,1.52558602187076,2.74622871120248,4.82137069970322,-33.7680714130366
"perturb_1",20740,1.91844252842684,-2.49931456432201,-3.07761205107086,-0.7946430027039,1.96789151288911,-1.58502529513792,-1.7798112861629,0.0964495074193008,-0.057705132387565,1.63832105357494,2.71400344011035,4.59981370644935,-34.0161916741702
"perturb_1",20760,1.62772559288667,-2.52228115915115,-2.94940706704594,-0.713840568923603,1.70795066634012,-1.39743745201524,-1.89981661324918,-0.318999250723269,0.404808495802373,1.59783843819185,2.42308502036963,4.85933078290569,-36.6651409157638
"perturb_1",20780,1.42274175006926,-2.52548521695815,-2.89517536116444,-0.78905747816373,1.83848920231381,-1.29060208981253,-1.77477715220246,-0.224714848633557,0.320322911098505,1.88927280957969,2.33612782805516,4.46357999782399,-32.5792152427158
"perturb_1",20800,1.69599560086942,-2.57577921215129,-2.91571403620994,-0.727326532858002,1.82240246309926,-1.22106622471943,-1.89705803072411,-0.174011489131681,0.44785844031812,1.76709031919214,2.51405051813922,4.5586273390432,-32.619822768539
"perturb_1",20820,1.67166770916237,-2.51083928067168,-2.99212620476587,-0.685498891859544,1.88548337972406,-1.30988565393208,-1.7861023439082,-0.26860493560795,0.418528457691137,1.79645840663876,2.47201824936809,5.06870811413804,-34.2546219107288
"perturb_1",20840,1.61532053578947,-2.52404485647681,-2.95004959460725,-0.75612067312531,1.90963637149289,-0.578399321078145,-1.78128794996656,-0.123852525907521,0.357612118243993,1.32653478214399,2.86506739739451,4.79151568350435,-34.7041470872883
"perturb_1",20860,1.8574925621479,-2.46601252697756,-3.06135635204573,-0.777094850456041,1.90987842378342,-0.797756898275578,-1.7805215745603,0.0727524661967685,0.0521613821060923,1.51515268464613,2.79823270039316,4.47873122945303,-33.9349570711172
"perturb_1",20880,1.89103313179072,-2.49140716232503,-3.0673769782716,-0.779639989238951,2.07754554582104,-1.60884357561087,-1.90893138268832,0.0933017854114881,-0.0322737452805658,1.39531701500391,2.92151499777253,4.36356375532982,-36.3180155928476
"perturb_1",20900,1.6805997284556,-2.55149639978006,-3.03051999200135,-0.711529095496777,1.73780700795529,-1.12212984225582,-1.81912459437708,0.0971857324975368,-0.0030813381600485,1.80031901172668,2.74566464742146,4.2361725910005,-35.0991755108425
"perturb_1",20920,1.75613014456403,-2.51440561919253,-2.90146379816598,-0.847198721699132,2.11196850895287,-1.38765827888228,-1.86199985268175,-0.0864645453311839,0.320238341308968,1.65870131498216,3.14737117538783,3.9751299539484,-37.6337705337442
"perturb_1",20940,1.6695163569762,-2.58047500976336,-2.90820077316835,-0.748969554391643,1.72293028871261,-1.12477846812285,-1.81872852991621,-0.16950147763636,0.000802372859628031,1.82208100890093,2.82557155323478,3.89608260029837,-37.3961208232128
"perturb_1",20960,1.85267814207507,-2.49072032025464,-3.0010582257852,-0.741501280817965,1.86128133773363,-1.19492563224202,-1.6638570049942,-0.341291263649256,0.0426918533202703,1.97409711176676,2.66442878402668,4.3071033854966,-37.7648846358412
"perturb_1",20980,2.06541346583438,-2.51282847772218,-3.07488575314594,-0.732981434885982,2.03266250601876,-1.9032421820409,-1.64260755002634,-0.0110386155303081,0.149801352012112,1.65619493030542,2.76793688723001,4.95525764656989,-35.2338258369892
"perturb_1",21000,1.79633145608226,-2.50913023315327,-3.12248913625573,-0.690880443738652,1.98093453421901,-1.5869858232713,-1.65138475258244,0.0225398023554454,-0.0656549253843208,1.80595249252531,2.34253542263505,4.77881281481372,-35.6532042133519
"perturb_1",21020,1.64010332413038,-2.47971579102496,-3.04114858818632,-0.778964105297177,2.13452743078033,-1.14732553239302,-1.61359249131251,-0.0960621877401715,0.0737456880346831,1.80888871230291,2.79154211604798,4.89983672906054,-35.0147705536095
"perturb_1",21040,1.36879859479005,-2.49706210180367,-2.97154371400116,-0.784413612973801,1.88502542864355,-1.60296484984466,-1.7436564514391,-0.0807929158192003,0.10640006899357,1.82745218887294,2.52372547887584,4.92788429906161,-32.2943486246388
"perturb_1",21060,1.8676766041753,-2.46256935182983,-3.00705400774613,-0.726843994379856,1.65581731219025,-0.776086057621103,-1.65309668349156,-0.0438915771485932,0.183799183350358,2.02826121830816,2.27858953553392,4.82076868553277,-34.4141107262736
"perturb_1",21080,1.58210528748233,-2.45459825622975,-2.91990780098037,-0.882796997895495,2.02043592871795,-0.382054648422793,-1.87543697636789,-0.0640681838528626,0.278423635599888,1.64536940021582,3.0436619235054,4.79730779683197,-37.1284726709425
"perturb_1",21100,1.28547933698174,-2.38035026702264,-2.99696323127529,-0.878309078392167,2.13019019689786,-1.16854501497288,-1.92770072038744,-0.0403854673108898,0.0676325297477423,1.56728267944672,3.01702055587319,4.65570290080833,-37.9062158801509
"perturb_1",21120,1.43013655208537,-2.35518663959308,-2.9765707365956,-0.854464324952812,1.94503748165609,-1.372244301636,-1.83809669312628,-0.117163214482979,0.565176077569778,1.58063755583885,2.32061287038657,4.65380596428714,-36.443368263541
"perturb_1",21140,1.45890777805283,-2.5282169761869,-2.88817076275847,-0.765333150714858,1.83474219881976,-1.67426202637594,-1.59679540147061,-0.0317004062769883,0.55043549347682,1.88006535233543,2.45610397306788,4.83024593835034,-38.7131594929844
"perturb_1",21160,1.79080841953591,-2.54035827837144,-2.9867593417903,-0.731294703388213,1.97616603806349,-0.586649786726838,-1.87013793244069,-0.0384302030479655,-0.0893032493714475,1.94435730368833,3.00286247293801,4.76162976215948,-37.9349190799005
"perturb_1",21180,1.98718401558598,-2.55330826308923,-2.99013408044728,-0.703037660539232,1.95684881126575,-0.670226526155005,-1.62291059363717,-0.050565142185659,0.537807144126047,1.41370348622107,2.80051188708017,4.72090748708514,-37.2600471751425
"perturb_1",21200,1.94139409022033,-2.68817904825378,-2.94388545009169,-0.748077781029422,1.83276344028113,-0.609525143091939,-1.86646889160716,0.115953911956643,0.110062816487152,1.54799682575299,2.77109629138023,4.76621884941809,-38.7217855207207
"perturb_1",21220,1.39849212145491,-2.5385833781565,-2.85320753189197,-0.87314895155092,2.01250810781503,-1.4551840949655,-1.74249571292574,-0.174906161983413,0.475854502695404,1.42596427747801,2.79977879135909,4.66140703799399,-32.8683340075787
"perturb_1",21240,1.359087660103,-2.53315218936025,-2.91645710082579,-0.818543106838891,1.8236912410723,-1.49812835621677,-1.99698598460251,-0.0999629964529785,0.263494924982918,1.4970680708153,2.62701822944179,4.47409858093538,-36.8874216868216
"perturb_1",21260,1.812110080689,-2.49660758961215,-2.96883232092246,-0.804951356805496,2.05555403984258,-1.41272315363629,-1.83348784733829,0.0110377553907259,0.440235923306057,1.54203964207307,2.49682411828506,4.93734848438112,-32.9826999977901
"perturb_1",21280,1.5495557144865,-2.51270671956263,-2.97538039257133,-0.754521198736744,1.91624816303082,-1.75584937730767,-1.7790076196498,-0.0983200631574344,0.426451917956647,1.69874386743793,2.41880635399603,4.84755573257679,-32.1278703263563
"perturb_1",21300,1.80934919169754,-2.55637516764905,-2.92098005334025,-0.79105422269239,1.89947487126459,-1.23923314768438,-1.93875547032864,-0.057189581571522,0.202902453465886,1.76376796492067,2.63324800101356,4.45894233574739,-31.4892576494454
"perturb_1",21320,1.82227266749982,-2.53185824921695,-2.93584567418961,-0.765148765855103,1.84116650891588,-1.67740827819814,-1.87280694233081,-0.132255744587905,0.279815570144683,1.70291132740379,2.6153983567107,4.4438843776011,-31.0817338415361
"perturb_1",21340,1.9389937922231,-2.48866826772425,-2.96528052977383,-0.767921223287346,1.99512095412915,-1.51008023233842,-1.82572328579721,-0.210801143340054,0.275506884468893,1.75211637629566,2.59641700268389,4.53926086599316,-32.2462831632962
"perturb_1",21360,1.92359672264297,-2.57709093093053,-2.95992773293025,-0.780795829192023,1.99240145463902,-1.15168605049431,-1.7428805231872,-0.0779950420885502,0.130205422663921,1.80121996314931,2.60862342719817,5.15535976677324,-32.6993487533483
"perturb_1",21380,1.64685628579051,-2.48398649839741,-3.00610702949163,-0.717277248305068,1.62540224382167,-0.726471648603354,-1.85473681429532,-0.0461011592443396,0.240274108788386,1.91288411882348,2.35486155051802,4.77971189305379,-32.3781171626451
"perturb_1",21400,1.55617803662221,-2.60305469437308,-2.95775228862017,-0.687465681779089,1.6330847490957,-1.43234366897138,-1.66271957075673,-0.0821789403148891,0.0428686347757883,1.84088548829433,2.70720717100858,4.32694859151503,-37.179568712015
"perturb_1",21420,1.81086162723478,-2.6008375662376,-2.93786777172848,-0.716067988655305,1.40520793077197,-1.19970813126871,-1.9657252788866,-0.138468065476913,0.208207176515652,1.96989175862843,2.30196931564053,4.64359977396995,-38.3142005444148
"perturb_1",21440,1.87969525247893,-2.51336610457518,-2.92577435299152,-0.737113882288934,1.1219806877627,-1.44730974776595,-1.73040315797125,-0.17493125698567,0.413932337297185,2.07935408304061,1.73324501839554,4.69414101409177,-37.3679055958732
"perturb_1",21460,1.91670740430372,-2.5896644512617,-2.82594216086395,-0.817322762390413,1.41536612481965,-1.32986702245457,-1.71477625700026,-0.0964501635261074,0.560453670467413,1.89809384887353,1.79905559164603,5.07667244709489,-38.8433711413443
"perturb_1",21480,1.93313906257741,-2.558393924881,-2.94196985205218,-0.78592847958768,2.06129131721368,-1.55868520751481,-1.70502775050869,-0.276635957755924,-0.0118530967628659,1.66963885448363,2.75813749159571,4.55282655751981,-35.2241706869219
"perturb_1",21500,1.69607310964275,-2.51062895308125,-2.91334046710178,-0.839297439348494,2.06808591303027,-1.36584025867369,-1.73354758424654,-0.105041198698464,0.149877080198198,1.81528598539229,2.72930648201534,4.32503848191118,-33.492413777158
"perturb_1",21520,1.75428108422211,-2.49943077296082,-2.93536253899718,-0.823702916277325,1.94038737617468,-0.764327076184208,-1.84830087384338,-0.126205087107497,0.114391378166178,1.99661851065792,2.70574158036062,4.35959734347724,-34.7876994586126
"perturb_1",21540,1.74364861011495,-2.60204751553151,-2.84264514659318,-0.84858189179471,1.88944359605444,-0.72698517136435,-1.89800723439813,-0.229739765111542,0.205139508070242,1.75731192749783,2.36797561581446,4.71468588647936,-33.9917269350487
"perturb_1",21560,1.49741977133122,-2.482612482169,-3.01725260530553,-0.804701653477384,2.22242814355846,-1.15034706248997,-1.8546321808932,-0.124067256473527,0.0812054423234065,1.45232454475817,2.98040723455855,4.62537886143826,-34.6714085005879
"perturb_1",21580,1.73744009489105,-2.50469279750397,-2.97610341981313,-0.812890780951033,1.98106661145551,-0.770614493430196,-1.89001620314442,-0.0699917874351214,0.117618393852265,1.78424984153853,2.57502887797787,4.61771609923646,-31.3275114265215
"perturb_1",21600,1.86328627231777,-2.48719321222351,-3.01377923405888,-0.767410894938917,1.89526142261194,-0.871463308496418,-1.8176579561186,-0.000355217206438468,0.251191886318403,1.72172494227446,2.53538444296989,4.43038716818865,-31.3648302548875
"perturb_1",21620,1.81225284889599,-2.54737523937097,-2.93487329574652,-0.813810534952347,2.03336133434546,-0.287131227399172,-1.64761275310118,-0.0109833249356564,0.299016947595406,1.63637526325639,2.40568385576741,4.74078429426241,-35.353140526244
"perturb_1",21640,1.86896804375734,-2.58454031707382,-2.91697942610411,-0.784346560777347,2.08800641749003,-1.24629912146206,-1.67588610463093,-0.096218421377575,0.356256526689104,1.55391320262978,2.41836256388923,4.8859387995942,-35.4502565925201
"perturb_1",21660,1.70667797738313,-2.57927643606443,-2.90725191804768,-0.807946642408249,1.92388206084481,-1.94856861028135,-1.743826725343,0.0700687912453052,0.126120125752777,1.833491165956,2.18216182736258,4.86863338265457,-35.6027801616362
"perturb_1",21680,1.50648871155063,-2.56399247914571,-2.93567938854093,-0.793921352217427,1.46493434915178,-0.659175504996665,-1.7473746871107,0.163381120320765,-0.0553387054758135,2.03782600964288,1.79880429065301,4.27235895903439,-40.2807224668582
"perturb_1",21700,1.7674990934229,-2.57186354554566,-2.89975504216793,-0.822533544220419,1.75790239584425,-0.94323545210397,-1.84776770550408,-0.126218913261184,0.253587031895175,1.74883837883021,1.99958798260326,4.41523796053653,-34.9363643499961
"perturb_1",21720,1.55251893793535,-2.46903054232549,-3.0077456079944,-0.810187367190147,1.6036755016645,-0.464703194682024,-2.008501322834,0.112643908830473,0.144755736288321,1.84075967906259,1.71428091046304,4.73245176709262,-40.4110127366376
"perturb_1",21740,1.85719832677443,-2.46005946978658,-3.03902077301231,-0.770004138423854,1.85412340380585,-1.29893633641522,-2.00347553773966,0.12129976480806,0.384571702870071,1.54857727788687,2.4339958822606,4.61583328663019,-37.2308988225145
"perturb_1",21760,1.87097082111075,-2.42487252638707,-3.1832423606383,-0.702623709290069,2.06557937439138,-1.01968366295567,-1.80428586778876,0.089291634438827,0.122792282943824,1.59291197423508,2.70709744609604,4.61317972145936,-35.7110279905046
"perturb_1",21780,2.00641742560124,-2.38024785408256,-3.09434311711684,-0.800952033852415,1.81412418015851,-1.71538327647426,-1.77710591625165,-0.0925449290899208,-0.0316057788294775,1.88664219456146,2.47389236752254,4.58715356017597,-37.6589992093182
"perturb_1",21800,1.83293671199469,-2.46037384368314,-3.10948542253797,-0.800731262364603,2.06478786096907,-1.17274272188442,-1.76923514051317,0.0974509022999935,-0.103493844129215,1.56112428879457,2.64431868325901,4.7024046283284,-34.230830703224
"perturb_1",21820,1.52047409306198,-2.4149700501989,-3.12229097263461,-0.765269564835864,1.96736351336353,-0.336964943584192,-1.79304008872963,0.0205378144982114,-9.72593499208307e-05,1.6785795074001,2.27195411853658,4.99300026099599,-37.2738647046931
"perturb_1",21840,1.32722498493133,-2.3459828638231,-3.06907541135532,-0.770095593072689,2.0255265151318,-1.06694853837076,-1.6602149589605,-0.185370914828015,0.338444805421556,1.7045622010035,2.43212759665453,4.51394460879953,-37.1253440313246
"perturb_1",21860,1.62119384840202,-2.50674888392085,-2.94265117003553,-0.835174848754851,1.90869140238436,-0.519388956141447,-1.90884599345997,-0.100075217642519,0.156843822031348,1.77786415554377,1.98857886776012,4.72573629839239,-35.9333048531307
"perturb_1",21880,1.65401716598034,-2.39054641515367,-3.06331982967048,-0.735466823547525,1.8356129613272,-1.14968363344777,-1.72640749407255,-0.207201469910302,0.192708476804321,1.8192480059542,2.4428518776359,4.73603121383918,-32.7453809032233
"perturb_1",21900,1.7851441345891,-2.53044219998068,-2.93991482890038,-0.813703010215897,2.08830640967299,-0.99056782681216,-1.79352827266201,-0.0902429343387018,0.325206345576888,1.3797107895594,2.76697683383504,4.75252150559741,-31.5135103089205
"perturb_1",21920,1.94097320567504,-2.56333542973671,-2.92209216025599,-0.802171890739134,2.00996751178516,-2.19025819134573,-1.89004800212752,-0.188967895147548,0.42256691175599,1.52868223598628,2.55208907204445,4.81976027546819,-33.8839776826026
"perturb_1",21940,1.55965386025064,-2.54413829162303,-2.93176383911015,-0.795109661185783,1.68819753677386,-1.49391751142748,-1.82910417647558,-0.108139893736486,0.316265666010251,1.75518897982533,2.27941928709064,4.80449509836136,-34.3413526024015
"perturb_1",21960,1.6484243764014,-2.47600918712925,-2.95487429890785,-0.809705470058188,1.69498919333866,-1.32211973294017,-1.71870635713148,-0.109908453488116,0.289940095948109,1.67062391110841,2.23234222489113,4.67083936919822,-33.2324226203044
"perturb_1",21980,1.47005799025138,-2.50331884179539,-2.97031699852141,-0.745788419365839,1.68462948594804,-1.3947208356719,-1.72950295090599,-0.0855341197654105,0.119149388104001,1.69979435005329,2.30926847298925,4.34648221098735,-34.1996365745238
"perturb_1",22000,1.49933761199879,-2.44136427575629,-2.99591550015451,-0.824671916263361,1.83998685633703,-0.584800746223784,-1.79604139230547,0.0205512637778026,0.333426394408368,1.79534212382133,2.36485688871473,4.787222552452,-34.9222431859095
"perturb_1",22020,1.43253973339242,-2.36529599338846,-3.05875646404584,-0.766897328786379,1.91911860896404,-0.504036326177536,-1.835413555465,-0.179696095899724,0.16947787236623,1.65517689748002,2.67012862941741,4.61959786932894,-34.9712876116578
"perturb_1",22040,1.44137119018523,-2.42752396931477,-2.99054308594777,-0.713896429857214,1.9511527106808,-0.673425145889399,-1.83402981786517,-0.336368318894381,0.386160994206582,1.8484767804002,2.63971551309806,4.60223159131935,-36.042170843604
"perturb_1",22060,1.61289844513885,-2.42493288446211,-2.9866855833288,-0.769590031910737,1.98622096088265,-0.615454733779293,-1.81609037376923,-0.183273163258421,0.2575000274906,1.81206865225929,2.79155416251054,4.64071078356296,-32.7992239551707
"perturb_1",22080,1.79867266127431,-2.4476011441142,-3.06241052313146,-0.751639667720041,2.06116394876377,-0.933820365061957,-1.62690167356201,0.00547594471593299,0.304696347757344,1.62569401928396,2.91764675878813,4.67451030319733,-34.0313825248932
"perturb_1",22100,1.81630744990127,-2.47857800113549,-2.99045758632087,-0.791906550812498,2.07846766955652,-0.622699890330579,-1.77760981318289,-0.141478908030834,0.446068822315208,1.33434060816435,2.76328921771202,4.9242063678732,-33.012737686512
"perturb_1",22120,1.82438309285427,-2.52137095996167,-2.92187339747676,-0.827757089173083,2.13581208712101,-1.29331918038755,-1.78524232270841,-0.232682666159467,0.283698421997743,1.6361681416467,2.79209701403548,4.90933319386037,-31.5297426425115
"perturb_1",22140,1.93820753423226,-2.52015217296844,-3.02835774904578,-0.748013199051105,1.98199322441543,-1.90006063324881,-1.86508241095812,0.0134255605404285,0.217114372377168,1.67203789586434,2.83914407763535,4.59654907764966,-32.7016974541159
"perturb_1",22160,2.06402697028027,-2.49028175981311,-3.05403670036457,-0.771737843164501,2.00291106250325,-1.32679883869336,-1.68186742191558,-0.00555742162170852,0.154743372634802,1.45224193532001,2.7486326519247,4.689143289164,-33.8882346065522
"perturb_1",22180,1.74164130638866,-2.45563469230804,-3.03353865301965,-0.803443156158009,2.20081997684873,-1.24331904292495,-1.76448415476256,0.0114273248402261,0.160379717848529,1.44495420866945,3.04643579258252,4.96492758396055,-33.9402900539503
"perturb_1",22200,1.63645982686354,-2.44610328176169,-2.99038773102194,-0.82710261713795,1.9831638323292,-1.19240599881867,-1.79292462167479,-0.0157927973159582,0.139743216949497,1.65513269979628,2.42736531072599,4.91744509608914,-31.800044848905
"perturb_1",22220,1.55350060815193,-2.4606444796348,-2.97512142651683,-0.77379951500116,1.88839539715671,-0.801283429843015,-1.68166310185238,-0.099330392881826,0.398904483722978,1.77234494520465,2.41292241821219,4.84871041648126,-31.4205006321142
"perturb_1",22240,1.5977438699702,-2.55579168745068,-2.85592579264247,-0.865997913329777,1.86876578320777,-0.379744436782678,-1.78618476075789,-0.0815333767860206,0.194811608006747,1.90796476621876,2.55345017569852,4.41146208239608,-34.8161080780701
"perturb_1",22260,1.59936010202808,-2.57229553307885,-2.85050134625587,-0.896807080802503,2.0801145652939,-1.58092758248232,-1.86862066182586,-0.0981348134766244,0.374435796403734,1.54209915728009,2.57557952235355,4.74880538578637,-32.8770787172719
"perturb_1",22280,1.6807668988635,-2.50727485236205,-2.99249503172339,-0.81673133630264,2.05963062105691,-1.21090595488237,-1.89314631820373,0.0898776433618867,0.222467526982985,1.54989138860646,2.82342830510665,4.59840435122581,-32.3810941085287
"perturb_1",22300,1.76215559980244,-2.48937516263995,-3.05469462923479,-0.693173339331023,1.78218585427593,-1.52568738673536,-1.78880204641743,-0.171097872930454,0.54124062974319,1.36957845932034,2.72997694153726,4.2615285206245,-40.7857479921565
"perturb_1",22320,1.74387458148456,-2.43881678387133,-3.06548658254069,-0.736822149772201,1.94728424052142,-1.37340715000675,-1.65663617649721,0.0010101576568692,0.201984378729807,1.69878604600167,2.76511495956928,4.56149897891431,-31.9863351627064
"perturb_1",22340,1.799273865422,-2.48697265061642,-2.94829551063212,-0.836532343828008,1.86842944943562,-1.61612472040079,-1.61703219990163,0.0535336854308578,0.448452575647804,1.54493310774515,2.65938032258294,4.5924017058613,-34.6262455647412
"perturb_1",22360,1.70371720722816,-2.50803465668503,-2.91715516706406,-0.814759666735741,1.96597947334402,-1.61433311813638,-1.91812050287906,-0.146890437019203,0.562105798813029,1.6302657751528,2.61260310605991,4.63832774741629,-32.2192264564458
"perturb_1",22380,1.60819775064499,-2.55128705817354,-2.85636214114072,-0.892412194683573,2.09543880723934,-1.55281103563897,-1.71159997905627,-0.0787734397956446,0.497461562949135,1.56827993670329,2.77048133076403,4.25149249014171,-34.9364897222492
"perturb_1",22400,1.3068165744202,-2.56960803635054,-2.90922031622478,-0.771060337658208,1.70126258165279,-1.3435257041866,-1.66097484719297,-0.0753887660993004,0.306127754867832,1.78469657498833,2.21566975334725,4.36134191211767,-35.1622690526359
"perturb_1",22420,1.3259824720792,-2.49532000537601,-2.89404880231162,-0.822623569911535,1.8337705080427,-1.24969856771633,-1.75784383136258,-0.0866022335205806,0.609736624569249,1.77883741556269,2.31489651523363,4.35912510891607,-35.8661123615382
"perturb_1",22440,1.36127752992844,-2.42560140059164,-3.06126711197616,-0.738557141277497,1.99925609071446,-1.4838116453206,-1.8301344982969,-0.116715415584857,0.0807153144591693,1.68701037870479,2.74089010201917,4.73490922390195,-32.3703678248027
"perturb_1",22460,1.65139882785897,-2.46369590546354,-3.03637488309091,-0.745250020512739,2.09610241273776,-1.41214200503739,-1.77306687531906,-0.0429222898499134,0.147556433602765,1.5722840362847,2.70522410099307,4.8295151742339,-31.9126230180931
"perturb_1",22480,1.63259665996234,-2.49102719049816,-3.00901578661133,-0.765409879375277,1.85097842212766,-1.85565412832505,-1.78922126161005,-0.0160624364321239,-3.26707377292651e-05,1.75339224402853,2.5784615957636,4.55913402298028,-31.244598594869
"perturb_1",22500,1.76817991150203,-2.54874367506774,-2.92470067721032,-0.791068581406094,1.8715999393731,-1.69523912017951,-1.77475373302026,-0.0717058891220322,0.0474196502892839,1.95898915649018,2.61950258751283,4.59039434201883,-31.8702042581346
"perturb_1",22520,1.94261300999997,-2.42518366181993,-2.98068945590844,-0.80554918734664,1.95074715720503,-1.20540622674115,-1.86070928147821,-0.156297487513069,0.359991763253044,1.65696773577125,2.62915897915838,4.31824091297605,-33.9845892868658
"perturb_1",22540,1.62754358244645,-2.50252136727678,-2.96032856154742,-0.737578995519975,1.88565435884538,-0.865996513735711,-1.70911051447546,-0.164415367513427,0.481474078575655,1.57962972658067,2.56299007522654,4.36285155137616,-33.1774414368923
"perturb_1",22560,1.6144495887377,-2.44253977191003,-2.99800129200623,-0.769900148764032,2.0038310099986,-1.12171763388854,-1.82031007736967,-0.0959513104065169,0.218518068414122,1.64733630423331,2.54079405720183,4.52387959757762,-32.5741622002284
"perturb_1",22580,1.93824623109581,-2.50920699271444,-2.98182696294837,-0.796859745115915,2.01724220922642,-0.357208012671517,-1.74394069033403,-0.0606575066683729,0.336147784481883,1.70325437626786,2.31068493407457,4.67735257313411,-34.5756666565851
"perturb_1",22600,1.74016787756216,-2.48488293032831,-3.05201560468863,-0.711708171635322,1.86698427401637,-1.0347210707559,-1.74769940024175,-0.0622893584832616,0.152392958843669,1.83750015435948,2.4570159087788,4.83222452097162,-30.7685436257064
"perturb_1",22620,1.84834423803452,-2.52711944255336,-2.93263785062754,-0.733133377686834,1.81310527567542,-1.0078155909925,-1.74608558263325,-0.314755970974622,0.416700705190635,1.77024535333971,2.47111296194631,4.71194483960555,-32.2948429837813
"perturb_1",22640,1.79458669872973,-2.59386194006087,-2.92178531157833,-0.752981668467161,1.86365088224452,-1.57995374761994,-1.84327769218018,-0.148277408806488,0.157474183867355,1.81019493750311,2.60441370621256,4.04336628082889,-33.5720622596981
"perturb_1",22660,1.63058743899585,-2.43682780220903,-2.93796916420401,-0.860846550890207,1.93638391247999,-2.02227913547973,-1.76137507271863,-0.109426729025636,0.37748671710447,1.69774332129619,2.67999992100136,4.23339430039973,-33.897293790498
"perturb_1",22680,1.94974259764264,-2.54136200020591,-2.90320780975923,-0.845004378762452,2.02609672726712,-1.76678402926794,-1.78400380394695,-0.160539398077012,0.20992407866924,1.67808967436849,3.14533642928617,4.46543362968396,-36.172786324774
"perturb_1",22700,1.81174266711336,-2.55167237434066,-2.94906131912879,-0.774802039295723,1.98530416985632,-0.870033469421259,-1.72297147432266,-0.129830801585574,0.281768800682025,1.63308169495294,2.74866358571861,5.06883933893497,-31.6053672217442
"perturb_1",22720,2.09263502823917,-2.48959412540017,-2.96490721201591,-0.785843695473538,2.12807796894658,-1.46930652194749,-1.99667182498907,-0.0465549685119819,0.384710198622357,1.64789151026558,3.01597393941764,4.80469774532791,-40.0465663187502
"perturb_1",22740,1.67550704972953,-2.42817964485419,-2.99261336017648,-0.710646032237215,1.65776240849706,-1.06494419572587,-1.94293908537468,-0.21420268520079,0.321241323809966,1.98556401615146,2.18222606171089,4.94016947095655,-34.826839881028
"perturb_1",22760,1.7566096781195,-2.53447418479456,-3.00686946707326,-0.71478293054584,2.0018531460666,-1.63245190165619,-1.83489414550733,-0.125665310837864,0.206908336841667,1.49012720705679,2.93380343892406,4.38031635415363,-33.0349880463639
"perturb_1",22780,1.76340495663002,-2.53714160154628,-2.96598406377375,-0.734988537624875,1.95432811535235,-1.53806817516128,-1.76370378120364,-0.149118265212487,0.275049723465578,1.53180750555308,2.73819917140795,4.58891369171484,-31.2031128691347
"perturb_1",22800,1.87317067574481,-2.57448311015945,-2.9896209392608,-0.68117642056342,2.06727728421674,-1.49920715679653,-1.79791768387201,-0.0799515785470734,0.358391358770007,1.60365675578056,2.98367710664099,4.67973904798767,-35.4412129691751
"perturb_1",22820,1.42155815249923,-2.50661701097841,-3.00533253556539,-0.739721790717312,1.79942362154533,-1.79037702598209,-1.90595235717661,0.000634161634057336,-0.274678290590192,2.01811325296612,2.58049566133647,4.41879554188263,-37.1109805860608
"perturb_1",22840,1.6457360078939,-2.57520263919151,-2.95629498805279,-0.73967752463497,1.73903317458942,-1.16206035340793,-1.8921572828779,0.12750525848261,0.113163159714393,1.76037247942544,2.3107537789598,4.85016758287639,-34.9942823200227
"perturb_1",22860,1.89794934194456,-2.4742404622361,-3.00683177934921,-0.788952361117473,1.7380339901932,-1.51533790753861,-1.87744991748083,0.00532032096349628,-0.0343463078365229,1.91261678932125,2.28123146007429,4.93445740884875,-33.5602189490778
"perturb_1",22880,1.73047582640526,-2.47087098547749,-3.01879168259522,-0.730129727627584,1.87578896468191,-1.53430107810204,-1.83266183121409,-0.0853317958427371,0.176419888156835,1.86361264873784,2.44905966290194,4.7420030565142,-30.4445572155117
"perturb_1",22900,1.77353455836369,-2.48032072352877,-2.9505918112856,-0.73521440322296,1.70459019320891,-0.512668205127941,-1.89864619224732,-0.185287817861582,0.374892843331908,1.85537025502157,2.33415267546159,4.68056448911334,-33.2745644152584
"perturb_1",22920,1.75232041808074,-2.50401407429371,-2.97996420805334,-0.71762311542873,1.56724010122673,-1.42086802254289,-1.71607959418791,-0.0430067079751468,0.311281847046633,1.95993337282992,2.17435291769247,4.70068731802262,-32.2264967126201
"perturb_1",22940,1.74848507553935,-2.43711851509998,-2.96697933955595,-0.795949238397634,1.86384008098853,-0.852754464725667,-1.72200229058021,-0.195785507902483,0.292795292490079,1.77823301888013,2.6128686987009,4.92430197914702,-32.2648490060561
"perturb_1",22960,1.46696841271219,-2.43994348559912,-2.9603501707103,-0.788937477918286,1.9688443269857,-1.0829988391043,-1.69744944445104,-0.0941800063829757,0.217438443835533,1.66806469992412,2.77688351793699,5.09401615755004,-33.4752515131618
"perturb_1",22980,1.22063474998734,-2.40522720920776,-2.92833749393142,-0.786697074925332,1.84194922001923,-1.93591574310056,-1.64841865835329,-0.262187037268631,0.447342774572973,1.82518383749947,2.586926709516,4.60166212494216,-36.3693983191418
"perturb_1",23000,1.72428341464421,-2.63484459060688,-2.89730865041998,-0.773194475468173,1.83340553110284,-0.253595002756953,-1.87835130096278,-0.120742789994434,-0.208433768167885,1.98271299528258,2.53595199441282,5.11428372944165,-38.6911396881246
"perturb_1",23020,1.58642344631578,-2.58340737135633,-2.99391898419497,-0.721646710170174,1.86272549965359,-0.501456728471133,-1.82533020312092,-0.0826735453871282,-0.252920166437007,1.82063784427801,2.4988309619497,4.78392976079327,-35.1800839215486
"perturb_1",23040,1.37014798676521,-2.51526480408898,-2.92663470574862,-0.81776034934803,1.8823274582259,-0.560145815858797,-1.72631257829034,-0.254752319338597,0.0804374569462527,1.91186936770744,2.35038909013839,4.56904026946279,-36.6145568728571
"perturb_1",23060,1.18540163065725,-2.53731207780778,-2.90032568541189,-0.790918124759436,1.9484354127274,-1.60365336415452,-1.66357444017127,-0.138223287280747,0.187889881982993,2.07863429498833,2.40596804894551,5.0403774800908,-38.315466392325
"perturb_1",23080,1.5618681271463,-2.49145626167383,-2.96199990065599,-0.69107347231394,1.60643374098614,-1.11521137500743,-1.93762395514372,-0.213273046422267,0.254803543142687,1.88785985763817,2.49591195588318,4.75525112541851,-34.9102771370065
"perturb_1",23100,1.70931204562215,-2.48254632990064,-2.96534119152526,-0.735223635420896,1.54009776066746,-0.56960007381949,-1.75086597053386,-0.177339642185827,0.205914734455249,1.7463107897527,2.31362150045747,4.83462315115512,-35.2639310871994
"perturb_1",23120,2.04632762036162,-2.61370363807312,-2.88599984308694,-0.841781761868809,1.97044657831274,-1.35985901579006,-1.56978681025617,-0.141749036761919,0.39232774013296,1.67932624989227,2.16791432317551,5.06759832163938,-37.0365478349149
"perturb_1",23140,1.9246927035902,-2.56350933574797,-3.03488071253039,-0.69778719859898,1.77158937532966,-1.89627168900325,-1.83812579017207,-0.00417052372757225,0.302015830851789,1.68325790399203,1.94971070949012,5.00841114724357,-38.9545434482698
"perturb_1",23160,1.65554492062642,-2.51097237828353,-2.95852257862158,-0.78228907502059,2.04929118773027,-1.25098851200674,-1.73017191679965,-0.130581593636576,0.333830421945433,1.64680109057368,2.51730456604122,5.00904419712883,-30.9962640326563
"perturb_1",23180,1.63635802759957,-2.5740969955539,-2.88008916297963,-0.851351881131637,1.81628074934397,-1.01491813253462,-1.73812308945974,-0.152426960586114,0.0302385917208299,1.99638048013483,2.31327368560436,4.4957059085042,-34.7423078986008
"perturb_1",23200,1.55173864552302,-2.50881834469821,-2.85782734148579,-0.907067018379964,1.95121354043821,-1.26850203248755,-1.80648621121931,-0.112167669850841,0.335216885995825,1.51691338788925,2.82234347582241,4.46296607151341,-33.0866101317839
"perturb_1",23220,1.26838780728584,-2.48456981650361,-3.03931123859563,-0.746026166922023,2.09480572703551,-0.743098129114945,-1.63359666596962,-0.0299092943958912,0.214736039819683,1.58088706847702,2.79196625478352,4.72706371619313,-35.329786219175
"perturb_1",23240,1.44540852871172,-2.43914386655543,-2.99394417494646,-0.780868047284015,2.18899170289984,-0.855458931254819,-1.78380358548642,-0.166895959703208,0.520175261043673,1.51212691040823,2.70530435701677,5.01289082669133,-35.1480833635454
"perturb_1",23260,1.33594963068887,-2.41034068535084,-3.10395269138169,-0.72688901496012,1.9170435230765,-1.03742241865487,-1.85768708971602,-0.0897119853169166,-0.0201893582635637,2.03430748220156,2.41658445396413,4.8419511421694,-35.9416046420261
"perturb_1",23280,1.60277316882977,-2.38600371936774,-3.12848732910871,-0.76064241521677,2.13580818548571,-1.54262416438419,-1.73605973173434,0.0322364062019404,-0.112663448240173,1.78012623107225,2.9009855716345,4.76123197302049,-35.8889446083404
"perturb_1",23300,1.97897001058502,-2.51649681225406,-3.01354146893427,-0.790754575733961,2.09149984024506,-1.16568429526756,-1.88542075124951,-0.0896734546968855,0.123556399474697,1.61324140107858,2.8597635849016,5.03316164559395,-33.5644964262067
"perturb_1",23320,1.96083248420778,-2.47606578361356,-2.9571907829463,-0.806083984900655,1.96169527285196,-1.56283914756751,-1.74119504649227,-0.0799401983835928,0.420868100672935,1.77040264336597,2.88366741346725,4.62879505865793,-33.7853154234975
"perturb_1",23340,2.00009323788231,-2.49964744378701,-2.99142786572708,-0.834940455342237,2.07523378575253,-1.18075497151114,-1.69512365807351,-0.0110615698127744,0.257095160792818,1.56951878666925,2.93689509645691,4.60697391922802,-32.9931433749365
"perturb_1",23360,2.14072610759838,-2.5667360347304,-2.99292708679073,-0.851720554716243,2.14562465390959,-1.20291639137241,-1.85086289952463,0.0753247998336702,-0.0439379247094949,1.68135228190597,2.92497212966938,4.72081602057784,-35.971235549946
"perturb_1",23380,1.63180481490879,-2.36881955787796,-3.12551060231201,-0.797608354651358,2.04289371820687,-1.58778597693973,-1.85115766899027,0.0669016540993909,0.0104132643781919,1.62014021992537,2.54428505577011,4.6318807544628,-35.3996115178897
"perturb_1",23400,1.46930618659846,-2.38185575152467,-3.0823761156295,-0.732883462472537,1.86160666169981,-0.812724630785063,-1.9487928539791,-0.0770213866139088,0.157721273896404,1.90089705561861,2.26988501956083,4.37274950255677,-36.6370983810178
"perturb_1",23420,1.92120633476638,-2.58469171448068,-2.88538242404497,-0.797649443815247,1.65713372442356,-1.23309229059356,-1.79133561766483,0.00658926221138268,0.192658121337692,1.80892999685281,2.32662885032785,4.25496859037202,-35.0335247192275
"perturb_1",23440,1.85860149321304,-2.65172822203373,-2.80605399977732,-0.824746007676657,1.48355105803523,-0.370553399072134,-1.73103983776842,-0.0437727998266991,0.259282664091542,1.86237028430664,2.16234310742862,4.70516286607062,-38.1496170980983
"perturb_1",23460,2.1361112907058,-2.66270075658213,-2.86249974297269,-0.791263727437971,1.67826090516227,-1.05134007624012,-1.63427137181987,-0.0261402167695044,0.289614284369211,1.76312238512193,2.4490776991571,4.57542256995221,-36.2070968255255
"perturb_1",23480,1.87866541215726,-2.56261123749996,-3.01326561909826,-0.735792367250315,1.66981729883439,-1.218866450179,-1.74301465394884,0.190738483937971,-0.0669085383876087,1.90033111592155,2.10717761334253,4.71107883837852,-36.1264539486515
"perturb_1",23500,1.74081984546338,-2.541678831811,-2.92272375514227,-0.749281218344554,1.51069274116312,-0.364797154407385,-1.74674234493327,-0.207935948316765,0.21040809349454,2.05804491029814,2.15732709014975,4.66578897298972,-34.8437229958923
"perturb_1",23520,2.18661322967008,-2.59123842630687,-2.97073994020418,-0.774865960169234,1.70257911517775,-0.377775414156278,-1.63257285274411,-0.059608039395455,0.273345242585765,1.96895632389126,2.22598314557749,4.26439048091422,-39.31636830984
"perturb_1",23540,1.94339587137352,-2.62500598928161,-2.8751243059975,-0.751058987771323,1.70323271018331,-0.306028211838123,-1.68974868243964,-0.213771768063207,0.330204907511854,1.92492678523157,2.52563913065976,4.3815935771352,-36.1951984055981
"perturb_1",23560,1.41423866678103,-2.4918389060669,-2.94429634355452,-0.75418117623165,1.75849025078876,-1.11197034441455,-1.73879811195854,-0.162041892105742,0.324908125211988,1.98371085904773,2.39736318168673,4.61710201934545,-32.3749810851737
"perturb_1",23580,1.85602072171894,-2.55894725972908,-2.92717539785467,-0.767052456247694,1.72351175579532,-0.744830457670267,-1.78716247155041,-0.0719120514828149,0.234445437722734,1.74569225890261,2.47682454946065,4.56221612202247,-31.330699127208
"perturb_1",23600,2.11003665413537,-2.46937156969054,-2.98395380775223,-0.772159114674682,1.87617367204456,-1.12519699331756,-1.77180726747773,-0.189514012371157,0.259196870329989,1.7140199262648,2.71101920372774,4.28938828576498,-34.8196638622925
"perturb_1",23620,1.92575523410338,-2.52431657881218,-2.98858362256172,-0.71666795948322,1.92105194037415,-0.829517451238753,-1.817042264138,-0.199227650718267,0.476460539050626,1.65957596561137,2.85607445531278,4.57300401946729,-33.6256847255624
"perturb_1",23640,1.92745237396337,-2.5508703984027,-2.97118368203614,-0.724762208283823,1.82862145210749,-1.52216494581509,-1.8446611126222,-0.166031122093496,0.379098027777084,1.66493303478259,2.67440149150861,4.71571296538229,-32.0323138453219
"perturb_1",23660,2.10644940279284,-2.50413694624273,-3.00611033399811,-0.771515386194964,1.86816233027787,-1.97342220287329,-1.72923380546241,-0.0317990950967384,0.276957949122998,1.7246096557678,2.39875153465676,4.673821634933,-33.5364762747639
"perturb_1",23680,1.93410837629962,-2.45446784969026,-2.95021284359643,-0.818180815015156,1.98451328794639,-1.93546487397459,-1.65023813697207,-0.162328068578487,0.414452686570115,1.62002058982467,2.54496552959185,4.59092467618546,-34.3183342093048
"perturb_1",23700,1.73085239723321,-2.36847861490617,-3.01619745204281,-0.764660912436588,1.99438650855164,-1.15168737684246,-1.67902995931926,-0.285742339860436,0.398924334058062,1.77062845289062,2.39445490499075,4.44566241032778,-37.6239720105965
"perturb_1",23720,1.68046861086913,-2.52932506544518,-2.95719749143127,-0.752272418975166,1.81788867277852,-2.2321680888522,-1.72467621126802,0.0283730383283946,0.256151656907862,1.93124493388909,2.57000930900408,4.58197595987745,-34.2615980243878
"perturb_1",23740,1.56560222313945,-2.38035809908559,-3.08383373102954,-0.681130941962591,1.73788514954685,-1.31697782528652,-1.86295460494119,-0.0228675839297535,0.349681792110319,1.88069692838283,2.04407253485399,4.68242361277888,-37.6302801129103
"perturb_1",23760,1.45188631659356,-2.3949902783485,-2.90388863090386,-0.828940974940195,1.76828578262744,-1.51367199771276,-1.76580811927756,-0.353171255080673,0.545674423835047,1.86768755224646,2.39225304610901,4.46714359424324,-37.1510557087033
"perturb_1",23780,1.88280194109215,-2.53752048639608,-2.86294068990464,-0.86583051847119,1.84048927229237,-2.54593639978682,-1.73497226182323,-0.14331379110611,0.393243776620696,1.52347626548094,2.40129525915026,4.66417099028258,-37.3206404332542
"perturb_1",23800,1.88860214695225,-2.55915046529371,-2.91708926255897,-0.755180529282982,1.49666130118946,-1.21489020763368,-1.6621510854741,-0.0390899389225293,0.549903494247976,1.61898405031288,2.32523757548139,4.58762482008089,-37.0741030783622
"perturb_1",23820,1.6101467207045,-2.58314569506922,-2.86015223084944,-0.850245238898189,1.95285154801132,-1.0817340571206,-1.9472688352705,-0.22740619447555,0.198488053347681,1.81611285423898,2.19790619938967,4.98110468149267,-35.7906949751341
"perturb_1",23840,1.42274646009184,-2.51159140536129,-3.06768973404954,-0.679270566506995,1.64939324601659,-1.0138507624954,-1.61537527438942,-0.00250621120344652,-0.138589032543416,2.10253656946762,1.76716484032501,4.9942575812176,-39.1530630537681
"perturb_1",23860,1.35590222041536,-2.49297382896773,-2.93016401539683,-0.80975687276343,1.7080206960343,-0.578880675016002,-1.8082814446796,-0.0150714232475202,-0.179957439521025,2.02631819636893,2.3882972425084,4.82717197915414,-37.4471562832138
"perturb_1",23880,1.57663021334784,-2.47711869982211,-2.90107380866918,-0.818184660649501,1.88068137911757,-1.18164463970124,-1.67710708337827,-0.148959072976106,0.0472507264581253,1.67293171196754,2.82310835461904,4.43248119301943,-36.9721276763782
"perturb_1",23900,1.65196524078049,-2.49868507222045,-2.96758589321695,-0.801087867005461,2.00859438741907,-1.80311960373561,-1.8835492648743,0.0220289382368267,0.0894486597866652,1.71481635415938,2.87010331043552,4.87119163118087,-32.6528953517968
"perturb_1",23920,1.83809766320002,-2.52697422541334,-2.97395431563989,-0.789404236703918,2.06423721686516,-2.06277514459925,-1.79010906624335,0.00652668807379308,0.0538868531376319,1.67920457658233,2.91418225562186,4.91048293021971,-33.2283807410537
"perturb_1",23940,1.78728401649221,-2.53046067586208,-2.95302789317504,-0.81760253516583,1.97669142976085,-2.01386068410509,-1.84277361046509,-0.0993755235602197,0.149027412815599,1.67022392333832,2.9195363231799,4.54940125959749,-33.2528622767234
"perturb_1",23960,1.27448724997663,-2.53343245856023,-2.88973666581304,-0.858640282247215,1.97791864681107,-1.39755658122731,-1.65556529281627,-0.0636271350736107,0.218689262534845,1.65780346052294,2.77079169789735,4.28128355975472,-34.2323504872034
"perturb_1",23980,1.9140066393464,-2.49150354013546,-2.9484103269775,-0.846796841239569,1.96471980648246,-1.03187410165275,-1.93082118926171,-0.115495081938106,0.410546179384977,1.50957077309079,2.82690631933184,4.10876030048684,-34.6405869009708
"perturb_1",24000,1.65561528300216,-2.47404240790692,-2.99584445944699,-0.859421056478161,2.14401341969251,-0.907576738228838,-1.66610288621898,-0.0425381401805192,0.299071939970587,1.47255782391006,3.10724689724742,4.00969252898677,-38.0624299777857
"perturb_1",24020,1.63088147500168,-2.57554765187024,-2.91867152115688,-0.803908322229247,2.10852210364699,-1.90962704010521,-1.7388462042741,-0.133539837575531,0.126635745444649,1.62958609349487,3.01075551068367,3.62528340770514,-37.9930509478802
"perturb_1",24040,1.65538557915374,-2.53456972530959,-2.99698868936006,-0.735616441389876,1.79224303533242,-0.678073647507607,-1.66810592836098,-0.105765068048322,0.0737293229417535,1.78970536210967,2.45050231531467,4.01350476462136,-35.2281427911083
"perturb_1",24060,1.55311377062708,-2.49726923946527,-3.02460425442941,-0.727057835592721,1.91958561875765,-1.19693752440177,-1.75375237592511,-0.133486173462466,0.141960414350865,1.9470948993038,2.6679613262061,3.72648863615923,-36.9171911274602
"perturb_1",24080,1.56684312631995,-2.47858155703753,-2.9786136130087,-0.744441584556758,1.83555745222541,-0.917321899789813,-1.82993183024644,-0.25805356083959,0.205427967906115,1.77887331826734,2.77891483454392,4.15614313681096,-34.410907136599
"perturb_1",24100,1.69289645148364,-2.58546204808721,-2.93784896670408,-0.771097050437196,1.94821386256997,-0.838868277811149,-1.93823487367688,-0.18134395745671,0.442676423484688,1.70311818591273,2.77009795304497,4.30152559557753,-36.294194322142
"perturb_1",24120,1.64101871649591,-2.51827686509712,-2.94381784492187,-0.788596238912388,2.06676512248368,-0.624153178867137,-1.91097144805873,-0.202668461838585,0.429843838607832,1.72164194691755,3.02166039257718,4.69203304601931,-36.4759553809716
"perturb_1",24140,1.97319011163636,-2.55691445171232,-2.88328784965802,-0.885212445886393,1.95507035721356,-0.97225915842394,-1.8585614336682,0.0804382599855642,0.327320360787177,1.65238613108255,2.67736487016889,4.82526770966816,-34.2867670728567
"perturb_1",24160,2.05463948119416,-2.50552914921881,-2.97668904368889,-0.787004410192113,1.67080271434861,-0.8991244924307,-1.78486123402858,-0.0289141395965473,0.312546996460617,1.68148538526811,2.12142981091521,4.72150908034296,-34.4866812332133
"perturb_1",24180,1.80058370094842,-2.56841745607694,-2.94854824935331,-0.737744371830149,1.65316084047168,-2.06402062695161,-1.97424603112111,-0.0258368876069061,0.208432200385822,1.88785536679298,2.07147118814151,4.67296857001631,-35.0910307938888
"perturb_1",24200,1.88000050032722,-2.5821417300804,-2.88500320903668,-0.808641508542825,1.77105364790978,-1.16845393190147,-1.82494777523779,-0.12835626644518,0.36904316941894,1.6999811123714,2.39677806278425,4.84570411981936,-31.2743893074311
"perturb_1",24220,1.66919166995117,-2.47592413290044,-2.90704314025942,-0.781533520877746,1.72018146566854,-1.01753343802147,-1.80221916700207,-0.313360273551018,0.463662608165319,1.74468187164442,2.0840167476706,4.62162601562402,-34.6587564748875
"perturb_1",24240,1.95230423668578,-2.60884923774746,-2.88228904424071,-0.814304594566247,1.96724242433484,-1.06920733456004,-1.8848042715569,-0.358483930886985,0.195822545590901,1.56132482364974,2.62003347284778,4.80407419829168,-37.153182846431
"perturb_1",24260,1.9505320116073,-2.63142348108795,-2.87232490611117,-0.850212818157818,2.05943008452119,-1.01177797388128,-1.6585169339716,-0.150496152447428,0.389031199125003,1.5677772205188,2.92601616381797,4.35439113010897,-33.8477782302219
"perturb_1",24280,1.79931298428976,-2.51752703572486,-2.95447125038577,-0.905523979392111,1.93481188094696,-1.25843491355654,-1.7843259900129,0.0586627514608677,-0.281118182975206,1.89178795300361,2.67161661350934,4.33690025766381,-37.981419566708
"perturb_1",24300,1.85132105770731,-2.53684053635539,-2.95731508587084,-0.874750397228384,2.11359617515157,-1.74518038577279,-1.71034272284053,-0.0452983328102615,-0.0547585742500759,1.57772201346154,2.92592265815288,4.43653021646561,-34.400902641434
"perturb_1",24320,1.89513116996643,-2.52547318777777,-2.98730346533738,-0.840995609152349,2.0069257611366,-1.05446950397745,-1.67495018825455,0.066824689094797,0.140076658628095,1.37894226369219,2.87359476450491,4.530681376419,-34.1247626509882
"perturb_1",24340,1.89937692191373,-2.58139957280644,-2.88560220299583,-0.84717118367097,1.89665728130406,-1.00700077014624,-1.77334505067804,-0.0797327656430911,0.236516564019614,1.52152281717893,2.74855057839489,4.60957541566219,-32.0647056266318
"perturb_1",24360,1.96104149977085,-2.55230821750752,-2.93770541667817,-0.849797710488054,2.02608161293163,-2.11270410933975,-1.7884779339858,-0.0515882565725924,0.152370016071954,1.56104894655754,2.5724914184673,4.73909949639137,-33.1781003596552
"perturb_1",24380,1.6094859497834,-2.48819696720815,-2.9934002040281,-0.762680967405816,2.1172871768507,-1.39769607145936,-1.7447834062179,-0.196675833585268,0.0741735997109106,1.53812534347809,2.88383035625999,4.72299527161809,-32.8054619941052
"perturb_1",24400,1.52802649994889,-2.42571456213581,-2.99785030243652,-0.780157981997322,2.0517841991943,-0.721250383669229,-1.7430721802224,-0.276257932854499,0.22042697252597,1.79420072518082,2.51113936147792,4.76303002673596,-33.943292052202
"perturb_1",24420,1.68008272582098,-2.55451506217603,-2.91412705877975,-0.79234930981801,1.80388591874397,-0.876795084678548,-1.80995367582127,-0.0264761692741232,0.106577526527667,1.90115498437272,2.32614977621263,4.53093359106044,-31.9438959536087
"perturb_1",24440,1.63227767866677,-2.58230685500213,-2.92610414865057,-0.749006069877654,1.7955561405904,-1.2396635003817,-1.64746770142972,-0.0807124209798204,0.0545055371706506,1.84769212823866,2.37941455973968,4.38377550199634,-33.6777118474716
"perturb_1",24460,1.67365121587911,-2.51569012317654,-3.01033691742549,-0.756101929303273,1.98075945381266,-0.877905852955697,-1.63959333489313,0.0937132764924968,-0.0969298539106055,1.72396064274104,2.52126909967102,4.86635873807621,-35.6466770926814
"perturb_1",24480,1.56736965432595,-2.51621584669046,-2.98091065789444,-0.740892669111538,1.82851817978575,-0.413455624034426,-1.72802056520745,-0.106467421267531,0.110010376720399,1.78476788863661,2.43959632354357,5.09492450214137,-33.0805376596972
"perturb_1",24500,1.82967782967318,-2.49374903683382,-2.9311461140627,-0.842044372088685,1.94679720868605,-0.512926455610938,-1.86030811309012,-0.105180322455164,0.187463144445098,1.62194944762656,2.30412034883184,4.95218335006662,-34.4332618875457
"perturb_1",24520,1.59443099593986,-2.45768073729297,-2.98545968580962,-0.786792317879615,1.82953535966942,-0.104764037036481,-1.8751751115109,-0.0796140914527028,0.164194696814082,1.94491203667993,1.8895839596384,5.35453812250181,-38.9794615061848
"perturb_1",24540,2.01630102652926,-2.55693211357105,-3.00808839847614,-0.736950729348289,1.51765287538562,-0.645894343054439,-1.86085144615098,0.149522450337427,-0.132243659535875,2.09870648376895,1.72310598505089,4.7004516202213,-40.2490361761384
"perturb_1",24560,1.86090677910848,-2.5441567046904,-2.97731254863757,-0.795404399126604,1.6765154566447,-1.85908000221838,-1.72139009403706,0.04926730685811,0.11407781774769,1.75132768616205,2.28752050612558,4.53095761668507,-34.3695448356403
"perturb_1",24580,1.91599175836852,-2.59567796787596,-2.88060137430277,-0.851273544866755,1.61484550603854,-0.826160186077983,-1.75689484812467,-0.0858052648713197,0.325119224559281,1.80394515152554,1.95891971224862,4.8499077424781,-36.2609968738625
"perturb_1",24600,1.94604720294915,-2.48345193948813,-2.97300315223578,-0.804627913805146,1.58758933347516,-0.802502269148573,-1.88782853119693,0.0503856215031987,0.143467832535571,2.03201489715883,1.95265085474282,5.00906699539987,-36.3810871255243
"perturb_1",24620,1.64843736902628,-2.42937973004162,-2.99661757055063,-0.760551750044061,1.51044019552373,-2.02697510370704,-1.65964165077972,-0.0476951255384194,0.397967310383414,1.96000813981698,2.09574024150641,4.83243489257605,-36.9143349730804
"perturb_1",24640,1.72858361280183,-2.46682646405788,-2.96249399929518,-0.798476090870431,1.5850833029878,-1.80066239012287,-1.57794831694222,0.000714830271306286,0.392020054553256,1.84106515379569,2.06277063349519,4.68771811127772,-36.1631017952339
"perturb_1",24660,1.79348721157629,-2.38866496963611,-2.99498870073534,-0.802145754360401,1.79109615255808,-1.3351117915508,-1.79923310574658,-0.20186667745248,0.357498027929148,1.9153357920868,2.23932610951317,4.75133696434552,-33.9673839583667
"perturb_1",24680,1.65026929943245,-2.44034119905662,-3.03227456155995,-0.756073665825894,1.65899700503001,-1.1207460790062,-1.84762253194834,-0.0558315206569419,0.10856205180089,1.90430892103648,2.35805201331308,4.60055584912533,-32.330030973058
"perturb_1",24700,1.99972534766235,-2.63762921574595,-2.97132753092488,-0.76702110287966,1.80103170296212,-1.02599038391548,-1.94100859672039,0.0519979366313024,0.055331873505269,1.88201625714747,2.47089599863136,4.81248392106338,-36.4448634706305
"perturb_1",24720,1.89346960149931,-2.59140226947096,-2.99124856575927,-0.763824564189087,1.84205569056262,-0.376638729638109,-1.8140894161845,0.0402239113622461,-0.118182679650457,1.79398017956913,2.80252796527722,4.81956647517896,-35.9502288332811
"perturb_1",24740,1.39030031912378,-2.48910847756135,-2.98575554018962,-0.737738815441144,1.70573353511797,-0.872000214344935,-1.87862490311786,-0.0563795726736235,0.0551994353256769,1.93366001446203,2.40663865416019,4.79580761314459,-32.6407343931562
"perturb_1",24760,1.85313573358914,-2.5117182460286,-3.04641933787377,-0.742732406892132,1.89387600834787,-1.35111039003734,-1.80812963668344,-0.0750222934855647,-0.0834860090325277,1.82045750249431,2.64937755531316,4.82915138409667,-31.961204787936
"perturb_1",24780,1.89595065685121,-2.49610204590981,-3.01700917674346,-0.751264439011701,1.9457719056838,-1.3314965713547,-1.82406795927665,-0.190813720493522,0.227488824259849,1.81605874420134,2.50970499382749,4.73611973850403,-31.7806905951879
"perturb_1",24800,1.84739959919781,-2.49228840009166,-3.02562401779189,-0.787593199091138,2.21798816952924,-1.23012206651663,-1.81118733049161,-0.133906684619112,0.236905480216182,1.67768602426224,2.80626019861302,4.97077274579614,-34.1969647099317
"perturb_1",24820,1.80079647540845,-2.56943534571684,-2.94393216461099,-0.805530277124216,1.8370750570841,-0.184353575335309,-1.68238332492617,-0.0196928823030937,0.155967458886236,1.86347387794612,2.49311491071107,4.66466484693377,-34.2194636695273
"perturb_1",24840,2.07963783727484,-2.62633074981517,-2.92899689081891,-0.832681708724265,2.00934466050754,-0.597843112259708,-1.7364825886054,-0.00629613559974881,0.315435039262444,1.46028033415727,2.81755156888463,4.59168012070072,-34.4542233918233
"perturb_1",24860,1.75648823593895,-2.50258276121073,-3.01113891048442,-0.789253979673789,1.96889723395404,-1.46300688945639,-1.75937287670117,0.0120711139459398,0.37661090946137,1.48808911291698,2.60146617030707,4.62870296854923,-32.6838426883451
"perturb_1",24880,1.67272565353707,-2.46387903117328,-3.01186341639258,-0.753524872522482,1.66735189318796,-0.985757312821091,-1.94799799087544,-0.000559463979738037,0.397123695627374,1.80103751671107,2.3858677552689,4.88285017633831,-35.9196976615517
"perturb_1",24900,1.47979107811919,-2.45980374041355,-3.00545083761509,-0.827139827447376,1.98768308567269,-0.747754087716466,-1.88942741378902,0.150345522069605,0.246235470051656,1.66266372048056,2.7031179470044,4.76239889925967,-35.0714463682313
"perturb_1",24920,1.54650718051843,-2.52662339069952,-2.98226962730537,-0.819127997199781,1.78893486852656,-0.503302503511068,-1.64329735763711,0.0159094951628232,-0.0283323112085185,1.66927335613828,2.50809583826606,4.3394645703547,-37.3359177130187
"perturb_1",24940,1.68353435263484,-2.51029731133842,-2.86135369118967,-0.824319429486336,1.89369694874617,-0.813207274133748,-1.79124242976449,-0.222543353381618,0.393405861642592,1.86058658500029,2.574246536284,4.437821429053,-33.8210516434001
"perturb_1",24960,1.86051006465096,-2.55393970718148,-2.9515072616135,-0.764013064252499,1.90224163079151,-0.819791160010468,-1.79031420878047,-0.179469282790549,0.0134264909599097,2.02207608000138,2.4793719486527,4.67659407322889,-33.1116604549879
"perturb_1",24980,1.88286852493226,-2.5013654227212,-3.04192388555019,-0.686837793405114,1.91719953539672,-0.907897962444607,-1.75006077801989,-0.10812050953039,0.0290258268336889,1.67328698260441,2.74465928301102,4.89538341582317,-33.4447921971468
"perturb_1",25000,1.78775284374469,-2.50100689309507,-3.00040544153888,-0.740885664331054,2.10727294999941,-0.812879832108819,-1.68415243717613,-0.258047277757243,0.197380933810575,1.37921113917282,2.98201802875559,4.55575285221061,-35.7385664585191
"perturb_1",25020,1.38246018126206,-2.53439693914143,-2.93770061544417,-0.734513454375013,1.93408274452391,-1.51911205800105,-1.87316377896259,-0.184632207302295,0.489912826282328,1.6273850923891,2.72322518260358,5.03742195030054,-34.7260545603262
"perturb_1",25040,1.26150009025,-2.52306437382409,-2.93734325848379,-0.700791765923748,1.59406239290875,-1.71713391120165,-1.96688037598199,-0.250489394657565,0.475440917105602,1.88327774176185,2.29193447879885,4.82828935786956,-38.5751541978953
"perturb_1",25060,1.04120627724985,-2.46815423408809,-2.985204630457,-0.719836931848721,1.94876494553771,-1.90270145609512,-1.80350676837933,-0.167495738788813,0.445350712409209,1.59595434509324,2.98639344780088,5.0148193109007,-40.5896969553151
"perturb_1",25080,1.31456893456491,-2.37436500008466,-3.07938904246129,-0.70106274961088,1.91606620373184,-1.37758893292879,-1.71292518413279,-0.00867956119118149,0.18436862468778,1.87442554326514,2.78526569398625,4.55986223575093,-36.7356599341432
"perturb_1",25100,1.64119485486002,-2.52328326420915,-2.90410237036958,-0.821078054062018,1.94436667084965,-0.305643834846681,-1.79013621666978,-0.183134967143491,0.372426460774059,1.7257224054401,2.63810104350481,4.69838311961214,-31.96640323173
"perturb_1",25120,1.45024316634258,-2.54207305362333,-2.87790175883173,-0.788226306787342,1.81223693473145,-1.6216480859351,-1.77943532452877,-0.148797295156245,0.232238053413478,1.89928495233161,2.44889825419408,4.4102565644555,-33.1581519052153
"perturb_1",25140,1.67109326743251,-2.51269269904185,-2.94131213337609,-0.715029655927694,1.51740744112751,-1.25209199242164,-1.82498474259656,-0.0722095664152137,0.093242430382386,2.11211476995996,2.12906858891309,4.87205430140122,-35.8744045769921
"perturb_1",25160,1.83127905342865,-2.46455166488172,-3.01415253376448,-0.74160163331075,2.06513431855123,-1.09889840132646,-1.65081029698959,-0.103574650218339,0.307949017472492,1.75987191405316,2.82488167572679,4.50120215388769,-33.767999999627
"perturb_1",25180,1.96291291744633,-2.49026072945385,-3.08706850840739,-0.686374260829839,2.0477970609142,-1.04085901853512,-1.77199377671973,-0.119200834611445,0.110545697061066,1.64979203728218,2.80613992229364,4.6027221910568,-33.423803818386
"perturb_1",25200,1.72529075978908,-2.47578970514488,-3.01616134768414,-0.75289793806857,1.91633447828351,-0.52752414677245,-1.69917529584169,-0.0558095420743595,0.207419779017642,1.8475689759692,2.78050514172168,4.72426836337618,-32.8480884551898
"perturb_1",25220,2.06979666278151,-2.4953949948312,-2.98456521179689,-0.801901006236267,1.90055937114971,-0.335712938465493,-1.86303976367266,-0.0102501184755975,0.164733598689476,1.66315512957182,2.38754505781546,4.74826244623589,-35.6976018746615
"perturb_1",25240,1.71279377408463,-2.46000760508722,-3.02127437941808,-0.798351010857752,1.8628496346154,-1.56042859734724,-1.7057676411758,0.121845116513247,0.208868963707718,1.71988182752613,2.72699216442906,4.39049803648166,-34.0497763555552
"perturb_1",25260,1.53032407804355,-2.38490403932588,-3.07683055157703,-0.810950340813833,1.98688020255176,-0.997775584496601,-1.86930310502447,0.0101426623152042,-0.0518849779705191,1.59575827129792,2.52284572985143,4.73619731497802,-35.2437947602373
"perturb_1",25280,1.6780213341495,-2.45824421206374,-3.03543161983264,-0.800289686620135,2.02367611673712,0.0640409869841721,-1.92981038590862,0.0859590695849773,0.104989255924382,1.61538045474814,2.66879317139949,4.80193416629665,-36.4458683161607
"perturb_1",25300,1.85783278623976,-2.48800198613684,-2.96746973346695,-0.86064951671943,1.93108190162443,-1.43949738980032,-1.61843157511006,-0.0834124049220737,-0.0194223815529958,1.70899555990544,2.71669871190281,4.4336415152912,-35.0210511523626
"perturb_1",25320,1.5227301016584,-2.49856017710161,-2.95019760043127,-0.896472368649192,2.1147606562195,-0.985008249083068,-1.63969132609239,-0.070269815031379,0.0859081798471075,1.39159937428339,2.77575002733194,4.70266619719688,-35.7635289455982
"perturb_1",25340,1.60429966805187,-2.56098745948237,-2.94154576236655,-0.837714800506446,1.94864911460474,-1.32346654007239,-1.80964579016417,0.112287009529984,-0.0105511496142424,1.73470417765295,2.43064304612902,4.31654716374309,-34.8293925366708
"perturb_1",25360,1.74242056757958,-2.45641210180274,-2.97280459507565,-0.768072416672704,1.956423007822,-1.05344733849369,-1.86879577143534,-0.0827737048871486,0.187569158392384,1.77945376392054,2.89732699322691,4.81850680184045,-33.2529709508153
"perturb_1",25380,1.2471491166375,-2.40726318620539,-2.98336015471205,-0.793589625421292,1.82761186709919,-0.896881001799837,-1.81803724334085,-0.0230033951857459,0.348541269299173,1.81315092653405,2.56026809919295,4.37521937846719,-34.3774281054552
"perturb_1",25400,1.4977225988748,-2.54570779548467,-2.92402975461678,-0.774744852664247,1.96008523056587,-1.74821250144073,-1.73386248591503,-0.134458723203274,0.347299392039834,1.89394028244752,2.40833851398022,4.53075526592136,-33.3823343719351
"perturb_1",25420,1.87524105705641,-2.50326457299475,-2.92675417934749,-0.873850507509264,2.02117570601942,-1.10979591053787,-1.81600847864579,0.00532674456679416,0.260636933350555,1.47392880947691,3.03583367792137,4.1308562554974,-34.999593630946
"perturb_1",25440,1.58482967723413,-2.50568516702987,-3.0380832127745,-0.702502807812969,1.82307030215155,-1.74144193897543,-1.78713387872367,0.0896185775035927,0.0262101813546584,1.82415053437218,2.74040450194816,4.65078373015321,-33.7757907450428
"perturb_1",25460,1.34558625608774,-2.40161349540647,-3.09759887976515,-0.674028899151315,1.85760705433097,-1.69505120082091,-1.82784845570698,-0.0133472962556838,0.315407239364587,1.83462556620336,2.58308851908993,4.41929698887118,-35.9746269179375
"perturb_1",25480,1.81973334393461,-2.45971120780992,-2.95106773367645,-0.808422600472217,1.89607420425541,-1.39431961254579,-1.73401677922601,-0.222138665972966,0.413603007473535,1.79002614939776,2.46211594157643,4.82406096228053,-31.6725111879051
"perturb_1",25500,1.87517471265618,-2.42675347889837,-3.06069299554066,-0.802796738575262,2.03487334100367,-1.67124787446955,-1.79769526329033,-0.00174271754712212,0.0856814085849984,1.68678911253603,2.6322713377815,4.71313874755785,-32.2614528022524
"perturb_1",25520,1.77541275563024,-2.5096077342908,-2.95985846830451,-0.717506814639477,1.86910916823497,-0.776805834677661,-1.82753388611152,-0.267022793533984,0.566911168878363,1.58229921458673,2.42300555183388,4.58207480463515,-34.9746902634696
"perturb_1",25540,1.87963138955507,-2.50038109783237,-2.98409819575351,-0.7867287694764,2.17269873939249,-0.413565290247237,-1.84966159022998,-0.0922763802810439,0.421732393564501,1.40036383201952,2.72712999597295,4.74766094233635,-35.5820245619077
"perturb_1",25560,1.98330762215898,-2.47445132689261,-3.0124246933118,-0.830194039959113,2.06927678876004,-0.237186691650635,-1.67989328432053,0.0585954348229337,0.0955467894649611,1.45416793025255,2.72813696673735,4.6651126638429,-38.0010160356095
"perturb_1",25580,1.7705925256411,-2.57912775305938,-2.93805146108657,-0.79998661080376,1.91992068819389,-0.073132104566443,-1.60835581887541,0.0286576407477558,-0.0887852021759622,1.79236934167511,2.16313552954367,4.98233912191748,-39.0687013011955
"perturb_1",25600,2.00169388173493,-2.69383111740435,-2.84647448337213,-0.85061922159674,1.93134797635618,-1.85375546879841,-1.84489975922679,0.00386709930609906,-0.0649393769449581,1.9090378469711,2.42804083344901,4.80232513539714,-36.0310524972677
"perturb_1",25620,2.11237035327739,-2.6193491038918,-2.83303168155362,-0.88949286722952,2.05273354370563,-1.8251966368966,-1.82986076479653,-0.169498611189123,0.161230248323211,1.86841434924124,2.83400893714795,4.50037085431082,-37.8015496957431
"perturb_1",25640,1.74235145022125,-2.52301773250456,-2.89400884230783,-0.884919032606444,2.09218434086076,-1.25772132199693,-1.90275045386812,-0.213028404005183,0.0893308241870868,1.83893123063354,2.61865874076171,4.44126914601779,-35.9389856285254
"perturb_1",25660,1.6534688601883,-2.44741438166496,-2.97508086099851,-0.772808280665261,1.86841968470615,-0.71482058880214,-1.81722046826008,-0.100356079756004,0.197619166819662,1.77220467351986,2.47378014906299,4.86183566348275,-31.3402542652684
"perturb_1",25680,1.6132581708647,-2.52971959264381,-2.97662940171712,-0.733496526584608,1.98969256182132,-0.931257057785683,-1.86673817923547,-0.117157966523883,0.0754095560226433,1.7042584804665,2.59723354349878,5.10735230153909,-32.8709670905232
"perturb_1",25700,1.73376458750992,-2.4830003620935,-2.96516205585204,-0.70167745148914,1.65780165815809,-0.944963772415447,-1.77720833384658,-0.267234370484535,0.422233585173724,1.79800925324433,2.50000884867888,4.92048796182959,-34.066702777194
"perturb_1",25720,1.71049644470882,-2.62866001308297,-2.80620519856441,-0.811879106841643,1.60056216725096,-0.452602405213867,-1.87061797984521,-0.0859223468424609,0.314086979137244,1.80073674067447,2.26904444103981,5.04182333967393,-38.0432734947451
"perturb_1",25740,1.62115032430802,-2.46312361720402,-2.94734913757012,-0.703821520899377,1.25866740506936,-0.873649012225361,-1.73631833079241,-0.262162119608625,0.453288821693139,2.10509133416151,1.68825475835786,4.93670705829065,-37.6981952198558
"perturb_1",25760,1.4748004810035,-2.44019533344764,-2.99806070987961,-0.684319344193301,1.412321030664,-1.43386491757704,-1.65460256143582,-0.245653493585397,0.419458671973025,1.93119996189617,1.95738197681564,4.900275409801,-36.8193133023499
"perturb_1",25780,1.45203070675366,-2.47218984422329,-2.97351461475471,-0.723954232238944,1.69122517331811,-1.93464678948835,-1.87021965483455,-0.137288678618672,0.340715608194494,1.92722463096385,2.40785155003163,4.64329473577411,-33.2286117920983
"perturb_1",25800,1.73370504312507,-2.52700429854404,-2.93401669951112,-0.784762441519522,1.76934912546531,-1.97146126810242,-1.88250093362987,-0.0812584672713556,0.0607233773591791,1.883951734706,2.64060497065205,4.53956304134346,-33.0422929429568
"perturb_1",25820,1.34390589380048,-2.54154503670258,-2.89435471306134,-0.745163508969159,1.61034906999868,-0.844463283958404,-1.80313672793815,-0.178768608663187,0.27580650655883,1.99860373835465,2.31937531632626,4.55472456282712,-34.2719310805254
"perturb_1",25840,1.48383241100303,-2.56124516768683,-2.86120670826868,-0.818725089971286,1.66311174960439,-0.631789384612319,-1.71932148774096,-0.155591351636214,0.292538184437402,1.85976190146271,2.0011715262316,4.77117856417983,-33.8860291879837
"perturb_1",25860,1.86571177489353,-2.61585936853679,-2.92119918769594,-0.745527405106616,1.60207674665657,-0.674694247286769,-1.89923399116498,-0.151212755405089,0.170601777358466,1.86661427350145,2.08084965776713,4.76115099450772,-34.282660192632
"perturb_1",25880,2.02781637308235,-2.60408696129491,-2.90733165748621,-0.759735881785281,2.13861292051618,-1.35271581667479,-1.737375253473,-0.285614729779867,0.298044456769967,1.7231256858174,2.85769097977522,4.4370461657331,-37.2692662777333
"perturb_1",25900,2.16324577026042,-2.72371223924981,-2.83745238221686,-0.795962122666124,2.04749681986387,-1.77509649019794,-1.7355548129427,-0.132382004419375,0.174412051032448,1.85312995949641,2.51666397280517,4.85851923253716,-38.8627365574034
"perturb_1",25920,2.24256654009896,-2.66954940738477,-2.86729600242827,-0.807150745950785,1.99166975543153,-1.70253385082733,-1.91755579336141,-0.125713324036643,0.3693083842272,1.56220931174548,2.697199987511,4.76805247840473,-36.6017436042396
"perturb_1",25940,1.67645520368181,-2.6396999335902,-3.02011679958489,-0.713807585858693,1.96613427854144,-1.52537043659576,-1.95068336210314,0.164341090593485,-0.200071080800409,1.81364340814373,2.91952226661129,4.52288431525506,-39.6805798138026
"perturb_1",25960,1.87064231668387,-2.60334914188407,-2.94276162314196,-0.787472935387871,1.92745026403056,-1.3969075108526,-1.94062722088694,-0.0918446024423696,0.264168372805334,1.65885267805433,2.41336670576481,4.58811267536892,-33.5711243227705
"perturb_1",25980,2.1617089974419,-2.52038179110469,-2.91013907733715,-0.831520748846134,1.70528615209637,-1.14745177095176,-1.72825486913136,-0.174447185102821,0.178605971429988,1.72260283719784,2.55227039811318,4.54201661688504,-37.7021662981984
"perturb_1",26000,1.94825945936187,-2.53789141793305,-2.99972925092367,-0.70216537655458,1.87040507180863,-1.42032728460834,-1.66707155364245,-0.183203313925801,0.145451245189832,1.71482724251084,2.56251590422502,4.89932031078055,-32.8122574130769
"perturb_1",26020,1.71194049577433,-2.53651484498312,-2.93193890871562,-0.812584405647068,1.63304455737735,-1.66779183532515,-1.91396735899208,-0.100772563028292,-0.0569977296325158,2.04210104278293,2.03052208141214,4.86782006118617,-35.6673488357774
"perturb_1",26040,1.94125957787628,-2.56753787766686,-2.99231019999066,-0.749586193876293,1.86121795718122,-1.33646043726569,-1.96830096615569,-0.0703022277229481,-0.0240784324424541,1.51913381416643,2.46514302977447,4.2961877667325,-39.0834970067124
"perturb_1",26060,1.65680549143701,-2.57604682050733,-2.92568374524941,-0.808560328350196,2.15811274962811,-1.12053047396041,-1.83468812820928,0.0538262025830743,0.280388765317801,1.61446705566089,2.83297638468981,4.98924329046579,-33.9981813159806
"perturb_1",26080,1.77243521805934,-2.51444112125364,-2.98387640334543,-0.754795049118018,1.79737774306364,-1.33737667568083,-1.89765861045955,-0.00189344593012068,0.221475028133437,1.60806876074906,2.28254189691253,5.14606449975966,-35.2328646788634
"perturb_1",26100,1.93117221295784,-2.64085059395085,-2.96064016437012,-0.740736225304342,1.8494349598797,-2.36027885805045,-1.93100314680063,0.0777823429715717,-0.00227978587149741,1.80410486870088,2.28673355049104,4.80948126297497,-37.7099242318591
"perturb_1",26120,1.43514914051629,-2.46242343963106,-2.97436665889601,-0.797437013517017,1.99619577052444,-2.71723976084574,-1.84080529597327,-0.0323186469918559,0.577492470074246,1.53799226485321,2.49710356516543,4.64588702003622,-38.5816721242005
"perturb_1",26140,1.48526768483828,-2.56292402292237,-2.99824310781907,-0.686677226323163,1.83142073464501,-1.67093724322118,-1.69513094896324,-0.0895558442920789,0.260971307427846,1.82582537252722,1.91457443160751,4.72298676214735,-38.9025735806574
"perturb_1",26160,2.04603777632514,-2.54280964589095,-2.92516054222989,-0.774804777079484,1.87915391913832,-2.10009376075032,-1.75319452643419,-0.0930132081446275,0.297215353773411,2.02654099621203,2.4123104087705,4.31133269722351,-38.2228757476177
"perturb_1",26180,1.72072313127432,-2.50021054790544,-2.94763452903187,-0.737571520614786,1.90491682810564,-1.72711436849187,-1.76768055020728,-0.147384956725282,0.325065406520121,1.80842091414689,2.61001022267145,4.87648255607609,-31.5231221882213
"perturb_1",26200,1.83640400386927,-2.55256731380334,-2.90673825284216,-0.737559426678051,1.77127078858774,-0.954428839518213,-1.75809306325438,-0.316344840635019,0.359764334454617,1.9115367316978,2.23691350095445,4.5040921415568,-34.5665134411585
"perturb_1",26220,2.06021858029117,-2.45840438002211,-2.96721993745285,-0.817114809592034,2.0868460408803,-0.699948588642614,-1.74395895764133,-0.210116447456221,0.504449798054306,1.40852556113949,2.86550149911288,4.76643755675127,-35.2144477196727
"perturb_1",26240,1.94198295515584,-2.69038310814854,-2.83481242630359,-0.77218384700969,1.91359215043208,-2.3643841238379,-1.7419082843592,-0.0451168326297081,0.295171349869196,1.62147199563227,2.9389648368932,4.73000560199566,-40.2001162530444
"perturb_1",26260,1.71555479128894,-2.70121810343637,-2.81009870804823,-0.73654976545083,1.64694092579951,-1.32474850562492,-1.833617485228,-0.265202226322794,0.504999037826015,1.75062119653733,2.53939287449496,4.61367154646927,-39.1021445212216
"perturb_1",26280,1.64367083768287,-2.69773563820558,-2.81689795501616,-0.821372415096318,1.80392801525971,-1.59701457965637,-1.82321859084099,-0.157396504705421,0.0462579176311614,1.90653586037839,2.65610694728088,4.37649256041996,-36.9936570338757
"perturb_1",26300,1.4899144900179,-2.50373087626955,-2.93209441213399,-0.833708474208351,2.08743095785684,-1.54443742609821,-1.83128435189159,-0.0880270310261256,0.169489664976682,1.5561366525579,3.07051223107795,4.41836806263537,-33.227528322208
"perturb_1",26320,1.47579323118813,-2.50180022623788,-2.90146702917361,-0.841068745809605,1.88132865296127,-0.906492572124586,-1.82824028860733,-0.092483189325873,0.289088227390807,1.58577865574738,2.69350172216458,4.91301894137103,-32.4999609903355
"perturb_1",26340,1.44649526403571,-2.41921932491244,-2.90248076737408,-0.886795663370338,2.0056824778805,-1.1407612599443,-1.98943984953358,-0.108078637708117,0.437155523727788,1.45904572927672,2.74177317234973,4.77513459882971,-36.1490455953641
"perturb_1",26360,1.66090261232518,-2.45147264224199,-2.97209509754936,-0.84741473808854,1.85443353343068,-0.473280360019126,-1.80592948389922,-0.0868369971248319,0.237716342354612,1.56162203255323,2.7887262756954,4.38561727417876,-36.1501473436601
"perturb_1",26380,1.83857570925672,-2.42459752784573,-2.92519869726627,-0.9537623880174,2.13249001244299,-1.26775829692272,-1.8851707237407,-0.0704725922336237,0.353783705949347,1.33318238054423,3.06298851895786,5.05297437204097,-39.1042419006673
"perturb_1",26400,1.75295352043756,-2.53928236789428,-2.89174811298669,-0.970268053377072,2.18679369485891,-1.25161450507044,-1.86713156644621,-0.0731356955408854,0.49049982966681,1.08363287648075,3.06311665884937,4.79701333000795,-37.1523356543435
"perturb_1",26420,1.70080495137787,-2.5201093003034,-2.86807206513941,-0.982859505192254,2.16337361500059,-2.20592094276876,-1.68991537305527,-0.152900905379935,0.40260831564374,1.37087470575219,2.91754045327591,4.9366575111756,-39.6229838388381
"perturb_1",26440,1.99255957524829,-2.65251477950776,-2.86698279184064,-0.858331498036609,1.99504467884503,-1.48135053912108,-1.57615219915971,-0.25723571743252,0.255861616329109,1.61626198250403,2.58132671467935,4.53277501213361,-37.1140229711135
"perturb_1",26460,1.97113302910498,-2.53916650182052,-2.92681849074536,-0.848544460490224,2.15565399083892,-1.19669512967162,-1.67855102716201,-0.236166463267858,0.0807149066622561,1.51981076508008,2.86327775306005,5.21023084696542,-37.5264831294846
"perturb_1",26480,1.91218583699358,-2.56945429105291,-2.88056169196685,-0.843071128595543,1.88254835867911,-0.587099075889052,-1.79294231043213,-0.0993481266203494,-0.0413443363633447,1.83791727804743,2.57533290357563,4.52589240528848,-34.8393333868557
"perturb_1",26500,1.90001214226961,-2.56339934557389,-2.91840919644528,-0.805249560856163,1.88268136561049,-1.35528106548814,-1.62335797687792,-0.0238305098213852,0.12881853646006,1.82295110729082,2.61780208497654,4.66367298044901,-31.9379480496306
"perturb_1",26520,1.79283166090891,-2.62888461906994,-2.87417249478626,-0.768777524405707,1.85700317008552,-1.63047633183847,-1.88798423166871,0.0315008448524745,0.348957139835771,1.58796443894387,2.83902272206384,4.79558282278405,-36.3773962396994
"perturb_1",26540,1.9167973858347,-2.58503222989477,-2.87361201233204,-0.86240244276996,1.89927920120127,-1.94497157067571,-1.85859040037029,0.0816954583406524,-0.0817191932482869,1.88580611588402,2.69190370170624,4.6077339651997,-37.7340698428165
"perturb_1",26560,2.12737151518629,-2.50903924725545,-2.99884108386677,-0.767370726790671,1.82341308444746,-0.998666443307088,-1.77807392522691,-0.0242114322779987,0.184591409244437,1.95819349456685,2.56115508729073,4.64305906233487,-33.8994971434658
"perturb_1",26580,1.66059112666776,-2.59166383590805,-2.88900601477507,-0.884026244907449,2.14563284655202,-1.77045344721573,-1.79775266804199,0.0677790826507427,0.231735404198365,1.52194824239683,2.74575789398706,4.95922502816261,-34.1430017819664
"perturb_1",26600,1.86245899731567,-2.57748060158232,-2.90892674999599,-0.885042848456712,2.12589602643421,-0.733388733121468,-1.82933746016607,-0.00385070277220249,0.245349518021673,1.33564787956007,2.8925487735961,4.57158513512232,-33.5681212744567
"perturb_1",26620,1.56014161613166,-2.58129856930264,-2.84387796103587,-0.914721018421216,1.97060916114028,-0.789924547570673,-1.78745551801589,0.0213405390538972,0.257728064492646,1.43347031638902,2.83654496594878,4.46772743779261,-34.9792038248548
"perturb_1",26640,1.68476688322079,-2.43590076081093,-2.93924175801674,-0.893500622591403,1.98797388725445,-1.02105799868502,-1.61495744020376,-0.130659349918234,0.532276508421072,1.12784693179694,2.85154897955104,4.81983330105598,-37.521158285245
"perturb_1",26660,1.62022242975621,-2.41186581667067,-3.06623891413779,-0.760417865206415,1.87678950300099,-1.13065867988258,-1.82301171044758,-0.0181382419405516,0.426492866090888,1.18245522273356,2.50672522839834,4.42708702582855,-39.5873471562798
"perturb_1",26680,1.48065612438533,-2.53163295815972,-2.9699399558008,-0.770063145159078,1.88312731487522,-0.8677929049009,-1.93122111368114,0.138703366682535,0.515880719547518,1.46402436272794,2.69408956192548,4.05750273513431,-40.5770065305009
"perturb_1",26700,1.44689454546136,-2.49646981699973,-2.9736635618584,-0.785906753782426,1.9925653348709,-1.13327929939721,-1.99057855964415,-0.131640784931982,0.35507046387503,1.54265326580024,2.66092307236631,4.79983997941589,-34.0716288791531
"perturb_1",26720,1.46089436040849,-2.57259551268663,-2.95844453091443,-0.732437314465954,2.01881639980856,-1.55283142119996,-1.74348988821463,-0.115864003377936,0.242102446115834,1.26124036879301,2.82065954911473,4.70041649949774,-36.4478843901744
"perturb_1",26740,1.81160949635241,-2.48163878662555,-3.03582644068913,-0.742644899144064,2.12021880145272,-2.08415279236579,-1.65256632497407,-0.106180516542238,0.258042579369824,1.47901507428762,2.84710818355711,4.49007085443442,-34.5784838143874
"perturb_1",26760,1.88415399386403,-2.45254297990676,-3.02554991266333,-0.719367721014913,1.95139385289619,-1.7250990938038,-1.70338440974712,-0.321157913370187,0.221965747003119,1.68455712345856,2.59856635922043,4.69851301212113,-34.7095382450453
"perturb_1",26780,1.8796334625713,-2.46607359494653,-3.01300640982561,-0.838869921255479,2.19271309595645,-0.773948948407721,-1.77687464678177,-0.189450531940414,0.178462018062587,1.39642945627327,2.9458340157706,5.15483100806472,-37.964673926255
"perturb_1",26800,2.07883515366558,-2.52551898501387,-3.03299987753481,-0.745917584867738,1.93457764230903,-1.00319217565249,-1.61285279705276,-0.129291761859424,-0.0408959856057359,1.80073405374281,2.40255969115809,4.89017025137422,-34.7715072703717
"perturb_1",26820,1.70883338167656,-2.47673691430125,-3.01785465812994,-0.794205944667297,2.24379212990885,-0.389789010643178,-1.91705994513615,-0.144784764986566,0.00527043611502183,1.55047543117155,2.94434332324171,5.17223524838016,-38.1013566312593
"perturb_1",26840,1.98187246624389,-2.50119565693811,-2.98120142254558,-0.802414723281644,2.20414850468343,-0.833528517956565,-1.88813893727884,-0.271659411463585,0.0261190406165508,1.48887971835859,2.96319863806831,4.71583185745758,-38.5897317378683
"perturb_1",26860,2.03805343527534,-2.57306030495862,-2.90931812490099,-0.78780396296543,1.94427884796171,-0.902304735049148,-1.80706550146825,-0.167609318840247,0.467500103928357,1.54908025450041,2.16212717506549,5.09640795055697,-37.3920488942086
"perturb_1",26880,2.03871578833779,-2.63038551141889,-2.98105538881519,-0.667528854709639,1.88573400578636,-2.35058362703342,-1.75328852637602,-0.11057844863213,0.426468009910362,1.60964226644227,2.28651793050194,4.95835305056504,-40.8159498078122
"perturb_1",26900,1.62551845084433,-2.55034074630882,-2.98393704859304,-0.720587673788748,1.77056661939965,-2.06995413201975,-1.6131155454923,-0.159311968143753,0.315893603617647,1.74739771608472,1.98760430430969,5.08475776463932,-39.0679427563485
"perturb_1",26920,1.74102367739483,-2.44715669104921,-3.10998091706404,-0.738356493653148,1.92552449521425,-1.17417066840317,-1.5059128651313,-0.0278506214025488,0.111359431243521,1.73875534302788,2.71625666249709,4.76546422203391,-38.0815029723127
"perturb_1",26940,1.58817837179141,-2.40196053707601,-3.14253975578531,-0.703501993858358,1.81186111021203,-1.81023868421239,-1.70170976232715,-0.0487371631860696,-0.050446457906779,1.88657261061122,2.61818440640395,4.69243947461183,-34.6536192989213
"perturb_1",26960,1.90956468803789,-2.48791819911982,-2.94780227777243,-0.874022585364224,2.04125595134171,-1.33369691416892,-1.78660574388001,-0.0142535964862792,0.192617973472137,1.52495700732642,2.65328268848546,5.11827255908203,-33.9653398421805
"perturb_1",26980,1.90474164397083,-2.53919932428578,-3.02749825898928,-0.739371237088382,1.68442233148636,-1.2184024331772,-1.81408710314502,-0.0368339539554617,-0.102556156825535,2.0900528135428,2.20013780211264,4.86478676829906,-33.8843505501656
"perturb_1",27000,1.76937541816975,-2.51475514637771,-2.96026568946662,-0.760113876491458,1.78811263627946,-1.25203744269704,-1.58712858996099,-0.0403415561131985,0.386574742845647,1.92170331565101,2.34454819056773,4.94737623084995,-33.8326785889711
"perturb_1",27020,1.8732375406481,-2.5409428789255,-2.96024725348341,-0.736727022569438,1.78540906728669,-0.815272349886935,-1.67098721894414,-0.0630502313101866,0.269860712675701,1.9372212874987,2.18591186926013,4.95673389508912,-32.767407594064
"perturb_1",27040,1.74470352064495,-2.50936326358433,-2.97838265421684,-0.770715344314467,1.92804139675247,-0.687283514191423,-1.75080248543956,0.0480962019960476,0.27429822108088,1.77001644234485,2.24705576635126,4.68407267950762,-34.2546929598176
"perturb_1",27060,1.70067316640772,-2.53331707738059,-2.94291003734975,-0.759417062600252,1.82405028030183,-2.11789376120484,-1.9487336221719,-0.0833390524903613,0.132022892052081,1.9416408263058,2.25155504854823,4.5406622484709,-34.8094812095474
"perturb_1",27080,1.89111491223045,-2.57575926973486,-2.90640280413408,-0.780847044062098,1.98332584638708,-1.15486453048937,-1.89483297195564,-0.0937463764882979,0.212269827953355,1.42680869610534,2.68290821651526,4.46116618265807,-37.3934901775987
"perturb_1",27100,2.06100254209083,-2.58276262382539,-2.94196834374139,-0.81821800601608,2.0759336174913,-1.25670995579115,-1.86668882698012,-0.0720743085483835,0.138191102294626,1.49912946420165,2.67627226772527,4.5644382368886,-33.6511455184472
"perturb_1",27120,1.76414738262687,-2.5417691560148,-2.97882223464672,-0.774837006622038,1.95245080268504,-1.35168909405008,-1.61856448192914,-0.147097918339846,0.0685317965587877,1.65802416258089,2.77249944614021,5.03963809983424,-34.9163973730946
"perturb_1",27140,1.49210502665516,-2.47296257618667,-3.02888982205142,-0.74366383784274,1.92165243283633,-1.41028236549843,-1.84901882668652,-0.0194358566478363,0.194896563867118,1.5660513754921,2.74840187493532,4.80216242133569,-31.9404356478115
"perturb_1",27160,1.53787337864541,-2.58540009363122,-2.89739932493931,-0.804872950720003,1.64546527539769,-1.25891043245114,-1.90079239304791,-0.0711380501126034,0.0958109074988787,1.97844365912004,2.27491498252958,4.07115739620805,-35.9821730191811
"perturb_1",27180,2.06948202817065,-2.59514108387238,-3.08198927597978,-0.672618904983237,1.83753037232606,-1.1413346574735,-1.73741095122276,-0.00479904393282253,-0.204706707005532,1.83783433059551,2.7662325284663,4.14874238110185,-37.2285294388491
"perturb_1",27200,1.95958851950009,-2.58490362428416,-2.99801958337635,-0.698568139311954,1.92186265459742,-1.24686001428532,-1.68503026089062,-0.172248688907916,0.277069069464863,1.82893545609469,2.93210234938738,4.02196996791665,-37.1359353129258
"perturb_1",27220,1.59233453336957,-2.61752625603555,-2.8582533349141,-0.77226927830513,2.05600324981236,-1.1334972548709,-1.64756890087417,-0.303859587014995,0.317440896475054,1.6446739627481,3.05428882822045,4.84244608517779,-37.3172105948376
"perturb_1",27240,1.87422394812034,-2.618374354152,-2.836680039007,-0.823970760898364,1.90567835113411,-2.02703861679878,-1.76133025265214,-0.261208198035206,0.40202596209234,1.74169260772456,2.725688494966,4.56827774691092,-33.6841169701154
"perturb_1",27260,1.81347177924559,-2.53753265056041,-2.94093135976954,-0.758280680820592,1.69727081796819,-1.64453556268867,-1.77667312172264,-0.20553752909694,0.315501267637929,1.79025146298996,2.56843793223267,4.33804645599084,-33.0168831760775
"perturb_1",27280,1.69872609455327,-2.63729809287167,-2.86548977296585,-0.825179211766282,1.78128470105858,-1.25477000366546,-1.84773666246837,-0.0418925813942671,0.145500696503768,1.85924185641331,2.41663186140569,4.90248450518784,-33.3947203880252
"perturb_1",27300,1.52535623214835,-2.5553897600859,-2.90077100155349,-0.837597528562613,1.9612660366043,-1.28357347189042,-1.91543029926972,-0.0153881064019527,0.0554643998174336,1.78080155492459,2.39476666997185,5.0195062391139,-33.3588934498184
"perturb_1",27320,1.60714599070653,-2.46443136022155,-2.87004116765487,-0.871702756250024,2.07440636501382,0.0247315203829083,-1.86652600968449,-0.261389707791805,0.425443757243736,1.73652191188513,2.56027163225896,4.95561753617669,-37.989286316865
"perturb_1",27340,1.52925286411234,-2.4852280853233,-2.8630613241548,-0.891234745298083,1.88900733734946,-0.559048091475032,-1.76027743685903,-0.227267904006463,0.382115758644092,1.68758616182766,2.21146674804045,5.18700399683188,-37.129201764658
"perturb_1",27360,1.37176037228848,-2.39348456327689,-2.96119395348519,-0.862013854867802,2.10785564444782,-0.835185547760936,-1.77756693547531,-0.24842408320572,0.142444954896559,1.91437373668953,2.19097557097033,4.87327194275731,-39.563914841849
"perturb_1",27380,1.21002834037467,-2.42863167524407,-2.97522595686682,-0.826107510434959,1.98606892236213,-1.66224554356683,-1.73122749568874,0.0159779334196154,0.238063342870363,1.74070066516495,2.53448877358641,4.57960446873892,-34.0836393122079
"perturb_1",27400,1.8835217933553,-2.58509357655246,-2.95750279284501,-0.784498381741445,1.83453767656994,-1.19630608091957,-1.83253405926226,-0.0626130161706026,-0.114528474471161,1.79902282149283,2.22346842569492,4.60580536248988,-33.5159321727117
"perturb_1",27420,1.93581118036779,-2.54085950826438,-3.04290404523154,-0.745836650630361,1.86720570671407,-1.34155460069135,-1.86562714081249,0.0220864283612719,-0.127479168914857,1.92603534248114,1.8681443688265,4.86746318488265,-36.3565181218233
"perturb_1",27440,1.623503476277,-2.58721813252463,-2.92680420821732,-0.791970790358395,1.67382761083135,-0.946389327233156,-1.533792067008,-0.112117318887094,-0.0395067745127942,2.12190034498397,1.68916215711169,4.55883378777747,-39.6723152284177
"perturb_1",27460,1.60497323403731,-2.60322446140691,-2.79756010255483,-0.89612112051862,2.04421540656122,-1.53407176965947,-1.66658597428643,-0.165871555724886,0.169676623065278,1.8602017320035,2.3493189739094,4.88569907988863,-37.2364715909243
"perturb_1",27480,1.97069709909385,-2.52963252425269,-2.96992547146294,-0.781948071519882,1.67193117819226,-2.10801287518582,-1.81107906144682,-0.0441782700542075,0.160724816130916,2.0785731995497,2.04444750135498,4.5869797649018,-34.9214889633069
"perturb_1",27500,2.14063995166592,-2.54505039108107,-2.87271530712402,-0.828739997619892,1.80327276476543,-1.46296493812713,-1.75487781071271,-0.232881576882382,0.533921578928868,2.03871240859954,2.06135516754573,4.83499820945014,-38.0006930718904
"perturb_1",27520,1.85173357262509,-2.47549161982377,-2.95043367970249,-0.791812719890816,1.68276320633836,-1.41340609902436,-1.90630984062408,-0.176671935937959,0.362474006894715,1.94551991252383,1.98224535317617,5.08091277661731,-35.0894950373076
"perturb_1",27540,1.74532458769367,-2.69592868123351,-2.82206070738358,-0.803985887871648,1.72245523916261,-1.64839755998285,-1.66879507992117,-0.106184014219844,0.276201739088691,1.79131667157512,2.23195857907714,4.79210224143634,-35.2017783247192
"perturb_1",27560,1.66577899363625,-2.66061606411768,-2.85004397005477,-0.869676908634509,2.03953328819433,-2.33657967161363,-1.64436875120201,0.0229620310425891,0.261455491534468,1.68137507718583,2.61596819245663,4.5659159374246,-37.2679184940443
"perturb_1",27580,1.5769008187793,-2.51003455715815,-2.95180792829038,-0.785740294458857,1.95112109159054,-1.40389770536489,-1.8018782715794,-0.191467953534078,0.342104287980594,1.79744771327354,2.66724626613513,4.91426982163718,-32.7468781220546
"perturb_1",27600,1.6069655684913,-2.56236125565556,-2.96768392984801,-0.742219183923962,1.95232332309035,-2.29475560147828,-1.75469512004951,-0.0159339784571128,0.198455618221166,1.81954986349355,2.61780281341886,4.58311670421156,-33.4433303405198
"perturb_1",27620,1.72384036646336,-2.4189238674895,-3.04778081412886,-0.778129167998331,1.91021670808964,-0.333592011332438,-1.86821072462189,-0.0494982343011082,0.0215597970697754,1.67619034674974,2.57872754990242,4.53613532786913,-34.6223367085277
"perturb_1",27640,1.66055870331298,-2.48329449771198,-2.90588592355434,-0.810701752322224,1.93810917265853,-0.617356632197055,-1.72717938632033,-0.16784352412364,0.307152869496954,1.74610071737735,2.4882004557374,4.84784210853686,-32.2424805767787
"perturb_1",27660,1.88196310223372,-2.50308656691713,-2.98365704845203,-0.767594963384258,2.04751831440624,-1.05705533602306,-1.63515803333851,-0.0800510434555846,0.0183084945504288,1.63530722712831,2.93451001940284,4.42781859659414,-35.6198079892482
"perturb_1",27680,2.06971683689772,-2.59083864430726,-2.92956292536743,-0.780021672945951,2.01970482898428,-1.63892741077228,-1.74272372002404,-0.0380447814729754,0.199297706058942,1.63839269039062,2.85955318967892,4.52640020172995,-33.4787075848804
"perturb_1",27700,1.8804002138534,-2.54131135814456,-2.90734296578154,-0.838088523460121,2.06973726057968,-1.43922979329243,-1.74341336740383,0.0254787516832398,0.352419181982076,1.58526016827705,2.6596208257597,4.84196162338497,-33.3537163059032
"perturb_1",27720,1.43669593302517,-2.46528534181472,-2.90562033326805,-0.865249502991047,2.05302457626717,-1.49620591776861,-1.70651788449553,0.0190676607876528,0.156772731907498,1.8648270595415,2.79943166101417,4.51975727147852,-37.7143545842557
"perturb_1",27740,1.7023728620055,-2.44164943835774,-2.99412276063132,-0.796424042659662,1.98349660205839,-1.74409244604565,-1.80199025638132,-0.146620555479406,0.190714361768256,1.81978299905909,2.52272990065974,4.37954767548332,-32.3218983178942
"perturb_1",27760,1.97463925392503,-2.48365688465848,-2.99269405854195,-0.791092351764604,1.91894960101106,-0.835882859062862,-1.89752791452698,-0.080638986998875,0.144623139831684,1.88847541476143,2.43817525777208,4.65600447922496,-32.3910575823704
"perturb_1",27780,1.78932310113424,-2.51535900182266,-2.9325764411779,-0.756765272063067,1.63510001005364,-1.0327018228452,-1.85125644692388,-0.147127993450563,0.292204221555984,2.0113337683911,1.92522320214118,4.65098555791042,-32.7709249715181
"perturb_1",27800,1.85070621128411,-2.56693541885647,-2.94263801262729,-0.845709923798852,1.88604369778783,-0.718586265074393,-1.92454562639385,0.044189810600059,0.321523854983037,1.44630258172807,2.46722079027018,4.78276409851666,-36.2420387701109
"perturb_1",27820,1.83309810244513,-2.60410900521659,-2.89619016676043,-0.871977997052404,1.9764005930304,-1.15261009007315,-1.90095045953212,0.116917773818439,0.100442933898118,1.69894559109928,2.51828372696473,4.84034901618836,-33.9397447772688
"perturb_1",27840,1.80019915022859,-2.64271812596348,-2.92223064475979,-0.788583484263371,2.01447539812752,-1.10542061602613,-1.86408046830276,-0.00712528053705849,0.010248748279611,1.75009212759986,2.47400918310253,5.05698734460085,-33.6047125386464
"perturb_1",27860,2.11852689693558,-2.64687128805432,-2.82894000735923,-0.824861198479917,1.80667452108624,-0.988590556707583,-1.87863793510111,-0.190730778094121,0.29231359523744,1.85869192774783,2.06599420837623,5.07269900911717,-37.1448316385366
"perturb_1",27880,1.91202102819365,-2.61954087594788,-2.89184395917072,-0.745971308543005,1.75909600863886,-0.960276824777719,-1.79744797557324,-0.205908341428246,0.260421380931954,1.96017580917199,2.39261075384229,4.96020968133327,-32.9562785306741
"perturb_1",27900,1.88003420942112,-2.50365477604367,-3.0163688537684,-0.667207089630646,1.73812323460214,-1.01523378718244,-1.62600398841772,-0.167765591416029,0.301610257641202,1.88696290135528,2.62958761071218,4.6432277687357,-34.4289780352002
"perturb_1",27920,1.60230270746044,-2.62296901001989,-2.92976862202494,-0.712679134676829,1.49298059806089,-1.27399375826437,-1.67812923329299,0.0433021927552075,0.222585709521795,1.76663832331939,2.3442552584258,4.51793275250627,-36.9815994514417
"perturb_1",27940,1.56613193262407,-2.57962732761155,-2.95109042794137,-0.737325798743534,1.71154753809595,-0.987967462756437,-1.7172717313202,0.072144047978646,-0.0220622843497695,1.77081138073753,2.58307614937546,4.93544936318916,-35.0532664455251
"perturb_1",27960,1.74815144339065,-2.52155724469213,-3.04211808372433,-0.713791475996837,1.66346400814978,-0.376879399331599,-1.65406477188694,-0.0191798505579372,-0.00024612721957749,2.03795430735268,2.21977545810927,4.81149584474263,-34.9677079116492
"perturb_1",27980,1.48167495574314,-2.49240020507935,-2.94110082923479,-0.831395985074948,2.06057619548337,-1.50008855833283,-1.61200888343032,-0.151333940347396,0.116500252730794,1.75143716712943,2.45036981975067,4.65423511645844,-33.9829878901462
"perturb_1",28000,1.77459502218604,-2.58959457259337,-2.88449621677228,-0.803709496651415,2.20090884889059,-2.03430994081588,-1.73573447106313,-0.297216398383882,0.206542783127555,1.77051240050813,2.87846489976555,4.94067233293799,-37.0963723404971
"perturb_1",28020,1.54589542296545,-2.50041544777473,-3.00873682788824,-0.688675119984603,2.02687812929558,-1.91133467295697,-1.74524792353221,-0.237324348672016,0.384692952282518,1.60572798515271,2.5512253400694,4.91837802029544,-35.2808728114863
"perturb_1",28040,1.8730304447848,-2.46877707948138,-3.07494244513848,-0.676868008471262,1.83259273638592,-1.1637601168557,-1.77414962906451,-0.0920746948224056,0.329472598531159,1.63686901901682,2.58851422266601,4.81772757534876,-32.8974116792042
"perturb_1",28060,1.77633804939515,-2.4035947918036,-3.03716553749152,-0.788484122792361,2.02530800072539,-0.513810186190045,-1.64974647225531,-0.0444390472797454,0.0994506543328693,1.69166620875993,2.88730752218135,5.11949428931913,-36.7648498872843
"perturb_1",28080,1.81647602792027,-2.50715274342001,-2.9133525208847,-0.85519577724362,2.09539376992258,-1.09080200339458,-1.65926553195366,-0.208221380282465,0.456847334334381,1.42434714069644,2.92773901747159,4.84179958241003,-32.6455533951197
"perturb_1",28100,1.79628278978734,-2.50870357426469,-3.03701178844682,-0.675152627569288,1.88853361698748,-1.72897949443323,-1.69183448291,-0.140054179647105,0.470771051874847,1.25201644902363,2.98333916810492,4.47563375086358,-38.8962547548209
"perturb_1",28120,1.96854039899018,-2.53846435435786,-2.98382920486331,-0.714529261797699,1.83685334974089,-1.38781621338499,-1.66869516924789,-0.116575820336243,0.329902202622288,1.57056347037633,2.5628452648521,4.95788263078663,-33.4937403863513
"perturb_1",28140,1.90615505354378,-2.49223886893919,-3.05493789981405,-0.679789657896111,1.80321637778942,-1.65244815556654,-1.74047521373725,-0.104183509193495,0.265247289904027,1.82824845950331,2.27797844141133,4.98100079896841,-33.320313475837
"perturb_1",28160,1.54178786922672,-2.49125908882128,-3.02056324441012,-0.724321768401396,1.73257918124349,-1.65597043056483,-1.84308070196552,-0.0336013704422077,0.16527054028242,1.84633617434866,2.46272452338191,4.65024596313136,-31.8299571156791
"perturb_1",28180,1.87028007553932,-2.61529448509924,-2.95861931245569,-0.747463251753223,2.00075676951365,-1.47661485644542,-1.78250095847036,0.0464226700803796,0.00889948706163067,1.62363902508957,2.71094881669674,4.94548264841762,-33.3139402794173
"perturb_1",28200,1.92751403392749,-2.52088479701272,-2.95198536236337,-0.801934057881448,1.85851008764134,-1.59818510785084,-1.86441416999695,-0.0513261011219232,0.219210587624634,1.51506520527516,2.64949919799881,4.78318406586676,-32.8517521487874
"perturb_1",28220,1.61487271149222,-2.43784064112922,-3.09402926009859,-0.706460256469954,1.88156283135455,-0.472978379429846,-1.84011525682902,0.0479436066200623,0.202271425276335,1.56311655371304,2.71921318275891,4.30246960338176,-35.5089066848237
"perturb_1",28240,1.39026937177016,-2.49998620793983,-3.02144981455115,-0.6926576536257,1.94267362598386,-1.40771451061429,-1.85236597505968,-0.227800044113655,0.280263610240443,1.80445988593264,2.52341046655358,4.13404296233486,-37.3968761587209
"perturb_1",28260,1.7416867382524,-2.48655147456185,-2.96933704401173,-0.759423041191828,1.86630876906611,-2.36589857007131,-1.87958608582329,-0.132141193860737,0.0981614972439004,1.83036382597442,2.77953936172214,4.61096879145098,-34.3379734468977
"perturb_1",28280,1.47312658959262,-2.49433592540708,-2.86104681156999,-0.836547258707584,1.8313272056945,-0.817994286277571,-1.83732353759142,-0.184675004339471,0.377684718464481,1.87947426854312,2.39213646293279,4.99836689447369,-33.5074440640513
"perturb_1",28300,1.71651309556529,-2.54853473521771,-2.85458827619364,-0.853014382822865,1.8933034263414,-0.427965577005334,-1.71041888724559,-0.14017860642048,0.482300736334485,1.69514863839984,2.45203032791662,4.49533857006828,-33.8583761913798
"perturb_1",28320,1.44071453891308,-2.44238203847666,-2.98039330906257,-0.766630089551646,1.79798846305407,-1.11952887537338,-1.78832696446971,-0.189997952274665,0.198729038876577,1.73448122061428,2.54634076825093,4.86213224772713,-32.4615390869182
"perturb_1",28340,1.83598585607497,-2.47899615285696,-2.95744170541056,-0.837221000196813,2.07036142606717,-2.1418841887075,-1.81893153129051,-0.0632215791864818,0.178709360649148,1.76779527913909,2.83352058367028,4.59978181973124,-33.3054139023079
"perturb_1",28360,1.84711160375959,-2.36772068294487,-3.12945074190417,-0.721250060202269,1.85265345662677,-1.84269980442671,-1.89826030009373,-0.0351149148269554,0.157522909405036,1.90239207125151,2.37898034730878,4.54735698682966,-35.7768204078697
"perturb_1",28380,1.44198507160778,-2.37947521002367,-3.17037555711341,-0.691182223348487,1.73456751183046,-1.55878823184651,-1.74562402340046,0.0205732403896736,-0.0650661756289664,1.9065759660448,1.9035004411188,4.65665967568815,-37.9440386083959
"perturb_1",28400,1.3583542000793,-2.36658412376211,-3.04964929580906,-0.869179579745577,2.11331288134267,-1.79500466361474,-1.76899466142668,0.0635243296745624,0.222854649759242,1.59869299714851,2.4555024671467,4.69154012225276,-38.0538744741302
"perturb_1",28420,1.72539001920536,-2.42119723367954,-3.14668464382778,-0.841470718699685,2.09876419316752,-1.6905007640198,-1.76145370479722,0.190351691315864,-0.413395949745433,1.76714656838002,2.52043510508892,4.88914978279661,-38.7951611213103
"perturb_1",28440,2.03192707710847,-2.54099609677255,-3.06263598224052,-0.70426471893528,1.76316141211075,-1.47185408755441,-1.91819699843407,-0.0475796166392036,-0.106334936523967,1.96614905238332,2.24270196848497,5.07849072578119,-35.8327691686009
"perturb_1",28460,1.85650252527533,-2.49327053240014,-2.97082551774685,-0.812458366416283,1.75021468052868,-1.02192771539234,-1.85242459333584,-0.0758555016948948,0.0697152011974286,1.96542681910343,2.39100457757567,4.69780956700423,-32.9813826071977
"perturb_1",28480,2.11956436130183,-2.49192073774046,-2.95418192113217,-0.839153198758228,1.86123726826539,-0.900267455763565,-1.89082778341272,-0.0885894687224596,0.283642003449405,1.76681311456814,2.42054988714332,4.56100770203767,-34.2807459720596
"perturb_1",28500,1.83240699620718,-2.43156971992312,-3.03498294998072,-0.808884521262558,2.12992843082811,-0.531653241643132,-1.79925787701415,-0.127591313087962,0.307258834141883,1.36203929886626,2.98752397691228,4.20659988174184,-36.0781931277319
"perturb_1",28520,1.91125395925763,-2.4764764805565,-2.99142224073226,-0.829231465517705,1.90940094507395,-0.413518886407508,-1.8869636871139,-0.132261781333838,0.0281804841546311,1.65004798389178,2.75999034375863,4.35982046212846,-36.432718345901
"perturb_1",28540,2.0296487273144,-2.53662056384274,-3.02352978726516,-0.798949926441599,1.89673719762546,-0.900892844357486,-1.86434589548595,0.0311700626841999,0.0942919836737678,1.72258858483825,2.5082587764227,4.69633675498083,-34.0650158440334
"perturb_1",28560,1.7211258489875,-2.47348985063552,-3.0810377714464,-0.740320877745493,1.91327621427736,-1.24184746192156,-1.99601325272701,0.0563204878553621,0.0601000616015594,1.77852781879,2.38292199243428,4.71175190497783,-34.1228116697591
"perturb_1",28580,1.90684814413487,-2.54778608662316,-2.93838368537608,-0.812125543525296,2.11254061300708,-1.41411479348583,-1.80972987958261,-0.178612113690094,0.058721164503095,1.84909784001599,2.64094129975013,4.95494106759156,-32.9375864235619
"perturb_1",28600,1.98413577454593,-2.49635918607436,-2.96369454121384,-0.869241648134211,2.07037571815908,-1.61910001622209,-1.68960627177982,-0.154895630096004,0.27630227814249,1.61524662131829,2.49869395230264,4.83174680504796,-35.0577597176189
"perturb_1",28620,1.78510488770628,-2.57100751874935,-2.93558061126749,-0.742485867531289,1.84938356868753,-0.622257624584786,-1.77409031728954,-0.176184162531888,0.215674905669616,1.97307940345591,2.20150971332937,4.51386902603845,-34.3568312370655
"perturb_1",28640,2.12173356323288,-2.59347004644322,-2.935119208671,-0.72953112820323,1.91008457209466,-1.54280381488031,-1.78848379954828,-0.183474730962277,0.272982401844922,1.87816706058467,2.24095202472774,4.93807065400891,-35.6280450885873
"perturb_1",28660,1.57617315601348,-2.45739177627282,-2.91568187959495,-0.81632173339697,1.83236955063606,-0.636077738373997,-1.79379405522327,-0.310811200912547,0.328251459434948,1.81087226544446,2.13265998482588,4.97670853634439,-34.8219012384362
"perturb_1",28680,1.63723819905688,-2.51084224308928,-2.88032946637363,-0.840980693654358,1.68070442928926,-1.34346565213987,-1.78281259662623,-0.176189300202322,0.43477466717738,1.90338592750052,2.23276699257446,4.45963212049885,-33.3691633051416
"perturb_1",28700,1.92140943207022,-2.48168599931653,-3.03904334132252,-0.785141709498784,2.04059608875821,-0.778246677603394,-1.81342712271445,0.0582201847389871,-0.101000445333478,1.82919955337334,2.69718499229396,4.88454690702383,-33.9295384599083
"perturb_1",28720,1.4749240785098,-2.48673814859352,-3.0374430226898,-0.665179579472129,1.9550176849933,-0.904307360325553,-1.7313368491262,-0.146463687873983,0.25371199651537,1.72772042256748,2.74689993446166,4.83671054482849,-33.4505887466791
"perturb_1",28740,1.76863416283662,-2.47698461274968,-2.94823059367562,-0.777702271871834,1.80418717997194,-1.3348612201187,-1.74893979743702,-0.0276493146140863,0.352492994169689,1.92670692507741,2.74400434500496,4.83584583336484,-34.5812666126235
"perturb_1",28760,1.75969966782174,-2.57531884636253,-2.89967397821042,-0.805284621776253,1.72878884967058,-1.11277293128628,-1.84844169922608,-0.135088199550559,0.104206302566145,1.87225534607854,2.67019639555844,4.01884841504682,-34.9433763098795
"perturb_1",28780,1.84399055055615,-2.58856930379189,-2.91059972725917,-0.775420818370713,1.91542477327548,-1.36120810792973,-1.88302056952819,-0.1421470767618,0.224504109008503,1.86328944749343,2.86151563874636,3.88111154113261,-35.1171451954902
"perturb_1",28800,1.85731550497356,-2.47668940925582,-3.00070185698787,-0.761983244786895,1.92419932071226,-1.11436203654688,-1.7869577091109,-0.228476141758084,0.235639760053833,1.55740582443813,2.68923309445396,4.52484083799665,-32.4150928560822
"perturb_1",28820,1.4503013310035,-2.47231899293472,-2.99788801036348,-0.812495703170608,2.1063101158013,-0.80028744731734,-1.9248546844395,-0.0136393293518324,0.296109154106964,1.48596612848569,2.80890945770391,4.85751396841671,-33.4587143428315
"perturb_1",28840,1.60036383262115,-2.39045777811374,-3.09756536375244,-0.825257352263245,2.14149592096375,-1.32443185193244,-1.7889289055134,-0.00309811089985652,0.00836873236807581,1.5540359205002,2.87640390091655,4.63519193771266,-34.3395758666992
"perturb_1",28860,1.57034279269714,-2.41329959061644,-3.12892412344117,-0.729208939203376,1.9770418472044,-1.26760692961717,-1.66216234347597,0.0669589856367621,0.145917818944376,1.62457518551413,2.85084145068984,4.39667337771342,-34.7766613597147
"perturb_1",28880,1.93860840047449,-2.57183107001496,-3.0038534168245,-0.670863925528144,1.5065415843853,-1.29970777697283,-1.70709831327706,-0.0210867150074315,0.389370537549181,1.76973555418525,2.31629066307779,4.40862461614432,-36.2420815552868
"perturb_1",28900,1.86128656581334,-2.53265216349326,-2.97168631296754,-0.70739405362539,1.71237162929277,-1.35834326293515,-1.64501169701178,-0.0580045709056763,0.577674558192045,1.52907217051217,2.63490922755474,4.31634653633012,-36.7078065828639
"perturb_1",28920,1.69830798456772,-2.53726544015592,-2.97667689472466,-0.651609519484188,1.59427507446783,-0.935421609237758,-1.68702213447401,-0.160051412719092,0.53418154631595,1.99587899364795,2.35855725066314,4.61507805758774,-37.7754082668506
"perturb_1",28940,1.8895523048928,-2.58363842420519,-2.91723725068459,-0.761020972628543,1.88742329587543,-0.291048345945477,-1.74617207401325,-0.221725975611274,0.542077508930717,1.76051075289067,2.5168099276077,5.32444674741327,-38.6726549522313
"perturb_1",28960,1.61423458731078,-2.53069755274383,-2.99058240204162,-0.694635606878668,1.92311124494241,-0.200141420648605,-1.66519160791644,-0.246460308893825,0.402082222102466,1.52405212071232,2.84570974574681,5.19514739048718,-40.2104804275664
"perturb_1",28980,1.25375265126113,-2.54455172984862,-2.94870352227609,-0.772058907846583,1.87096062406364,-0.573159108329951,-1.63468411983366,-0.172309951968015,0.0646600975729594,1.77251312935769,2.83038962353209,4.85330389005171,-39.508892101874
"perturb_1",29000,1.38570658468013,-2.45042349079788,-2.99051452776591,-0.729238539329129,1.67844150123954,-1.75203948595042,-1.56803914069487,-0.295917706365835,0.396455959565935,1.81720796395186,2.09956586570766,4.72330451479576,-38.2029885845409
"perturb_1",29020,1.53127994140505,-2.51424796180278,-2.99277547409875,-0.738314068446725,1.90865608668824,-1.78225677069841,-2.03594517225172,-0.153335323409417,0.316554607552678,1.47826632383379,2.65590003167,4.44628193443276,-37.0904958085162
"perturb_1",29040,1.5382222062001,-2.45124687953658,-3.10946030179979,-0.732418058163982,1.79618091696656,-1.8752738893053,-1.78455843830921,0.0443042360447417,-0.113480882481433,1.93206136403174,2.55741137786388,4.18574206061081,-35.3390108886488
"perturb_1",29060,1.88500280378103,-2.49525094531962,-2.95658018684446,-0.857509528869901,2.02259151446953,-1.63032342073316,-1.92132161409653,0.0998781474102494,0.345357143210427,1.53803456694815,2.88933614648584,3.98350971262433,-37.3715853869392
"perturb_1",29080,1.71878507340249,-2.54880755632841,-2.93429359621078,-0.869996226713943,2.06374777834029,-1.07143087412198,-1.85340461496692,0.0911716840270494,0.249434158206429,1.46007385890895,2.94122284048383,4.60424277504794,-33.3797615996013
"perturb_1",29100,1.66526817447754,-2.45072918441641,-2.93818966160578,-0.929560807728127,2.16027910088852,-1.42947874550273,-1.85634921160117,-0.0433185074932111,0.460887763615155,1.27933360837054,3.1249558792112,4.99698800556669,-38.0078170953543
"perturb_1",29120,1.43151786718678,-2.55688280696249,-2.80469540078377,-0.942784035062859,1.85004273594845,-1.46305999457853,-1.92208031953091,-0.110445877157642,0.477222504741346,1.50005131162549,2.75460157449339,4.61450875189063,-37.9427475617719
"perturb_1",29140,1.8200461460909,-2.5957344723208,-2.90234851688156,-0.81402663160882,1.76671902730957,-2.06545970503175,-1.79156723237938,-0.0908099906855261,0.544618619483412,1.82344022361687,2.22135847666829,4.62193987825929,-36.7134775523605
"perturb_1",29160,1.76355384155528,-2.59615746316335,-2.93098353278106,-0.809143956558918,1.84984534459647,-1.15200084104173,-1.73190321171746,0.0773248000207974,0.0135662304529877,1.79945810562515,2.49854587442114,4.78242514412084,-31.8442970157244
"perturb_1",29180,1.90547005506228,-2.48175358400255,-2.9488569292733,-0.853305526575258,1.77557717691543,-2.03872510710398,-1.6717455895881,0.00304444309517878,0.135432439818019,1.73549986179283,2.26863283873659,4.50528267438486,-35.9964414539816
"perturb_1",29200,1.63153849800385,-2.52310834323402,-2.95026613950555,-0.81395730791717,1.98721393407333,-1.67147305838824,-1.91112316824447,0.00399099422923203,0.234848634679785,1.65192501131765,2.49755725964246,4.75367842092872,-31.6012816584336
"perturb_1",29220,1.86373108234733,-2.50723754134926,-2.98321165489179,-0.718664435580519,1.80135225419565,-1.74943340366469,-1.79961169747428,-0.165042574385393,0.225192497392748,1.82185745107692,2.51513749114884,4.46800849969181,-31.5754806535008
"perturb_1",29240,1.25357304157254,-2.43870149587143,-2.9883796303818,-0.781652692092465,1.8687644737491,-1.04362833443583,-1.62447832137144,-0.105021108153063,0.0436391232030697,1.68375329567521,2.74576848227346,4.03604548175012,-36.8668153877414
"perturb_1",29260,1.64654134999669,-2.50342486971835,-2.88900104876062,-0.801731479451338,1.80169051269528,-1.18544969247757,-1.64739752075534,-0.236127904662201,0.318538649900762,1.83786290833659,2.57790852947543,3.86750878509447,-35.8998991592377
"perturb_1",29280,1.84168226756988,-2.5695528256327,-2.9252854768472,-0.78837658341794,1.94149301536343,-1.32829095364681,-1.8429921705062,0.0316596373303736,0.412843764147,1.78517982481884,2.74018415560975,3.83295271695203,-36.9682224072084
"perturb_1",29300,1.51409044416388,-2.50782895834003,-2.86176324883309,-0.858954789889013,2.06999771164366,-1.52313950771208,-1.81540613955209,-0.22448841067284,0.519254094360123,1.83509308613865,2.88246166518428,3.87736916061166,-39.604897580872
"perturb_1",29320,1.38940516192961,-2.48135673222841,-2.88472227883057,-0.821724259686565,1.89433383572087,-0.941166745863438,-1.71766156326005,-0.256222687473507,0.450436606245996,1.70006281593922,2.60480398637664,4.19151513997139,-34.4595321398144
"perturb_1",29340,1.49646693567413,-2.52393307828677,-2.92034666534247,-0.808818792220731,1.82692915152774,-0.882353257121242,-1.81252766809373,0.0455718581293869,0.274286323036984,1.78517011966516,2.51241876168786,4.51719047677804,-32.2783774296441
"perturb_1",29360,1.7989487604685,-2.63940711176711,-2.90880442923788,-0.80048726615558,2.02407656629475,-1.15021867911917,-1.93739520820797,-0.0416030989335712,-0.0626120557304701,1.8085548171645,2.69542416512791,4.98117473169949,-34.0517604966215
"perturb_1",29380,1.63210246027391,-2.60572591043468,-2.92662718880412,-0.79240761286111,1.89438115033644,-0.973891821619255,-1.8089993710084,-0.0954409507866463,-0.00197860416642284,1.93409590323107,2.39808068627979,4.77179051152106,-32.9110073243012
"perturb_1",29400,1.68171113874206,-2.52218597171511,-2.92061650662655,-0.824727480627461,2.07624907673933,-1.27623204012963,-1.79016715528328,-0.192143355567436,0.281397509610501,1.59914840796117,2.81588623379254,4.45023968879459,-30.9092227652362
"perturb_1",29420,1.85125500140773,-2.5311794631079,-2.85560470940139,-0.931622350873458,2.21163437164164,-1.41101255506577,-1.83129171889598,-0.258364177480924,0.519700121678104,1.33968036244062,2.97041675844598,4.77761400103842,-35.132898236057
"perturb_1",29440,2.00593702712893,-2.54565914436457,-2.92641920493178,-0.828478296282659,2.03981490616021,-1.26741005066793,-1.86782597326831,-0.215517728939355,0.299326142528212,1.71414925685458,2.69464763067419,4.92580554119479,-32.7398307200913
"perturb_1",29460,1.57474958683686,-2.56125324319541,-2.96197858581759,-0.770218832859565,1.88289910577181,-0.71838499489911,-1.92257880521084,-0.0739815759729832,0.0477889179008556,1.87997391530232,2.51605395875248,4.87218007834769,-33.2161742398451
"perturb_1",29480,1.98542209882603,-2.4916260726825,-3.0077107050146,-0.787816436385475,2.05257845745003,-1.02680833097713,-1.7682942061797,-0.0830374063607919,0.263256358794031,1.61860800376988,2.92209722074193,4.65236695558117,-31.7854353625302
"perturb_1",29500,1.79599544185368,-2.52852216055725,-3.01914989473228,-0.721363281476693,1.95850116925126,-0.689828617230972,-1.67659875659325,-0.0938474929284152,0.272375911591266,1.6732423615334,2.55273025870678,4.83610253785406,-32.0010092043766
"perturb_1",29520,1.73137616897369,-2.36770442805592,-3.20513715322682,-0.701685257454032,2.06377123558873,-1.1955430774072,-1.69884023502619,-0.0388499788150327,0.217910258645835,1.73937976913299,2.42770967985842,4.68538157934958,-38.6593293717315
"perturb_1",29540,2.03765669498455,-2.47328025994315,-3.12026287249635,-0.689664436043208,1.91961381841873,-1.62020897364976,-1.64935252956101,-0.108267628070896,0.20435591612279,1.72568021020842,2.451251607362,4.7741089941498,-35.7593622149268
"perturb_1",29560,2.0662703707657,-2.45984702150965,-3.09201730886196,-0.729086223992115,2.07943461843346,-0.972708560434511,-1.88828557974313,-0.122301769527951,0.250397534011244,1.56019402867595,2.993036594618,4.53700920383522,-35.9651335152418
"perturb_1",29580,1.98576429596045,-2.40873882432451,-3.15313815726128,-0.691799225893981,1.77279004577481,-0.466486859849076,-1.85893905314507,-0.0520045381107186,0.0591502448388366,1.87173940905003,2.33114095959967,4.8138181344341,-35.9111900926476
"perturb_1",29600,1.8575184065652,-2.51863029782536,-3.12966996629792,-0.702707532628295,1.99212205719669,-1.63262629822576,-1.84873613040585,0.0892018384081449,-0.220731038076463,1.70849746991418,2.69471957433912,5.04070788524925,-35.3572030848458
"perturb_1",29620,1.93564606533557,-2.49351944748047,-2.96058928728135,-0.815078377203406,1.83559366748264,-2.43733295738524,-1.76975791371693,0.0446636897730383,0.296596435138226,1.86097759274725,2.56315297161615,4.88973928610311,-36.3796235690756
"perturb_1",29640,1.89425646948765,-2.51578588280657,-2.91052205031686,-0.799463885690544,1.86757673741297,-1.95665426674621,-1.74813662950649,-0.153277678655149,0.44857794434965,1.86524443569654,2.84413701460897,4.66807746133498,-35.3215533124042
"perturb_1",29660,1.60548493464473,-2.51605678907159,-2.96175819417156,-0.737126906961857,2.05350787698623,-0.73065774500941,-1.80951483274953,-0.253103831890582,0.323099855194096,1.90629197346571,2.84483502471925,4.84104583706955,-35.5895690945303
"perturb_1",29680,1.8339705953043,-2.59286486741873,-2.91730614177229,-0.76679046021462,2.00396152318739,-0.650453550536297,-1.77833092290968,-0.222703644560535,0.202582678215512,1.94525386964719,2.82567515193461,4.68584279533448,-35.0045784590426
"perturb_1",29700,1.89447380185014,-2.64827681551256,-2.93474479629855,-0.767277251040264,2.0029555822257,-1.24186375596572,-1.81099661248166,-0.0446952440177034,-0.0363494467945847,1.76263481737514,2.67287863483395,4.79249333024937,-32.1102770032956
"perturb_1",29720,1.82134712471609,-2.60821071132274,-2.88500647402209,-0.858672453464223,2.08392843522663,-0.742778554542411,-1.74375399659006,-0.130474891569262,0.304015630480046,1.46905466377262,2.80105802499005,4.37306029632945,-33.0876915488654
"perturb_1",29740,1.71905351808599,-2.5953935803748,-2.87008791005968,-0.825986864958329,1.88292972601607,-1.9260726772366,-1.61187298724392,-0.293601659849115,0.286398900452905,1.74909236528288,2.45552491049162,4.7266157487042,-35.4813347045823
"perturb_1",29760,1.24004000330134,-2.57130708033857,-2.89095670806545,-0.909659285090018,2.07343093732085,-1.94148240145566,-1.84470931749392,-0.0540397230154583,0.177679690200681,1.71132828827458,2.43815173787575,4.54517737306829,-40.9003757978903
"perturb_1",29780,1.52694368911636,-2.48914390449512,-2.92441844196845,-0.870291321719611,2.0468930991045,-1.50736319854201,-1.80201918991647,-0.0780436251716243,0.347945795001041,1.46499853619527,2.8209388613114,4.70354953069453,-31.4391350155713
"perturb_1",29800,1.79965451657009,-2.54085215390863,-2.90644411202776,-0.783780452881018,1.8401896654343,-0.758453048190048,-1.8599610553013,-0.205817938821453,0.304537865224613,1.65909133219297,2.61578291425913,4.62769670828707,-31.5104229870508
"perturb_1",29820,1.63450941136458,-2.48109429211676,-2.91981302017516,-0.813161032013079,1.85736440180373,-1.39999545728367,-1.85560562010879,-0.182057570032653,0.254278028240705,1.71610664067616,2.41084254699699,4.95323027550941,-31.6962173322829
"perturb_1",29840,1.83289185024113,-2.58814685740766,-2.94284486166313,-0.784591787395361,1.96811088033093,-1.1009391629332,-1.88584183354155,-0.13032679130088,0.057883359072135,1.80982479208061,2.51123491358769,4.86153295577656,-31.6784558793975
"perturb_1",29860,1.79738077099076,-2.51543881655155,-2.93922554656197,-0.775506281563477,1.96767949577226,-1.11385736767248,-1.89022486092516,-0.19703728687028,0.269450969981465,1.73229397352795,2.72493990413939,4.23153449365537,-32.4469833024076
"perturb_1",29880,1.74152370718945,-2.55418786390622,-2.95127905400186,-0.785178138984813,1.80208016577997,-1.11806175682375,-1.83699251640203,-0.0503227549523596,0.119515685033407,1.73866927356554,2.47064894745496,4.06983536472452,-32.9780763340849
"perturb_1",29900,1.60671493741,-2.55450772173754,-2.833645372134,-0.855385372004932,1.78654439926531,-1.06324712625794,-1.81654298886526,-0.294858379856707,0.490431351224876,1.69454959468162,2.38652290497691,4.37920517118391,-34.4549605357802
"perturb_1",29920,1.83432720084339,-2.55953884639746,-2.92017171946481,-0.728587185710103,1.49032014386906,-2.18083849263022,-1.71288039528226,-0.13594759445166,0.310983105721644,1.97818502933738,2.22766895487427,4.77716296697442,-34.9890715450546
"perturb_1",29940,1.80133903423458,-2.58449890943691,-2.93819807993562,-0.762366543702056,1.61150829497825,-1.92353064324822,-1.57707313005234,-0.0935110882268753,0.0242704193531329,1.96460106360044,2.47553588791572,4.44145185278032,-36.7720433897109
"perturb_1",29960,1.81450760412946,-2.50145323437428,-2.99955037428205,-0.843239153527569,2.04048833642668,-2.30543355924199,-1.71427609347365,-0.0296664310961583,0.0700600227434477,1.89400222594445,2.49091708036543,4.77188276819375,-37.0995553927317
"perturb_1",29980,2.02427173282327,-2.49173815605019,-3.05472326903359,-0.791400607643136,2.07165253047055,-1.98432572161546,-1.81166501351652,-0.158373618379568,0.317560415050449,1.63620241245125,2.30540607436417,4.93983809621737,-41.710746705946
"perturb_1",30000,1.88673705883348,-2.55645933636495,-2.92958489168682,-0.761468569435229,1.92634699836214,-2.17153904583542,-1.71165010622127,-0.336802266813074,0.326603448169701,1.87681818314762,2.53192248863982,4.84601875503597,-35.3441113213855
"perturb_1",5020,1.80381140102961,-2.6145161524625,-2.91219910766546,-0.797409033721328,1.99015136097022,-0.881624352201044,-1.59436575765507,-0.148834504152758,0.297351264875064,1.45251049946358,2.6780168433261,4.89816366367086,-34.2050633460673
"perturb_1",5040,1.66197676337283,-2.51877015295535,-3.04617460327404,-0.713782845120605,1.7534667012254,-1.54037205589949,-1.70993403433932,-0.0304073701111278,-0.0708914778940261,1.97257643065677,2.05761985160612,5.07883333666322,-34.3479994834069
"perturb_1",5060,1.75960721357253,-2.5168154278399,-2.98006506544222,-0.731806381372015,1.96381077215613,-1.74934827976364,-1.60337432496949,-0.301655956782656,0.090319167169094,2.01849677307596,2.28158004809033,4.96040778801542,-37.5799274123767
"perturb_1",5080,1.45916511291396,-2.58620002468434,-2.9480839803425,-0.691233402842816,1.7385445279907,-1.31849111709578,-1.62545565412059,-0.217225306808717,0.0680439326592934,1.80102892487939,2.60556161870027,4.74000443603837,-36.3062015122634
"perturb_1",5100,1.22291236267388,-2.52979649630396,-2.8902236391172,-0.797599124251732,1.76451589556884,-1.41273018125306,-1.71569956643388,0.0373247918327252,0.243540448214975,1.75573256489263,2.40228761820259,4.87574840683405,-35.4972736813545
"perturb_1",5120,1.64273670673262,-2.52260902159466,-2.95147436358852,-0.806751152476284,1.86427277695234,-1.51127068339073,-1.74149044993582,0.111139573892017,0.221541319477428,1.61447412493092,2.68489263267256,4.6880878176613,-32.6589008614466
"perturb_1",5140,1.64546564994326,-2.61740559690924,-2.89669737053573,-0.801298270669832,1.98545452265848,-1.24175783619054,-1.7101983002018,-0.0247994684586099,0.272962562480843,1.69284041674422,2.48822812707793,4.66611103837211,-32.1121625810968
"perturb_1",5160,1.66412499792084,-2.41924325957082,-3.08098927136239,-0.772824531009867,2.09906458335964,-1.91216896590364,-1.67229195474506,0.0356429206773009,0.0442970800365452,1.7200495977888,2.47151219898664,4.51887878949085,-37.2619359411874
"perturb_1",5180,1.50727223443832,-2.35731661678244,-3.04902734066102,-0.795855158248333,1.97791725746847,-2.28512320721908,-1.64379982863215,-0.125370709804266,0.296382567928617,1.72261005916049,2.51291336450729,4.47389870982049,-36.6452920384633
"perturb_1",5200,1.28004797654392,-2.46318006228803,-2.96017288979778,-0.821778815776101,1.90925914042196,-2.16457521724066,-1.71655323924405,-0.0751598583249465,0.410198152983051,1.63447042262342,2.54536696793987,4.5752222420745,-35.2780076815027
"perturb_1",5220,1.66866772344407,-2.5564696614676,-3.08373355688531,-0.647734723634425,1.81567342761725,-1.37693805237475,-1.77976940747201,0.0381644750140816,-0.0477068512842938,1.74195568358445,2.69933489135153,4.65009574104389,-34.990549352713
"perturb_1",5240,1.50959210057753,-2.49297672821259,-3.0985803688349,-0.665110249740335,1.84650001646594,-1.56757903488097,-1.78854781536778,-0.003369719478991,0.165918022275055,1.7834500039936,2.76630623323626,4.84883290415707,-36.9710945953062
"perturb_1",5260,1.5874707139018,-2.41813219961923,-3.08122030994843,-0.761799450385044,1.85467236761523,-1.85906709872157,-1.70684222096916,0.108286698330191,0.128391960977247,1.90334541134971,2.56743181282444,4.78236055934674,-35.1346206294835
"perturb_1",5280,1.82879167960462,-2.57185480423575,-2.8796222274584,-0.861288047816283,1.90392035560543,-1.56751984395853,-1.75256365597789,-0.0252193219888846,0.245507688662147,1.82217866128939,2.30964572688344,4.48857944068643,-32.5544068075133
"perturb_1",5300,1.77694135975453,-2.57728307769349,-2.99150186532628,-0.820650426396738,1.94005617785073,-2.3740145177289,-1.64782793178443,0.0808685614630573,-0.1868175670225,1.88024797274999,2.39996376071574,4.46001482762988,-37.8548701931583
"perturb_1",5320,1.92404259657937,-2.69714470396499,-2.83611541114499,-0.843952832797459,1.90026551577201,-1.31171530205401,-1.6947186611862,-0.103461733274897,0.0632019956832505,1.94886289242307,2.37491146184405,4.85901545931327,-35.0738373757828
"perturb_1",5340,1.71627879241145,-2.63039065718275,-2.90727807422104,-0.750836444053477,1.76327649663588,-1.63571962451022,-1.72429004537732,0.0692939484869572,0.181531990024805,1.87772538650504,2.44695870552034,4.57281499656539,-34.1183969563063
"perturb_1",5360,1.80098796793658,-2.54051310692734,-2.84176191113815,-0.917394749311084,2.00112291041811,-1.38842845428647,-1.62977437863731,-0.0314799057362325,0.383969820210626,1.80441445206149,2.68118884487557,4.84491666507038,-35.5460068045634
"perturb_1",5380,1.82381302885862,-2.44363288750259,-2.9949226009004,-0.812670136353514,2.03296284783941,-1.57269048910419,-1.69329933712729,-0.124709950543846,0.188562610191268,1.87366998389768,2.73072225707546,4.93155073223329,-33.4818304649375
"perturb_1",5400,1.89112978835306,-2.49473330827557,-3.05005770269833,-0.749497259138413,1.92275263172785,-1.21654223270428,-1.52766109107253,-0.0114556946913894,-0.0934103899949153,1.92525505455632,2.51766709215103,4.61882047905769,-35.19853388227
"perturb_1",5420,1.74465215343315,-2.49398253090894,-3.06446136344006,-0.72039022255223,1.92778351409817,-1.05267847744525,-1.6064498254435,0.0401388294700877,-0.118036481036085,1.87667480737629,2.60515461839109,4.70205188839457,-33.8534596175686
"perturb_1",5440,1.7549819438258,-2.45962202449513,-2.99193900125158,-0.75062248051703,1.88602372258247,-1.27704735702959,-1.66171037529383,-0.0759640846426311,0.310911500035808,1.70721457607626,2.74414069081408,4.96400755821709,-32.2183784606104
"perturb_1",5460,1.98956081334288,-2.56518105224209,-2.93430048691809,-0.744679785882172,1.79048027975919,-1.27413555393866,-1.89839412791009,-0.110744830402112,0.319467214800644,1.67613563193374,2.40030145486836,4.92335515983047,-32.8874714078052
"perturb_1",5480,1.85993651332847,-2.38889761766703,-3.03640134762192,-0.759879244401638,1.77763101891375,-1.15648372638695,-1.82284556603333,-0.0584678648645387,0.173168097377687,1.84837810331702,2.37278466877512,4.85111947189397,-34.0412646381882
"perturb_1",5500,1.99722186791909,-2.50605063913088,-3.09921484683855,-0.735751260236725,1.95664951697845,-0.937737005793352,-1.90190932918794,0.15674458787354,-0.146504017677921,1.79449091245029,2.46654696888109,4.93915704362023,-35.9677058101883
"perturb_1",5520,1.73303823902056,-2.55859632683961,-2.94787790455842,-0.786405798642571,1.76255929110971,-0.91414185243771,-1.8023600895498,-0.0255886617079592,0.281767999952544,1.9036181836778,2.05910342507385,4.51922040936962,-33.0449456289644
"perturb_1",5540,1.56867141774383,-2.4743314814568,-3.07318814785061,-0.703621909653281,1.60647139448806,-1.48577083322941,-1.88850281848816,0.0186519656009138,0.220360070926882,1.98354841682164,1.99509477337978,4.99104919130399,-37.2863117975378
"perturb_1",5560,1.61976241206016,-2.54332306891536,-2.96234645530217,-0.684265635130872,1.39181937548263,-1.0504311494868,-1.77151597154695,-0.207334409280024,0.421623389597071,2.03330813526345,1.95036534757665,4.53806467763201,-35.9333555824987
"perturb_1",5580,1.56641051188622,-2.47768808351486,-2.93325672846789,-0.765034624124113,1.70760688846625,-0.894715796276166,-1.89483232497513,-0.171392068204762,0.466409396964058,1.80545186412239,2.03084541397238,4.78961480492386,-33.3274364786837
"perturb_1",5600,1.94098648053473,-2.54318592915652,-3.07202553810327,-0.630900426495824,1.47590850313618,-0.807105168214813,-1.90782558353352,-0.0898344925394387,-0.0725310834930332,1.82378755189129,2.24316662905438,4.74717166489489,-39.1051556853949
"perturb_1",5620,2.02062987049031,-2.54597486993495,-2.97349487182728,-0.705316886264216,1.3818788198385,-1.71177567127496,-1.86659296546665,-0.107109709526796,0.229337927403939,1.81041219706599,1.90009317208373,4.83083137788798,-37.149889393713
"perturb_1",5640,1.74383957366103,-2.50318097849899,-2.93545158150842,-0.745212916099204,1.54935014000756,-1.6973719449836,-1.8584493220116,-0.150796935071044,0.426633811712958,1.83589787658396,2.36809433789694,4.74634957443351,-33.6736901472233
"perturb_1",5660,1.35827063334973,-2.46955705540553,-2.99099230719937,-0.755278129039466,1.73453321994405,-1.39518694856279,-1.83054035568875,-0.0706415730906224,-0.121556544957981,2.06934870672162,2.27377239591911,4.75615224281873,-34.49212036347
"perturb_1",5680,1.51867558412184,-2.47572121357589,-2.99196948507995,-0.792465143114998,1.98767599065411,-1.35735222948502,-1.65657442792543,-0.03142142109961,0.0230255321142696,2.09999874870626,2.33948629170471,4.75844542289555,-36.1721243925145
"perturb_1",5700,1.52245565548157,-2.45107688395607,-3.00995967842968,-0.736543401629001,1.5203215298061,-1.37777878754411,-1.70976147158772,0.0505989584644245,0.287499118571794,1.98065307071764,1.73410131714328,4.80423278904572,-35.2984812928471
"perturb_1",5720,1.72977159022131,-2.52558090168451,-2.88797950485948,-0.764180545147238,1.66453216413809,-0.806810706771683,-1.66229198034863,-0.23418167628135,0.395175002311226,1.71150076237469,1.99938834902253,4.69873693725608,-37.3724845973532
"perturb_1",5740,1.77314403274556,-2.4969588491715,-3.03686861600408,-0.650923363911219,1.45460561597678,-1.22794432151559,-1.62730912825084,-0.161684320738784,0.185957167353584,1.87740249001907,2.16424480028461,4.66856178297953,-35.6864907971303
"perturb_1",5760,1.65820739868684,-2.56487013973812,-2.94565824259374,-0.790326729593784,1.90258892585299,-1.56618146895247,-1.76071212603293,-0.0466645969123223,0.191952680541271,1.71704730605722,2.45646361699896,4.44851188906132,-31.1949322392819
"perturb_1",5780,1.80869446461936,-2.51528958074884,-2.95130393100566,-0.757430264969003,1.85025022851031,-0.790711184955458,-1.80689916276744,-0.111398981890663,0.214535528125869,1.716289968906,2.47398758170525,4.70714844017199,-30.9847325813412
"perturb_1",5800,1.77009763672723,-2.56576162132016,-2.90761938568363,-0.787653595187125,1.86000285552301,-1.61808908798878,-1.68544602369363,-0.191051352158899,0.203770469842645,1.7666908696876,2.34059723526554,4.72009558080632,-31.4426702161476
"perturb_1",5820,1.58374072279194,-2.50910697073642,-2.92589379848045,-0.881756978960444,2.03956143934712,-1.86317536201138,-1.93868807447561,-0.0170706939994585,0.180673568933549,1.70125000365983,2.59410061031285,4.54457094521295,-33.9819083835026
"perturb_1",5840,1.68344259377416,-2.46461950155499,-3.05547688584314,-0.687832461922371,1.70622242556705,-1.01979405486973,-1.7864763720861,-0.0603598436210375,0.208569164785986,1.93949202183762,2.479191217576,4.40400603708976,-32.6580703014808
"perturb_1",5860,1.92663959697296,-2.53286612258372,-3.08577865733526,-0.706180208427068,1.77833891348727,-1.27295700172064,-1.71504122493254,0.0111638148632999,-0.0224779768690847,1.97334876506557,2.32711427090011,4.45916200313494,-34.2412227336437
"perturb_1",5880,1.70230294784806,-2.53276378567335,-3.03564914945698,-0.719684818419086,1.92068765517222,-1.605751795014,-1.855478296488,-0.000838910034242295,0.174677535398821,1.68439255594041,2.70502395293625,4.35512665931509,-32.5443893598622
"perturb_1",5900,1.60967361824637,-2.45810025692264,-3.00552413446467,-0.774436597118474,1.95765665762368,0.089042092050029,-1.88707266135708,0.0124562974017965,0.444956704077561,1.9172375879345,2.63827434231353,4.48824670693996,-40.9698343444704
"perturb_1",5920,1.68701592911437,-2.53448147855131,-2.85200671502153,-0.871705540170091,1.87216343201649,-2.11758240740237,-1.93603578328558,-0.125647668071712,0.627586340443289,1.85129527446437,2.5140958241684,4.58611853892844,-37.9106807657168
"perturb_1",5940,1.6299294431623,-2.38393636550072,-3.02624457687936,-0.792890607834718,1.96703493883224,-1.3740834492711,-1.90992063503039,-0.072210046786771,0.560620912301364,1.71174891819925,2.62066809952649,4.51759224880956,-35.888564602713
"perturb_1",5960,1.53417488499956,-2.4250599847097,-3.04282921799768,-0.726201351423234,2.02041020748389,-1.38964359706223,-1.8200348030117,-0.215321084102586,0.252197707465983,1.75227618084925,2.51452691014176,4.81749290037882,-32.6295100306216
"perturb_1",5980,1.5815290102465,-2.52631697920928,-2.90034101853443,-0.846888251487395,1.9763945503779,-1.35160115754751,-1.68113682138388,-0.0856116718235556,0.1524112370502,1.94964922734243,2.05843266553132,4.71060236647856,-35.0813809244588
"perturb_1",6000,1.76535633858366,-2.50456785479686,-3.0909896800004,-0.738409771521,1.88583217669625,-1.49882706513948,-1.74253259518042,0.128732433525388,-0.251572761324383,1.87406842734689,2.34607904805725,4.46898522704549,-35.0464733965687
"perturb_1",6020,1.63006169540246,-2.45197785228564,-3.12775106825324,-0.737737612151604,1.95711337765684,-1.818405948924,-1.82639513994777,0.127464961663352,0.00649247245124104,1.66791489307911,2.56928336656107,4.55283261660263,-34.43055314394
"perturb_1",6040,1.72470296392448,-2.49560659145465,-3.05377349245194,-0.780498908320474,1.74979470764643,-2.47920692795488,-1.84699928034156,-0.0234215776976694,-0.241201783741993,1.96196391773836,2.20685516901182,4.78125589851412,-38.0045343626669
"perturb_1",6060,1.58556241351892,-2.47801535670965,-3.02269777386204,-0.778536569690631,1.81579629522795,-2.10536796648735,-1.88035416747376,-0.0623968123297503,-0.0460384241091091,1.85959218418765,2.69473191895738,4.66656464367197,-36.1287035921602
"perturb_1",6080,1.79619376899733,-2.41435457353555,-3.14674911824648,-0.734133972233345,1.8333343974044,-1.361070498863,-1.84497805429278,0.00017213065729052,-0.0523066705000591,1.83475972435653,2.23125357167574,4.60916026469612,-34.1827524323272
"perturb_1",6100,1.69426481625819,-2.45458939840629,-3.10403829238229,-0.707216896906403,1.99065222705806,-1.37389883144942,-1.74938690989786,-0.100302598266409,0.179527105690993,1.57300656469907,2.62704742147044,4.31297791897529,-34.5239478831899
"perturb_1",6120,2.12730555393076,-2.54334500022841,-2.98947355452532,-0.754183958747996,1.91853962826653,-1.86846082140118,-1.66376448476649,-0.160277045034768,0.286875487653933,1.67501294157955,2.36673414069195,4.60043326513572,-34.7831396789858
"perturb_1",6140,1.75190039245875,-2.49432492237125,-2.9274443171962,-0.766180354121961,1.86821123797743,-1.90017823320495,-1.79103988978267,-0.172110709742794,0.436685900707129,1.52658000516804,2.61383571186087,4.22202490585238,-35.3194935794844
"perturb_1",6160,1.76460232747322,-2.46662708937427,-3.0108915260562,-0.700718020290891,1.73245639940088,-1.61024685584394,-1.94506469447419,-0.156720112651466,0.300196699756358,1.85558203836539,2.00656729041565,4.74043868490706,-35.2975646200917
"perturb_1",6180,1.72434072564057,-2.50678721377713,-3.00352307380398,-0.701474535056366,1.88675073889082,-1.94785470865745,-1.94218945754062,-0.0341059510466907,0.179457770786691,1.74001879970316,2.65943393977491,4.53422479822756,-34.2433339830147
"perturb_1",6200,1.38120373555176,-2.50096590877437,-2.96343905721462,-0.733966588984123,1.76699761926872,-1.14311507271803,-1.81005733990008,-0.0679537565564697,0.0481776483154643,1.84442623803362,2.50395043496967,4.59010756927437,-32.6284973189451
"perturb_1",6220,1.11978627079364,-2.39327121894896,-3.0225436535503,-0.785196922471421,1.91525117838054,-1.15832090299294,-1.6519007882971,-0.0191889027139236,0.0683967838941067,1.84264155213194,2.44767662739982,4.58560788018316,-35.9256229886277
"perturb_1",6240,1.11427095824656,-2.51492346222559,-2.91807317937876,-0.792034256047283,1.87013741588104,-1.55100348111142,-1.81910883278852,-0.152420125105397,0.294694927440698,1.72304122338873,2.32615716810528,4.88663608998982,-34.2127011773946
"perturb_1",6260,1.44711167922142,-2.48012869551311,-2.95679108682277,-0.753815879473686,1.99686918453664,-0.848570237331184,-1.83812209549224,-0.124454209975376,0.224854099995493,1.84576732080768,2.23469413493812,4.88370677310525,-35.7676113514847
"perturb_1",6280,1.68378859133198,-2.54446576038581,-2.92781124242331,-0.752941723935297,2.0217341194426,-1.90408252830623,-1.75248084131803,-0.161432576903479,0.30400653670482,1.74893186371267,2.52622300837697,4.68959130366427,-33.1979138836182
"perturb_1",6300,1.65406140608131,-2.36376737177647,-3.04834057366624,-0.73357905298796,1.81473767415673,-0.928792133540254,-1.78897234579808,-0.200382468016895,0.2576266158734,1.96194467943438,2.35501449862989,4.67012157204351,-34.164831122914
"perturb_1",6320,1.70897808142717,-2.47265593294355,-2.88590927163591,-0.882153357016945,2.01251388019448,-0.779299313325661,-1.73629426392254,-0.202385537972093,0.231713133149486,1.61492710696097,2.6529119095613,4.74580307334437,-33.5193210138843
"perturb_1",6340,1.54823460707101,-2.42883901929104,-3.01722510579737,-0.749805452645089,2.00534514838313,-0.989724337335441,-1.76759547392261,-0.150488896726781,0.115158993516414,1.60097881005628,2.84333182004835,4.66396531535485,-32.447818060089
"perturb_1",6360,1.5578524925386,-2.40230531330885,-3.0919820391305,-0.691302049978142,1.80104493638758,-1.07669363140477,-1.76082842312422,-0.0644740069154155,0.175189024460348,1.6903149126063,2.7421246088821,4.66396561244115,-33.4166452183463
"perturb_1",6380,1.87348646747537,-2.47750686216934,-3.0587015466321,-0.740053669546251,1.84465804458928,-1.41495024208929,-1.86060971394101,-0.0637244168346647,0.097447290576411,1.81678304360048,2.33875843813074,4.63522420589436,-31.6937437700947
"perturb_1",6400,1.74622105464098,-2.55950659640894,-2.99603748665032,-0.759071106875177,2.01212351900736,-1.07125445231809,-1.71450619835189,0.0295021444652921,0.125903395234859,1.74256713821096,2.62091770648513,4.50335023685996,-31.863412239322
"perturb_1",6420,1.61431231548551,-2.44531830599238,-2.95975641613016,-0.817746482504671,1.89224204507066,-0.73396369851651,-1.70356870077115,-0.255684974902227,0.300526051261371,1.88202987809853,2.45433080476699,4.6371793496749,-34.4043113323157
"perturb_1",6440,1.72085219333452,-2.46301094932936,-2.8780619024013,-0.900019188557194,1.91472929442958,-1.2488679708131,-1.67608312250457,-0.143033322629621,0.169494380058256,1.86601263517278,2.62425171006884,4.79276784330849,-35.5319347396758
"perturb_1",6460,1.65023154129307,-2.54970404632062,-2.90307878725145,-0.859045141905561,1.8501906026546,-1.48359748652964,-1.77226302183434,0.0344881160177255,0.190842074600872,1.65185700565232,2.42625125326402,4.60929995887286,-32.247570777224
"perturb_1",6480,1.57080626603842,-2.52945915740074,-2.94167548957049,-0.804709956085567,1.95373414901911,-1.45091957379293,-1.76101244681874,-0.0359606441387344,0.236787429853052,1.68633413960962,2.42917846873471,4.59528637721286,-30.8751501103622
"perturb_1",6500,1.36846625123689,-2.47337604418608,-3.03798518028388,-0.730550061464557,1.92339361290449,-1.02480047739573,-1.87218432495817,0.0272600249076781,0.0730240742707838,1.62076769664667,2.59248658215074,4.71139704727386,-33.0673156422252
"perturb_1",6520,1.44797145533084,-2.47673165588545,-3.00630280624031,-0.801935874119662,1.95534775626975,-2.34174641372994,-1.66217492469647,0.0266705387681684,0.100434253833074,1.81948230961854,2.30085961856513,4.65311449004648,-35.6795157143992
"perturb_1",6540,1.85705708820225,-2.54692957905229,-2.84895528608238,-0.902094259653943,1.9347059512328,-0.998190042956655,-1.95977397316907,-0.159039590979986,0.256530708752199,1.90723448790204,2.07076944937404,5.08452249708284,-37.4240598006914
"perturb_1",6560,1.74617059912311,-2.47617807741999,-2.87552561772711,-0.889547280407653,2.01881532867538,-1.05593276616104,-1.89822526115233,-0.217271952542204,0.251841408402875,1.70286688309794,2.29016967534323,5.2204589271697,-37.8605729885481
"perturb_1",6580,1.68718514212759,-2.53574117793024,-2.89141773865762,-0.892684760799772,2.09824774951235,-0.351342764079608,-1.83995186837139,-0.106853307716873,0.231101286661504,1.72835678114491,2.43776207584337,5.10985781615626,-35.3217146478556
"perturb_1",6600,1.65709569243788,-2.53022106708624,-2.9304133573404,-0.811691051872423,1.96956525857002,-1.38852503504367,-1.84322262162687,-0.0963578573133184,0.276423284313231,1.91408591469066,2.47760624261093,4.69613146411616,-31.5161287665313
"perturb_1",6620,1.67320015978866,-2.53983971586925,-2.91155197525843,-0.796302048318686,1.92348144752114,-1.87651649950041,-1.74991600266324,-0.215826120662909,0.116575167909089,1.75675588641636,2.86296675077637,4.38831530831775,-33.2036158004789
"perturb_1",6640,1.68676717506625,-2.56133287984805,-2.93555345603052,-0.80264286106094,2.01018151099744,-0.970156321055348,-1.68209347580944,-0.101301737054975,0.0550187025894759,1.73295338696586,2.98675556312148,4.44017259255601,-33.0775235262719
"perturb_1",6660,1.62197004910607,-2.47207795008962,-3.01961033064514,-0.783866148767642,1.9180684923569,-1.72643871716379,-1.68194236118317,-0.100035801925746,-0.0808362106048471,1.92844991399974,2.66310968005964,4.54984147580806,-33.3880364534894
"perturb_1",6680,1.4181902625762,-2.51581016349815,-2.91127234428706,-0.762222694370787,2.01421133201772,-1.52149640617878,-1.72555845721551,-0.257968881538429,0.496426097599309,1.59742244344529,2.893865776492,4.42606872293899,-34.2145163822559
"perturb_1",6700,1.98010942103945,-2.48466753831336,-2.97115534176031,-0.823793376610281,2.17471581360292,-1.16980168521571,-1.67354686134816,-0.12458131982405,0.409094208088253,1.4272598750434,2.777701468275,5.06249875131472,-34.2351688975152
"perturb_1",6720,1.99806422079131,-2.53617815250622,-2.96818762579989,-0.770174335082287,2.10674978723205,-0.317635102506405,-1.65344614024268,-0.207938823031355,0.266653886217596,1.51902297548257,2.91886507753844,4.98412162512372,-35.3841007528811
"perturb_1",6740,2.07301563961811,-2.57124762842193,-2.93266446202181,-0.793569924520116,1.99974140660573,-0.358130345833837,-1.69022345824524,-0.180826558605289,0.264360127965646,1.59446716383717,2.88344877160313,5.02170794146053,-35.1615544493807
"perturb_1",6760,1.74242616818183,-2.51680756040559,-2.99709100341701,-0.774372446026831,2.09181285490527,-1.607445281585,-1.79673148132118,-0.12139926924614,0.0217705099752663,1.72520873493204,2.77814777837001,4.74238211964675,-31.100101867259
"perturb_1",6780,1.7629630564743,-2.556967872344,-2.91930326814659,-0.791037063297645,2.08863945888372,-0.854011528743889,-1.87387747684998,-0.12078621158802,0.316386780095072,1.65453355806895,2.98857622207976,4.66973778260487,-32.5499203842457
"perturb_1",6800,1.86011987197629,-2.48207011935562,-2.98049210006464,-0.8010332684807,2.038503066272,-1.4689536273385,-1.77420910548367,-0.135801917381733,0.219017537054216,1.70642199379135,2.87702564229402,4.78243303346299,-31.1333010969323
"perturb_1",6820,1.55952478511304,-2.57437156783691,-2.88581402320172,-0.860738193208478,2.04302859166379,-1.07946233552365,-1.84321463647134,-0.108995065316971,0.0313228818420689,1.625786010652,2.42172730951342,4.90520002324076,-34.4910301371303
"perturb_1",6840,1.91078114681109,-2.56444139296657,-2.91872363167905,-0.868477145285373,2.17614086681735,-2.02416405875188,-1.82272687263936,-0.137291916598398,0.19895320794142,1.40950877855517,2.7328926482931,4.90059439723506,-34.7376529584009
"perturb_1",6860,1.7772355013277,-2.55936364016637,-2.90218303916085,-0.892781248210514,2.08447292614856,-1.78353772095013,-1.86700968745216,-0.0501189348709595,0.222144404381926,1.36309303028091,2.82764373666812,4.60899757798669,-33.3006350273051
"perturb_1",6880,1.76047871920944,-2.48775596602775,-2.94649994172532,-0.880579218546329,1.93113287500136,-1.17594303288038,-1.93734644524378,0.0493958212824933,0.426493846641202,1.30002897076071,2.61940098323519,4.63866603105636,-35.941835473263
"perturb_1",6900,1.54655869550997,-2.30720405109208,-3.07650883623436,-0.819732628270318,1.91231878851416,-1.47862300312432,-1.73375808334906,-0.0587541186459852,0.524498153676543,1.389918077169,2.64659866638968,4.57389185965257,-39.537828778683
"perturb_1",6920,1.73414856305356,-2.49175577563052,-3.06364801021027,-0.780064800546043,1.61737527230665,-1.74356028992898,-1.757450947895,0.0483061663094394,-0.270524204933514,1.84879376755735,1.86241370603583,4.8573038896421,-38.063073510185
"perturb_1",6940,1.74436353033065,-2.43358567422876,-2.97279451106877,-0.758789397682832,1.44572037125265,-1.50676728660246,-1.80492585695777,-0.148276719387802,0.337161455297987,2.07054036266682,1.8236772751655,4.67626771754437,-34.3944225160407
"perturb_1",6960,1.70310063598375,-2.45734358080596,-3.03159530345911,-0.72253530858944,1.75141842180366,-1.31889413041627,-1.87687937910997,-0.122945820102486,0.173344973528654,1.89845388590618,2.36379434241308,4.61660379829862,-31.2190909651859
"perturb_1",6980,1.70408401453706,-2.42944756468467,-3.05040503961803,-0.741219854213067,1.72663955927312,-1.38826499365853,-1.81995495137354,-0.13906760630817,-0.00445392230240368,1.98270900019597,2.31448255319748,4.54922329119876,-32.6853106751714
"perturb_1",7000,1.90501646355463,-2.49111552504794,-2.9606950174255,-0.802713036451188,2.06755979040405,-1.59617445811968,-1.74369161194144,-0.122535434804174,0.184682024531273,1.73650792140945,2.49289229459724,4.71377438094392,-32.918727512355
"perturb_1",7020,1.66109831435126,-2.34950741723709,-3.17280956516098,-0.734505703974661,2.01477798861592,-1.50839990655231,-1.8142251773968,-0.077692626060371,0.0117468102113919,1.75119301769216,2.47431914848549,4.71601721862947,-35.1051701476338
"perturb_1",7040,1.64472356616352,-2.40875504119195,-3.09295809500391,-0.700394928700262,1.67307575475945,-0.664939057339158,-1.86664506192844,-0.040546102493312,0.248081602142215,1.94400577624414,1.8814287736499,4.94600429517072,-35.4815959405819
"perturb_1",7060,1.61645294476902,-2.49911549708709,-3.02009560452077,-0.797844125305656,1.95454088014242,-0.783669878772833,-1.95201877753411,0.0968060207900989,0.232603226163865,1.92269290754176,1.97012959386273,4.5679675737707,-40.1767529932979
"perturb_1",7080,1.67667087401708,-2.45917418583024,-3.05142835263791,-0.804862760366846,2.03523321781023,-0.99981994242569,-1.80162315559369,-0.0449095139713419,-0.0570503002980308,1.96907810686202,2.44932486560053,4.67375760972923,-34.4820282008105
"perturb_1",7100,1.69625776839051,-2.41315473407908,-3.05811316992605,-0.730910149803181,2.03563925340624,-1.47636961596619,-1.86451742573044,-0.201305263561379,0.316733168364338,1.87169748850251,2.50901312037913,4.73620653888147,-34.3151339405004
"perturb_1",7120,1.76876240543684,-2.5388128868695,-2.85697666516906,-0.907719491242226,2.10009660253981,-1.40215588784978,-1.87009858343419,-0.163472046102867,0.293550869902934,1.67913318579236,2.38272507566551,4.84449264276982,-34.2763491447223
"perturb_1",7140,1.36957353354181,-2.40340735234233,-2.98179193354104,-0.790664666065167,1.96458269459437,-1.05806661039416,-1.84783303109174,-0.0567408665830624,0.42788839654431,1.6581687875823,2.55522856408754,4.87720543411946,-32.9399464141086
"perturb_1",7160,1.54572971958027,-2.45227018951414,-2.97919148281066,-0.780790294489091,1.93224971891323,-0.659348140961974,-1.65375197290259,-0.279389963878624,0.348415162881749,1.60224540669658,2.90400762340415,4.24032574572722,-36.5396282577788
"perturb_1",7180,1.53008108406386,-2.49273154695885,-2.96836600083149,-0.781630114467882,1.97708728861436,-1.47727226448923,-1.76943923045184,-0.0903865221934251,0.242924696376132,1.65080974074543,2.56695419159201,4.653810163856,-30.0856033091457
"perturb_1",7200,1.40740325424171,-2.52181598555519,-2.92312828334326,-0.835256247771979,1.99733948928174,-2.11355773841873,-1.69650710290592,-0.0739497512282651,0.244786413656615,1.73994816427561,2.52830910394321,4.88989737661226,-33.5034404658633
"perturb_1",7220,1.6914368193139,-2.52429413398444,-2.8678645771407,-0.898818225708992,2.08863577440119,-0.852750350635256,-1.84093996512664,-0.00757105711124136,0.383843640669586,1.41801101698961,2.9578406449101,4.91126039295612,-34.7686221541838
"perturb_1",7240,1.57535292768392,-2.49978164944699,-2.9556470094582,-0.815232443908322,2.13290112343184,-0.38129330719301,-1.86975122023515,-0.09477476894375,0.47408125143191,1.39061683625859,2.93352658038824,4.31457686397467,-35.7429867594493
"perturb_1",7260,1.56498589179192,-2.49614523106757,-2.94190711749676,-0.868838450829981,2.03449369988397,-0.571349183718443,-1.68953240360823,-0.0395719120219644,0.241819824807021,1.48766179653755,2.57015505108664,4.16836065063933,-36.5501123525409
"perturb_1",7280,1.63672261045716,-2.4735222388983,-2.98712067302699,-0.832054651168081,1.75850454070241,0.1088911653467,-1.6558115641277,0.0315817517319708,0.177153193815512,1.95784916756633,2.13093684398898,4.64142585572933,-39.2120449754419
"perturb_1",7300,1.59399089276536,-2.49720672404325,-2.98340861763548,-0.783612319859265,1.97023484425787,-1.51030845806543,-1.74474186277444,-0.149230432926787,0.162967025606783,1.59079626602121,2.62170778436067,4.70947017223541,-31.1591903304958
"perturb_1",7320,1.63652555602453,-2.50947395672048,-2.95775546209942,-0.754180095024065,1.98082617841738,-1.22335890056447,-1.86355915080525,-0.266674009959351,0.293007881361947,1.71177161833501,2.88778167416369,4.4760559197759,-32.7075098684933
"perturb_1",7340,1.75703839485829,-2.57323385947123,-2.90574280118899,-0.840421484830453,2.09402821854038,-1.30091876584411,-1.73658166275761,-0.198381798275621,0.207905496023338,1.76513904369555,2.57189838890596,4.60935947059147,-32.5768624919793
"perturb_1",7360,1.93882082223691,-2.57667104610754,-2.96978318605368,-0.769302817425107,1.91471479128329,-1.1550153427797,-1.75867208042225,0.02979190609672,0.337693056441353,1.7949893628868,2.52531868241026,4.56675082988227,-32.4622592608696
"perturb_1",7380,1.856965789409,-2.52001930511392,-2.96374723228933,-0.807728736908243,1.90463182756825,-1.23963880198616,-1.95333932952336,-0.0162943353672565,0.368052742530224,1.69546766256348,2.57699465292767,4.5057411978396,-32.5957995223831
"perturb_1",7400,1.68460728580063,-2.51237763121985,-3.0514131020711,-0.70303727882974,1.78359114857111,-0.979802721140988,-1.86209832094765,0.00907295040749781,0.119141223002738,1.95900380833072,2.41893560444933,4.79358698261624,-32.9556222568998
"perturb_1",7420,1.6012110320741,-2.46622725276512,-2.97057187354142,-0.78046769167078,1.92823552043415,-1.85735457365503,-1.61835657135967,-0.138858169695435,0.345397542729576,1.70681957862876,2.97188697424813,4.30053597203702,-35.1198370135286
"perturb_1",7440,1.75830505475721,-2.4743206012486,-2.97391374551839,-0.774852791105734,1.85296167033058,-1.3215338975628,-1.70482261748637,-0.096860682911041,0.33030827510867,1.79178459825326,2.72104768317144,4.43235685070164,-31.2175403694213
"perturb_1",7460,1.64541118250665,-2.46355825023777,-3.00859081889942,-0.733317315977872,1.86765911376956,-1.0489071143547,-1.74262896631712,-0.0934007430426677,0.196750475504174,1.83934660322953,2.43662474221694,4.60599177230203,-30.7692466472926
"perturb_1",7480,1.6621041598079,-2.46252733460724,-3.0202792859072,-0.778315541744644,1.98485661034509,-1.77142157972931,-1.82989503355507,-0.0345208665324415,0.177721293194336,1.82997121536217,2.45575769267873,4.90626477249085,-31.4885223152068
"perturb_1",7500,1.72403479726896,-2.53938571181892,-2.93571584136267,-0.835915637194359,2.10504227405027,-1.41204850628346,-1.74357285374829,-0.0883228247110084,0.454963516434433,1.44411938192427,2.89504291790015,4.43754052740896,-32.0811970999059
"perturb_1",7520,1.80204811100737,-2.57390618937125,-2.87841813501591,-0.826957588660611,2.02827850907496,-0.85032372597864,-1.94195287051263,-0.11119279347525,0.485114191112144,1.56820308614037,2.62466581762761,4.66143845305595,-33.397453671837
"perturb_1",7540,1.47404826596069,-2.49138748624915,-2.89035726832434,-0.753801170429772,1.71698800284572,-1.45095108240213,-1.93207844138015,-0.243903361468163,0.49513307635776,1.83383831085499,2.13256142861376,4.62554037693804,-36.7836160826106
"perturb_1",7560,1.41219011966804,-2.44214535036974,-2.93276579047023,-0.796360092924145,1.77882782797026,-1.03675033657077,-1.89766023385087,-0.156984985679099,0.422250136701074,1.64717929383799,2.33307265816494,4.75475942670652,-33.2386787596872
"perturb_1",7580,1.59505214455885,-2.43778324271151,-2.9639302274337,-0.775997871146672,1.73760174071419,-0.851482503513019,-1.79866802203583,-0.103173453497931,0.222132013811599,1.9036002455481,2.29886072917952,4.94953234706315,-32.0439896970055
"perturb_1",7600,1.47124045126694,-2.4096464185762,-2.95761268840796,-0.785168630742344,1.72926872210152,-0.966245925492468,-1.8373899893957,-0.16898376844963,0.341607070795907,1.90786093231373,2.24065556993205,4.87172844796124,-32.7909467233676
"perturb_1",7620,1.50561692546409,-2.47248144911314,-3.00928474595182,-0.761220464305242,1.82413860156292,-2.11056263152282,-1.7986258646996,-0.0464746718663748,0.230808812952974,1.80754007800223,2.39175317798622,4.55425605929314,-32.5949851310571
"perturb_1",7640,1.46343177608124,-2.51831629894055,-2.88346188639761,-0.784375895222676,1.8982926389392,-1.50542686583645,-1.80952936318338,-0.23686211970054,0.347438211072339,1.71244232211195,2.74511614848352,4.79892404725947,-32.3072970716301
"perturb_1",7660,1.18149131380592,-2.37659085904684,-2.96648919066955,-0.784935075498928,1.74236855394237,-1.00413627318257,-1.84539058610042,-0.127214050468423,0.393353807539245,1.74406982471467,2.57000321625377,4.68748939853144,-35.4078218018611
"perturb_1",7680,1.40929768244885,-2.37875267746269,-3.0811712389301,-0.767070165539692,2.03377060650702,-1.43356468320864,-1.65567126851729,0.0564423046227292,0.0798479996990319,1.927475228004,2.88581998530271,4.04430337051295,-40.8690921090243
"perturb_1",7700,2.02223618648548,-2.54561787955962,-3.03854137576251,-0.701789991918386,1.78099796164446,-1.33044469962725,-1.49277571255134,-0.159447767785413,0.160690595618109,1.94992840112798,2.48900538504808,3.63101920954058,-42.2336772990206
"perturb_1",7720,2.03169227155793,-2.49229560445901,-3.15677438748583,-0.749447382115361,1.84410567587979,-1.46048617073028,-1.66401216324831,0.105417597029036,-0.409578359512851,1.95239619346312,2.3360163651927,3.98678976747156,-40.6499248220787
"perturb_1",7740,1.90690835982021,-2.50531843949507,-3.00696389078008,-0.75236029702702,1.91394004506824,-1.24898168438469,-1.63784702168302,-0.112503275235016,0.10470430392327,1.51753555138454,2.82195552732535,3.79197435726612,-37.1104925911963
"perturb_1",7760,2.04670855979465,-2.44694321270072,-2.98102730204704,-0.767846044432229,1.77692741335435,-1.61615746354667,-1.60859018908752,-0.240514067703161,0.538238007776938,1.73516901632525,2.70841859219094,3.88035765439941,-39.8314561619426
"perturb_1",7780,1.74917248121756,-2.52126507851367,-2.90663195974854,-0.870763370371043,1.94294452070867,-0.978854320846846,-1.87450548598426,0.0196990989287141,0.0238465960429607,1.77590701635011,2.78513487464457,4.22139598919021,-35.0050897813876
"perturb_1",7800,1.64936141044421,-2.50572767134866,-2.88069501659549,-0.917861328769683,2.18144763948884,-1.04789338633874,-1.8700032189041,-0.12237960040414,0.0562436026052814,1.66681769855006,2.95143351391705,4.38989846123793,-37.5404317911777
"perturb_1",7820,1.79181448165297,-2.5076852453479,-2.91766050548701,-0.889606327837356,2.12234378896304,-0.602283221150011,-1.72874684505735,-0.0620321420966907,0.0996309122912493,1.64474661302285,3.15610466107012,4.00145325391892,-38.933665397092
"perturb_1",7840,2.05459254390231,-2.52044682121518,-2.98059838958356,-0.799189404810751,1.93497723676904,-1.28889443301684,-1.81191888178042,-0.108453363363045,0.178871713630786,1.71098631878362,2.82092175762083,3.77403337828782,-35.0435582785524
"perturb_1",7860,1.85768842850694,-2.47490752586058,-2.99007697903021,-0.780786977182592,1.95346827690795,-1.90190971684852,-1.86379524358498,-0.12679438370007,0.179025092707292,1.65863097372335,2.98900096106814,3.7698929012719,-35.8729346675111
"perturb_1",7880,1.55021664578078,-2.49385329263031,-2.99532682032905,-0.761552668286279,1.86529834354108,-0.115111440517324,-1.63898846984809,0.118328979533444,0.09408868527496,1.74083117616713,2.58170116142062,4.2921690568938,-39.5359576214539
"perturb_1",7900,1.61412703119162,-2.55410620755014,-2.89624967863415,-0.80687227989567,1.78041558506113,-0.199974877142653,-1.60516081548128,-0.0706959027255061,0.307108424098024,1.78482301557706,2.56172394436916,4.34449517670609,-35.495900162909
"perturb_1",7920,1.6316259414988,-2.46212182514458,-2.95748277933129,-0.809176344214803,1.99636012043971,-1.45272191871171,-1.78245904082484,-0.240971729524944,0.43808527208514,1.71262088906551,2.41315243353704,4.48293714983932,-33.1121076136144
"perturb_1",7940,1.53877773290014,-2.44676405385459,-2.95170067208983,-0.802625288404006,2.0133495385721,-1.37340314125759,-1.8286903409744,-0.16019116519941,0.536688644756438,1.44493599564957,2.83445182288945,4.6948594335488,-31.957160785109
"perturb_1",7960,1.54491386827475,-2.47489203703462,-2.92498959811773,-0.806009378244904,2.03933558913117,-1.21050529532612,-1.77730589588366,-0.199005620825635,0.296679711777171,1.43066430441965,2.86636945945561,4.91810511648011,-33.0691268354938
"perturb_1",7980,1.6349164688742,-2.49953672087638,-2.9741369525762,-0.747934940554609,1.91553021079545,-1.26620645181571,-1.75857635215606,-0.190153576480217,0.356880106965397,1.63452664300304,2.43754895633443,4.54924629071822,-31.4782839583288
"perturb_1",8000,1.41480807816509,-2.45672107637575,-2.94290116236409,-0.834759010377168,1.87087295450487,-1.67267158582268,-1.82013925002306,-0.0424929196165088,0.157817274248767,1.72263159916552,2.41412172529372,4.79129958059784,-32.3664954690457
"perturb_1",8020,1.49458552705829,-2.49297763653995,-2.92312934703679,-0.87410425581689,1.93892048813476,-1.03241594723843,-1.80136760286862,-0.0768536093430615,0.195852479597743,1.5185369269208,2.559408408686,4.71146542814262,-33.0440228502536
"perturb_1",8040,1.51680290748018,-2.47551125629371,-2.95254214432988,-0.787257601658473,2.12993834053343,-0.977768390274914,-1.84221928315178,-0.111758515555428,0.291787151955424,1.77493654353579,3.00898329883101,4.44401258297373,-35.5734132031872
"perturb_1",8060,1.66236287301859,-2.49714012051003,-2.91526375391993,-0.861973184803412,2.19656632422683,-0.530601229431732,-1.80658957270932,-0.271469507037888,0.414818650697337,1.48037105715466,2.93158959789341,4.57124491266547,-35.0037203608482
"perturb_1",8080,1.59726882322034,-2.52534876612873,-2.94008844244384,-0.838571596349242,2.11832823738922,-0.709023579519251,-2.01567405667934,-0.0666315114266888,0.280369588480359,1.5129130282908,2.90732913727717,4.78980535562907,-34.5016926726311
"perturb_1",8100,1.49609073275549,-2.45465155894287,-3.07910989063508,-0.703331080340136,2.06342195893945,-1.31264842413169,-1.68643276225298,-0.163758730259244,-0.0906775679583339,1.87447013933434,2.4832896814721,4.74108577019281,-36.34313936358
"perturb_1",8120,1.71048615242547,-2.50053550627454,-3.06944581470889,-0.741833974444332,2.08513663803672,-1.66613464719915,-1.69807814864634,0.00413528805227532,-0.166670061664397,1.91723872155017,2.45902577102128,4.83421492877919,-35.0400474533047
"perturb_1",8140,1.76083559750195,-2.48148019778973,-3.00012246249578,-0.818457033416991,2.03697981825851,-1.73499990889965,-1.63894050498107,-0.110414034889255,0.0490358854898737,1.63137213357091,2.81918031909267,4.4827300730849,-33.0267709468602
"perturb_1",8160,1.61802000539121,-2.4520017484889,-3.08284153552429,-0.670942455648678,1.96562178185789,-2.3557418180837,-1.6395234798413,-0.142210563168626,0.278247894657504,1.51626607055361,2.91197746070822,4.47145940842636,-37.5070987931969
"perturb_1",8180,1.88285281589562,-2.44884650430259,-2.93657326832436,-0.842548161532846,1.88686396077409,-1.40203458455088,-1.63477285853719,-0.156991292310653,0.593583717971222,1.49253462958781,2.50563217516215,4.99884076593747,-35.6468156685046
"perturb_1",8200,1.40757254852545,-2.4591439129928,-2.88742968520595,-0.839183969997596,1.93802203215314,-2.4887656893453,-1.8662381703982,-0.262691373309962,0.52275585872266,1.58895396972701,2.51250464917946,4.81382733495952,-36.5887546178575
"perturb_1",8220,1.60233229902262,-2.5371669521492,-2.89643880944147,-0.897119932497811,2.05228575579952,-0.873521077696934,-1.91516955242365,-0.163305449226525,0.446864187300802,1.1832214437307,2.69703239541978,4.63032765607217,-36.2581905569639
"perturb_1",8240,1.15124111192456,-2.40997084265558,-2.98682205450204,-0.76677271369237,1.73654549943448,-1.79334618250788,-1.82650158524476,-0.136316423933561,0.417139162956241,1.72105817274377,2.38413556098139,4.50674887660156,-35.2105038617839
"perturb_1",8260,1.1717031065311,-2.46239871474451,-2.96994042332224,-0.747197348819795,1.722824780294,-1.80169872914829,-1.76525783098308,-0.08693605666988,0.471164491030138,1.67646438359277,2.32845210759883,4.31622223474085,-36.1540693630989
"perturb_1",8280,1.07526195497555,-2.48142858281179,-2.99570182990071,-0.739790380879007,1.72601799089336,-1.33970862402055,-1.65316786730136,-0.0302426662517524,0.269293444111218,1.61477969810085,2.44478183147317,4.53233494462345,-36.827681482123
"perturb_1",8300,1.1373399625449,-2.54650428362939,-2.93313843519398,-0.762461647168684,1.93490753334081,-1.15577147957307,-1.67409841951769,-0.114376675404311,0.454079443563275,1.72076570358611,2.55032295216749,4.89691278937574,-35.7920331712585
"perturb_1",8320,1.17043099330008,-2.47712894106467,-2.99333019613139,-0.724868883290349,1.80311229240389,-1.96271249514874,-1.85243337672294,-0.12435154208422,0.263828036057798,1.81602589780504,2.47007025953202,4.30316563588553,-35.2738548413455
"perturb_1",8340,1.01755666233464,-2.48396415350262,-2.96286450612395,-0.737923820843105,1.82683911190881,-1.12215193346299,-1.84990405563598,-0.21188227022973,0.12968280341409,1.88114673200357,2.42234054635517,4.3583702101052,-36.6678960549776
"perturb_1",8360,1.81978748818383,-2.55634341397128,-2.93970098757136,-0.84029028935753,1.84278546804676,-1.22466464054358,-2.0267710103478,-0.0232830434700339,-0.0495849083316929,1.64980271887877,2.62667864629607,4.92564913406152,-38.1512184297458
"perturb_1",8380,1.76268861980588,-2.51745736797041,-3.07554515663497,-0.68485136834956,1.74787717071121,-1.24499126598459,-2.0471137754532,0.109284815684322,0.106344111503192,1.6136636059626,2.44301353237523,4.85743314659222,-38.7193466102749
"perturb_1",8400,1.89786129077795,-2.55113566611322,-2.98505563031338,-0.788050942495795,1.88877404313632,-1.91753249652564,-1.95985056214851,0.0386047486151517,0.170759609002128,1.45015621020272,2.68134143434389,4.92312524173143,-36.8259704029494
"perturb_1",8420,1.9920670009961,-2.49468484711511,-3.04246179149189,-0.765231528411316,1.8818438491795,-1.03949998266869,-1.74635558571854,0.0108404626431411,0.335403326826674,1.69579401839948,2.57347017775983,4.27425256050643,-34.3081181547493
"perturb_1",8440,1.93512203698752,-2.62878780031575,-2.85698032251249,-0.829793127298895,1.95081539289381,-1.2677684765734,-1.77121462186055,-0.0700647809898281,0.251007933051917,1.60530440728581,2.59120613603553,4.66829490808462,-32.3991215531055
"perturb_1",8460,1.76899387004452,-2.44301514466644,-2.97133342300401,-0.833103307721796,1.91763288831106,-1.30091868923636,-1.90881285236387,-0.140003382591071,0.30925291241061,1.56398237172913,2.50338037504244,4.73824396226675,-32.7943120087854
"perturb_1",8480,1.83301956534907,-2.42933064105694,-2.99899427220433,-0.848856886121829,2.01888427805291,-1.59016097622122,-1.66369440225174,-0.0485989336373994,0.221149692812363,1.65289873485402,2.72872473525311,4.8205355985172,-33.0662669058013
"perturb_1",8500,1.75047729970739,-2.39196408712451,-2.94675969629258,-0.946050509640249,2.03839992838465,-1.01473162536409,-1.84555649511999,-0.0376519365772088,0.479489477304987,1.32662734981159,2.94364440317808,4.63341383898824,-37.6294964266568
"perturb_1",8520,1.51837231508381,-2.53659084905079,-2.96095939510362,-0.758878835331891,1.9798349425607,-1.33529579181294,-1.56108051600801,-0.124485402217737,0.255673461593178,1.64001494798541,2.67905079969638,4.74384955027342,-32.6915406934488
"perturb_1",8540,1.90294588643741,-2.62751540942027,-2.92071050697519,-0.796924594624466,2.03792262533758,-1.03576287757808,-1.64801197489828,-0.0925667164092725,0.317584659227008,1.51574087973675,2.85834504571894,4.36970888133341,-33.1753683949631
"perturb_1",8560,1.62114211268542,-2.50926310889244,-2.93673912064832,-0.836219403505864,2.08896256220737,-1.44516929994035,-1.79272046665199,-0.105720958054122,0.525945111021938,1.418644407331,2.80655459212171,4.64386690084131,-31.7910357873768
"perturb_1",8580,1.4846557333671,-2.48743134892569,-2.88403888917132,-0.829136993495647,1.9247310907537,-0.644405279734737,-1.84466153144961,-0.0966818805275594,0.475085672740445,1.43118102076526,2.76928653726785,4.56461421428831,-35.461784976108
"perturb_1",8600,1.8287286945886,-2.43008416359743,-2.99378950815353,-0.731723073986757,1.72885796103778,-0.641596235357004,-1.89775139112773,-0.126898218231221,0.363436717706377,1.62339412957782,2.65369121200738,4.70031061266397,-35.4770277494096
"perturb_1",8620,1.88786512875607,-2.5489190553701,-3.01508235756217,-0.677262042473341,1.70298892139204,-0.641873766636023,-1.91447213979289,-0.0829169698805278,-0.0854690111400501,1.7747994178139,2.50718694579668,4.95141252870395,-36.744508497059
"perturb_1",8640,2.04395681243712,-2.5074088206983,-3.00599661447472,-0.783152668465917,1.87960149663067,-0.500960151503479,-2.09627242747566,-0.0434585469593489,0.32734117415641,1.62164363819672,2.8767509944678,4.31278364046364,-41.1991493276373
"perturb_1",8660,1.8797963805568,-2.55798112401186,-2.97657938990305,-0.688847463497583,1.4610671744978,-1.65599321229637,-1.91076830574217,-0.232789557330536,0.0984662655206436,2.02601433387182,2.26755125884421,4.10416469460035,-38.022233069765
"perturb_1",8680,1.6442508977038,-2.49359580435198,-3.01253142454,-0.703427955900062,1.54403187791976,-1.55140337036795,-1.65082793681266,-0.110745411318409,0.012356610894021,2.13989332174737,2.48517659075877,3.90486106089503,-38.7733277810509
"perturb_1",8700,1.4811474059777,-2.4835491285545,-2.97969872769174,-0.709063054888346,1.48673917387688,-1.95129481218436,-1.73846733341513,-0.146034643602468,0.364709732139815,2.05952815212401,2.27931448970129,3.87442064877107,-38.5963511477236
"perturb_1",8720,2.26415306445991,-2.6035483921871,-2.94359345464148,-0.79045942381106,1.91875527257652,-0.958278769552567,-1.8311287099691,-0.0327949952974355,0.325634923872324,1.52866270009944,2.94852908525269,4.22236974054964,-37.1996443825967
"perturb_1",8740,1.76173654673638,-2.53512495378143,-2.87878330587443,-0.906910326630576,1.83024445245325,-1.14301937815594,-1.76143998666498,-0.000970772066437467,0.150284126162716,1.87940127873154,2.49908021217768,4.39593385858043,-35.0238257427126
"perturb_1",8760,1.60247457828613,-2.52970094913946,-2.83580308493052,-0.896696696476686,1.91030797482192,-0.206468934406198,-1.91279128921748,-0.171204029085068,0.448302719598818,1.78307892575889,2.40552273146765,4.83126275473019,-35.770422715235
"perturb_1",8780,1.83082525708921,-2.48551837608502,-2.82244360967489,-0.970952523705508,1.85822142565931,-1.65349186140495,-1.76270757407238,-0.159400536390989,0.28241529782449,1.76584618243704,2.3350013114392,4.53093977821998,-38.9086744131997
"perturb_1",8800,1.62602029743796,-2.46262331373934,-2.92321058682288,-0.983004402888478,2.22480484563616,-1.2443619001197,-1.78234605362802,-0.0505813431440351,0.154433408828612,1.30675179858877,2.98859624836068,4.79154823593832,-37.4767281243922
"perturb_1",8820,1.74957232806903,-2.44643844482845,-3.03075341998835,-0.84941920104666,2.07080995015128,-1.87051260987692,-1.8402857478984,-0.0951258020438514,0.0224720500506723,1.50410809582273,2.93979293546958,4.74170177332593,-36.8745515559934
"perturb_1",8840,1.17387600810222,-2.45461766238913,-3.01979713102655,-0.804287597257038,2.22821536379133,-0.962754884297784,-1.80885615791755,0.00811237561145423,0.0909958917200094,1.61063663524487,2.61634854487717,4.97623167529884,-37.1114548461581
"perturb_1",8860,1.12288636581121,-2.48537361839482,-2.96690563083924,-0.809352648525038,2.03387755815458,-0.929347257115633,-1.73733733150155,-0.0348242502764947,-0.0272761923161347,1.95038466338781,2.44799447234362,5.0520284775947,-36.3907778634537
"perturb_1",8880,1.40895667520418,-2.51202352940966,-3.01863239571947,-0.6512510138898,1.76644011601243,-0.445183874587471,-1.78886368327509,-0.12272954570449,0.304571880717605,1.91754103852478,2.34652957330918,5.04697548703998,-36.7409899527298
"perturb_1",8900,1.26754453485422,-2.43186327564066,-3.15580694349786,-0.660464051651767,2.07802948204358,-2.34186762800248,-1.71345714092866,-0.0888806224809475,-0.0707564935210362,1.82976716699132,2.42236530331052,5.18972841789613,-43.3473439387001
"perturb_1",8920,1.76461837290457,-2.40394961302286,-3.16758184841496,-0.666376232878955,2.17574546970287,-2.14839809790869,-1.90605753703402,-0.153904147564567,0.0867461651654464,1.84173437311017,2.49898111879318,5.05354593546627,-42.5685241529724
"perturb_1",8940,1.78622305390202,-2.36736520799932,-3.12853326811322,-0.680666514847444,1.91640966781307,-2.1142626028177,-1.86749139340643,-0.121680306473246,0.265278158362715,1.70380486166062,2.54033819073933,4.93479599307567,-36.4696660708794
"perturb_1",8960,1.7538987519942,-2.41179900035925,-3.0746766379665,-0.742088193323567,2.08781416196573,-2.33836592222661,-1.74629862863337,-0.143511202112623,0.316129641253079,1.530326154504,2.74371799270436,4.97677442803556,-35.6592910358709
"perturb_1",8980,1.59389781740656,-2.45135565361983,-2.95336557373984,-0.836393906042855,2.04155618018238,-1.65314466836145,-1.4777054617758,-0.107650117484369,0.46525443740775,1.68874908252792,2.67575697244792,4.81043156300535,-36.769726447836
"perturb_1",9000,1.85734752669728,-2.50148591364204,-2.9016067001168,-0.831658027707276,1.85857371457642,-1.61670897221237,-1.64839906799108,-0.0661378299465278,0.573896769121905,1.69070473507117,2.27308885994873,4.95625423196706,-34.679825939007
"perturb_1",9020,1.82280327756716,-2.49140737911529,-2.93580660290811,-0.805493297162097,1.72899061655318,-1.84729354989067,-1.66894928241154,-0.0798637397921551,0.560958651399977,1.9526679632367,2.12139725904361,4.68597187596594,-36.0554053405861
"perturb_1",9040,1.70118994196178,-2.48774608139813,-2.95491209306196,-0.781934633917308,1.69969611936541,-1.45998269661151,-1.59927231557596,0.0197725000021903,0.488905747483224,1.77870273809726,2.1555550899395,4.66445882943209,-34.9622809514052
"perturb_1",9060,1.71986003162432,-2.42452568899389,-3.00760044150971,-0.838332411795434,1.9162441256232,-0.0878158575057514,-1.81590184160993,-0.0210712553991498,0.44353766851818,1.7808789723428,2.46469393112657,4.39856801397305,-39.2845080107452
"perturb_1",9080,1.61585219563357,-2.43483501333963,-3.01184430603846,-0.82601253612882,1.77081881350651,-1.03744406831477,-1.67130140604872,-0.116010964417074,-0.0182831055687514,2.07360939306675,2.59054671043573,4.39649069487121,-40.9290924687906
"perturb_1",9100,1.81010918189559,-2.45651564371971,-3.03863112873831,-0.830341720223419,1.98749904283086,-0.389588341063061,-1.67037341604866,0.00344190790268509,-0.0890506480545881,1.85071832422322,2.76509107428749,4.76921118834981,-36.0787524731595
"perturb_1",9120,1.98246696667123,-2.4107522423651,-3.04087073286224,-0.72773293540988,1.84157452881243,-0.459818431991877,-1.64107011727801,-0.176449476472681,0.0905338349885751,1.90801339660811,2.49880708986523,4.91926831479078,-38.452481732406
"perturb_1",9140,1.82683901335075,-2.47474000112347,-2.97483457830762,-0.75746233758847,2.00386333805032,-1.54056463532081,-1.65621114685635,-0.221448336127344,-0.01996058001591,1.87220417332874,2.44825242541689,4.79721405446175,-37.472093835401
"perturb_1",9160,1.61457375925861,-2.42742961035414,-3.01928912649061,-0.738538715314889,1.9193517195051,-0.696105059489863,-1.80202238095206,-0.185207824615015,0.11453914149734,1.80092678836139,2.39211193551385,4.97846893267328,-33.1367175256969
"perturb_1",9180,1.48633579055402,-2.37776528601358,-3.04525604599158,-0.724341513026812,1.85036157192913,-0.571907604870267,-1.63661380526176,-0.19402391464977,0.184478008789133,1.73487653747044,2.54178580320903,4.93435542429553,-35.339445783535
"perturb_1",9200,1.83694721914257,-2.50727944352484,-3.00502257886055,-0.818403833663618,1.89484271489642,-0.200986378804082,-1.71552463288322,0.00770517492103914,0.106482031112742,1.49693570599633,2.5423649478964,4.93631810208773,-36.5483797540486
"perturb_1",9220,1.84261925139342,-2.38301648493516,-3.11129651577655,-0.845614899572639,1.98440085362746,-1.76309143076582,-2.06202769377587,0.0798482394561505,-0.271059648887441,1.80280253405991,2.38360126713582,4.70903225125836,-42.9865302153611
"perturb_1",9240,2.02731419002834,-2.52020869179192,-3.14775460861285,-0.723331979680455,1.76788262529175,-1.52037929759573,-1.96744764264638,0.148306704149863,-0.159938918767034,1.8198539291995,2.09679286428942,4.31495326677843,-41.3793512960742
"perturb_1",9260,2.09652806697531,-2.48718679327215,-3.15478136603648,-0.712994130068623,1.81410416721344,-1.03836372709138,-1.86816049217115,0.259203136237038,0.0497940172249844,1.7431711857766,2.31182456236367,4.39241114409163,-41.8040702383037
"perturb_1",9280,1.90167644711419,-2.44604603304144,-3.16115156912398,-0.739742384230002,1.74845016845783,-1.2105784510554,-1.68407240233109,0.234863405964673,0.117925131822487,1.83676919795594,2.22114850464683,3.9470940552775,-43.5160602147615
"perturb_1",9300,2.02830142537256,-2.53092079212606,-3.04191224225144,-0.782053491805723,1.71449855377953,-0.503697241154276,-1.82791129092423,0.170287022424279,0.0739090015224371,1.91167205492001,2.01126777038134,4.16324697926255,-40.7063146644809
"perturb_1",9320,1.66062304699249,-2.45147227994604,-3.01129002011274,-0.772174979739537,1.78484978197065,-1.69682389437062,-1.80313359528553,0.0673162352015091,0.365037284546162,1.85657399951591,1.86142161682613,4.91446219686932,-35.7486230576471
"perturb_1",9340,1.53904345681378,-2.41478578626929,-2.94418698629009,-0.769619315884977,1.68154329632933,-0.726946085544597,-1.64534725725164,-0.161201949458654,0.488707034331549,2.05633542849075,2.02500979876919,4.74964175113682,-37.2785349023371
"perturb_1",9360,1.55683642658437,-2.47648279969686,-2.96605042472005,-0.705718369308279,1.69115489409338,-0.54294964977244,-1.66216216612807,-0.132979342429508,0.319283691619281,2.0984111962906,2.13237369390154,4.63903260181414,-37.9569111139685
"perturb_1",9380,1.76611569353485,-2.50557439632534,-2.89565008225349,-0.791072904627295,1.73516499437002,-1.82540633484493,-1.78255796822353,-0.280421474883018,0.712968613388336,1.74674528851718,2.41670173353278,4.55002566484179,-35.5352121718267
"perturb_1",9400,1.44046829665566,-2.42981786852713,-3.00229928024525,-0.850203186791782,2.1487941931629,-1.22030203686285,-1.81090373681531,-0.123310131739097,0.451175208136074,1.47186830953502,2.84157654375326,5.05686586257912,-38.7776456584999
"perturb_1",9420,1.5630981164846,-2.47175341747738,-2.94281091088689,-0.769322737218498,1.89586993951883,-0.633610101514496,-1.93450317647198,-0.218049462592275,0.0938893673024811,1.83912759416647,2.64174719293477,4.56335884993655,-34.8001032037765
"perturb_1",9440,1.70412208875964,-2.46623090809374,-3.00814973112868,-0.787315009237545,1.7523007311734,-1.73183853930208,-1.9138453318794,-0.0108281090932899,-0.038421223233291,1.93746387592991,2.43790135242702,3.99681707798316,-35.5919171900952
"perturb_1",9460,1.69003840222754,-2.51349549484671,-2.90375308497961,-0.820485355004957,1.57221969032299,-0.85188813479031,-1.77821000162974,-0.026210639687833,0.215103726570508,2.08967451657068,1.77871445435126,4.67286253129015,-34.6173043786364
"perturb_1",9480,1.6876538030317,-2.56572234243404,-2.87148762043538,-0.805672681068339,1.53917396400512,-1.11410838898227,-1.79494456550435,-0.0753297998787883,0.144311643952809,2.1163573777007,2.06434350298996,4.79615180992512,-34.4470658210953
"perturb_1",9500,1.91402484138521,-2.55007878529126,-2.96734060286058,-0.77673168327565,1.61783074872454,-0.599696320292881,-1.65940006294464,-0.109467376125575,0.134324100903835,1.94782078535775,2.25611015282141,4.63143140390188,-35.2623576677349
"perturb_1",9520,1.74527608930819,-2.56240651915263,-2.93144544616395,-0.751495675842209,1.75579884569399,-0.584765402125241,-1.69573809279296,-0.0890711507971332,0.29922426433825,1.88376679632195,2.31307496821052,4.80597033516981,-31.5977085063353
"perturb_1",9540,1.94357409104739,-2.51125136435741,-2.96303088629743,-0.780973635085316,1.79254468620456,-0.503511586292731,-1.5423513589521,0.0380951534908678,0.0522272445573953,1.9989756351725,2.27730357099412,4.79723309442937,-38.9523068718457
"perturb_1",9560,2.00054704821645,-2.56803495573353,-2.95924389285278,-0.757371466721208,1.92023507557795,-1.56161817505922,-1.83222022304802,-0.0536140244377564,0.369682612758296,1.66176632262741,2.58899417222002,4.77886421872849,-31.1870843795201
"perturb_1",9580,2.00796670868108,-2.59006869951933,-2.96820379594514,-0.758785953657579,2.02879093674785,-1.35935705337827,-1.7772302130336,-0.137217919787059,0.178115909423383,1.75564132267374,2.70215853999364,4.74871278445137,-31.2931495919197
"perturb_1",9600,1.90358879855046,-2.49616372469693,-2.97334892879092,-0.792779467359071,1.79551677548906,-0.779411057286736,-1.84385792801132,-0.15169229758659,-0.0080297133960706,1.72260299228251,2.40697831001429,4.68008044417011,-34.0499511510039
"perturb_1",9620,1.77909299790951,-2.41588243550737,-3.01360343049009,-0.880064918544826,2.01203959800255,-1.31368153981808,-1.62002634070453,-0.0956649432570239,-0.0648939344889335,1.77146053873472,2.45826004894684,5.13733639536578,-39.7714079566014
"perturb_1",9640,1.57956003811872,-2.37274801881967,-3.0417983700908,-0.871699718122059,1.88185589422077,-1.22551626049542,-1.6590368764306,-0.0598647174279958,-0.0714813103559759,1.8254108298951,2.1368578179439,4.64167455938722,-39.2799423887349
"perturb_1",9660,1.74684397619397,-2.52560920746314,-2.89186893245044,-0.845728256312152,1.92275408317091,-1.49398752791855,-1.80295750579246,-0.0100717781593488,0.433142152822977,1.70119838776721,2.42240294044092,4.71553808265067,-31.868314288734
"perturb_1",9680,1.56369349145105,-2.48635764748189,-2.91257173587015,-0.916535806096034,2.09920770174895,-2.29658892749224,-1.78552547101806,-0.0163332433476979,0.35132559904529,1.36656250234298,2.70702284159226,5.00021436513608,-36.2312870987101
"perturb_1",9700,1.534931721269,-2.42314916270824,-3.03144527088386,-0.813645799004085,2.01258693167236,-1.28317129084735,-1.77970222911335,-0.0215213433197747,0.272828096809545,1.49019654279678,2.66567719729045,4.99960695809821,-33.6030819495318
"perturb_1",9720,1.71255197629765,-2.50825354581551,-2.92686875553205,-0.871363112532819,2.15990276904053,-1.603919245195,-1.70422781945136,-0.0797878989973483,0.624445130698138,1.24553956369298,2.90343098530173,4.56307983186595,-34.6561809463282
"perturb_1",9740,1.97559276950446,-2.5256448035646,-2.90396657922004,-0.864473147051662,1.91015933410532,-1.64760415254076,-1.83180109113411,-0.111123939037537,0.482442795094123,1.3753381045527,2.66640002703938,4.55229690888916,-33.7085572511245
"perturb_1",9760,1.75794555862562,-2.57847812826409,-2.92176720506325,-0.805546207920911,1.97689309417705,-1.21570149869332,-1.92677280201807,0.0238895634643884,0.431271468755573,1.59847590081374,2.7614133449666,4.5042828070494,-33.1155920245522
"perturb_1",9780,1.31803694828041,-2.5517050941568,-2.95099447517348,-0.732893633838625,2.02689824014633,-0.540054072292537,-1.89960341969943,-0.120841832476628,0.255341443013646,1.61743827995384,2.65735164943791,4.85782484688187,-34.9499251982613
"perturb_1",9800,1.78817865992451,-2.62317844090354,-2.9140549313712,-0.807865682938359,2.16071280091598,-1.13011465844172,-1.79803699160041,-0.111923151396915,-0.173061970820476,1.89149479217904,2.79526741144086,5.16470314805432,-37.4675215582719
"perturb_1",9820,1.87473604191838,-2.70586622114611,-2.92553971586695,-0.781248925065933,1.72903769555792,-0.50783101524774,-1.94864671263956,0.119708155723377,-0.568688055697817,1.94561803277366,2.17802836534573,5.01474711124839,-42.166675306227
"perturb_1",9840,1.95620622384031,-2.68821162446346,-2.81985816948061,-0.827731567816478,2.01067309814986,-1.63097487833101,-1.82426431817111,-0.170106343413762,-0.0365641488942847,1.82536945352862,2.88778961007615,4.58308790661918,-37.713362415814
"perturb_1",9860,2.07385988094653,-2.66255340264943,-2.92744330194153,-0.748376312736422,1.88977357037473,-1.57672466310655,-1.87095756252493,-0.0954103654526831,0.0307989810917343,1.84663698857866,2.59347715814026,4.41168949954806,-34.2033980776199
"perturb_1",9880,2.08926160285363,-2.68320588240639,-2.90010302538279,-0.800351932733443,1.93349917047031,-1.14814203587797,-1.88994694603606,-0.0903564116162369,0.0526013558915835,1.6553466940386,2.44103151863839,4.37421026637703,-36.6730407226145
"perturb_1",9900,1.86674891391432,-2.56749256708359,-2.99408130371457,-0.750963704162502,1.95144880874179,-1.30857313761898,-1.82996898667181,-0.011305014702783,0.146636058261135,1.64820924813564,2.51626139173758,4.55112635780336,-31.5084538445209
"perturb_1",9920,1.76363165831636,-2.51312819307399,-2.98204992569484,-0.746591147420043,1.9714531686206,-0.942219875491679,-1.70622432081469,-0.132127581252386,0.310890572034187,1.73078116429016,2.5982202459892,4.88032372311721,-30.2846445913841
"perturb_1",9940,1.65982295936286,-2.49548836780531,-2.95544173177353,-0.75547634753692,1.72213180708756,-1.89372736916754,-1.61557482507902,-0.177036428627041,0.46191266471451,1.76214109893585,2.14107135345495,4.93791809910613,-34.609073842945
"perturb_1",9960,1.75461698023259,-2.54656694099768,-2.91779143104616,-0.727925938286473,1.79634021796243,-1.9918084465715,-1.61613968088936,-0.236810535527535,0.447851597001404,1.85518511384069,2.4032915873996,4.81881127937818,-34.3780721611055
"perturb_1",9980,1.8904758423026,-2.59370409236222,-2.8963967804043,-0.740745981070377,1.91116277191427,-1.31458612471661,-1.73216639632021,-0.245194338536332,0.396669989309854,1.70616071735303,2.65599421982999,4.52895005365742,-32.9251481039928
"perturb_1",10000,1.86074678015453,-2.51098445271052,-3.02555779963687,-0.780951613067337,2.02826745648178,-0.839002046109424,-1.88547909155111,-0.181472486547706,-0.0978177724381849,1.78596754256873,2.42549484569363,4.79162236647032,-35.3126229792886
"perturb_1",10020,1.43472546455618,-2.43330408915346,-3.08968461244829,-0.746667936721703,1.97474958912526,-1.08037024371479,-1.89658606703663,0.0042228791880099,-0.133606422292032,1.95924524699275,2.5984409274871,4.63071498902807,-34.4184672133531
"perturb_1",10040,1.83184486754018,-2.54902704252675,-2.99072620563818,-0.725607944113424,1.83615735980791,-1.73303337037893,-1.79471901924458,-0.0454219307372967,0.261205872541397,1.77424547759959,2.76682645979982,4.55896005900771,-32.2374537234691
"perturb_1",10060,1.86547771245254,-2.54005893321554,-2.92768577200343,-0.776001018548067,1.93528314662794,-1.30612390335977,-1.70710109241638,0.00886361015213265,0.534390652841026,1.64002516338588,2.5172086528942,4.77394003134392,-34.2485441758684
"perturb_1",10080,1.74442239027991,-2.54103776659456,-2.97074210291985,-0.770049998620303,1.76363829691326,-2.1600340332826,-1.66947417035923,0.0816599437230457,0.369690674271696,1.75749817148286,2.27152680326409,4.55105887433613,-35.5550507993863
"perturb_1",10100,1.82270319859096,-2.4754276704909,-3.09160719971447,-0.716688477105778,1.87538934175509,-1.23010506901453,-1.76690771103873,0.0579090118669713,0.0580438880314548,1.77771280681894,2.47367792074883,4.31960134300903,-33.2677363278805
"perturb_1",10120,2.0160077549447,-2.51426543596273,-3.09803206556635,-0.68941804611698,1.75072070126835,-0.684015429243394,-1.77962585069417,0.0208177693094903,-0.0271459414324042,2.02581740263614,2.42882736377936,4.10918894692053,-37.4297753299906
"perturb_1",10140,2.1234962098449,-2.5590020597232,-3.01398244938404,-0.757364080457603,2.0255736390793,-1.3980289955176,-1.89974340061872,-0.0514829342740673,0.155861769634863,1.7804775149112,2.63933432479689,5.04976404568369,-34.2848698123659
"perturb_1",10160,1.89338734023111,-2.45448905194397,-3.03963708367338,-0.796101866125412,2.13446815400452,-0.647178566802332,-1.74413284941809,-0.00138625878218767,0.120727111871129,1.68040315107202,3.01493119116141,4.85206511646295,-34.6421668831489
"perturb_1",10180,1.79233135313209,-2.53435042215926,-2.99638114182779,-0.812053328940496,2.07710496071587,-1.34644898751713,-1.56190168385252,0.14282505904903,0.251322623918479,1.64536411548115,2.79382185355932,4.87354006448497,-36.652329065429
"perturb_1",10200,1.82828714975152,-2.452725982776,-3.00896467027139,-0.752058499179493,1.73267125914109,-2.04290240340369,-1.70069396741793,0.0982287302884847,0.58861027008435,1.79723200457549,2.19014606363748,4.75743144548042,-39.2295010248391
"perturb_1",10220,1.81097913625839,-2.52366829060068,-2.91275460783212,-0.829270331015545,1.97393578571475,-1.28404600455523,-1.53630028344171,-0.0361498596026321,0.498161600709756,1.59144134799777,2.75234064730806,4.77276675607993,-34.46452798769
"perturb_1",10240,1.72749238139594,-2.45609009113095,-2.96957235918861,-0.817324888918595,1.94681135157807,-1.88548702695616,-1.62253213638975,-0.0560163539002006,0.265719591365064,1.70378776371639,2.65614515037456,4.82810140525986,-32.374144969233
"perturb_1",10260,1.57348269627482,-2.44243176375307,-2.98849892899031,-0.780328894212165,1.85811029067819,-1.39516644624341,-1.73915639470254,-0.119715889475737,0.129319625609197,1.81340312840351,2.60921541036741,4.32961476002554,-31.5162092096984
"perturb_1",10280,1.56514892769462,-2.42885577785647,-3.0355986688302,-0.66670953164291,1.40468958450015,-1.39437292570754,-1.69398610859605,-0.187489968549945,0.275455829181289,2.01953452617908,2.09431033116879,4.69081787795029,-35.4029296176844
"perturb_1",10300,1.27663686846098,-2.41660037238517,-2.96521116490482,-0.741626616475938,1.45038657423589,-0.607948346634581,-1.84681302980414,-0.216090626957432,0.342594818157149,1.95849560929573,2.01877885932865,4.90917242458131,-36.9444917780791
"perturb_1",10320,1.77783058776306,-2.57168064617606,-2.88926584706983,-0.800170126511285,1.5870900109354,-1.30446420041555,-1.89302092828637,-0.224011831233164,0.112248863788967,1.8397188229256,2.02231538332057,5.11768712176564,-38.5510568528323
"perturb_1",10340,1.53593728873994,-2.52807364709592,-2.85343719793541,-0.817038994364903,1.83651418602523,-1.07424397169467,-1.89647558178331,-0.321330099387555,0.450798116805309,1.75850835895899,2.49242374996551,5.39702796025214,-40.5252093506011
"perturb_1",10360,1.40512596922972,-2.42916445903411,-2.99224350607835,-0.829293662377792,1.96640239083137,-1.06876837861525,-1.78048880304355,-0.073975383755353,0.194291980397452,1.81857507643136,2.55663078430531,4.90955339169239,-33.2417252208682
"perturb_1",10380,1.89135654004505,-2.59924877268348,-2.90992483601686,-0.747607470805391,1.66582137282292,0.00100750758313622,-1.68604313025211,-0.0582362872205128,0.214828776819486,1.87615772825457,2.29238042306751,4.94789119080012,-35.5867612242096
"perturb_1",10400,1.88496324908509,-2.56950248470509,-2.94790785172845,-0.745347957788724,1.53882003270792,-1.24273387279046,-1.78132029485876,-0.118564494541438,0.271086606576548,1.84294940988748,2.13465559119257,4.91627502450582,-33.8096374613853
"perturb_1",10420,1.89348717506761,-2.61440339820305,-2.9259153599155,-0.703267398154593,1.5967188007896,-2.04038025602188,-1.86428988201539,-0.17606174105531,0.238547622460228,1.9389501063332,2.06706657053241,4.90798153452531,-35.3386179167346
"perturb_1",10440,1.71075359819862,-2.48145160892998,-3.01234098662277,-0.701234622119128,1.79779615067409,-1.37814957205444,-1.79707033159032,-0.205023982782348,0.253287339502276,1.90415744399159,2.36627063387117,4.46847215338147,-32.1591037411118
"perturb_1",10460,1.59193023782201,-2.51643654063945,-2.95333923657479,-0.766215653968147,1.96356509056083,-1.43074430945893,-1.8147060648691,-0.291992328058016,0.0489196733271027,1.97811666371706,2.43078058328621,4.68737976117463,-34.62906899143
"perturb_1",10480,1.43604718876698,-2.41142682185778,-3.02606625289815,-0.777613432159773,1.86817307784542,-1.69893312496191,-1.72598271973879,-0.109660180648841,0.160559884212702,1.75265570888713,2.28062163954293,4.74796917145195,-32.8393409459506
"perturb_1",10500,1.26976532852325,-2.44466863398806,-2.98038659147437,-0.763528715532825,1.89269270287044,-1.20521108979191,-1.81240453458763,-0.0463904073834085,0.296523252993283,1.75121691121989,2.79598198808014,4.34881703792098,-33.2442579344698
"perturb_1",10520,1.43334037462338,-2.48287791134198,-2.94513496222887,-0.823341174172031,1.94763312463083,-1.16687456532033,-1.77269473452035,-0.0968547869346064,0.257827390684159,1.63619059293063,2.57450339705117,4.6631456990221,-30.6249011857419
"perturb_1",10540,1.65792658221086,-2.42700095787056,-3.06972742870899,-0.683099549146338,1.69596580049047,-1.36659681050626,-1.76326995362974,-0.134275729359368,0.0249643031158235,2.0002758434613,2.13243239392476,4.53593827468825,-35.175741892222
"perturb_1",10560,1.25823043405793,-2.37724488216715,-2.94260034085969,-0.848989191261005,1.81004621541629,-0.962186297893918,-1.705152665729,-0.14864647089354,0.0380187072192268,1.98736571534806,2.06877949487723,4.99641603467213,-40.0318908879153
"perturb_1",10580,1.69888306231242,-2.54600557999819,-2.93741431352572,-0.870092957292821,1.91313852742304,-1.16636200928413,-1.76933821496944,-0.00107952240978119,-0.0363586360853613,1.88271920631256,2.33889509044205,4.61701588071634,-34.0167533460254
"perturb_1",10600,1.66779478694076,-2.43907103488144,-2.9693730190256,-0.763924924872775,1.63307432999918,-1.40604170086505,-1.6747765726543,-0.138604679180919,0.161256629617942,2.0346138460923,2.24439797385703,4.48112875209676,-33.8553882478817
"perturb_1",10620,1.98834083200036,-2.41915234214468,-2.94933211098981,-0.867323662648584,1.95205042568984,-0.434907393925613,-1.84156231810676,-0.12522766759848,0.253644745311165,1.71274604220313,2.53925219017534,4.63867731012899,-36.9314141438068
"perturb_1",10640,1.81081542972516,-2.50268486500595,-3.01767246839664,-0.68135345033573,1.65830152712832,-1.78377932749282,-1.8228597709894,-0.060286080981885,0.255601022564752,1.83640897770602,2.4509297644506,4.56504461990711,-32.6495832093088
"perturb_1",10660,1.75838034757311,-2.57896305583637,-2.94736894854884,-0.777837077285807,1.85117637348854,-1.05087221874911,-1.81896570160777,0.03405407048704,0.144340858178722,1.53706210371206,2.74533244334757,4.38439293440563,-32.9046987290599
"perturb_1",10680,1.7644330657811,-2.48026247705372,-3.01915916043082,-0.757182626996867,1.76004418601585,-1.266517798086,-1.70914570676815,-0.0182009624049143,-0.0672752954749622,1.76335219562691,2.53573578349964,4.70057408575502,-32.3470285797242
"perturb_1",10700,1.64492555822214,-2.5393303442517,-2.90594444160578,-0.800342631843679,1.87472694862605,-1.42960096955226,-1.67572449842834,-0.102451503148176,0.580169253561765,1.45756364425325,2.53697369893232,5.04928487177838,-34.3545735318
"perturb_1",10720,1.60838041151743,-2.46585070043962,-3.02976118503962,-0.820792986526355,2.03868250841357,-0.648203165760777,-1.78534654733521,-0.0103279383752673,0.153226541528651,1.2695184517342,2.84475990873633,4.7258109065471,-35.3313087289997
"perturb_1",10740,1.49100009149306,-2.53928658049558,-2.94439160131779,-0.776970306492864,1.85576975248419,-0.0855747424192619,-1.74586826132138,-0.0390461340189521,-0.109060070731414,1.69931374877054,2.69338694718112,4.92243951935031,-36.3849373817889
"perturb_1",10760,1.87158209082483,-2.51366979501039,-2.97809890984476,-0.764608291607507,1.76135610555546,-2.54184253141006,-1.71441919592254,-0.0591515997184785,-0.164183930326014,1.90235389351242,2.48826541040041,4.89646693423432,-37.5634194052116
"perturb_1",10780,1.67280278284754,-2.53436864806437,-2.83969119380951,-0.899480137016319,2.01595149777133,-1.22093209406439,-1.73062204394367,-0.0954481153617211,0.288648873492049,1.85231794188237,2.55121453361691,4.97499671758384,-33.7794955041339
"perturb_1",10800,1.59348978180189,-2.51969396015827,-2.87220875136539,-0.92924267787053,2.02788530540742,-1.24791500530828,-1.65056876728029,-0.0230701515136363,0.0111848872087169,1.62523384673098,2.57740287879941,4.72381075510465,-36.0764903322033
"perturb_1",10820,1.47445506150461,-2.45090701366205,-2.98924987301105,-0.84536434226363,2.00085029085642,-0.885784917763308,-1.74460807480555,0.0335572648069028,0.110053363423845,1.83422229818473,2.7240909996396,4.78862608783879,-33.8390592135889
"perturb_1",10840,1.64770996617173,-2.4537386888847,-2.99287149502443,-0.76851941402733,1.91018046996086,-0.261072349649938,-1.62889341820948,0.0119696868822594,0.358272196096788,1.65303157668826,2.8466599600348,4.8089471074484,-35.7177087234976
"perturb_1",10860,1.70844863970344,-2.43050976678701,-2.99717726945357,-0.784568566125455,1.85543725191742,-0.830214905570756,-1.86413124433576,-0.00654518651658081,0.334467902497457,1.65236922042576,2.83191035715344,4.34938414763883,-33.7446479759174
"perturb_1",10880,1.84200128354088,-2.58765711592292,-2.8588733251793,-0.867524699717009,2.1047795720078,-1.18560242738512,-1.72923732653585,-0.153754352084625,0.377636203604542,1.57689407237401,2.61069862037096,4.46084321043757,-33.7718058977382
"perturb_1",10900,1.49464587365609,-2.3949263536553,-2.95065765553419,-0.80803063190657,1.77971857567807,-1.37932052110461,-1.89016724439123,-0.0355805142191569,0.521426548016147,1.90267673286244,2.44342778708866,4.1698875381478,-38.185926382547
"perturb_1",10920,1.30460922999515,-2.48563249069726,-2.9146647852281,-0.839291245790517,1.88627414278374,-1.26825751026564,-1.81940659817203,-0.0353884181350408,0.385486340929259,1.69558173041992,2.20363177898563,4.36112150450336,-35.7812670258871
"perturb_1",10940,1.77537180259852,-2.46712886429873,-2.93238787192575,-0.817738210652657,1.81569466755934,-1.76545344862075,-1.65827105229682,-0.0869771145500616,0.450637022924831,1.84609131271441,2.18510916222321,4.9115859393368,-33.4042998262619
"perturb_1",10960,1.816370057829,-2.54440024439834,-2.93653148396216,-0.786458631435946,1.87635374950811,-1.33480359712441,-1.63035172626587,-0.061482050132066,0.256639641051321,1.72451529092059,2.44592241458295,4.47007223167946,-31.6733840830737
"perturb_1",10980,1.52083984244201,-2.55104534421348,-2.88472991349629,-0.782939395262669,1.8844203279456,-1.07064380915927,-1.55321657337039,-0.124495634856627,0.131015409337102,1.74376548363323,2.69938397148203,4.32805476845301,-36.8265211217863
"perturb_1",11000,1.41173327114678,-2.52872744232145,-2.9525142183671,-0.762890273540124,1.83011248061223,-1.07569068515615,-1.75274560238636,-0.155486870571677,0.135108704409828,1.97692782600888,1.86133891921061,4.92565647810293,-34.7991904827359
"perturb_1",11020,1.49962461201667,-2.45053020073068,-2.95984138502255,-0.791953346437725,1.8399762883381,-1.62369568097366,-1.78452007246419,-0.268375101572566,0.117625508384938,2.17402738400946,2.08581835510397,4.91743726246493,-38.1554059061252
"perturb_1",11040,1.02308739140294,-2.43455353364187,-3.01277186524532,-0.750135508070431,1.98225282847213,-1.18155057151748,-1.81950980091048,-0.129704867182612,0.282076535697977,1.80437123823807,2.65735614251084,4.92051231442456,-35.4302557939721
"perturb_1",11060,1.7487312458317,-2.42111837474127,-3.13746915832068,-0.684570298137211,1.96584048093341,-1.33930981262352,-1.87617642098213,-0.0206001135215392,0.0881507153960319,1.73538397560782,2.68642178560633,4.61491664907205,-33.0830378446097
"perturb_1",11080,1.91787223797423,-2.45515004318046,-3.05584426677584,-0.72932376752943,2.05909188010841,-1.08881768825744,-1.78750817199762,-0.097433555307713,0.216689656652643,1.62717753718828,2.78180620083274,5.04263757089917,-32.5312028158355
"perturb_1",11100,1.59447996800546,-2.49028299553382,-2.9782085264836,-0.771982718291998,2.03756300662858,-0.673544301419119,-1.73478040472771,-0.0634012998847278,0.161679219243059,1.52164006039953,2.71877000021061,4.69935961197005,-32.6407981453252
"perturb_1",11120,1.7958868486355,-2.53011549200806,-3.0217214769033,-0.75721235619163,1.98440708796514,-1.25245215112524,-1.67087908615858,-0.104758450695046,0.00713219568748531,1.56382096363785,2.6143709357594,4.59718568125453,-33.0297142976976
"perturb_1",11140,2.10992512259155,-2.60397471977637,-2.94416325799463,-0.84038428609431,2.02968296934082,-1.61028132886411,-1.76791317333824,0.0620891240888776,0.23397564841353,1.43910955818415,2.68734115757434,4.52781771129697,-34.5565943516611
"perturb_1",11160,1.80177350847826,-2.493923528068,-2.94825759248977,-0.800877128753097,1.6975251730441,-0.798457286928483,-1.80888743610614,0.00576118252682459,0.386147024560853,1.73720424804744,2.28050705470649,4.71966527199657,-32.3105300313948
"perturb_1",11180,1.67921107297108,-2.46627889079836,-2.96938596411006,-0.810745394907438,1.99362973745744,-1.3439551363703,-1.87817415096277,-0.111857555794849,0.409243990875999,1.82238329991584,2.46366499936724,4.64491425775777,-32.3628987773021
"perturb_1",11200,1.81641580023573,-2.58603342834831,-2.89364312184727,-0.85510494191562,1.92264553402831,-1.01063545592518,-1.79923036884153,-0.0278172967630046,0.264560927330171,1.90212600169847,2.05894377494258,5.03614368806059,-34.5019488231476
"perturb_1",11220,1.9965627046467,-2.67303878756763,-2.841339919763,-0.881982187517621,1.99058279416904,-0.995656778233959,-1.74218230227211,-0.0818965934896078,7.18893867470288e-05,2.02334068396575,2.20715545466695,4.81680610538274,-37.7927955985324
"perturb_1",11240,1.45746228001657,-2.56957389243378,-2.98240062872199,-0.759315069924185,1.75149705695248,-2.1865641524122,-1.96591465638297,0.0893981001216638,-0.0532345819027694,1.81369964114433,2.498513555589,4.52601799263071,-37.2297597643042
"perturb_1",11260,1.30587621735744,-2.52499481887354,-2.89008414751105,-0.849514767708761,1.887550548013,-1.66934782301904,-1.85375251366659,-0.141224840515803,0.4033288927646,1.65080090057939,2.5266819626807,4.80120590494682,-34.1988542025942
"perturb_1",11280,1.91764872791947,-2.53809512259848,-2.97003103182398,-0.755035933594981,1.82059348599524,-0.964196456963534,-1.75685563536109,-0.104392515908121,0.286351714639775,1.84034849447855,2.28197333006672,4.72784507925728,-30.5911761914325
"perturb_1",11300,1.93070493845274,-2.51751197936554,-2.93605421510993,-0.813586573936494,1.99428437783336,-1.06016590207721,-1.72324430426734,-0.0980033412538693,0.324721258502791,1.63692110925513,2.64829603121011,4.58432568194492,-30.7373674472926
"perturb_1",11320,1.60267017674424,-2.47824136931505,-2.97624130124886,-0.738628029495584,1.79650846253649,-1.67215899119303,-1.69547381736858,-0.13601419592872,0.30410259241838,1.72639612654031,2.61010112760513,4.31724278229039,-31.7893085157573
"perturb_1",11340,1.47027466962566,-2.49605331824172,-2.97836857661939,-0.727249378241981,1.92273924176021,-1.71706128225844,-1.6987821913253,-0.140336276535128,0.402174709834661,1.62330064428792,2.56942447026108,4.65294963360818,-32.132973070632
"perturb_1",11360,1.43777410574046,-2.51277571599688,-2.92930430062916,-0.796830801183598,1.908035831951,-1.1972736913731,-1.87033912874078,-0.0591621195497656,0.183663909275152,1.82507968438102,2.7309474728797,4.63285832464306,-31.4723194428741
"perturb_1",11380,1.60321546705347,-2.50522118891859,-2.93434751734857,-0.781122811476403,1.79563045758663,-1.01174113187388,-1.76888174138756,-0.0510180045626647,0.187876394873541,1.87557025342217,2.60885515901625,4.11184904501439,-32.9881514581213
"perturb_1",11400,1.43922085807776,-2.44324010568812,-2.9859910693898,-0.784749578021719,1.88803333833331,-0.614918192638144,-1.73860087469506,0.0136359911114826,0.155239446459929,1.73554913734347,2.54364230545205,4.34325940908342,-34.7788609620157
"perturb_1",11420,1.54156354711432,-2.53442240537342,-2.87150517661253,-0.887043178524804,2.10096716695456,-1.0279294849459,-1.7657815793553,-0.294763160438625,0.467824995102638,1.43455272178946,3.0523143080964,4.64256917041134,-35.8678073122436
"perturb_1",11440,1.87325669873697,-2.53652227316217,-2.82720899068668,-0.866731432255285,1.80388251827635,-1.11612178369878,-1.78668131439856,-0.367357547875725,0.62732517298081,1.52335954218063,2.65087707880048,4.34069817728182,-37.4222926543877
"perturb_1",11460,1.46919045482602,-2.55309734769026,-2.82400717800293,-0.947013269687866,1.90745814803024,-1.50150325891516,-1.81876178782796,0.0137036700097681,0.430313191493346,1.6194791398483,2.61699373364969,4.5873716250612,-35.642186379899
"perturb_1",11480,1.67211226186313,-2.57548084288859,-2.82357197997048,-0.885734399448254,1.9849373344408,-1.75070569718298,-1.77957676297737,-0.16180916318721,0.344491803443898,1.61152518785893,2.55963224039475,4.89958227559454,-32.9096922016849
"perturb_1",11500,1.46980420904799,-2.45155513843242,-2.98247663812016,-0.785664466964354,1.94286794632724,-1.7080488223482,-1.7398740865849,-0.160606320120142,0.264705881155698,2.05941842092549,2.15162293365173,4.49551427710675,-36.6157126180197
"perturb_1",11520,1.28198344193016,-2.42618866171875,-2.98593594805258,-0.753222983397835,1.88106743178069,-1.89053719157776,-1.91250190317398,-0.140214572719378,0.347077177281034,1.80622132405669,2.25349356959367,4.57381738556199,-35.5208434262265
"perturb_1",11540,1.38261056821015,-2.54100729505142,-2.97200985794342,-0.764094261563215,1.75399971586451,-2.58505220523011,-2.08327590419854,0.0271900657183595,0.2563172719544,1.80249508928059,2.16077820912502,4.88254318227155,-42.7990925093812
"perturb_1",11560,1.37003250107412,-2.52809790578267,-2.93482595734719,-0.78311968258072,1.91981407207558,-2.31766308429788,-1.95838819806265,-0.0325407185163602,0.390715069192791,1.80604313934211,2.36666634270528,4.59101688994363,-36.8009238830334
"perturb_1",11580,1.97647865306525,-2.49950763583449,-2.95723955511009,-0.811657326885652,2.09118934562227,-2.74856012646134,-1.88297281550041,-0.176354126775719,0.505921335057239,1.55035126242756,2.8116889458884,4.2086178050571,-39.0337965659502
"perturb_1",11600,1.69800836353516,-2.46464943714955,-2.99825368698091,-0.80559663609136,2.00452024675688,-1.95105064463791,-1.84962589607436,0.0281984491106058,0.213689268859938,1.46288448253834,2.91019492186656,4.77609161232528,-33.2371319069791
"perturb_1",11620,1.69930412564737,-2.42534672950547,-3.00727640291929,-0.839932515489967,2.06089594333271,-1.60387091814741,-1.76508372781792,0.0603887343587308,0.324201960180454,1.35664681433228,2.73422304357718,4.9126687624704,-34.34750807779
"perturb_1",11640,1.49701374562935,-2.47932596856664,-2.94613022595099,-0.832118944446216,2.0266317469719,-0.690640201622798,-1.76856398460295,-0.112526295903015,0.209405255370927,1.42535405686931,2.77023023047161,4.545451441338,-32.9154072226982
"perturb_1",11660,1.46710958202289,-2.52968336878776,-2.95967950539984,-0.809324651216387,1.97832151147661,-1.4044714933113,-1.69007798781299,-0.0995318100324695,0.0551111874435196,1.65410976833657,2.63516913215671,4.38489392794146,-32.8156182605824
"perturb_1",11680,1.96079795184703,-2.50758863973014,-2.93584158515925,-0.870049007723494,2.04140666708923,-1.22943372331384,-1.88080312266668,-0.020940984041534,0.090816265249092,1.69427442572063,2.70914157901013,4.6084966044296,-33.0445748383385
"perturb_1",11700,1.70460017019807,-2.55610895770408,-2.93088403736435,-0.769718523009294,1.84444536552331,-1.15472551455394,-1.8775883317379,-0.094777409952162,0.342982719763057,1.66063472720272,2.46581079318612,4.68658696804745,-30.5823065250112
"perturb_1",11720,1.90642915495725,-2.48239887749635,-2.91488072444589,-0.83974925414487,1.72129648444908,-1.43180424056798,-2.03464160150959,-0.10558525759282,0.452802366730364,1.78705198226218,2.48068272153389,4.63133346811014,-36.8344335516261
"perturb_1",11740,1.99425778799299,-2.5295898621006,-2.94956942134098,-0.789198145390952,1.78283499183,-0.823923948827411,-1.77897610032669,-0.11324980229098,0.24888246285535,1.8739901577812,2.36305991457065,4.45119561615509,-31.7333936544824
"perturb_1",11760,1.84280213964175,-2.4832587839228,-3.08747787475811,-0.707438774135641,1.53091465911035,-0.937755479055771,-1.6563173038286,0.0540020865557127,-0.106744222342201,2.01439288525862,2.20225334022242,4.75077815594481,-35.0507882733445
"perturb_1",11780,1.32067396719412,-2.42794868410162,-3.02281554517255,-0.760419183397025,1.65848028477595,0.14919474361232,-1.73149372967154,-0.00839671557622212,-0.0440309202185675,1.83047282353817,2.30474195864857,4.60411204429976,-38.9720415472136
"perturb_1",11800,1.58444088000262,-2.51230484157848,-2.86364993913672,-0.839773630245972,1.46711583489241,-0.801885799640978,-1.90791605100329,-0.0666299496019443,0.221992435793167,1.77636065824077,1.97244860470293,4.59347253233213,-38.4471739448944
"perturb_1",11820,1.5043900998362,-2.6483474980938,-2.88573047751308,-0.757724535351013,1.81028423926544,-0.0577012405186327,-1.84699460482492,-0.10510298675993,0.181306176136338,1.9097219893385,2.3884110827183,4.83589870477933,-36.6564976974514
"perturb_1",11840,1.44737440484335,-2.5432826603782,-2.97955341279182,-0.735630877606902,1.92896522712908,-1.30098597539829,-1.96216828625577,0.0117597784137925,0.187091106861423,1.73580358212303,2.82380780093599,4.66765953377647,-33.8732106510621
"perturb_1",11860,1.59516344335715,-2.60560621901172,-2.92378698002141,-0.704906516504496,1.81749134849854,-1.23595751365284,-1.99419762632159,-0.0526977162962926,0.414575405736855,1.73320232940807,2.75998321906793,4.79288992249907,-36.8746773542359
"perturb_1",11880,1.67125158821629,-2.53719197796136,-2.94948022179096,-0.701904582968591,1.64916126971994,-1.55788594974737,-1.93030346873235,-0.093872227703768,0.435620552853654,1.61482532984448,2.42957676696229,4.60194421346883,-35.2152892535302
"perturb_1",11900,2.00134726615062,-2.58163987798601,-2.89663245986369,-0.834316848790159,1.90439768128045,-1.33766290529949,-1.67792860822671,-0.0172871667654643,0.387255797579338,1.57546390780492,2.59993199182918,4.37429115037248,-33.2672639028295
"perturb_1",11920,1.88073190123218,-2.62012610325845,-2.92011960355027,-0.753581976934822,1.94920059570711,-1.27422182531157,-1.58132658762739,-0.214491153065962,0.121960227569327,1.6288974950664,2.76924247675778,4.60046233452575,-34.3074988325911
"perturb_1",11940,1.86718304683856,-2.64102533553647,-2.85182144607306,-0.866566236964754,1.9720480945658,-0.796647717157174,-1.65257551883577,-0.0736123312432415,0.139986580824692,1.63215946388091,2.54352303893378,4.74679358668289,-33.4805099096521
"perturb_1",11960,2.04517131796889,-2.58178157761964,-2.93725073628867,-0.826818786644294,2.04176990264545,-0.953400850348902,-1.57625150670795,-0.0235853293463357,0.245989721005068,1.53914553098659,2.9391752613907,4.46341356121039,-34.6313054603305
"perturb_1",11980,1.70280329779502,-2.46192484259987,-3.0209121562109,-0.77487049271625,1.96155855121,-0.720624820217505,-1.66692820127374,-0.0128697674869775,0.260761879583661,1.44735917381265,2.993387980046,4.22044911061402,-34.8023174209038
"perturb_1",12000,1.45202002102826,-2.42451000609373,-3.05413538435591,-0.728577224535734,1.836383358371,-1.34792867154782,-1.57431499954622,-0.0639341377316149,0.516324426666106,1.70009140271164,2.40912074075404,4.75289439493471,-37.6848580410515
"perturb_1",12020,2.25450216609817,-2.53610712365758,-2.99339007555802,-0.718573880640882,1.66896639254376,-0.810337977850445,-1.73346096292428,-0.158606827824808,0.314250205223187,1.82850669101736,2.32453102163839,4.60567017093041,-36.0180391460868
"perturb_1",12040,1.95861680095634,-2.50302462041917,-3.01215644697028,-0.74564622423026,1.82657424065158,-0.833449284504036,-1.95021620469683,-0.143077024995665,0.411732806586801,1.65337793452656,2.64688649773883,4.64914317016517,-35.5379869482946
"perturb_1",12060,1.52991856712793,-2.51957837622479,-2.88945175448777,-0.864603237340318,1.98635137344115,-1.27297928347008,-1.90838540354351,-0.127782942622258,0.145775768287073,1.74021641483341,2.63980557806706,4.66611051629577,-32.1151276738627
"perturb_1",12080,1.65519118773729,-2.55365190875393,-2.90057751324896,-0.775896272989247,1.98814383943682,-1.30067057205957,-1.60534298736025,-0.265515666688802,0.356252340955654,1.71022570596249,2.68080548926132,4.62328608304216,-32.6298464913946
"perturb_1",12100,1.85018903125605,-2.6367824534094,-2.94657397376702,-0.787424813772327,2.1395895175109,-0.644996095409624,-1.6310111814826,-0.00765882453669345,0.0550070675465314,1.54639479670757,2.53579936222308,5.02072926675129,-37.1288436482885
"perturb_1",12120,1.59080091477795,-2.54858771698021,-2.91394102069351,-0.848600314470714,1.95345890480246,-1.58422141287164,-1.74428337764138,-0.0473759307835007,-0.0932711931676704,1.84402173251298,2.46639350707487,4.73745984271612,-32.5947518002435
"perturb_1",12140,1.74645720853445,-2.53498189811031,-2.98722058527376,-0.743189608906338,1.62224501772779,-1.84378657131744,-1.9074702829241,0.00806575163661791,-0.000916776583438833,2.0166677872481,1.94643194430833,4.78924651144495,-33.9356218931777
"perturb_1",12160,1.82174528516448,-2.5448197722682,-2.93815760017758,-0.823306207624093,1.65793461323815,-1.31820046632699,-1.73253509168835,-0.0332830667324025,-0.0996827788073985,2.02297234519447,1.89908923869733,4.68880374817261,-34.1890365178709
"perturb_1",12180,1.62828903094629,-2.5234193847974,-3.02286151877241,-0.726066670122036,1.50789111690484,-1.06289933467175,-1.90941813228663,0.020649560004239,-0.149859576752553,2.11932468073631,1.8933811029195,4.58502741028781,-35.4311339363075
"perturb_1",12200,1.70050206946257,-2.53048391367049,-2.95156539561921,-0.723768682813015,1.45011554271008,-1.23676691556921,-1.85316041722548,-0.161797115280576,0.198924435003316,1.80600724760054,2.22658077680234,4.15792572734345,-35.9664893541758
"perturb_1",12220,1.4660477602178,-2.44372371405916,-2.9969601723621,-0.680344979998987,1.59564626588069,-0.984665243506552,-1.74465442035856,-0.242214138039605,0.23231371463548,1.80570570334873,2.36347028832597,4.51409963477457,-35.336958378413
"perturb_1",12240,1.58300854633566,-2.49228422061724,-3.01983116563157,-0.750542858604675,2.03843133650418,-1.13663361568555,-1.87184479772903,-0.0875589417275798,-0.0559127021929931,1.74958331955827,2.69872478802967,5.22626708215265,-34.2600003906545
"perturb_1",12260,1.60587412630643,-2.60846146063638,-2.87346874124838,-0.805392977255624,1.77892907544685,-2.25284486595136,-1.91876920705213,-0.01047236054556,0.156203527997883,1.77369081304209,2.05295748359484,5.01701998277086,-37.9502084551162
"perturb_1",12280,1.5546647662477,-2.50949551506714,-2.90440972715089,-0.790255367662882,1.76595286926165,-1.15870438215496,-1.69447420506095,0.0547413488153882,0.318450518845613,1.61092463243404,2.29912012886801,4.67262683518915,-38.6305628483276
"perturb_1",12300,1.51879215006402,-2.42867035833681,-3.05251590854421,-0.676925160378059,1.9213041183962,-0.761924134904629,-1.78410412134861,-0.170366229262159,0.220293339618948,1.70308695281446,2.56429502571601,4.92738465343071,-33.7605541341369
"perturb_1",12320,1.41884487668099,-2.46192039317868,-3.02099358831195,-0.696386556380806,2.0238302728163,-1.21014741947419,-1.66360071432162,-0.165100567705818,0.286334949075813,1.72737283770154,2.79040782819503,4.77054720645825,-33.4726512121946
"perturb_1",12340,1.73051753948395,-2.4953973333793,-2.96498969855335,-0.736804489615784,1.70980284868286,-0.974014303520771,-1.72253771032969,-0.123475898594565,0.3139189412098,1.72719871847582,2.72057735793746,4.44667493316041,-32.7675301322561
"perturb_1",12360,1.86166193647201,-2.48565999664093,-2.92739134797389,-0.816542256942265,1.77150742394518,-2.00740200683207,-1.81519896916182,-0.11518690769231,0.369885777998514,1.80430987678033,2.18161824689067,4.74127761625825,-32.5761375184472
"perturb_1",12380,1.91119382428513,-2.53463525526031,-2.92579705640459,-0.816078288772274,1.91430575956736,-1.04242605035339,-1.63722926546859,-0.201927257698495,0.15576216990776,1.91433100625252,2.22046068556907,4.71185214928768,-33.3654767900342
"perturb_1",12400,1.52700873492549,-2.41897003315356,-2.93563931675839,-0.837801025575009,2.07456791595195,-0.606141322020473,-1.75081189954653,-0.206007602654325,0.427766017658612,1.73398404434454,2.72207304709046,4.72208557178603,-33.7804456266189
"perturb_1",12420,1.84621648139937,-2.52959196029324,-2.9074593433535,-0.865855667925447,2.03064638041401,-1.19762313965979,-1.73448717093615,-0.188281344091045,0.327998441377236,1.7750461350072,2.57440555732661,4.4598310107509,-32.7602168535336
"perturb_1",12440,1.75923644728501,-2.52075501495556,-2.99429656588788,-0.745036379284573,1.7283559525141,-0.969498538578957,-1.79227909546467,0.0659032200713962,0.306610543135166,1.81604978393894,2.766127765863,4.06903564716437,-36.1380285768254
"perturb_1",12460,1.79305693087989,-2.42399596407797,-3.00368292335012,-0.762796813139238,1.89766422094199,-0.92906093803599,-1.83536471605112,-0.0307362128708124,0.329377756564119,1.62432767358033,2.73253920916033,4.56648236992291,-33.143574959528
"perturb_1",12480,1.91775039916641,-2.47108905626488,-3.03796489520153,-0.767488907491712,1.91306130657331,-1.47929905374082,-1.84554628979144,0.105894165369659,0.151236461089013,1.6690927141718,2.69450390303967,4.45379518417781,-33.5122571379438
"perturb_1",12500,1.82756994747339,-2.49546235205086,-2.99572044691454,-0.808453927468964,2.04781359111679,-1.3159817388801,-1.77168150670569,-0.079216078078168,0.314642408002402,1.53450895961838,2.75106075653725,4.44131773842237,-31.3274879178777
"perturb_1",12520,1.85936849977987,-2.56943395749412,-2.98879531016788,-0.814112226343306,2.07381690768311,-1.75157898858102,-1.75320131803587,0.0251065211563542,0.206593201954487,1.52757844276345,2.71695358809167,4.61764517840969,-33.4826080892131
"perturb_1",12540,1.94610110306159,-2.52581906623882,-3.0146879144263,-0.763042318417326,2.01831283948533,-1.32102827769691,-1.75187784411987,-0.168665837378942,0.226296653376864,1.55040605946752,2.41142859490687,4.89067059978405,-34.2748769033901
"perturb_1",12560,1.91932066130615,-2.50125989361572,-2.99283996367628,-0.746725802840809,2.01410343869068,-1.21854444681886,-1.88549953525162,-0.0609914256842044,0.358456741635827,1.62007791440871,2.7559048453884,4.75392127889473,-31.6390485775119
"perturb_1",12580,1.57133721556497,-2.49129764650825,-2.95281988999755,-0.756121271934922,1.82032475041503,-1.28459658618264,-1.72283809852829,-0.0749109955907206,0.197967237205437,1.88019019205393,2.56027811032298,4.57468460658792,-31.0357008778286
"perturb_1",12600,1.79381534017828,-2.47994522924985,-3.05514917225868,-0.719644306627372,1.90635086734857,-0.518326933732646,-1.79491710561029,-0.120161163065574,0.0921852222706776,1.82846947017884,2.76191219273951,4.64304982119241,-32.934714091104
"perturb_1",12620,1.54266385067074,-2.45417240964968,-2.9882114763927,-0.725823896009654,1.90343867865471,-1.31098655218491,-1.88689818796375,-0.153026660318033,0.490964138984488,1.58803495288743,2.67373924592862,4.67485818117506,-32.3162230080127
"perturb_1",12640,1.6594503067136,-2.56640090395657,-2.91090793531163,-0.809079514779858,2.20896442995301,-1.25142212123693,-1.83747160582959,-0.207428112529211,0.161984893388127,1.63282024814197,2.93056779458691,4.51345983422716,-34.8009382345718
"perturb_1",12660,1.93999999600663,-2.56062300101066,-3.03177687199135,-0.673649661063657,1.99350960369168,-1.45562492722437,-1.85141619367048,-0.233472366061648,-0.0286621364911837,1.71031283545656,2.73427453857843,4.55516360302729,-36.1777759346052
"perturb_1",12680,1.56636037012935,-2.41990586073849,-2.98042576011072,-0.806296670046719,1.99043489841076,-1.41378334050499,-1.84039864454899,-0.25267604633427,0.072830297394041,1.85926279878962,2.75098746490389,4.28317378928217,-35.3528066716144
"perturb_1",12700,1.96389961684577,-2.57759181141382,-2.95302118611572,-0.73331619075874,1.76054952006549,-1.45143708598282,-1.78327745239966,-0.000615046386017134,0.238925710805584,1.92675402441135,2.16333261383707,4.51990427836382,-34.3474343864592
"perturb_1",12720,1.9656716323525,-2.5532280992373,-2.93195687583024,-0.814000794631366,1.91579969753178,-1.46660081557994,-1.74917413122066,0.0318404884338645,0.136380204664396,1.92020904878011,2.50267225244084,4.73733976222995,-32.4278455935543
"perturb_1",12740,1.90246975245144,-2.43827037778292,-3.01509538544282,-0.804297686590778,1.78593429484136,-1.84929283508712,-1.81174304246676,0.00911631828631617,0.0463119770781262,1.9705983600602,2.11834543109192,4.87671509423792,-34.7345513410845
"perturb_1",12760,1.78167867832719,-2.46989045863898,-2.9023809317113,-0.783752501038599,1.69155435847251,-1.69807335916354,-1.76029587738173,-0.127314234861011,0.622192772371144,1.59968802778881,2.35796842265133,4.88385980464883,-36.4878722400744
"perturb_1",12780,1.59758828667056,-2.55407222365955,-2.92437132682565,-0.740094668661241,1.93892709095904,-2.00780582238566,-1.68288285170014,-0.18091270539764,0.0986130899908296,1.72098971486767,2.64526571179979,4.92491920211164,-34.275090055276
"perturb_1",12800,1.57335147512633,-2.52523774426355,-3.04429495329246,-0.684915570438357,1.7701358458429,-1.57627117337836,-1.89704407212701,-0.108264890622325,-0.11562586015875,1.99450412115136,2.09787558214218,4.8609771533282,-35.6064911021158
"perturb_1",12820,1.6472372975462,-2.49127075118503,-3.03554953451008,-0.761621791804422,1.73725893578914,-2.25327652805649,-1.73155408740331,0.0398330265514747,0.348351960504532,1.73221516437516,2.11540678904119,4.47916821794247,-38.6290093497179
"perturb_1",12840,1.68276809235709,-2.54332434167957,-2.89634286616603,-0.784400302723156,1.85991225686062,-1.32489680383225,-1.82237251663961,-0.229951396547778,0.380105295219478,1.84806526750698,2.2791243352706,5.04982701076809,-32.0119949594752
"perturb_1",12860,1.82302617266273,-2.56455604426704,-2.90392376101945,-0.809356954562897,1.86807568394859,-0.797326117745356,-1.82641567348812,-0.173476448326308,0.504924837441313,1.78941649315305,2.40309732795317,4.48174253390672,-32.8738272227387
"perturb_1",12880,1.94387201764758,-2.56817167232573,-2.89735030139086,-0.785016632895955,1.79417859575964,-0.454082373950639,-1.9376366077584,-0.0921136668797444,0.502150530136811,1.69186083558937,2.44753101503854,4.890862869241,-34.3859882649475
"perturb_1",12900,1.99936300381795,-2.5899217056782,-2.92087889686421,-0.840380543828729,1.88596254827092,-1.17689652518519,-1.64178817880016,-0.0143160649326246,0.368811285969478,1.68933673494986,2.52383522295147,4.52466408079985,-33.9392946369988
"perturb_1",12920,1.78890648458012,-2.57693463853292,-2.85027129349159,-0.842627997137054,2.05922348656594,-0.574974034950831,-1.73387021466565,-0.189176175181906,0.383085725438515,1.77559070137529,2.7958531203635,4.90800502091763,-33.6949488666574
"perturb_1",12940,1.98949993228647,-2.50900805070828,-2.96721384337244,-0.879281594822985,1.97881079384057,-0.253094779308773,-1.78096586303886,-0.014545915397708,0.177224750277032,1.46561587692963,2.72520982134663,4.93417984533239,-37.0082502044999
"perturb_1",12960,1.81025033261878,-2.63463271521537,-2.86850696611369,-0.860821206891848,2.01192597144536,-0.988248066363554,-1.56108427358407,-0.0231873681637074,-0.0208701808393557,1.89646414542247,2.61667215455825,5.02572013030537,-36.8394942350755
"perturb_1",12980,1.65687280768112,-2.47510770959622,-2.97768275382532,-0.820374518583371,2.08762365939072,-2.36906659815576,-1.71647579677433,-0.120309523536251,0.193788421606064,1.94578315481101,2.26999339046665,4.80175123267662,-37.0306562459517
"perturb_1",13000,1.1567879815491,-2.48025435461083,-2.9079935374049,-0.85469322333039,2.08935157870356,-2.22938258961761,-1.78915990493944,-0.0468185622456104,0.0782477840655952,1.85277458293899,2.68352825255833,4.84727864159174,-37.9098762556901
"perturb_1",13020,1.16903365735538,-2.32323772940806,-3.06889518255122,-0.858694082836533,1.96389276299299,-2.2098764988273,-1.88285256063069,0.0404216235563849,0.157903390391821,1.80314321946915,2.27616066390204,5.00808267508697,-42.9408759521064
"perturb_1",13040,1.67466850465713,-2.38940800581158,-3.0799950811734,-0.78764625475506,1.96099067262814,-0.815672643871299,-1.91005542234127,-0.0246269678415854,0.125512709205968,1.63005498771498,2.54348666899223,4.88513114090791,-33.7685627120416
"perturb_1",13060,1.72630317340572,-2.38838858582374,-3.07525861052151,-0.825533057581596,1.94562043813896,-1.08339068230059,-1.8389523748487,0.0522888913954199,0.0404350433991703,1.46405106334586,2.588377469684,5.03491570974836,-37.4992082236129
"perturb_1",13080,1.796297289385,-2.47787556521118,-2.9680004008587,-0.925197536075077,2.19664838717811,-1.30383138020053,-1.89845978631671,0.158812470449895,0.111003384307417,1.47978997503895,2.67462138952782,4.9755545996198,-38.3183621141187
"perturb_1",13100,1.35984067647135,-2.39462309498082,-2.95618712028031,-0.839284088630178,2.15120249391307,-1.36337561848143,-1.86778054481202,-0.217356416172898,0.280887838616801,1.65843088519321,2.63236216436497,4.91902213898046,-35.3338436324546
"perturb_1",13120,1.4763570852964,-2.57482979214961,-2.8602705486165,-0.834547901438604,2.049061862168,-0.932435031459933,-1.78505059715589,-0.139318749984092,0.546206903382413,1.73208249504089,2.86445180056578,4.47685333724364,-35.4394844194374
"perturb_1",13140,1.88766664796355,-2.61782678925603,-2.86488168684938,-0.789409873168968,1.92941571092211,-0.563970668097287,-1.82731006655644,-0.218239840005011,0.397454511106167,1.6753973485414,2.82031352115609,4.6427231316594,-33.2419856403548
"perturb_1",13160,1.89597919029061,-2.56780751030635,-2.93081703201051,-0.796980836157185,1.96710645172201,-0.752930801862124,-1.91891249144036,-0.117471197190643,0.120588113238484,1.7727864311329,2.63525791702199,4.86286329801205,-31.6116933270331
"perturb_1",13180,1.9502374086805,-2.64427527507748,-2.84696041883326,-0.861237384540045,1.75891502169666,-1.06952602073565,-1.77471424449207,-0.186026640914544,0.301925545586798,1.93398948693939,1.86857215143345,4.71138160406228,-36.5447023067813
"perturb_1",13200,1.6884815077671,-2.65421713330711,-2.84290066178175,-0.809683195791158,1.68152357214849,-1.31158132271242,-1.59470391549714,-0.234523418384701,0.322225686978963,1.79360735231534,2.24245702664573,4.27620420375919,-37.4015061525529
"perturb_1",13220,1.90852933362884,-2.56324122868135,-2.96702974442867,-0.739322994294837,1.69405476140478,-1.69212936853118,-1.7180799101158,-0.171877904746272,0.458140525122522,1.86766496330465,1.97036837295543,4.38084579951209,-36.215745069745
"perturb_1",13240,1.79734729998613,-2.58910847439468,-2.93939854904182,-0.701694526656176,1.77228245792635,-2.30509941412643,-1.82644230490045,-0.186017059077241,0.432165785911927,1.6221456182406,2.56233542456791,4.37977308106843,-35.8958660158159
"perturb_1",13260,1.88501188587781,-2.58704577947077,-2.99207771106158,-0.680333917130943,1.76108243828651,-2.10292258697763,-1.67418433008743,-0.12297913492738,0.520086294649171,1.70032214401861,2.43274724643294,4.20397442651146,-38.5206500531131
"perturb_1",13280,1.39072071503678,-2.44792961250476,-2.90678797390456,-0.791578228821119,1.71363595931536,-1.64534984607057,-1.61543858597745,-0.401366337661318,0.556790634666172,1.63229018268426,2.46413628671645,4.46248983364913,-39.0281363990229
"perturb_1",13300,2.08750169152388,-2.50866975339228,-2.96298566036957,-0.784092109266803,1.73537479002373,-0.965993541514842,-1.71860551812644,-0.0783449070088523,0.463365225290189,1.53847152984808,2.39656157055806,4.53464432620679,-35.1312327916686
"perturb_1",13320,1.43774746202417,-2.34940776895997,-2.95897832487176,-0.908908251706442,2.07702277208518,-1.23768442468507,-1.9811076966271,-0.164804918777779,0.631986211152515,1.12653480852368,2.85169065401629,4.19394336052193,-42.1333331876398
"perturb_1",13340,1.72349815092724,-2.3733199909408,-2.97952490240594,-0.845626055867895,1.99244113650975,-0.863368794363052,-1.88120152176624,-0.242977001931655,0.661817471123692,1.13921293828657,2.90625324716425,4.46512964464023,-39.1769269117495
"perturb_1",13360,1.3125248742265,-2.3631866964441,-2.99799101717036,-0.826881251053972,2.07224725713931,-0.968702920313842,-1.78680759860955,-0.262837238624422,0.639911997777982,1.30080198361453,2.9695242455467,4.90937415612936,-40.2640565084677
"perturb_1",13380,1.29642701249708,-2.43328305420448,-2.93198459919061,-0.825254607605758,1.97594207179672,-1.39501295787341,-1.81725562450982,-0.243787402361609,0.476994192687469,1.3248347926594,3.03213995555675,4.39025525399408,-36.5555936139652
"perturb_1",13400,1.70064958326895,-2.50651107377637,-3.09871950552621,-0.702415896078095,1.89400903554949,-0.829707151027197,-1.60459184016947,0.080856830428845,0.0138779462772189,1.7948242501502,2.51641713080205,4.83793796806503,-34.7661735215196
"perturb_1",13420,1.53293235643902,-2.53274508734515,-2.98639695709409,-0.766798285948177,2.11292967399664,-1.23328858499829,-1.71326534262916,-0.0354879121782269,0.101257463841914,1.67900032312197,2.90421855394681,4.57627699686732,-32.1577837623185
"perturb_1",13440,1.39223328397108,-2.51898034659553,-3.00192869298746,-0.748607507992178,2.03946758978265,-2.18234546189112,-1.89030464980847,-0.0647121770369112,0.106369967957125,1.5340075921775,2.7377952718133,5.1881245848467,-37.6977416244352
"perturb_1",13460,1.78436355796533,-2.45388840602869,-2.96486891736068,-0.795198008101505,1.82426414316649,-1.89898449817856,-1.62841990814501,-0.141983720581832,0.178535928426665,1.71754290752988,2.31099761099432,4.78120069854297,-34.2596365380172
"perturb_1",13480,1.65360594366705,-2.34920808632305,-3.14241549824387,-0.752320838140116,1.8915919862799,-1.19480015769369,-1.72001317846478,-0.0962745884039148,-0.144109599699019,1.76836126046695,2.62156885402214,4.64554094912214,-35.6577007612484
"perturb_1",13500,1.55352637054055,-2.4143923198132,-3.07702989949718,-0.816083325713405,1.95983581644422,-1.57231382553129,-1.69009866939263,0.0614174599025447,-0.112452959675578,1.7353815384602,2.59359083408382,4.46605568703401,-34.2509962547536
"perturb_1",13520,1.69072975793537,-2.59741172063624,-2.94462595852251,-0.827932251242986,2.02939238684756,-1.20407848620725,-1.84082986650515,0.0278181734567323,0.182747150373496,1.50000058516637,2.66701702008085,4.8953876405261,-33.71974882531
"perturb_1",13540,1.83664335437034,-2.59262839658105,-2.86873530620447,-0.934323353903515,2.18732634001383,-1.16459552822544,-1.81226128734797,-0.0646981393490261,0.389658402900195,1.40183581987656,2.74734070551484,4.47029724114386,-34.875712440602
"perturb_1",13560,1.72788406306385,-2.48272112438661,-2.95872878917733,-0.867253988275367,2.14206442965303,-1.3846657043756,-1.73805712576883,-0.0292342867936482,0.422117892020162,1.49272419073711,2.60211851600538,4.91931990785296,-33.0088371230146
"perturb_1",13580,2.01035623276652,-2.59345083828207,-2.98961203661572,-0.717418459769483,1.48335549634091,-1.23563468959405,-1.78676304577456,-0.131596292104092,0.0633869459821006,2.13771252091361,1.87893801076592,4.90440035511777,-36.9358277937649
"perturb_1",13600,1.90633607227746,-2.44704614770004,-3.05964434158229,-0.691381039472974,1.68022114371905,-1.63051450266103,-1.76527289653791,-0.244129584199,0.237108051442902,1.85506293692993,2.45151835023821,4.61170388833652,-34.9527437142901
"perturb_1",13620,1.95331772982561,-2.5625243566482,-2.95725900911845,-0.687928210367814,1.84320332212417,-1.28395770740409,-1.80125646076098,-0.282199854068088,0.547371920493117,1.62040616106216,2.68494624212438,4.49636518759474,-34.9688792133125
"perturb_1",13640,1.58653886443137,-2.40768404646845,-3.08829334362217,-0.722722429188362,2.0156841892436,-1.18147754835954,-1.68996499925922,-0.120211779360838,0.506649164755578,1.48552996349488,2.88477221025043,4.08222861153457,-37.9829636547668
"perturb_1",13660,1.73105124311013,-2.4514695387376,-3.10035720771284,-0.724565143635713,2.0133822578946,-1.6524087810541,-1.7401138029929,0.0178516667328166,0.139889335976933,1.44583804750752,2.9614278182111,4.30727474275076,-34.3671684807473
"perturb_1",13680,1.69473543635638,-2.4269512485191,-3.0702893676803,-0.764682110109277,2.00240357618747,-2.44252377106856,-1.89924442853904,-0.113350102495367,0.0141384048736164,1.73366260470221,2.67269713157683,4.35869648221911,-35.9968029589796
"perturb_1",13700,1.63715116625748,-2.55436488731055,-3.03910744570073,-0.744656854565288,1.98735069117451,-1.46726456340788,-1.82719406559692,-0.0807836347557576,-0.166904215598127,1.58639625536551,2.77490846631477,4.44329626825421,-35.3961752465848
"perturb_1",13720,0.833652727521924,-2.35149839235268,-3.09594189510975,-0.720209723157849,1.68837055242788,-1.08273168599503,-1.74658843928686,-0.0578028548086647,0.0264346595902346,1.71621024354033,2.42973528413311,4.51715053207785,-40.6467703120144
"perturb_1",13740,1.25359799062742,-2.49373093064689,-3.02794754308251,-0.721892845403201,1.94383968082758,0.140805831387024,-1.91372436532803,-0.0959034646024547,0.00499045331723075,1.7455869671892,2.57099562882307,5.17201535573747,-39.4383669245032
"perturb_1",13760,1.35595949187389,-2.48782767964406,-3.00966283100674,-0.736203714123897,2.05992491401759,-0.318444076787927,-1.79714740926214,-0.142079425109956,0.361690078106686,1.59508227086194,2.83784057469776,5.22502479113255,-38.0657624230909
"perturb_1",13780,1.48144963138422,-2.52286645386038,-2.92684788980158,-0.818433924280353,2.12845831324848,-0.564012285415245,-1.84365713564373,-0.223131522000384,0.321210034097944,1.62754677702478,2.74848500685404,4.97410907454182,-33.7974722295893
"perturb_1",13800,1.64252247329493,-2.51257696848373,-2.99699649403907,-0.700835025889206,1.74688576888018,-0.990487251548539,-1.75312957595004,-0.296809854526886,0.410946870387571,1.82055847109897,2.22404162403318,4.7889911500329,-35.3117476029382
"perturb_1",13820,1.82019859373936,-2.61750432342999,-2.95217627863716,-0.73090683100145,1.97978130404675,-1.42425846664362,-1.92587688877844,-0.203688679547559,0.375643199580315,1.45124098896498,2.71333938907047,4.61999682333005,-35.2072597728516
"perturb_1",13840,1.78725029565297,-2.61334585469803,-2.8567575322884,-0.806469763844007,2.1511816715744,-1.29470209434919,-1.78059674300628,-0.238272123726037,0.539119591673331,1.40156342446624,2.81675399646742,4.8731118899902,-36.2319892645062
"perturb_1",13860,1.7377767757977,-2.46410722160311,-3.00866189982591,-0.736328594987446,1.84764247485724,-0.768465091075178,-1.79623593810001,-0.0657076535902512,0.283380431727515,1.72953254240117,2.49825235988753,4.7311611172352,-30.6177709546535
"perturb_1",13880,1.73690731528876,-2.51052292075287,-2.93991375862889,-0.782028758854167,1.87807157266706,-1.31027470901524,-1.77389876979821,-0.0758631064836823,0.384365411667542,1.78923626335881,2.27012528481354,4.69524452944098,-30.9709483698518
"perturb_1",13900,1.61679986482874,-2.39996021509598,-2.9923509612532,-0.789795602891795,1.99312221656056,-1.39735176073838,-1.67215706574336,-0.108118521334516,0.546897689743115,1.64155728529949,2.5737253855999,4.86292841690562,-33.4171840148606
"perturb_1",13920,1.94437086900346,-2.48875872402188,-2.96221220449941,-0.798730964700781,1.8002113315674,-1.66241160453882,-1.7250424520237,-0.104009577796385,0.360730534146713,1.87822167524511,2.30084976956014,4.75251981249615,-32.021312268869
"perturb_1",13940,1.70187955925075,-2.52403741644507,-2.97101354475733,-0.786249001223225,1.94494307714376,-1.77541873741642,-1.69894424298018,-0.0833815807437831,0.386633895958546,1.62368946403417,2.51697751587113,4.66754022052025,-31.8464253412697
"perturb_1",13960,1.92784703260614,-2.54212278948381,-2.92678029058072,-0.869570510581313,2.14011656394362,-1.0337392201461,-1.58521168197634,-0.118287255535043,0.230656752547584,1.70619580889017,2.76593399125356,4.89453221566177,-34.5505589244766
"perturb_1",13980,1.63425699373112,-2.65952915750983,-2.82707366444151,-0.852007626895373,2.0792250020181,-0.13997656019893,-1.68420310651009,-0.183199163772442,0.0554942949691011,1.85811871466572,2.59783354469035,4.97272778671553,-38.6602019345486
"perturb_1",14000,1.51340845353626,-2.483366623102,-2.96492456023507,-0.886116593281491,2.06838860451785,-0.2224722412664,-1.88439217182409,0.0514642026193851,0.106550670083101,1.55859486526195,3.04185129560748,4.79617668081047,-38.5524537063077
"perturb_1",14020,1.36972027677434,-2.42271442918472,-2.92977090391222,-0.892344933861155,1.91868433129685,-0.332615865499576,-1.76546534954469,-0.107526745395782,0.193484225711169,1.62284352747746,2.57266261271199,4.75251135061521,-36.1700523104046
"perturb_1",14040,1.64617549009279,-2.48538023188014,-3.04640782845456,-0.726453716067227,1.6815160113249,-0.320000333789997,-1.81115304987964,0.0671088781753678,-0.123175119672816,1.97963169908398,2.02476625314887,4.64930770670998,-36.6863203724192
"perturb_1",14060,1.49983497666775,-2.450002936657,-3.04250456516753,-0.77050906825673,1.9091137494053,-1.63660527948823,-1.803888567211,0.0392238876869147,0.0793951692647265,1.72053439103469,2.61471372684717,4.77735089737141,-31.5174979431146
"perturb_1",14080,1.97347075536949,-2.60217799846848,-2.96546733125269,-0.763284834448964,1.88515863784141,-1.77451380395314,-1.84152760918831,-0.0265349069771643,0.0516193525438476,1.77697446873015,2.6802152980762,4.60911533389432,-32.0186167402595
"perturb_1",14100,1.61152802338327,-2.52568368222618,-2.94572749181522,-0.812053318487828,1.94392755865075,-2.08131690076493,-1.62564339753074,-0.00925322349001714,0.302436809484004,1.52253004722996,2.75162755096488,4.95683422289028,-34.7190184907751
"perturb_1",14120,1.62108203354723,-2.58631858240008,-2.85799583821738,-0.840056998484354,1.61958461767582,-1.60410971220099,-1.81339751896745,0.0316351504356057,0.192445696316714,1.7636130754114,2.38595373156606,4.84100578663259,-35.7625871140111
"perturb_1",14140,1.39795078858239,-2.42398665480585,-3.01513962605776,-0.671221820663828,1.58270684766099,-1.35541318193761,-1.66124226584364,-0.240466104387545,0.581183547861142,2.00308494689142,2.30017809763502,4.84656802922423,-39.8797125184182
"perturb_1",14160,1.42601913221237,-2.48385955479395,-3.05978928332803,-0.65064651192031,1.73442884248164,-1.81476320579616,-1.95367007491893,-0.0379957162895061,0.00161353724870226,1.82985805158786,2.75026833679363,4.96271631912491,-39.0610007623072
"perturb_1",14180,1.53445134858727,-2.52867036050978,-2.87442769328999,-0.850271699083033,2.04032644343907,-1.39752593815243,-1.74713660416131,-0.113883158229232,0.17904235043211,1.58880487069481,2.90341251832079,4.83665799723784,-32.8323850682373
"perturb_1",14200,1.8019976530481,-2.5365988256659,-2.95128150439564,-0.742766936635328,1.86875664701143,-1.96762342270161,-1.80078199775239,-0.0761424820165995,0.0819728071309742,1.6176755472083,2.81664584678246,4.3072731374947,-35.0720243905215
"perturb_1",14220,2.19001547583503,-2.62535048932795,-2.9547071391424,-0.756147325237281,1.96320648855646,-1.40350662157177,-1.56292356274591,-0.163374717079676,0.155227248130345,1.72928752715451,2.7495123668784,4.40792355978279,-35.9515357548621
"perturb_1",14240,2.15040414478759,-2.65754125007404,-3.00244678137299,-0.712011419193438,1.84648529954638,-0.799630803439889,-1.59395774003922,-0.0249817357780295,0.0793973527918549,1.82560286027323,2.54994079542466,4.33035707172057,-37.7423791394445
"perturb_1",14260,1.84121810291797,-2.60219042868564,-2.96560619084002,-0.782065487297866,1.9169418600706,-1.30360067996751,-1.7421995548023,-0.0226010455753746,-0.0407804171947886,1.79758201035665,2.45579542541037,4.62719666695766,-31.663904144763
"perturb_1",14280,1.34607301826958,-2.53220780540458,-2.93705855573001,-0.784949661814843,1.85273789921724,-1.73999984538099,-1.80566040480631,-0.0181904234125003,0.323512028045466,1.59779729842065,2.49570193375905,4.67993572458294,-32.7399206459653
"perturb_1",14300,1.37132945757926,-2.56494582346437,-2.87008921389555,-0.830570659798704,2.04455864381939,-1.18567207319511,-1.79920998975644,-0.15509662832317,0.397170429500939,1.74660970575605,2.4938824676761,4.76291227505604,-33.0023392339576
"perturb_1",14320,1.64291641448125,-2.51831804615705,-2.94534606834026,-0.768636815972524,1.83366947247991,-1.28285534560509,-1.82580218294639,-0.138326769039267,0.342968460133665,1.87485365712382,2.02219494291427,4.74248278327569,-32.1750556170618
"perturb_1",14340,1.53167847272449,-2.57649442430806,-2.810664204261,-0.854384258346449,1.7320533355882,-1.14074056983005,-1.80591750557627,-0.109729581890876,0.256483684002692,1.93601443737426,2.38193116567524,4.29416777730615,-35.7091501830666
"perturb_1",14360,1.34971991152604,-2.49334358936962,-2.89811275267918,-0.856880631937512,1.85056622467922,-1.01680196235879,-1.9649986505785,-0.121331553118474,0.462146856540218,1.58917082756251,2.63581160247024,3.81248484567788,-38.1773085894
"perturb_1",14380,1.76781684467844,-2.46242854172965,-2.97994532251098,-0.834081651290084,2.13656364853011,-0.542006138929097,-1.93002281865202,-0.192275811778644,0.260048261582353,1.35966969061394,2.91475015882278,4.73351154305604,-35.1212257478789
"perturb_1",14400,1.76628121775532,-2.49388213147257,-3.00456610631454,-0.748270321904676,1.80094942252473,-1.03138691204186,-1.82583293890645,-0.189034855000234,0.0329689208062426,1.69021425986998,2.59645026093094,4.65814672927286,-33.3350487141313
"perturb_1",14420,1.72352057382259,-2.40184362282168,-3.09418574971616,-0.781952238560737,1.99910912928087,-1.12003524272152,-1.77201128833917,-0.122021248744724,-0.0364750238361884,1.81370264932922,2.74311411374801,4.24267037851359,-34.9170253358222
"perturb_1",14440,1.90687488792385,-2.54780217271892,-2.99097794072195,-0.733744481673008,1.99247689001426,-0.803155164596267,-1.73162908694728,-0.160140036811802,0.200076611368209,1.78001219221941,2.84177475223793,4.63145493242246,-32.0611327574968
"perturb_1",14460,1.52400487791218,-2.39618535723981,-2.99474888682115,-0.791316956365374,2.04492750632812,-1.0817906285882,-1.91352482515789,-0.138984905139952,0.352732060556863,1.7223815262774,2.82062262394333,3.91385422643646,-37.3583291856003
"perturb_1",14480,1.2807355554071,-2.53656974174768,-2.95151351485896,-0.735285604652872,1.91399022421886,-1.05752857612559,-1.76607157162876,-0.0852005011256707,0.23951637067554,1.5906059783339,2.94578153995994,3.87395613130391,-36.5502808893025
"perturb_1",14500,1.30125162043879,-2.50473887591354,-2.99934451645957,-0.72899586537756,2.07638803098676,-0.92322858444816,-1.78253121140296,-0.0336645144751239,0.236839511444593,1.32843062851991,3.19084303219116,4.03588998085616,-39.9047180482707
"perturb_1",14520,1.31545673920962,-2.58739720694693,-2.88937432191293,-0.821548932886336,1.9951943594527,-1.63692190595178,-1.82248668375297,-0.00421609888087102,-0.0107177124136265,1.49750216667391,2.88769055858225,4.32955250252231,-37.0837203030153
"perturb_1",14540,1.45976727660873,-2.60485910354474,-2.83428106324046,-0.868902759641609,1.97583889430259,-0.979733516973245,-1.76863442149017,-0.0230098248906785,0.261946836106726,1.66794212780644,2.74586000968583,4.61056729427088,-33.1975491213674
"perturb_1",14560,1.46071423856555,-2.57996448385023,-2.8109722636617,-0.940360751420902,1.99248593439422,-1.09901588861999,-1.6712742573248,-0.0569629815554019,0.399196334676479,1.46258720725741,2.72089150749116,5.01789322174928,-36.083629025606
"perturb_1",14580,1.92308053244331,-2.65050960934776,-2.81673821853265,-0.870828186510976,1.93699101668495,-1.77427578032835,-1.70676268009683,-0.00336757771054204,0.305699425843226,1.94135703648867,2.48056046737412,4.65772552029648,-36.4364313169069
"perturb_1",14600,1.54352932342417,-2.50242754341806,-2.97098034772086,-0.76658857640978,1.83181317421995,-0.67599665026375,-1.59475453465146,-0.083960200901168,0.0797932475516439,1.68529311727709,2.6387343840198,4.48589389413363,-33.6162719824287
"perturb_1",14620,1.70964985592934,-2.55042127992851,-2.91115542630898,-0.835578109110542,1.74963708855646,-1.66927095634224,-1.70554901187069,-0.0303601534640061,0.126651956322887,1.80839798017189,2.41996338409766,4.35263233121771,-32.8667892917585
"perturb_1",14640,1.72961392689743,-2.48235702751964,-2.9531991531078,-0.83224284543536,1.89311257473581,-1.66967375646471,-1.75743660548969,0.00933865295148746,0.0426622040475679,1.91271245090433,2.41940110623353,4.83447475430365,-32.3607345831161
"perturb_1",14660,1.84437558182016,-2.49755071559758,-2.97720535542267,-0.821021743890649,2.08778535965675,-1.46516708290634,-1.79322059678896,-0.034479255890146,0.0949972212312658,1.75114762810512,2.99158421959035,4.6005962906442,-32.7037144567931
"perturb_1",14680,1.77757659225277,-2.48711082455922,-3.02077701694143,-0.76737764328869,1.92320443713881,0.245875518999311,-1.93741916941383,-0.00561047258059353,-0.0571609327554495,1.69900815066505,2.66976923277263,4.47298187963231,-38.650980178739
"perturb_1",14700,1.87354176176929,-2.55586364929866,-3.02961943513106,-0.744136518285695,1.85914899814517,-0.162819943808332,-1.79296082327933,-0.0433459860275081,-0.0952339828335335,1.63435414058231,2.68111503139527,4.62969910236083,-35.8424535653301
"perturb_1",14720,1.79857734240082,-2.52455443301037,-2.93891418807692,-0.828164709772485,1.91054770148838,-1.70497308173485,-1.86483203773586,-0.102895254773356,0.0035565344143705,1.57081139506399,2.46217389159034,5.10601336240299,-36.6561774620726
"perturb_1",14740,2.01789434528621,-2.48864264544329,-3.03418474163321,-0.669834679932348,1.4287914290877,-1.04890995199248,-1.78580201792911,-0.123451011027618,0.168866985981937,1.96362589108435,2.28027041404601,4.54095126855216,-35.7447602261814
"perturb_1",14760,1.87629943226967,-2.45799706574488,-3.00692413404903,-0.75590950344512,1.63021145288013,-1.26530496135667,-1.74760750572134,-0.0938857561153935,0.0396997161158777,2.06280845612517,2.01832343909828,4.48067904334032,-34.3284809263361
"perturb_1",14780,1.52373305526929,-2.49557516402666,-2.94559616933459,-0.805080011691171,1.75996892675409,-1.44848118070835,-1.73027211562511,-0.0892881749914851,0.143403023232384,1.79276973819483,1.94471237752819,4.64386294467063,-33.8969236022534
"perturb_1",14800,1.40416096796736,-2.3791201815892,-2.94464669385447,-0.876679271328791,1.96789791441075,-1.18521813307755,-1.9668099093222,-0.129822594136143,0.427081233541018,1.54607933675302,2.40882779131577,4.92380988801161,-36.8730128502292
"perturb_1",14820,1.80953437586597,-2.37269814363431,-3.09479537543945,-0.817864039332146,2.07763649956098,-1.19260810618598,-1.88814843756647,0.0273150420833628,0.079885873248114,1.70511504527812,2.42921549169488,4.8964948445434,-35.927309950009
"perturb_1",14840,1.78695074201936,-2.43655730085334,-3.11394153059087,-0.723475195375352,1.69919851350755,-1.97254137089274,-1.77489629517138,0.00630053403929042,-0.275734340436003,2.08589084013704,2.42413579187155,4.49587100753021,-36.6327007905905
"perturb_1",14860,1.99988188275816,-2.574704455134,-2.95553833301155,-0.816679556056228,2.0356304311745,-1.25265410958888,-1.73680900890323,-0.0433497767188743,0.0931850895002734,1.71083570602669,2.62505683730957,4.71911580665806,-31.0092311645397
"perturb_1",14880,1.73036424283522,-2.64073933358844,-2.82861393499645,-0.895307771570618,2.01407708395541,-0.602354460740549,-1.76359734397922,-0.058556359426548,0.37962125992797,1.58402871071066,2.75771297219667,4.6329292949774,-33.6323066799655
"perturb_1",14900,1.72770733283569,-2.57873428554284,-2.9301175726995,-0.827930047809402,2.01843525287841,-0.665267948105183,-1.73106816591558,-0.186940932606676,0.195466232986188,1.81201886504754,2.6205736896573,4.67413383566098,-35.5691993845682
"perturb_1",14920,1.64040864849118,-2.66624459655408,-2.84207383405736,-0.853361917367592,2.07798352542165,-0.795611791171437,-1.98060762291701,-0.0578016157083493,0.0454488265439755,1.49606797459699,3.12908021755148,4.61512649512173,-39.3687102215886
"perturb_1",14940,1.38664453430276,-2.56112663673672,-2.85312863914776,-0.917453646285705,1.92328528676877,-2.52074102930593,-1.87888626796222,0.0314943894337726,0.0622308055844572,1.66953913430581,2.8091451862542,4.61550273155011,-39.9080816277404
"perturb_1",14960,1.52218552616137,-2.62044545339311,-2.87696732762298,-0.819035302490282,1.8640556860629,-2.55473860541295,-1.90156862487055,-0.0345984503742727,0.155813945191854,1.67496825547326,2.7618707866395,4.3126221455251,-37.5874006591301
"perturb_1",14980,1.55740067807592,-2.61996103095768,-2.90373133181373,-0.81823633874316,1.80148316286415,-0.928301178958025,-1.72778693543372,0.0521173435261169,0.110769406845641,1.7957435151027,2.66409361282769,4.38855820541866,-35.3295153960418
"perturb_1",15000,1.65205041701151,-2.52018798721348,-2.88289901995511,-0.868382638758433,1.88455912888362,-0.682191869519036,-1.83460836580384,0.0528587884163649,0.221593788424192,1.77300909461157,2.70981282835296,4.74215550643702,-34.1832834016542
"perturb_1",15020,1.58272928140694,-2.51187425690515,-2.8982060825178,-0.829399045134376,1.90740746566481,-1.19162885941103,-1.74258323981146,-0.0642214197714386,0.281667603580525,1.89728780696962,2.71982892692955,4.30044683283132,-33.1331318168705
"perturb_1",15040,1.59122426352108,-2.52114934975112,-2.89732296812795,-0.836016803969759,1.98128360430863,-1.04598106486816,-1.75048610167567,-0.100386508195862,0.258594442627909,1.63856667663539,2.83852153219398,4.45145911968798,-31.1176538482881
"perturb_1",15060,1.42045576601036,-2.53585464349018,-2.86001092030972,-0.876491014499957,2.00088964126611,-1.4571344576542,-1.65187672144529,-0.110195365271507,0.318723794443445,1.67646468622191,2.85444508404569,4.80482547857266,-33.6633245760971
"perturb_1",15080,1.57970827615469,-2.54573145994292,-2.9549041292279,-0.741057745753033,1.85867929228331,-1.23196748223872,-1.84840783399834,-0.125559163600724,0.289205218011886,1.86769835851794,2.408786397135,4.31191483514393,-32.6305253292443
"perturb_1",15100,1.65015393438631,-2.54360891748046,-2.96221186695045,-0.728571735036816,1.90620495698281,-1.60513020722867,-1.76954372631237,0.0453403121171742,0.262990869003928,1.73343661728488,2.53312332795371,4.67593168415685,-33.5449753043121
"perturb_1",15120,1.85826595824038,-2.516697436699,-3.02857515437564,-0.709832734213302,1.86422385855994,-1.86181844377091,-1.6193551129354,-0.0474898941080042,0.118905614149772,1.72901204275791,2.68409890756255,4.62728396240031,-32.74818375574
"perturb_1",15140,1.3287329684737,-2.38451234515135,-3.09213777420902,-0.728207886451657,1.83084189270107,-0.785703814198003,-1.67078281193463,-0.105288837817783,0.277120872762232,1.66990142568303,2.5929744383017,4.0719950066223,-37.742466993364
"perturb_1",15160,1.25686936736672,-2.39217436943995,-3.046121115593,-0.776473687535063,1.9835503668843,-1.54675129489958,-1.79769437595686,-0.0925754046945166,0.194957663117504,1.72506553888883,2.83171757493133,4.06211287575,-35.307851627656
"perturb_1",15180,1.41542188088994,-2.47585887739968,-2.93668301520573,-0.879120736263184,2.04259980500322,-1.20932263417422,-1.82940893322848,0.0334177783946192,0.112902620384548,1.65687683056367,2.79012453067932,4.30908429305561,-34.1189542419322
"perturb_1",15200,1.68900433166788,-2.48841090541256,-3.06426582061142,-0.745086176598897,1.81721670724176,-1.28679601976038,-1.72817376119593,-0.028310192609795,0.0367763592251655,1.84205574887169,2.44974888065744,4.31211820124823,-33.2592757796492
"perturb_1",15220,1.33484579433294,-2.47767285960064,-3.02003033333559,-0.804916960608041,1.94659070656651,-1.56801661876812,-1.90640170491154,0.000973942117259486,0.0523248649670855,1.67821189481875,2.48230182358168,4.87379069415692,-35.3472412829736
"perturb_1",15240,1.71706212326976,-2.55767924632586,-2.96928980041693,-0.787909291292835,2.0034848852109,-0.911927667905762,-1.91026319584612,0.160573394632509,-0.111192712645157,1.71011695559446,2.98819028141359,4.53667444876884,-37.4083963585347
"perturb_1",15260,1.4729144160744,-2.54308189101833,-2.91481363739521,-0.776408048188108,1.87914587764897,-1.41631829900492,-1.94197431186866,0.0257889261441786,0.160807794976522,1.94901129678571,2.47824876572876,4.6143267471569,-35.3891251333815
"perturb_1",15280,1.79486837627377,-2.60120435392264,-2.99126717952079,-0.812448996544558,2.10126579044414,-1.53896811891665,-1.89405796892419,0.19320904466099,-0.269398615835189,1.80570351617193,2.62858568669052,4.55494980049927,-37.6891517602365
"perturb_1",15300,1.82014933682829,-2.52011880981325,-3.01303234587144,-0.814817507254118,2.02458658018158,-1.5154368397346,-1.72754262867034,0.0854950970006904,-0.117241445359377,1.83154636656086,2.85000033736781,4.60107215475146,-33.4722201639669
"perturb_1",15320,1.80875463853012,-2.52500619833317,-2.96434998889467,-0.766577970466509,2.15867887532597,-2.18543862703414,-1.76309636343435,-0.0588328938232566,0.375732429611386,1.47910690524165,3.02981174497058,4.88261981010647,-35.4168352996929
"perturb_1",15340,1.80885442849488,-2.49336613464553,-3.03515389775926,-0.728071841286962,1.92766432398321,-2.29140454278997,-1.6401604819785,-0.0257906107345563,0.214150801027616,1.67116553896171,2.58530160159587,4.97791840591682,-34.3578497271785
"perturb_1",15360,1.61264954021657,-2.41767585944126,-3.03984716586427,-0.79534293751047,2.14167896328794,-1.90302906722655,-1.76256919309774,0.000541707724977657,0.19169874441921,1.65820318929367,2.66461049823627,4.6049752246463,-34.3271182509009
"perturb_1",15380,2.05261371246875,-2.51206932386875,-2.95443373785924,-0.853503232955996,2.14065539435948,-1.41652417784728,-1.80965144376009,-0.146826275203369,0.339768307913276,1.58407606498008,2.5224321516668,4.75429343077012,-33.8793685617553
"perturb_1",15400,1.90608876189236,-2.41711290086609,-3.06040402920178,-0.726565768380383,2.01022381335467,-1.26822584736118,-1.87524723730934,-0.207571117558561,0.385590019895594,1.56781008823484,2.49899516808112,4.26898435317333,-37.873024637054
"perturb_1",15420,1.64163777982979,-2.53588638682545,-2.96886350175088,-0.764334648464372,2.08373913778931,-0.703510064383475,-1.91235414881142,-0.117382909186571,0.197876931441748,1.57517628017547,2.50964579203323,4.27778740660154,-38.3451973237269
"perturb_1",15440,1.83127226867032,-2.51046410436668,-2.99539669230274,-0.777993884770375,1.99579414094991,-1.19595587646759,-1.90883527441858,-0.0505832046468992,-0.0402700927332846,1.96703951682237,2.00873208017103,4.67208147738433,-38.0625388889419
"perturb_1",15460,1.7735560396066,-2.56314585949073,-2.94149246835327,-0.796806000022473,2.02033182202083,-1.40280522265046,-1.81514987532352,-0.104469535581973,0.359426525540345,1.32145186788371,2.67136138041712,4.4972461745268,-33.143631586265
"perturb_1",15480,1.81445095956108,-2.51948687357869,-2.96876754961814,-0.783356996621799,2.00089582360994,-1.34472719736782,-1.83295386336077,-0.183662013612249,0.294286233500658,1.39692399398047,2.96443477187586,4.43430253065523,-32.8783651646733
"perturb_1",15500,1.95828644104114,-2.6019337529974,-2.91151939429353,-0.839876528318146,2.12173962486404,-1.35918060482872,-1.78210007667976,-0.185760267032389,0.423952603393929,1.44204604301987,2.59328323025989,4.62114945114131,-33.9552682214198
"perturb_1",15520,1.92807304410876,-2.59162141190615,-2.86225629083963,-0.869502844841641,2.20714113571719,-0.698711143569598,-1.86591698673675,-0.251667420985349,0.5530982629032,1.43239452694405,2.99377952511287,4.56930506269594,-36.7619301346145
"perturb_1",15540,1.89557385601232,-2.53132151466914,-2.92861593489726,-0.833713994546307,1.92442232220573,-1.32557940684921,-2.07199286557617,-0.160754854646819,0.390765110467144,1.65406166727487,2.49717180316135,4.88815864049454,-36.6574779831123
"perturb_1",15560,2.08865066803563,-2.54428787425131,-2.94880922630875,-0.867657049061612,2.15160722518793,-1.73234064626841,-1.86385541191989,-0.00117926820411747,0.18683248024632,1.73867755489647,2.62289925649788,4.56215876323732,-35.6342828866846
"perturb_1",15580,1.76853959685768,-2.57341700888721,-2.93897916383012,-0.795345792360943,1.90708616824389,-1.53096317475939,-1.85769900528322,-0.00710027418100555,-0.00118415692814061,1.90539558777292,2.29436949002072,4.59042844429844,-32.4865856608235
"perturb_1",15600,1.86676548925479,-2.50913166827679,-2.98560159531052,-0.751096264230939,1.94120809025427,-1.51418186473338,-1.8711466351656,-0.255212284382021,0.13239621084059,1.82643912127574,2.37327843064742,4.88280431695675,-33.0156729666069
"perturb_1",15620,1.9392462799523,-2.47590751950149,-3.04307216488655,-0.735318488378383,1.88178130346013,-0.804695395598069,-1.80189665492251,-0.135413238694997,0.0685705303492271,1.81918177404776,2.43984669081288,4.61700806284545,-32.021698102519
"perturb_1",15640,1.65626707832058,-2.52653541001095,-2.98738508884546,-0.720574624010906,1.91649659822228,-0.859573464701494,-1.7599477984024,-0.189493551982078,0.293057127149053,1.73140923540097,2.5240158094558,4.56721897895572,-31.5256528137842
"perturb_1",15660,1.76212134338107,-2.48753759644374,-3.02054340598441,-0.758037831294142,2.02683148722711,-1.79853985035886,-1.878695193449,-0.0976136788320525,0.297028005512542,1.4562653405452,2.75979292229924,4.64871574198028,-32.1640152246578
"perturb_1",15680,1.78554864978372,-2.48007087705241,-3.02110942164318,-0.777696459447293,2.06744583089077,-0.982857823459315,-1.83784630860548,-0.152971534888788,0.349471954939008,1.51195272389571,2.75407630775299,4.62989792319634,-32.5464380765352
"perturb_1",15700,1.96570748646829,-2.50826520204418,-2.97904173205204,-0.765515430152196,1.9450767691047,-1.02000048257769,-1.82488718546591,-0.12590251013973,0.525726355449379,1.41435684009115,2.97607059122567,4.75106375093957,-34.7990243220085
"perturb_1",15720,1.99865841878279,-2.59884201224552,-2.91347074671269,-0.78062269064756,1.95332049782365,-1.30772837755989,-1.83621439039382,-0.127660832618337,0.378346071428046,1.34372876141684,3.02778998668142,4.83120859420539,-35.7025176773826
"perturb_1",15740,1.73654516376687,-2.49751679775137,-2.94624064254714,-0.81057927113565,1.93091646562119,-1.7533725432398,-1.90219712571306,-0.0911368034053352,0.221842082308067,1.68368619345591,2.57090635583834,4.73489868692085,-30.7277152420913
"perturb_1",15760,1.38970690628468,-2.46686953304992,-3.03802302078644,-0.72097376037186,1.9915793775885,-1.56407702628304,-1.66862449069446,-0.0453233626571975,-0.0315406916723035,1.587134734069,2.88692691237318,4.6361742632869,-34.6821811878562
"perturb_1",15780,1.41184202554104,-2.44358859142235,-2.99134523453606,-0.763070622265314,1.92185987512128,-0.460012798555653,-1.93515508678827,-0.0705058430825361,0.387195823021874,1.64639737527244,2.75130862535566,4.27614090498943,-35.1431090829971
"perturb_1",15800,1.37297442089574,-2.48719043554459,-2.89106553892679,-0.827172410894913,1.85930512467674,-0.639970983565919,-1.77722888939563,-0.0824660921773512,0.471805019200575,1.79810776414683,2.45380290344357,4.68955239224409,-33.2302237677373
"perturb_1",15820,1.56300442849563,-2.45049480582188,-3.01621068169447,-0.738229100504503,1.87464555134994,-0.380842458826772,-1.7599763232045,-0.117395167045896,0.244513799528744,1.95162801785457,2.25974325652249,4.9420159872427,-33.4322415866707
"perturb_1",15840,1.31241507394046,-2.53721155188273,-2.96557728240853,-0.764378536282264,1.97413014342227,-0.874755607467578,-1.71352340856724,-0.100459974980306,0.129247721392215,1.7412751509002,2.10680346893439,4.80476212940791,-36.6009846996012
"perturb_1",15860,1.31516637380713,-2.54201294586622,-2.88519827354844,-0.848764730909543,1.82920304297755,-1.5966925900684,-1.92220855259036,-0.157282462718487,0.281180813649848,1.94420225430207,2.02787644256445,4.510835403022,-37.6254336300561
"perturb_1",15880,1.77062344134589,-2.45477386940523,-3.0506136866613,-0.726900060380599,1.95023440465581,-1.6361110422523,-1.79453039502872,-0.07793626718115,0.0504475147106436,1.75051291027183,2.97928635121835,3.95703296420618,-35.0916409732585
"perturb_1",15900,1.69890089040655,-2.50536209400265,-2.97179991007407,-0.737194211220011,1.66698799297806,-1.9704473850006,-1.60212991393155,-0.112478687636246,0.117363981779039,2.06138350654936,2.2279619712688,4.72644516732732,-34.3552968285566
"perturb_1",15920,1.56701007751392,-2.50063872431612,-2.94723922007107,-0.760578615105923,1.81403066858998,-1.76531619860804,-1.56877091316477,-0.104427116870293,0.150672037438533,1.86321741590764,2.55519428569053,4.86244735283867,-33.502827538274
"perturb_1",15940,1.92879896091561,-2.58399604822625,-2.95119356626229,-0.791081977996213,1.9284690139766,-1.14910236882459,-1.73848082604863,0.0402376629434013,0.185126839403189,1.59987930311581,2.61904349188379,4.8555283474251,-31.4053517313748
"perturb_1",15960,1.90880722260372,-2.54079613047403,-2.92091908874662,-0.805698751137972,1.8058362046749,-1.09137281862765,-1.70820303969411,0.067080999302491,0.290630559096763,1.64297461270497,2.73255298745883,4.71423601281288,-34.1268218308669
"perturb_1",15980,1.86141864661062,-2.5493864493787,-2.89292426134594,-0.830915993346584,1.99209583136201,-1.34546910499468,-1.65233807646478,-0.09071572250333,0.339385321067944,1.57898339351323,2.83188080644782,4.89247398941615,-31.942783636235
"perturb_1",16000,1.63867186841699,-2.52998326279894,-2.89810730238924,-0.846699677211655,1.78693154248707,-1.84265510507143,-1.77431221029468,-0.0858199447043214,0.347485633226718,1.6739430420703,2.56552928828262,4.50469546555,-32.9728661160392
"perturb_1",16020,1.82017867535516,-2.57535309909573,-2.93008608184667,-0.842085017912355,1.91598596729647,-1.8449368857813,-1.85486834609044,0.0590590291540715,0.250808706322577,1.54252096132248,2.8560179058892,4.43174755546464,-34.6013485304571
"perturb_1",16040,1.85018323927093,-2.56647222115857,-2.8956802409165,-0.846585316640487,1.85460838564428,-1.65534380433131,-1.60757063965638,-0.101992245048013,0.0920551210623624,1.82242892225732,2.5301262025406,4.54251179945249,-33.2806678083401
"perturb_1",16060,1.72428759618088,-2.55656229383966,-3.00165909338247,-0.711083411202604,1.8803305073801,-0.391057668967387,-1.67033226040777,-0.0166947178865827,-0.0699945258363381,1.70411969832906,2.68463193934597,5.04056023966873,-35.2330264984342
"perturb_1",16080,1.73353854695418,-2.40616729072821,-2.93843107146265,-0.913797064324919,2.07139823766976,-0.986970357798944,-1.97800708130635,-0.135419984902803,0.244896747981651,1.50120036104667,3.11549710793874,4.48659862326388,-39.6003414906998
"perturb_1",16100,2.01320709179323,-2.47880052306149,-3.08553691480768,-0.734108901924649,1.97809409416917,-0.911506875986644,-1.89301595992197,-0.0396691731307121,0.216200503581551,1.72879744673999,2.70033156374219,4.14785727497478,-35.5677505652942
"perturb_1",16120,1.94981205569662,-2.61812793317496,-2.97871970936614,-0.759557026373115,1.88425065878828,-1.36989610500283,-1.81790755877238,0.0492520698003104,-0.0112300670467979,1.73672022523962,2.79158298635365,4.08469230421408,-34.3406146135015
"perturb_1",16140,1.90019868416699,-2.59323613645551,-2.92395825660257,-0.793654171409228,1.94703300641202,-1.55817075289258,-1.78187293575337,-0.115397979441431,0.39671030521005,1.78572170952679,2.90141238702025,4.48163841875637,-34.8615741164679
"perturb_1",16160,1.72302857181548,-2.50295912448289,-2.97140210278063,-0.7752915056798,1.68492747544525,-0.634033783901879,-1.65758649739832,-0.131179617943506,0.10700279413758,1.8905901435055,2.13458972332012,4.84093977289419,-32.9590758436413
"perturb_1",16180,1.49912730755788,-2.51628547406811,-2.96271704836599,-0.731629127717352,1.69003980316231,-1.80581473549168,-1.63784336963889,-0.304765744362545,0.166525421944383,1.89655725810714,2.33618262968905,4.35238459551863,-36.6883389354246
"perturb_1",16200,1.47749755342508,-2.50541794334635,-2.95019278820129,-0.779077277686268,1.84754734550331,-1.4579043767632,-1.57316562240077,-0.199886399362011,0.0537131114591828,1.84195845813712,2.3754628247314,4.5853414505568,-34.2093628472224
"perturb_1",16220,1.9503859579887,-2.64864583196712,-2.87816041673933,-0.80001459004559,1.78804649322132,-1.39997685398437,-1.74644273666303,-0.171813959825772,0.0588687812385552,1.90480265415438,2.55889773592088,4.40911372462615,-33.8435674918643
"perturb_1",16240,1.43822244913764,-2.48380358168742,-3.0011820452649,-0.690627925759258,1.87924359944236,-0.63173876509048,-1.65613811529943,-0.211761137079751,0.240270057234642,1.68856026687547,2.70121845617456,4.61106412600566,-34.1388382600288
"perturb_1",16260,1.59864270501292,-2.52722870965319,-2.96714125482768,-0.73558213099655,2.02389599336909,-0.967337414750986,-1.88001655557164,-0.0945735821407652,0.166039244924787,1.73192383027,2.74885636570926,4.92464104596738,-31.9090669003088
"perturb_1",16280,1.83125232797548,-2.47276840194327,-2.96774134483516,-0.81534379811253,1.82873177532564,-1.71331194208382,-1.7602278761545,-0.0518066219313052,0.138186538447369,1.8297173076821,2.28530684116802,4.79110123826393,-31.5684329179531
"perturb_1",16300,1.86288033097095,-2.49750802794955,-2.9929265391164,-0.767563178566621,1.73011157220205,-1.13153810131694,-1.83427237357752,-0.0602007787115099,0.164898810018673,1.84523228929464,2.23257800944061,4.48758701274079,-31.304915301904
"perturb_1",16320,1.87657831924456,-2.52416611963395,-2.90813090009156,-0.818337929806691,1.71370237950888,-1.1483998121798,-1.84488960781863,-0.0917974215487427,0.107093323871406,1.76045421266622,2.51114959733755,4.66528629748045,-33.2331614772458
"perturb_1",16340,2.02732140139099,-2.43902186394306,-3.09562906768553,-0.654525231961745,1.67239990671958,-1.1735495309951,-1.80125914845232,-0.202434823776438,0.329773795374508,1.9339324124778,2.43184638781307,4.29410997230132,-37.3670733461184
"perturb_1",16360,2.10242353902197,-2.54400761925763,-3.03229926188566,-0.618907510845574,1.73756859151397,-0.755792081263715,-1.81364412146022,-0.184151541123379,0.104268096638351,1.8344948280862,2.74440307085371,4.6798484161587,-39.8689650681455
"perturb_1",16380,2.09438039162146,-2.61214035028308,-2.8462772617601,-0.842484879335878,1.9818465080432,-1.24252277255163,-1.66842069779837,-0.274025906867643,0.414615106450483,1.7192901685632,2.34803999565304,4.60899656165917,-36.1930014491114
"perturb_1",16400,1.42863059412561,-2.54190398156432,-2.94130377756159,-0.786867030271088,1.8845545185565,-1.11670184879905,-1.87929019762589,-0.166769452375441,0.401618887999859,1.96695059872423,2.07453773283926,4.96732584631863,-38.3272788756127
"perturb_1",16420,1.71957317095768,-2.44782058099802,-3.00534931960237,-0.81610896706748,1.99901325473138,-1.52781650859449,-1.85322067569585,-0.129890077541238,0.132378062666969,1.95274576115585,2.59243945174963,4.72587684913181,-34.2361189941387
"perturb_1",16440,2.02521235393873,-2.50315762664045,-3.11368277895781,-0.696844604219142,1.77477420520352,-1.91820797130343,-1.76069060878369,-0.0324402050732141,-0.33234941683957,1.89174466697677,2.88610416683199,4.67550935247033,-40.0632521793136
"perturb_1",16460,2.06809658564167,-2.57430896553023,-2.99173027964511,-0.779757297656349,1.96425254365764,-2.03406865404604,-1.60298492358195,-0.120805898644626,-0.301078532742489,1.93682339427707,2.82560928675785,4.76794912336694,-39.4651749400575
"perturb_1",16480,1.59762504185534,-2.5140475231445,-3.1092185748564,-0.797003421725706,2.19232041493173,-1.98685152170711,-1.80177112610438,0.198291398998598,-0.644036434581066,1.77786329936059,3.059800755466,4.92513643603464,-42.0984995220297
"perturb_1",16500,1.61583044519726,-2.42559364437313,-3.14426279792958,-0.805553731237429,2.03844896804433,-1.66477572294413,-1.98863911074989,0.101502830845398,-0.391692263164537,1.80382441631585,3.07093945418483,4.59205265841747,-41.8374885688053
"perturb_1",16520,1.47702973242234,-2.41737943634957,-3.15540458903667,-0.802078505453041,1.84550674375025,-1.33059596469109,-1.88440944700721,0.152172626981466,-0.558119422886027,1.94407293537745,2.56622080103049,4.65360995452426,-38.6453554734013
"perturb_1",16540,2.01517886886092,-2.5231993196377,-2.98142015365691,-0.864381975042368,1.89232452954507,-1.08791587104219,-1.79497597548572,0.135787397777981,-0.103482211209085,1.89785645671287,2.54747072958728,4.54333165715766,-36.0140781771058
"perturb_1",16560,1.80044635382377,-2.57904454792691,-2.96055909069912,-0.808729135207442,1.97476690690436,-0.558583896524023,-1.89758850395945,0.100650897095948,0.0713247750364351,1.82966408544009,2.42827379040405,5.00822160732674,-34.4670575114546
"perturb_1",16580,1.92559756647774,-2.56176815278812,-2.92419861009106,-0.830590630943054,1.80785158448007,-0.81986349811269,-1.79773120479268,-0.0367252974806808,0.14634231147982,1.78528847110902,2.19594845482468,4.92736857750363,-32.4595911457951
"perturb_1",16600,1.72017946608158,-2.47313175367522,-2.84229352346699,-0.87250018312269,1.71540453809812,-1.38637026537025,-1.81420280214996,-0.144982664977072,0.448526833720154,2.00069991966759,2.13109962181733,5.08304634084657,-37.5358391243848
"perturb_1",16620,1.72509875269383,-2.51823455080273,-2.86186462887806,-0.863977156434616,1.90046572802895,-1.30429438768952,-1.75726877791068,-0.256760046817715,0.70510787447507,1.38626363205821,2.85114171787078,4.56181414972997,-35.2550638629022
"perturb_1",16640,1.58008955017064,-2.48373967169052,-2.91428099921578,-0.80163663204148,1.98742710468657,-1.48070869079669,-1.90022668305186,-0.319653601569697,0.639904339108244,1.40868762522698,2.65492207968765,4.61307728913932,-35.116075377719
"perturb_1",16660,1.54294865691692,-2.46883535649358,-2.94247307270309,-0.809266614555932,1.94523165277377,-0.910962804793578,-1.78957940148483,-0.102774165908253,0.488826917278817,1.5992726454345,2.70025126214413,4.68941086717373,-31.0044195579151
"perturb_1",16680,1.35911453645591,-2.40167930219512,-2.98220246185272,-0.878599838168273,2.096915152215,-1.9853913514076,-1.71865801025526,0.0852188081861113,0.150022216044956,1.56110280899423,2.69291201623857,4.79631954892317,-37.7233248378844
"perturb_1",16700,1.57474022203636,-2.47196178461432,-2.90119094454742,-0.872952917503511,1.80353500324605,-0.990959901638738,-1.73795121644459,-0.019555646095085,0.39670669576621,1.81960240252053,2.30356052972338,4.82571812835436,-33.3640608411928
"perturb_1",16720,1.77773633979405,-2.48616642660126,-2.9093540579201,-0.81340623268681,1.71839242353269,-1.15769676223979,-1.68666519816569,-0.148585120423385,0.458668838666391,1.77461529890459,2.50792223115296,4.85012417743829,-33.0983038579713
"perturb_1",16740,1.73077203695227,-2.4776632743994,-2.92270541322836,-0.843911512998764,1.93443367187086,-1.00900943689674,-1.67785977674837,-0.0556642849214204,0.345115457813048,1.55523467417158,2.65741632038092,4.71520037754152,-31.6891685194363
"perturb_1",16760,1.63679877443525,-2.49335606611909,-2.9464620125701,-0.777586191302624,1.82417657572703,-1.29483789756231,-1.71630419881656,-0.0434794715699317,0.442083493623694,1.62732557208757,2.4638319652584,4.79451661451651,-31.213961517395
"perturb_1",16780,1.52686202988345,-2.56931864597632,-2.90852016562751,-0.802322302121678,2.07404373006081,-1.48802954801984,-1.79207787773122,-0.0497442388772987,0.286950909566698,1.56579784446708,2.67377689612534,4.83594404958538,-31.8232868740412
"perturb_1",16800,1.33835865020495,-2.57206297387483,-2.83952839203859,-0.835184730437221,1.92868156727409,-1.6898238055126,-1.84557387948982,-0.182410984296145,0.406317388186478,1.47215125245206,2.44011818212548,5.01496805874021,-37.1386520099342
"perturb_1",16820,1.57088729393134,-2.4490778474808,-3.05469315752448,-0.74030114513263,2.01807817768772,-2.38009608661068,-1.74388783722377,-0.116045822282845,0.217058562603773,1.7013111848826,2.69022738652493,4.86869506371366,-34.4718172805068
"perturb_1",16840,1.48604363015628,-2.4322032737605,-3.06749360585489,-0.669241458775888,1.67720717819499,-1.06146395745393,-1.87268608633935,-0.128332670964984,0.181202164358678,1.92557184778533,2.43757783806371,4.37531821007413,-34.247852391445
"perturb_1",16860,1.49787961456619,-2.39159089485102,-2.98771521465724,-0.68948525121029,1.56691608667541,-1.44393988970389,-1.78110068185152,-0.35104895119354,0.484641287774176,2.01631190483276,2.33368386879936,4.64814992228546,-38.2836049206843
"perturb_1",16880,1.77900384639087,-2.43216080513473,-3.01259016493773,-0.697467676339261,1.50391357709837,-1.07871508342696,-1.64509607478854,-0.225815926025227,0.297124239162438,1.96262467379958,1.95810416251181,4.73396016058615,-35.1205603572262
"perturb_1",16900,1.61954062076645,-2.40089967529269,-3.01602792738991,-0.75159828463305,1.73081184654187,-1.96326094459225,-1.64490962697629,-0.00316138452680023,0.257986507316943,1.84876169655049,2.59746628413006,4.09367664568443,-37.4449267373798
"perturb_1",16920,1.81407070883694,-2.46492522352356,-3.01459707595572,-0.848212651057651,1.8524645409593,-1.99783204528201,-1.77039763838877,0.0911350156289455,0.0283843157316468,1.74323046384235,2.5392480746157,4.2131664428538,-35.9983014152602
"perturb_1",16940,1.5951016171491,-2.52313636863602,-2.92125036591448,-0.823202450126341,1.81927066483043,-1.33371417792132,-1.78422034570644,-0.0237102707796775,0.272125824221796,1.7324734453104,2.61293106068791,4.49555138744586,-31.0836205300128
"perturb_1",16960,1.72642050235829,-2.53618237429169,-2.90763481419996,-0.815437773093606,1.98077148854156,-1.07309937360307,-1.74992471967281,-0.0476025812475668,0.421441184593845,1.5845982448382,2.86983288881123,4.67634808258553,-31.200740914845
"perturb_1",16980,1.90541837072916,-2.44979106836439,-3.0010179375982,-0.801439157045902,1.99642643252354,-1.1315806400101,-1.87809330021223,-0.220495368596318,0.263288628185384,1.57242990801318,2.83080743663076,4.57233628694348,-33.498488059791
"perturb_1",17000,1.60031043227874,-2.44315941599153,-3.02436111432806,-0.816235824799698,2.1327195210324,-1.58297876069609,-1.81301593570935,-0.218196545277086,0.0589722798161207,1.54344310686297,2.98308719665363,4.52685239861852,-36.0254020428653
"perturb_1",17020,1.58411305689001,-2.50524327767794,-2.88369256314533,-0.843457198321159,2.02864819094443,-1.60904898542402,-1.70067986447847,-0.370484424544012,0.229523327279716,1.82301391821146,2.49123505141844,4.37684639948783,-37.063237528472
"perturb_1",17040,1.82435605797357,-2.49731614084636,-2.94813662655008,-0.738825455276584,1.73996867407783,-1.50615054173895,-1.77898099773158,-0.212756147755295,0.261005087038257,1.88201443451788,2.23022318996346,4.9496827529198,-32.1123692825491
"perturb_1",17060,1.49627494731691,-2.47343098235641,-2.94611571409275,-0.751564036767844,1.67061895588126,-1.06870929338211,-1.75187373455433,-0.122982710737464,0.342754770546238,1.89704041928256,2.20959776648556,4.92517204574351,-31.7664489424277
"perturb_1",17080,1.91673298069934,-2.58171381824366,-2.9051808876555,-0.816244893369713,1.92193850564117,-0.61631506257147,-1.69990962724534,-0.158904173774732,0.397301622940982,1.66098116213329,2.32078967705289,4.63376057978658,-32.9291732430575
"perturb_1",17100,1.72920024964204,-2.58055789181377,-2.85192663333126,-0.874464186569408,1.98171348202347,-0.97643344668082,-1.75770078895193,-0.121290728381987,0.476539249009913,1.60570828937447,2.25845821236828,4.75752781144568,-33.6347692621127
"perturb_1",17120,1.80663424728952,-2.57546757239996,-2.93325953100411,-0.815091533838625,2.0388261131654,-0.876364385791616,-1.70382646209502,-0.0984768574935908,0.180045203683143,1.76669471779179,2.31873553070944,4.89423437426679,-32.4922839005404
"perturb_1",17140,1.74748883462712,-2.46731195664424,-3.09178362171207,-0.713857414170569,1.74187614403809,-1.27128495162111,-1.69153921992308,-0.0161022712928658,0.0328420481458845,1.96377832633338,2.336314263503,4.60217225722853,-32.8497642464897
"perturb_1",17160,1.90271112842709,-2.38042098083515,-3.14103358419462,-0.776902927213508,1.9227776124702,-1.15057570842519,-1.79994432887826,-0.000954537779677314,0.137387368185794,1.76811551264383,2.54601798118837,4.86573902248643,-36.488484472555
"perturb_1",17180,1.71625543427683,-2.37524473121086,-3.13903376196208,-0.722655401545028,1.70025221914639,-1.3241503499793,-1.76199545634413,-0.146455502473398,0.0189988318166747,2.01567917765926,2.285925490892,4.80352648945649,-36.9873879049821
"perturb_1",17200,2.01476242336039,-2.39700731181235,-3.21565836755894,-0.686889253453896,2.04596641188287,-0.509636449188468,-1.78985515006811,-0.0473262077818943,0.0369795993764242,1.6901077485245,2.67003059232158,4.41038102477155,-39.1651119296908
"perturb_1",17220,1.66685106950508,-2.49023079432546,-3.040969926659,-0.703959317302226,1.83324552586178,-1.82500712097384,-1.91550661377227,-0.0934705447122518,0.109533418032333,1.71816539073297,2.11711376214211,4.96928614882217,-36.1110503453685
"perturb_1",17240,1.6658795022209,-2.5108603650084,-2.9982441900042,-0.746722415494829,1.47530250822902,-2.39274221303079,-1.83215757236318,0.0103091728072248,0.19020018862401,1.82807312949353,2.09974634799259,4.78355918672508,-37.968953791314
"perturb_1",17260,1.09978659089639,-2.47685488860981,-2.97150267430155,-0.777154341492577,1.72651882271987,-2.05027950348774,-1.77089874762202,-0.128868549200954,0.0574384499444296,1.84878596217304,2.23103746088319,4.66630481574507,-36.4384430032301
"perturb_1",17280,1.35298745903835,-2.50320327417412,-2.9430515072741,-0.787915779370823,1.75009921551385,-1.27120493206915,-1.9755924619681,-0.130558795356415,0.403408912594679,1.65180039769892,2.06901179904139,4.72653968685133,-36.7008956181305
"perturb_1",17300,1.0384952266019,-2.43691999216928,-2.97212424755817,-0.828198576195111,1.97001567608398,-0.779461764814228,-1.80849964872251,-0.150577911220939,0.0684688494519876,1.66845972722249,2.31373323664998,4.99733986200845,-38.1793292012797
"perturb_1",17320,1.32080077989016,-2.40273119003564,-3.03342350061687,-0.793085844001905,2.10597669430218,-0.737121888931696,-1.61342281583363,-0.1294803490409,0.365636768171791,1.51738615598408,2.69798212555241,5.21169169708145,-38.4998606119091
"perturb_1",17340,1.33752637204202,-2.54355343133398,-2.96426008520369,-0.776156807781518,1.9561780454928,-0.683672301518049,-1.72030257660153,-0.168886171207219,0.0100904935955989,1.75161018333654,2.23680038709965,5.03529238958428,-37.0289904611592
"perturb_1",17360,1.6689010271892,-2.54471971915974,-2.96157670672593,-0.796319694783353,2.05679477520995,-1.20948295013383,-1.92219206488292,-0.0801867900338214,0.126314799261393,1.78437617164149,2.72762779644885,5.09633175074891,-33.5743386308182
"perturb_1",17380,1.77310347380221,-2.52806933863888,-2.93176042756065,-0.772329242560485,2.02861545382042,-1.2050970982928,-1.88225695217116,-0.159118661133795,0.276206786907959,1.80133900672782,2.57594671537711,4.99607613460885,-31.6569902145466
"perturb_1",17400,1.70156409907529,-2.43761891637053,-2.99067461644939,-0.79095451090475,1.85913715092494,-1.73589091958256,-1.72478058675125,-0.21006962753242,0.175746136435647,1.776070429228,2.60160155421711,4.63768103546252,-32.6131624893911
"perturb_1",17420,1.30452807397606,-2.37180062577075,-3.06014296770672,-0.676145007329645,1.70964986803776,-1.35620218542986,-1.83540544584883,-0.264319894474291,0.143279681544884,2.03036006136605,2.47248311019477,4.8833603787415,-37.9769932863535
"perturb_1",17440,1.5735676881465,-2.44932854771784,-3.05681322136905,-0.725737627715041,1.88242798219717,-1.83085289355801,-1.72720476131119,0.0310147152164332,0.0952356230009486,1.96538591721137,2.40330225275698,4.84137625224112,-33.4135704035456
"perturb_1",17460,1.50363862740429,-2.51732193568038,-2.98965264629444,-0.783423650378891,1.95015236542632,-1.19509482897997,-1.74154215591881,0.0315013095464454,0.0682424055578562,1.76838160149825,2.53361685190209,5.04025155666138,-31.9615901556381
"perturb_1",17480,1.4862778690429,-2.56637426398883,-2.90536726974042,-0.733686796182359,1.77202724937163,-1.30481061882518,-1.79133164290834,-0.0983804836115372,0.342068635541564,1.75199031883984,2.56423869972277,4.88587825682356,-32.5367861308987
"perturb_1",17500,1.34132595860567,-2.48610669798031,-3.03680614699829,-0.72442562459081,2.00052087360823,-1.09506470465921,-1.85671443488678,0.0262481536146456,0.269710150329676,1.66500469961835,2.84370564415582,4.75053443445398,-33.9531122139804
"perturb_1",17520,1.40889250167932,-2.52268056928102,-3.03475715842044,-0.74531134444576,2.08813209524487,-1.09892127557868,-1.8373074076336,0.0438652493411821,0.0616801577947361,1.62457333326668,2.98591878560843,4.75259104024164,-34.2828369894995
"perturb_1",17540,1.4759426661909,-2.51772211663138,-3.04070430261824,-0.776555588735326,2.12016590251247,-1.27447977232593,-1.8249950083199,-0.0922971494600938,-0.0594482530521909,1.6456269722616,2.67733094260269,4.54459025075481,-35.4768443855305
"perturb_1",17560,1.53590476029173,-2.48831513085248,-3.03882552755405,-0.746532982740157,1.9887471205838,-1.91879459345687,-1.78716972878737,-0.0451757295318069,-0.130290618295905,1.79157094044288,2.68253601526356,4.88916835658385,-32.5834922240676
"perturb_1",17580,1.88329640678574,-2.50277493315981,-3.06617999504951,-0.739647132262733,1.85215857907176,-0.881200284014207,-1.70073086713551,-0.0144285365440043,-0.143191955452681,1.85975180094551,2.51018036548378,4.99690269046905,-33.0637660437705
"perturb_1",17600,1.38035954633605,-2.41848266548553,-3.08410604509769,-0.772164778661663,1.80946767194702,-1.52940147716013,-1.67270542965609,0.148625933175907,-0.0781910565385615,1.74087292092428,2.41739752073864,4.79095764927167,-35.8832423491435
"perturb_1",17620,1.4809073651756,-2.49266556543209,-3.0443315512644,-0.694805541065525,1.44791907170937,-1.0013029492891,-1.65512204978093,-0.0455642681747471,-0.0902439308673366,1.91399535534185,2.18136250981679,4.14632036149872,-37.7162850308741
"perturb_1",17640,1.39936861897141,-2.30114244996918,-3.07548643719327,-0.717252784765432,1.60876375168439,-1.87820571790879,-1.75295260922889,-0.189256720615311,0.354227303058048,1.85302127297134,2.01120441729558,4.6888556530593,-38.9091496455232
"perturb_1",17660,1.79940647387155,-2.45463337223656,-2.96225445044009,-0.790154923419547,1.79209028268433,-1.11323980446006,-1.909924722469,-0.162188765740764,0.19793056588439,1.88122164127254,2.10825612947939,4.657136391799,-33.3028908291777
"perturb_1",17680,1.9386096009254,-2.55178653260612,-2.94103586730666,-0.776959312693926,1.88055266319557,-1.25319954707184,-1.68347053057989,-0.135110536229405,0.0556572171764982,1.97215090423298,2.15743077411535,5.01845923675235,-33.5411285199089
"perturb_1",17700,1.71456910993058,-2.52085200732253,-2.98762014625552,-0.733349323068321,1.705812093543,-1.67294754056103,-1.78088752014255,-0.0268750254717669,0.26680396957791,1.86441316165094,2.05086532537977,4.88938649083586,-32.1310879802907
"perturb_1",17720,1.65888723885365,-2.47209906694016,-3.00189410246707,-0.794797818677216,1.98226867690642,-0.670625379983009,-1.87892937609894,-0.0707873131250538,0.296609037583052,1.71326269508546,2.4642431577933,4.74150591431783,-32.0666755249836
"perturb_1",17740,2.22899650570339,-2.58319430840769,-2.93163547939449,-0.860173865673613,2.10197004779598,-1.14467193057627,-1.79575112499041,-0.0873134043239711,0.228579527756183,1.74166363228681,2.52882445114566,4.71882801852722,-35.1667406891067
"perturb_1",17760,1.86609941546406,-2.56986773442684,-2.93919937573706,-0.848776727092166,2.10848692115627,-0.836605113697759,-1.56222944498194,-0.0231583368263028,0.237231693868391,1.62772640170164,2.600741845918,4.66541091897769,-34.6371444274891
"perturb_1",17780,1.68646567922884,-2.47909219536399,-2.99604500004696,-0.774536360321289,1.84139423059206,-0.265509529518191,-1.66231362291832,0.130301325782208,0.134221045458268,1.67327094096513,2.37989798368188,4.95596663585189,-37.5909603045388
"perturb_1",17800,1.8198426971904,-2.50103629881731,-2.97548353810097,-0.781990554096923,1.7966105088241,-0.830870211418093,-1.66948245166948,0.0180868904057415,0.254675809110148,1.65243739925902,2.79180641759916,4.72161603817003,-33.9829157430825
"perturb_1",17820,1.84389213096674,-2.46788402826525,-2.99225297157167,-0.827513054967389,2.00160807360296,-0.830896906478146,-1.59970360337914,0.0389740249755689,0.222048840441273,1.58243151906993,2.8771168314033,4.68534386090443,-34.0451116468354
"perturb_1",17840,1.72133421915481,-2.48012776354902,-3.02390320278113,-0.78104682725417,1.84854973225856,-2.20905036361559,-1.81091564348392,-0.101626002628296,-0.174173385335619,1.92888239194893,2.34231911837069,4.91731100519856,-35.076222631893
"perturb_1",17860,1.96916506889661,-2.53010060902883,-2.93407506898372,-0.78290291665636,1.93063766627748,-2.56259961540376,-1.80029220479823,-0.22750895706199,0.117848210633865,1.59048389460511,2.561398792349,4.43935863723715,-38.9372111558035
"perturb_1",17880,1.91534591347227,-2.57217269169469,-3.05255097740296,-0.713728748666226,1.86843609251849,-1.8580634212657,-1.80054507250487,0.021373261454862,-0.437730012503984,1.88097513047236,2.81143511944326,4.54284962776098,-36.5138455827458
"perturb_1",17900,1.79770092516504,-2.57631673410887,-3.03284492219675,-0.714855299215422,1.75749529082302,-1.57202624649111,-1.70337208268427,-0.0288780332606718,-0.519946324000308,2.03199575871029,2.70774207515138,4.73142280582135,-38.4419585989474
"perturb_1",17920,1.47066434335835,-2.65768067554729,-2.90995440161381,-0.73147064646054,1.742645688032,-1.63963047139393,-1.6980299520016,-0.0296454911157507,-0.090570619497921,2.01305174183188,2.75276278360373,4.34743658396993,-38.9987690399267
"perturb_1",17940,1.56309646690274,-2.50384033005186,-3.04407801321769,-0.679109041623536,1.86080617553714,-1.49124102884439,-1.71258949474284,0.0362065954762332,0.228307129686666,1.75062745205339,2.78374139455071,4.41413274193855,-34.0900286735698
"perturb_1",17960,1.62278838735004,-2.63092838218199,-2.89223852109136,-0.746320778393791,1.81638240877817,-2.01272950349973,-1.66145565249232,-0.0831497227279729,0.280025359367093,1.70897702069594,2.64290918556354,4.4390061522375,-34.4349846628932
"perturb_1",17980,1.96895185051698,-2.56467912438251,-2.9956033188308,-0.728959036168199,1.90728100200417,-1.4266523811912,-1.6767238397828,-0.0348091929493984,0.156781483164596,1.60359317883682,2.56885902645091,4.92065934978346,-32.5768120476839
"perturb_1",18000,1.87784354214091,-2.53409710545435,-3.05313123043198,-0.727577807806502,1.81468279534146,-1.53539047486146,-1.77813683270523,0.0481638061100308,-0.0881724287566234,1.83209313150852,2.37715532058033,4.92960027589809,-32.4027124519827
"perturb_1",18020,1.93677541335815,-2.54060802262859,-3.00991180937543,-0.810020470469463,2.00592897311382,-0.919009263339209,-1.78028741290525,0.0906920437266038,0.0953406228101575,1.77710467261135,2.61586211035384,4.7504783231647,-32.9555551989136
"perturb_1",18040,1.73238009581832,-2.57749027119733,-2.98363390842731,-0.77369763956476,2.12732532729449,-1.07285041855743,-1.82254366064877,0.0484067129465114,0.262806667579927,1.63316455499929,2.64403344658445,4.94415142107194,-33.6369051546249
"perturb_1",18060,1.90956078402034,-2.61165764121045,-2.96780295959065,-0.701077078705291,2.01830424865863,-1.59858813301743,-1.64541272973058,-0.0483790417812963,0.360386519427613,1.63415346983122,2.56493391392621,4.73625807916243,-36.085850151233
"perturb_1",18080,1.83727671548013,-2.51577177060748,-3.01340447001043,-0.788562096103596,2.16581482663276,-1.5756402064169,-1.61035014251714,-0.052049022630486,0.0948717979847544,1.41556488968137,3.11948896916019,4.03437434568884,-37.5163147430137
"perturb_1",18100,1.81916627488924,-2.54919204551113,-2.94072772825484,-0.784595095422786,2.15399051282732,-1.4469568530838,-1.78965612105831,-0.0449015018036869,0.267422236398723,1.36034004014195,2.88970392309208,4.39946653348959,-37.4444166045257
"perturb_1",18120,2.00856242102378,-2.56877299100053,-2.89433975114325,-0.845483197973474,2.03831487350918,-1.77863355530733,-1.74609839367254,-0.133089015913801,0.0429252967446086,1.60548160052447,2.62498310136319,4.19082022895409,-38.8302215261202
"perturb_1",18140,1.6969810662748,-2.49990634025848,-2.94806453294275,-0.753475856973357,1.74934062608342,-1.93557756147713,-1.72637277256661,-0.196263634233053,0.0413216429749751,1.86892093620944,2.57497204777744,4.06956528450981,-35.5519182987209
"perturb_1",18160,1.58010197744025,-2.49203675064373,-2.99645678270504,-0.756524014255882,1.94156199150908,-1.9566376852039,-1.64716108838891,-0.196038279864607,0.2135903650217,1.7326483272194,2.50660523855916,4.55875950854008,-33.2311597248884
"perturb_1",18180,1.7332971516269,-2.60634664293846,-2.92949534896041,-0.808236837545374,2.06346244629825,-0.0966116886959678,-1.72466422173439,-0.0359436926061609,0.0994423436698231,1.73422698712999,2.65821384061558,4.7278231089373,-34.4269517764013
"perturb_1",18200,1.37937080357025,-2.44788672425886,-2.94515826489736,-0.833723108632253,1.99452787920456,-0.625656432854375,-1.69004987234928,0.0323052916192384,0.0998044137017737,1.92537310862558,2.50430065156111,4.838161358239,-37.0661121553234
"perturb_1",18220,1.61130918588615,-2.43146938293038,-2.98712628078028,-0.806638946238961,1.90409410589093,-1.34823070316651,-1.72203876375124,0.0452354765040064,0.242800797690488,1.83721743763741,2.63139072320379,4.83954599378335,-32.7927266248611
"perturb_1",18240,2.01922523011393,-2.70476862233538,-2.9027929065285,-0.718941822660805,1.73524051409448,-1.04367892390097,-1.81172712049869,-0.132261340863107,0.249831437225884,1.82062514674022,2.40167994616673,4.8990826739434,-34.9708383807539
"perturb_1",18260,1.65576432544918,-2.5348479281627,-2.98734955765457,-0.727663154602784,1.69737559479036,-0.273335693257477,-1.76866461675871,0.116589669128579,0.248518733222117,1.83625331587822,2.43202604158924,4.7605059695478,-35.4398967833344
"perturb_1",18280,1.5907150250395,-2.48442649765356,-2.93746281796615,-0.757715899865462,1.84172653887271,-1.24264568956396,-1.82373679625743,-0.0488579483450861,0.39659127870914,1.69681651081466,2.59503002837724,4.61785253758968,-32.3108040633632
"perturb_1",18300,1.70328000239309,-2.5393169484444,-3.02738682826882,-0.733046745471405,1.8615612998353,-1.77009339479014,-1.74376928595183,-0.016413081045069,0.262235552314934,1.67556749363804,2.4112615062683,4.61679123627749,-33.8299694110688
"perturb_1",18320,1.87789034137742,-2.64097965278246,-2.90459566951764,-0.768313147023479,1.99016475604366,-2.36778954591236,-1.62439820274859,-0.126000731137797,0.342567503564683,1.41602900574999,2.68121274419903,4.63305897357736,-37.1148603093925
"perturb_1",18340,1.53816593318187,-2.48079071653382,-2.91885309623179,-0.796236452990419,1.85435651537505,-2.50784323357097,-1.60608094334884,-0.239533348475152,0.440932267987837,1.71780300654499,2.682639768729,4.34641017039711,-36.6029294581629
"perturb_1",18360,1.51893025286323,-2.56509266580473,-2.86156198562308,-0.804469487347525,1.77073397373937,-1.89945082592021,-1.7134164452987,-0.25256907074415,0.268814085555544,1.72051169360927,2.54059105838216,4.43465750118348,-34.2360291681726
"perturb_1",18380,1.57322672286401,-2.5555637390007,-2.94413358787427,-0.686687539609272,1.68171311209735,-1.30399886377398,-1.75236660208559,-0.174713456951665,0.145073285319212,1.86452102389772,2.61945408939485,4.31839366203771,-34.5167682872292
"perturb_1",18400,1.85642850611271,-2.59200167025252,-2.96294141550855,-0.765443130878363,1.9946894892985,-1.07998349591721,-1.67760178626711,-0.0638725534436735,0.130992762582196,1.70192641418692,2.74164723098217,4.65969193245591,-30.9597261943405
"perturb_1",18420,1.54539133089374,-2.43082578517332,-3.06133899420929,-0.732193502411054,1.97799752978492,-0.987258442262679,-1.68764861304973,-0.12077087440014,0.177869033147156,1.75653145141728,2.87418885931751,4.72378892756523,-33.156682015997
"perturb_1",18440,1.66901131415381,-2.5316866825895,-3.0072398717932,-0.71022980267201,1.66342306454235,-0.584099320871345,-1.89546925754942,-0.113220794282344,0.211360039171251,2.08162402326004,1.98558882317398,4.83922913061303,-35.9456086926977
"perturb_1",18460,1.83994765698558,-2.51406298156986,-3.10096030930072,-0.667590308139449,1.79478335322763,-0.27298866250758,-1.83338162205432,0.101171463709592,0.25780088848653,1.71259344526652,2.11878841577589,4.46161250499882,-41.831841639032
"perturb_1",18480,1.93506095727603,-2.6019815444444,-2.88704710992797,-0.74112485588236,1.55809641011754,-2.48958860728399,-1.91112570160013,-0.224037502817535,0.244997818267719,2.06586498035881,1.33486122575283,5.21460784174435,-44.3813219069717
"perturb_1",18500,1.73394605381613,-2.45660111769222,-3.04525819226414,-0.706936749440683,1.92775113879687,-2.31886965981453,-1.9249014471145,-0.302685786785562,0.119427600584395,1.95569058600392,2.15977329100233,4.94691400453493,-40.0306507666302
"perturb_1",18520,1.95132252936447,-2.58588285637182,-2.92617234725098,-0.764354825415433,1.7646543866184,-1.12371618955023,-1.78236816159348,-0.24031955384522,0.339193539056827,1.89607023601759,2.39241210019228,4.56047164423128,-32.8443687538396
"perturb_1",18540,1.6708366962021,-2.47039112586835,-3.04823580771606,-0.786197281813278,2.03306569780741,-1.06984852432357,-1.67904520369041,-0.00778832130944843,0.0744905665742057,1.67706352078625,2.4691836628777,4.6733395511886,-32.4430463388244
"perturb_1",18560,1.53831304814786,-2.49619092024408,-3.06215147786328,-0.732931625463099,1.84847807484708,-1.07147783203706,-1.87171217304687,-0.0362467333879476,-0.123545599723717,1.94946640260349,2.45926692167819,4.69944108658638,-33.107477243766
"perturb_1",18580,1.62280781139923,-2.63944805415183,-2.91742745033054,-0.769417368341018,1.90270751693269,-0.786933769096676,-1.87326064300037,-0.0919072920087079,-0.111247878641907,1.94700416482805,1.93448525449552,5.05938894441635,-38.4681620209259
"perturb_1",18600,1.79460862152409,-2.60105834745959,-2.92716937626196,-0.796695992786228,1.82272606427205,-1.21674785589048,-1.82335451769399,-0.141834651311053,-0.250422289792046,2.08673130150378,1.93764498302654,4.81760837371467,-37.1104799851808
"perturb_1",18620,1.99390708796381,-2.63929829828904,-2.93543428085367,-0.750271000077155,1.79751825571715,-0.95522753506356,-1.70463012023282,-0.0275614755719071,-0.0728309153513711,1.98114306351236,2.33547766435135,4.71527373649294,-33.709915119648
"perturb_1",18640,1.54831021443496,-2.57283554504553,-2.967451379702,-0.771656665249441,2.09224921471756,-1.14924908194293,-1.8132000269777,-0.0789265353296198,-0.0724553797090807,1.76517681101562,2.78351367527258,4.66294204897571,-32.6581606200617
"perturb_1",18660,1.96949279374249,-2.53301484317174,-2.94373807327524,-0.850909291387702,1.88697222940524,-1.32853285746128,-1.6696822321215,-0.018350499814058,0.0521244062779899,1.85912055076098,2.3800632218585,4.59850650328846,-32.9615498204425
"perturb_1",18680,1.48684076702864,-2.54065431654501,-2.90165011242191,-0.850194015577698,1.6459600973643,-0.581344862677427,-1.91278004342571,0.12476330042435,0.297177831210209,1.68330688132435,2.21017144039606,4.63681410383046,-38.0410175841071
"perturb_1",18700,1.61369286454471,-2.61101994299163,-2.9901786853689,-0.80693792871967,1.95482177881821,-0.814578886112411,-1.94569701577891,0.231209056006626,-0.236576461761594,1.78315773749138,2.92321880576895,4.21330220714549,-41.1275112773469
"perturb_1",18720,1.22485373334651,-2.43327290570527,-3.00288992183969,-0.813224353959595,1.92176136349703,-1.32092358461398,-2.02057058646456,0.131241974653846,0.275044097927846,1.8613908670902,2.64098984427961,4.30929727941923,-40.4619051033508
"perturb_1",18740,1.47813593212814,-2.5104677700973,-2.91194634503375,-0.828974454624718,1.95258663712509,-1.92237421642409,-1.91021006414307,-0.021560741724464,0.0987772035686297,2.04157593775974,2.44754566187994,5.14168813988752,-37.6353431013107
"perturb_1",18760,1.57753656992887,-2.47555947916589,-2.958265260471,-0.792811008838705,1.57302832765567,-1.08981485347136,-2.07286528344361,-0.0996715681874327,0.262968458258908,2.08724382662561,2.22726984144723,4.65750072708755,-40.8268305560332
"perturb_1",18780,1.76733097356049,-2.51228179323526,-2.92764741544392,-0.823906209939192,1.79215186503459,-2.21557466390009,-2.04919109915328,-0.0775191673295482,0.118229452249574,2.01860715086689,2.48262429771329,4.41440430386676,-38.5207572168743
"perturb_1",18800,1.55576400709678,-2.52054533097659,-2.88850765643258,-0.877606928038907,2.00330463304686,-2.75003438902434,-2.00635604700228,-0.0109572211595592,0.206814577206118,1.6597332935001,2.60166764384982,5.11978671578658,-40.5604242001566
"perturb_1",18820,1.52544654714154,-2.51142359262696,-3.00907499859315,-0.788812193926523,1.99209568284538,-1.4406819663984,-2.02473464053667,-0.0430247193484487,-0.0340488760512853,1.77916475918385,2.48334198412685,4.99711312298803,-35.9375459640933
"perturb_1",18840,1.22026781299892,-2.55412028490955,-2.94069089877684,-0.80157851745467,2.07228276820553,-1.53579590260784,-1.71234972578161,-0.0701104085151039,0.122892279447797,1.7102811614482,2.38718921612346,4.93594340084313,-35.5098900036776
"perturb_1",18860,1.15826570159713,-2.50925292428505,-3.00429306326654,-0.725088190643131,1.70023947852973,-1.11889573861849,-1.63239371667182,-0.0136888316074217,-0.171965893966689,2.06213558604967,2.17670200879438,4.90491277964118,-37.3706291803271
"perturb_1",18880,1.155418420383,-2.52280134190316,-3.00447727806599,-0.751196634373831,1.9521464499126,-1.44825362890079,-1.79458508233767,-0.146416441981722,-0.183676880232675,1.8883084233823,2.381186550382,4.77465418321861,-36.895289966686
"perturb_1",18900,1.35764926763231,-2.53124013572609,-2.89572300002458,-0.821786077452522,1.83451929116685,-1.29652588122838,-1.8851334913862,-0.200503490625461,0.195576962480268,1.83481938352051,2.19561732492551,4.8869585757091,-34.166366339341
"perturb_1",18920,1.49401832920635,-2.49126940700458,-2.90528091711463,-0.846508790212644,1.75438368393296,-2.03902159457361,-1.83572447954998,-0.084709284412688,0.403048426542898,1.89482851167762,2.16145031127038,4.5695219314167,-34.7682368152598
"perturb_1",18940,1.2108945018781,-2.36890055162235,-3.00514462235464,-0.725953202050274,1.74383562743103,-1.15528892475558,-1.85536626808925,-0.27257396170361,0.518221986566201,1.8086442941902,2.1124126863002,4.81795449423766,-37.3299279028047
"perturb_1",18960,1.3193691227941,-2.5412368439911,-2.88021279349348,-0.862219990088579,2.13009972922443,-2.24623458413418,-1.818297137621,-0.206550314713158,0.356200831661135,1.73854443070241,2.16638224195986,5.03992367173321,-40.291235844769
"perturb_1",18980,1.76071536766588,-2.67826185078292,-2.77553983322859,-0.876092337411115,1.85863932069842,-1.22369478635587,-1.73706593023158,-0.207297647537849,0.186520163912574,2.00547794786393,2.20189086038771,4.56169188754664,-37.5588039954422
"perturb_1",19000,2.08214164879194,-2.63242255516598,-2.87370308008653,-0.88577385594641,1.96302443998705,-2.12649381618511,-1.83915222165008,0.0406831476210415,0.343791238424545,1.60544411512124,2.25094502554669,4.47506622396234,-38.929187207913
"perturb_1",19020,2.03953458420076,-2.62197163616207,-2.94284035338813,-0.803868882153643,2.00667409552551,-0.7516614786522,-1.87308139760839,0.0694603943734756,-0.144627214179301,1.69429198518469,2.58115142504072,4.88258887730472,-35.370942133482
"perturb_1",19040,1.58261628858239,-2.47028056523104,-2.99632554236534,-0.806978823480847,1.99380572015971,-0.465730049129444,-1.82887652252299,-0.0202857180469142,-0.107630337978245,1.70273896668656,2.58911117706136,5.05048771911952,-34.2541807218031
"perturb_1",19060,1.78410495313554,-2.53701087223436,-2.92400067387582,-0.866402723154477,2.09229628812231,-0.696335891490552,-1.80673749268444,0.0560066030607335,0.0252953311846103,1.77861670729766,2.71144470810162,5.14129831769875,-34.876629633703
"perturb_1",19080,1.78121406447577,-2.53482877407754,-2.86754641377807,-0.786359711001348,1.69552589026451,-1.08568634782188,-1.73206418516423,-0.151257244579972,0.411593260542975,1.88613194820125,2.44752400347026,4.65858432604291,-32.9641853722046
"perturb_1",19100,1.99086362580443,-2.61159512550967,-2.84971531087702,-0.846225076216003,1.97019476015506,-1.43778285925039,-1.57092329516408,-0.244283179825297,0.513154197297291,1.50764405303144,2.82359118889739,4.68670296515897,-35.1012559213409
"perturb_1",19120,1.8266313915809,-2.58094188627929,-2.84108545181123,-0.86009958715759,2.0315433817534,-1.03146436044115,-1.4874303462559,-0.293832065153371,0.471164802903991,1.44915868512549,2.95531669807119,4.56709049480944,-38.075856640142
"perturb_1",19140,2.04602934569009,-2.63527489962012,-2.87203627462796,-0.838453592726167,1.8044608692157,-0.949111037352076,-1.6997948116994,-0.336281030259418,0.629995302722218,1.22464705471624,2.59734706065898,4.94051104428845,-43.8290258183667
"perturb_1",19160,1.59025949432539,-2.61174792567573,-2.83827617146255,-0.815002165275524,1.86518096786938,-1.1794968291367,-1.48443548793612,-0.420001293578341,0.449688194792001,1.47496417066594,2.41061412393268,4.81077927482904,-42.9575154473533
"perturb_1",19180,1.91755451137104,-2.51146715416484,-3.01214469848337,-0.687604322304345,1.8317591392429,-1.77159400864211,-1.63758304191102,-0.281667860343083,0.364455686844061,1.59362038912556,2.71196480089038,4.73561209287497,-36.1438647869645
"perturb_1",19200,1.67935837481954,-2.48506829161771,-2.95166237956527,-0.814556108812663,1.9897596605848,-1.71715978579201,-1.65830524835921,-0.121977803744375,0.359604674329201,1.6817567932668,2.86889374466973,4.8600624508736,-33.0805163003073
"perturb_1",19220,1.97783455469403,-2.5107686483877,-2.9908238790893,-0.755859326289007,1.93916130232542,-1.93025162225278,-1.73726719406124,-0.128597775716301,0.27925924547113,1.76053380732067,2.66050286410339,4.77134538344782,-31.4328370620661
"perturb_1",19240,1.83410995364239,-2.64164082454069,-2.87383247633217,-0.824692685625672,2.11993347367545,-1.84975544074777,-1.79555099495213,-0.132227301687333,0.221073858227644,1.77862024485401,2.98794349263445,4.45643788781554,-35.4168906674458
"perturb_1",19260,1.49266267946098,-2.50206933890597,-2.92448928524092,-0.806988426242152,1.95162644187615,-1.61670866633584,-1.97615345297051,-0.149188886868157,0.138263857965516,1.64825189447224,2.81934902035832,4.6280190147328,-33.548124578891
"perturb_1",19280,1.50221159162033,-2.44883711213088,-3.01056888663356,-0.795547378984406,1.81545209126215,-1.00996140754225,-1.79644099323021,-0.0619105104146963,0.0586417735229472,1.7610221533277,2.51314758917952,4.95653291637669,-33.5754304177884
"perturb_1",19300,1.49219767669814,-2.50946090091606,-3.00768331676038,-0.754691611087959,1.91685567446811,-0.722548111053127,-1.85642149492298,0.0392423607678515,0.117414985681667,1.78665834238015,2.61478269565011,5.00495790052245,-32.7616641509488
"perturb_1",19320,2.07477534324658,-2.6024983507112,-2.93105269153231,-0.760762533460562,1.876034568258,-0.967376163793597,-1.79332268628689,-0.0954208586352843,0.389495164821115,1.82973355709108,2.28323915535041,4.62471890286357,-33.3239973945448
"perturb_1",19340,1.90294640978199,-2.52347800107701,-3.00163787150719,-0.75688890358814,2.12354807322939,-0.860984047765107,-1.83874036644792,-0.0967016554381758,0.243771791505337,1.81618813879597,2.66233157366974,4.83137845394522,-32.9695522746503
"perturb_1",19360,1.8317816637231,-2.44918731021544,-3.03282935396405,-0.725313897943326,1.81618160922717,-0.599941750932912,-1.94741850929159,-0.1210084031955,0.443701317660086,1.91479083081315,2.58488110243812,4.6590975697582,-36.67071260116
"perturb_1",19380,2.16808594720589,-2.53043286836127,-2.99007705779355,-0.665528912532274,1.65763977099132,-1.1294653344393,-1.91116334721521,-0.21766470014399,0.305242004784171,1.83509022359929,2.69266556570393,4.57935621094006,-38.950763616763
"perturb_1",19400,1.8941461692863,-2.55105539507711,-2.87293914531912,-0.871424355828395,1.8174899552801,-1.45963522458543,-1.88597145067098,-0.153770256844106,-0.0463091346444963,1.84221363098282,2.72058084230798,4.46979065650218,-37.2777466483883
"perturb_1",19420,1.69622981121617,-2.52025800978099,-2.89268327334615,-0.804463144862748,1.52746112549988,-0.115970048785619,-1.8871607732888,0.00714584668665891,0.0997664156359855,2.00331513370935,2.20665835368687,4.3361798567811,-40.035315711132
"perturb_1",19440,1.88266535595973,-2.4794388639802,-2.99122891405905,-0.744374607501564,1.48276317702779,-0.189348206673829,-1.950345393583,-0.0125088456558637,-0.03562171473469,1.97636787104823,2.17657654571033,4.58962508833853,-39.4390780882311
"perturb_1",19460,1.90956661868189,-2.42373957549205,-3.05758854438508,-0.76908393014625,1.65545729260112,-1.41281217620783,-1.75479790490913,-0.0407342158081623,0.276477542645031,1.72284760747446,2.09795176268051,4.50976352522474,-35.6500462419532
"perturb_1",19480,1.55669210351618,-2.46148834734042,-3.05812184035397,-0.792898127459328,1.94035747845613,-1.74442113385187,-1.8641280912197,0.0218706890782454,-0.00905986544753651,1.74260981113336,2.28155029828952,4.83735629044428,-34.4784478989586
"perturb_1",19500,1.32525079473859,-2.4538412861209,-2.96801838457031,-0.847033271313655,1.93108122301857,-1.00652616455511,-1.903130139305,-0.0962139996816085,0.114999703066971,1.52470429928309,2.62431170811962,4.77311445714341,-35.6546178684663
"perturb_1",19520,1.22586986526071,-2.52197851172254,-2.85554011253988,-0.89904269769951,2.11950530143656,-1.81380878345617,-1.95747652228832,-0.210548871479172,0.436006281263472,1.38088956546664,2.67037694473294,4.86903509553059,-37.7997241563839
"perturb_1",19540,1.17567075834224,-2.4006868844337,-3.02404008079133,-0.783730109285266,2.05185917194289,-0.914373086976704,-1.9075290316737,-0.125569502118539,0.332579658182128,1.65459100544227,2.5491133657551,4.68825704725901,-35.1875904733176
"perturb_1",19560,1.49104817018229,-2.39873713564777,-3.00913115423789,-0.7215594513554,1.84901632138517,-1.15128298072202,-1.69274222409402,-0.331167835273736,0.360606891818604,1.81306648597657,2.42612232222338,4.86437075440593,-34.5469749193376
"perturb_1",19580,1.57323037734792,-2.54549714289374,-2.98111930880417,-0.701565050581351,1.88642943528987,-1.07090086339357,-1.6894598918579,-0.201439831890621,-0.0353069254811708,1.96921199013058,2.75214165525083,4.99544376937641,-36.0701997273995
"perturb_1",19600,1.6845056925924,-2.5440109559276,-2.90673455590549,-0.807089119676776,1.99766765220117,-1.15571155876228,-1.75093320389363,-0.235745323482883,0.413730273376515,1.57631023033892,2.59585431713134,4.76973107234096,-30.7727430494101
"perturb_1",19620,1.42005988138513,-2.46120737927816,-2.92826972213161,-0.828077838454282,1.73206575917117,-0.865435660694237,-1.75509519736021,-0.079858380022389,0.32141063448559,1.85346087015682,2.01598474770694,4.846577002368,-33.1354792622774
"perturb_1",19640,1.47538063538308,-2.50644467162725,-2.93088517247042,-0.776824444995264,1.499288891938,-1.35586369394115,-1.82017314569562,-0.0679162565614575,0.218042747589361,1.98065783938828,1.72876198546069,4.9938883640113,-34.2480097855902
"perturb_1",19660,1.84002079916387,-2.55213153860562,-2.92759882280264,-0.817420549586395,1.79708313568227,-0.881716516660982,-1.76872454064615,-0.111267334172861,0.21080743014677,1.67985060689471,2.34250457168868,4.80889628595971,-32.1227135014497
"perturb_1",19680,1.7668702547073,-2.46974002054285,-2.96820377015533,-0.745344993384422,1.79821284717663,-1.23134074790448,-1.8692105598758,-0.143196207705171,0.183313193389249,1.72661017289063,2.92627794690673,4.42959843262327,-34.9504692543797
"perturb_1",19700,1.74031116142049,-2.47989979739452,-2.9634232235793,-0.730498244236852,1.79063501192565,-1.18040659094492,-2.05538864877574,-0.206934424031296,0.368484268495181,1.76245267054918,2.59547878425675,4.35107979184499,-35.5958109099225
"perturb_1",19720,1.71425539692467,-2.47986673569561,-2.99894619788946,-0.767864862362033,1.95523779159178,-1.90609934178448,-1.92097632797196,-0.00823223116965942,0.0361257069532064,1.94444036056736,2.68466761966537,4.61039690257113,-34.0674408333072
"perturb_1",19740,1.83318802059075,-2.54975256470373,-2.91424588923416,-0.823266903693962,1.93377493556134,-2.09746560997607,-1.89942975260169,-0.0473244388053439,0.283852309856678,1.81518382313748,2.59098099677135,4.95856139308328,-33.2467728398418
"perturb_1",19760,1.74031483126534,-2.4599060239454,-3.00623550970994,-0.776375820136183,1.87763192900469,-1.45309557741231,-1.8619278683666,0.0410427779091209,0.111429344874565,1.82522766524571,2.40272344629948,4.92905375833402,-32.079598894951
"perturb_1",19780,1.67490027807315,-2.38960539863792,-2.98665437091403,-0.736754714850651,1.77736228289796,-1.42114999979769,-1.89672295770385,-0.231333211496634,0.38531086708531,1.97134752253159,2.1436357759959,4.92297814105443,-36.0321276662608
"perturb_1",19800,1.38110631910832,-2.41888627799041,-2.94497999036746,-0.781499789246505,1.88207089104674,-0.637802268775834,-1.93681683358767,-0.160907157916164,0.503807614732393,1.66435356681847,2.52428359817744,4.9474254477767,-34.8574715876644
"perturb_1",19820,1.66988264637658,-2.42195306963263,-3.09589703021167,-0.670470336228722,1.84956920918167,-0.564872131710521,-2.00684348108591,-0.033003378957451,0.105395052385244,1.73729942472937,2.83417885999776,4.85351457921228,-37.8822751258875
"perturb_1",19840,1.61068949206779,-2.51285721681832,-3.05273582537639,-0.678539241753332,1.78776678860188,-1.42537856406673,-1.73497899850466,-0.102983830223273,-0.0114413757551655,1.84554017965971,2.6021531012407,4.6422672762665,-32.635151645774
"perturb_1",19860,1.94530645856715,-2.57087644489946,-3.0218323295135,-0.727752554931342,1.7437800767456,-1.25888879228248,-1.84217745062312,0.0779879531962085,0.135110209129609,1.68767255570489,2.26473880704424,4.63582923990942,-34.2359932407116
"perturb_1",19880,1.88842108625449,-2.6464028135803,-2.92234763112628,-0.801349979520325,2.06436097021822,-1.55345635213436,-1.78367775534029,0.0657528353595462,0.22518412318963,1.48572822374762,2.81148595118494,4.62666182512307,-33.5036709023092
"perturb_1",19900,1.60793416917946,-2.63324632481416,-2.86685366252028,-0.83782233431161,1.78811323168655,-2.40580295596448,-1.88960428277012,-0.0172174499721562,0.156618541267241,1.8293086931418,2.32127110848539,4.4278132372878,-37.00086071907
"perturb_1",19920,1.78228394286353,-2.65970362051134,-2.85148636667925,-0.838229274707238,1.81110232824102,-1.21532987613908,-1.73657140047376,-0.14036983265364,0.159870421185743,1.8199926454619,2.3079213446029,4.79543174755649,-33.871874284787
"perturb_1",19940,1.88511470427309,-2.59172103220432,-2.93546247408554,-0.795823742950715,2.03863709288109,-0.555502623420485,-1.63352215106341,-0.0798281676272231,0.421637284750079,1.36134872169698,2.8430801203945,4.74012012401584,-33.96539125787
"perturb_1",19960,1.70168905629208,-2.54309748538017,-2.93695700848092,-0.786879639493643,1.91320156356487,-0.404375221503073,-1.66754565202312,-0.109594107400146,0.528133124892788,1.51391534881486,2.7796535707749,4.50504543215417,-34.2267756540872
"perturb_1",19980,1.55298553512136,-2.42729664655657,-3.0315233236329,-0.704895964916475,1.99078087179155,-0.553230785874801,-1.6671241892332,-0.175641714883432,0.524529743649183,1.63955779315357,2.68273042405456,4.83132319117486,-35.1508501165121
"perturb_1",20000,1.62725611253112,-2.40152437889226,-3.07875137337667,-0.711698731057525,1.9055221845134,-0.457903267803725,-1.71166137146728,-0.119468752407787,0.350829477175015,1.66441496667081,2.57912808820662,4.41975709703346,-34.6020046727675
"perturb_1",20020,1.86565390295413,-2.57584923995578,-2.875724729438,-0.823972655511093,2.016682935348,-0.181515677996547,-1.76923325841883,-0.131214512121828,0.395180926615164,1.54322308733912,2.72781768618401,4.55604465597661,-34.8931491285514
"perturb_1",20040,1.3296191227819,-2.41678691751607,-3.02566992987458,-0.733312668294275,1.93947141288791,-1.53590236786491,-1.68884458473396,-0.068107730969304,0.255627561966298,1.6390641357556,2.48524948310006,4.8095963616935,-33.8049012314065
"perturb_1",20060,1.54533431385992,-2.48156039731471,-3.00101847794275,-0.713063090687751,1.86192013203217,-1.42366821534785,-1.6467551567027,-0.262541426394575,0.105706907760716,1.94281055087888,2.28137794440935,4.78374075703152,-34.3446482996362
"perturb_1",20080,1.55809853688318,-2.57507612143626,-2.87935395727496,-0.79686359777791,1.81177817427445,-1.0854079742055,-1.76443245982666,-0.349428725373509,0.492304849880601,1.50000046672622,2.73731705167556,3.91999703109212,-38.7449550902499
"perturb_1",20100,1.41232356009987,-2.52470759690381,-2.92420490701318,-0.764547784316256,1.71359358444984,-1.51191022943492,-1.78344781256417,-0.178174742502137,0.229968757914427,1.66086155415743,2.67106505056853,4.3293353518848,-34.6113258462285
"perturb_1",20120,1.45520962622764,-2.45621881443757,-3.03598751230786,-0.758760934297517,1.85070812538204,-0.801093575894302,-1.64411514153998,-0.00170551897894253,0.0212666760172384,1.69428133474744,2.50764873334412,4.44118573811529,-33.7189983968103
"perturb_1",20140,1.49043098955113,-2.4630611439579,-3.00905772349127,-0.76093206034233,1.94024813819851,-1.99640282714138,-1.74726270252527,-0.0077333728331954,0.056278489837883,1.8191575428118,2.45902074277961,4.80868932893502,-32.5968608224494
"perturb_1",20160,1.45782374902114,-2.45411550356999,-2.93298253290876,-0.822140247536511,1.8386673540771,-1.3036452897941,-1.72524051667599,-0.078606748089106,0.0753523108031597,1.70726473406428,2.50928327853119,4.98385098749979,-34.3093318527366
"perturb_1",20180,1.57376752490003,-2.4380710592654,-3.04181285617064,-0.808157056348353,1.94159009586309,-0.877120671400835,-1.86151227313492,0.0688095423895297,-0.0316304427579382,1.71889155986862,2.33415458351915,5.14577379779264,-35.2696269839538
"perturb_1",20200,1.60537011180885,-2.44803510769499,-3.04447889486128,-0.809407289560793,1.8667905047462,-0.861647162849505,-1.88032489585245,0.0390370131076635,0.199043708912713,1.80790665450801,2.18730987235139,4.60947292076318,-35.8874825589444
"perturb_1",20220,1.63305366262463,-2.46704104661563,-2.98377784340332,-0.843953409907734,1.74524785884668,-1.4504142708351,-1.95306341666372,0.035211129967087,0.096944207841994,1.86582154978508,2.33721097281125,4.42059403517486,-36.0221666334613
"perturb_1",20240,1.9044387802832,-2.63669532654731,-2.92444561599319,-0.786592073779364,1.69384581703419,-1.66073845186777,-1.70995446169576,0.0176401435227152,-0.258973570476274,2.00443440864946,2.03073308968556,4.6043411995807,-36.0970846128754
"perturb_1",20260,1.87594433827978,-2.6497343417675,-2.92103000431447,-0.806215858950253,1.84616912193349,-1.51481195234103,-1.67485685152403,0.076941540339413,-0.253022474700552,1.92470256995593,2.26291046735975,4.42097961496556,-36.812553020508
"perturb_1",20280,2.05682113834969,-2.69667443462957,-2.86630126645297,-0.789483097729195,1.91750179941659,-1.25197641763914,-1.67574541699055,-0.163286869796619,-0.0561931222007671,1.73529121689128,2.59785114796188,4.67079925455137,-35.9776460647045
"perturb_1",20300,1.77694194294968,-2.58897723543514,-2.98963534696934,-0.759300782505098,1.59035053091276,-1.76679429027887,-1.68688962386049,0.109353056307877,-0.0760362281198776,1.99858564162795,2.22244478403338,4.55229411642276,-35.9791237073926
"perturb_1",20320,1.73378259463777,-2.57473303665015,-2.95290506182881,-0.75589278863726,1.63261356438805,-0.537166888512874,-1.79876510164513,-0.0201190000998436,-0.110691286295385,2.02594396342025,2.47327367938333,4.8583039785974,-35.3745964208673
"perturb_1",20340,1.89559800065099,-2.5990444598255,-3.05839112127703,-0.681921067983173,1.87531928884809,-1.12901149693966,-1.62468471905469,0.0281607362342804,-0.269700992771583,1.94472430125046,2.47320608929787,4.66851082295342,-36.3479824209511
"perturb_1",20360,1.58085701844585,-2.43782915804659,-3.17851736003759,-0.652749299705327,2.01423968484591,-1.13107633318255,-1.81223538036689,-0.0718963421422661,-0.0378632824821347,1.69922295649606,2.74352302251798,4.29544898826171,-36.7881453319183
"perturb_1",20380,1.48509174829849,-2.41352530996325,-3.06339400334401,-0.685527125722525,1.60607209934049,-1.02498002498716,-1.87692609073901,-0.205288978545004,0.275615570957967,1.75139803103449,2.15320837590828,4.34109561455729,-37.2950027795314
"perturb_1",20400,1.91144160325379,-2.61389861050263,-2.88597144221676,-0.849844511992035,2.01213423832954,-1.61386058794338,-1.78294504963996,-0.0575694566699122,0.299445185346222,1.52229768339295,2.72725019052124,4.74376015261351,-31.3532959955201
"perturb_1",20420,1.63815214009927,-2.52032941645446,-2.9285513257033,-0.855669943063298,2.09930598718809,-1.57934907980892,-1.80583512577193,-0.101537815243305,0.252744485344052,1.68379564242853,2.6339794188407,4.55967354832094,-31.6296696637787
"perturb_1",20440,1.74318012919386,-2.55053266315799,-2.95474862061148,-0.821157866980322,2.00058957882016,-1.03260666553409,-1.75211091063775,-0.044113673656268,-0.0435816093477271,1.67762134972839,2.59170523403575,4.59072128775713,-31.4194213253635
"perturb_1",20460,2.15842694311311,-2.65849864077842,-2.83955204404307,-0.824714865614498,1.78039336132632,-1.52409113555321,-1.71568467476159,-0.226952130681555,0.197428096548706,1.80828501991015,2.1338127429226,4.5393924513811,-37.5653628567673
"perturb_1",20480,1.97969710945676,-2.70705301074534,-2.87225641456198,-0.749991784708333,1.72916581745112,-0.828733081225861,-1.82179538221026,-0.0790991506582892,0.206924225626371,1.6340591300379,2.42421332757394,4.75292503607979,-36.1059133700748
"perturb_1",20500,2.14211980713012,-2.59886791164481,-2.91379460204683,-0.788058339867857,1.65567747115188,0.461281558608813,-1.80608806463345,-0.104290814819652,0.368688964244157,1.8005751380706,1.93126335741601,4.84614944749752,-40.5469648999823
"perturb_1",20520,1.4767221130384,-2.58528085804705,-2.96794262409473,-0.769191489514717,2.08320874978811,-0.60709684489531,-1.9537450206553,-0.0633823337577337,0.0807792787357703,1.61032006739552,2.77922269122817,4.70518687102911,-35.2460444311551
"perturb_1",20540,1.58501877660953,-2.51447634392235,-2.87797039481003,-0.870343790282849,1.98858155723681,-1.30195786166996,-1.77287303126371,-0.158373704717507,0.392211652623964,1.84714485738639,2.65215941655961,4.80215098244812,-32.9782806241351
"perturb_1",20560,1.34314044768495,-2.44399026256953,-2.98004774509293,-0.902176443456995,2.06496689888028,-0.800534363348695,-1.73888466625016,0.0460819645263919,0.115971061254244,1.6032458481633,2.51996455115613,4.92284406886465,-36.7046074675158
"perturb_1",20580,1.75518471770342,-2.4735784503483,-3.01632730970955,-0.816153620569242,1.86555773443097,-0.576273471429368,-1.70351732959492,0.180417284479127,0.128543834431185,1.56588320648361,2.59219167881882,4.58632039221704,-36.0519079535159
"perturb_1",20600,1.63469167779052,-2.51474545477924,-3.01597141867953,-0.750551214134297,1.72144780905595,-1.06935178431764,-1.72094539865805,0.0209460021894922,-0.125776301594073,1.7798752355673,2.45788494321295,4.60830180491053,-32.6666006766449
"perturb_1",20620,1.391166997751,-2.47489772360423,-3.09577696213282,-0.712287384955945,1.81638560752826,-1.37807945765832,-1.82462784594343,0.0311699102615056,-0.251861285195513,1.91394477781587,2.33625082448014,4.99685866968164,-34.6388534714465
"perturb_1",20640,1.28518401717332,-2.41247272746278,-3.07391726842361,-0.740198377088371,1.88050761375213,-1.36771575625922,-1.76038728965068,-0.0594982773018597,-0.0882087787555105,1.73606644356593,2.42756790061021,5.09666606513332,-35.7050662811671
"perturb_1",20660,1.29650037062753,-2.43428376635198,-3.03094347631187,-0.729676997127413,1.89795614436074,-0.529073481722349,-1.91450870069754,-0.183351952520726,-0.10292005780206,1.99345989609018,2.44713562423685,4.87138469149965,-37.5471007527157
"perturb_1",20680,1.52841498031404,-2.5079508311594,-2.97083203068777,-0.771840099889585,1.93041981906571,-1.79187234727731,-1.61757786074379,-0.117468440659726,0.184156948426813,1.81511965627947,2.32663990152221,4.62157169314152,-32.9599748967379
"perturb_1",20700,1.51511544783229,-2.55220193457796,-2.87550099183187,-0.870970354030411,2.12076245342058,-0.787737680648448,-1.76167911545429,-0.191959952225258,0.412720478088358,1.65142662802181,2.69492515130874,4.49047188781924,-33.8844187059512
"perturb_1",20720,1.45408346291657,-2.45612447658188,-2.97160453357242,-0.84699486102366,2.09191169208961,-0.988087960614966,-1.72474035032614,0.00368123841659634,0.0411968489255798,1.662471582612,2.94001201305533,4.62267986780398,-33.6043837756504
"perturb_1",20740,1.48765168214953,-2.51423362386462,-2.91093714711208,-0.850001002307164,1.99226682781514,-0.298193536644648,-1.69886813229458,-0.039685401793789,0.208149157902341,1.77958747142663,2.7455333788168,4.28336262688116,-35.2237402755476
"perturb_1",20760,1.86152639989749,-2.53134515191686,-2.87506169931795,-0.80823010046038,1.77580664483233,-1.34333425131724,-1.77020723568091,-0.3221309857533,0.494051455286856,1.58103618991519,2.45740316850967,4.90785750056643,-34.6036892550056
"perturb_1",20780,1.3197872371252,-2.44554622823473,-2.92903980363942,-0.777560485073292,1.71901002472966,-1.24116027080056,-1.81412337622737,-0.234738749116782,0.163772328398964,1.55143422102566,2.66253277271841,5.03422136102814,-41.5093518171663
"perturb_1",20800,1.93271614958959,-2.49910342980411,-2.96060636905664,-0.844876150095454,2.11357321021251,-0.688082258256806,-1.88660337008774,-0.0520902727965565,0.396144535262896,1.0570639792898,2.82594318405983,5.12679737425083,-38.7173027633443
"perturb_1",20820,1.90192386666276,-2.42800118800228,-3.01274953696938,-0.857061550054258,1.91567364595417,-1.32954795821828,-1.78688515993851,0.111415828260876,0.150177791457918,1.53623259609819,2.39893546932788,4.96242097261794,-37.4502482379542
"perturb_1",20840,1.36713274511412,-2.48325581144842,-3.0078854640761,-0.745777437534114,1.53241793390138,-0.884647806796607,-1.80775626203413,-0.213188331566048,-0.113194468827802,2.02568955124406,1.58977412557525,4.68512667635204,-39.2270012772691
"perturb_1",20860,1.5995759891707,-2.6050933760609,-2.92048048927974,-0.787360249714315,1.85311037186553,-1.00942525248862,-1.76031859455819,-0.201320759773372,0.0823010962586486,1.93270716403217,1.83564391866811,4.93346464826133,-37.2988138559493
"perturb_1",20880,1.56204302686074,-2.56629659603996,-2.92103575841633,-0.751708057646268,1.80869554167926,-0.366771437510721,-1.92572919669031,-0.249332225342692,0.399435073416803,1.81594394489375,2.13693171169153,4.61162755386221,-36.7326029680892
"perturb_1",20900,1.64049143055651,-2.55317197643288,-2.93969374258957,-0.72412523100053,1.77067095968594,-1.42774620997588,-1.81050458430024,-0.20346699746662,0.432052599077247,1.78363181947112,2.34427405127918,4.69067493697308,-31.7979001397807
"perturb_1",20920,1.64987703870788,-2.47904088393457,-3.03670731345387,-0.695844161732109,1.88412086551942,-0.451585954219241,-1.77821539696909,-0.106297914687454,0.247106605033482,1.79376939712576,2.60929881715435,4.75277647215894,-32.1509265451213
"perturb_1",20940,1.57552212282873,-2.55706446270686,-2.90747827269739,-0.755965962087851,2.06054081303724,-0.97131683837533,-1.88172266467002,-0.256900777733433,0.365164887298158,1.93988685531178,2.6520275184194,5.11863152754928,-36.8337520641922
"perturb_1",20960,1.81488277579906,-2.47335739655931,-3.06898111189881,-0.691629748174193,1.89845814055515,-1.46657149706069,-1.678673721575,-0.165759430095839,0.163775797270263,1.90800005770982,2.54311964106738,5.03772520993735,-34.2429818006379
"perturb_1",20980,1.51265156828471,-2.42800155519494,-2.97982421566802,-0.73193537473978,1.84405487795776,-1.09889622247844,-1.79305563824674,-0.279775077530406,0.303670876980339,1.80345613244319,2.43380210155896,4.74897628547403,-32.5618341653298
"perturb_1",21000,1.70828338517495,-2.54663859808562,-2.9186567820399,-0.820732605036086,2.17474901701325,-1.88216279343979,-1.65372782638767,-0.127200418142053,0.337465734263453,1.32810859505713,3.09863266404386,4.37356132015494,-36.1875146508636
"perturb_1",21020,1.77567984269821,-2.50625311680214,-2.96286969770279,-0.758800455292842,1.93543581573781,-1.50586680937027,-1.92188765682661,-0.189490652288697,0.26187898898149,1.70340972769369,2.57918052264533,4.51700752592554,-31.4451849100362
"perturb_1",21040,1.69447123277715,-2.50705326758981,-2.97379124698985,-0.75561278901986,1.8415389827725,-1.58618214347139,-1.66249359716412,-0.150985446871465,0.0843400878989302,1.71703503160384,2.65458227208839,4.56508365146857,-31.6901748374509
"perturb_1",21060,1.68462986544498,-2.40426741795519,-3.05550853896294,-0.714574154097022,1.81992552395643,-1.44626207502912,-1.67946095822123,-0.105743070741405,0.279901017821384,1.67869074588173,2.61397812555639,4.46775324965202,-32.8238779923058
"perturb_1",21080,1.43870078801775,-2.51030707370559,-3.08369363127038,-0.690376161423702,1.97405493228346,-2.35085356745083,-1.80977570736506,-0.0080920611865116,0.0709688200805986,1.82324270543107,2.50466529113122,4.95969580541758,-37.710086856448
"perturb_1",21100,1.6250901710978,-2.46249288489508,-3.09902072886595,-0.800699573864444,2.14258088541044,-1.74717152168853,-1.80188121410432,0.07500150192138,-0.0873899451104289,1.82760456751185,2.41418200932481,4.87359304106961,-36.8699575892246
"perturb_1",21120,1.49503124195681,-2.48401220765205,-3.08483889999569,-0.733034550286255,1.9871442694271,-1.62170324668049,-1.66827180697449,-0.0314140959109939,-0.140558625990815,1.80602206126006,2.78034293298502,4.55946355099879,-33.998740572551
"perturb_1",21140,1.13244589295278,-2.4300620901077,-3.00270515133641,-0.78940777019513,2.11744019063267,-1.70841824727715,-1.59597117057625,-0.111780908449442,0.247689795660737,1.55325554957515,2.9281538055526,4.5970442709309,-36.0775499901574
"perturb_1",21160,0.964846658185012,-2.47533585394874,-3.00621645842281,-0.763910731341271,2.04764052012703,-1.66690895013133,-1.60831210570049,-0.126229179084933,0.0572310887799768,1.75480199683839,2.50627597811786,4.75283720525095,-37.9724640897067
"perturb_1",21180,0.887309015519458,-2.56576125010242,-2.94179631744504,-0.680143516223859,1.88938905338113,-1.74267341018123,-1.87016210146068,-0.245701271321096,0.089320800750432,1.71972127133905,2.63610999283745,4.78072067965304,-41.9880538554378
"perturb_1",21200,1.0295501388609,-2.55250584930569,-2.99415304526103,-0.633105773258697,1.74177532128479,-1.68969462671433,-1.90165607852778,-0.166111719934856,-0.124931586560872,1.87439751244258,2.68293665736399,4.69782752758885,-43.4432591612672
"perturb_1",21220,1.15119282816982,-2.43176171667608,-3.02834572730914,-0.723899466296144,1.938048167482,-0.355157181934609,-1.76496402290774,-0.0494378223677009,0.388250513279955,1.41205035991832,2.52027357076375,4.74759291353946,-38.3513685296295
"perturb_1",21240,1.49617820106667,-2.50814839917213,-2.99313502419785,-0.761904653105601,2.00198634842673,-1.37361879660979,-1.84559013058224,-0.128172767517973,0.187740157574551,1.78628842217542,2.2510909392144,4.98667981379645,-33.5437932489103
"perturb_1",21260,1.13603195666517,-2.47072031524268,-2.94643605763828,-0.77337735894702,2.00757939537438,-0.617814562564236,-1.9267575241041,-0.196263533062329,0.321728790492765,1.62667578032615,2.70956183068079,4.967697498077,-35.3254676763801
"perturb_1",21280,1.48355026661329,-2.53020368813088,-2.98624565996607,-0.742179330277038,2.06188281750914,-0.827225804149502,-1.91923851042117,-0.155392230647948,0.210255367921847,1.52414330715601,2.76989066974297,4.90380960232253,-33.7173963065407
"perturb_1",21300,1.15484020543197,-2.51865964692483,-2.94194603810234,-0.773667900368361,2.02145151580319,-0.627847776945144,-1.84901145098874,0.00101746489131163,0.157864161981987,1.57573891557452,2.9780781056601,4.6542470828778,-36.5103418578775
"perturb_1",21320,1.42238122938062,-2.48568755148713,-3.02130509628127,-0.726468586775576,1.98500822982164,-0.801381716026099,-1.93704254850831,-0.0671214745263724,-0.00161638391128432,1.68260758168907,3.02418425804793,4.61543928052701,-35.5569000560744
"perturb_1",21340,2.09618905109547,-2.48710349207191,-3.06170435346771,-0.754594545757107,1.93743012947846,-1.21751621737079,-1.7343498141876,-0.198587541477272,0.00501607356380063,1.81034407172008,2.59484046375622,4.84468519523594,-35.4360002841746
"perturb_1",21360,1.87110705935235,-2.66963735286465,-2.77691963694664,-0.947037595108574,2.02896469418817,-1.76649834576763,-1.71128010997243,-0.149902925772272,0.402148739665566,1.79841874819136,2.57224811422728,4.62134815746441,-37.4026182294067
"perturb_1",21380,1.72301787300891,-2.46327113929414,-3.01362420683681,-0.784076154362071,2.12691871190765,-1.14800412666805,-1.66102005491855,-0.123528516914011,0.34297500265964,1.63156668368332,2.86769254933191,5.06193032675643,-33.889842158621
"perturb_1",21400,1.96826623185912,-2.56592272397008,-2.94085287759915,-0.766628998790254,1.94728821106626,-1.51193082530882,-1.61076846014412,-0.0719780690236097,0.340644248595023,1.78159613570968,2.48822210445476,4.40388713721909,-34.2860055477721
"perturb_1",21420,1.28926265589795,-2.48745357136153,-2.94888403080868,-0.78038602241111,1.7919977387192,-0.563343081578923,-1.66373501054679,-0.108512361376181,0.373818063615311,1.63235681425994,2.45057741664512,4.27885061897542,-35.449334456005
"perturb_1",21440,1.65957489971324,-2.52024042386733,-2.93262513616186,-0.81165176383495,1.94058218591317,-1.11860163602473,-1.66136266017585,-0.0220899155549444,0.446901502367413,1.64684478632598,2.42607741377253,4.31132340782037,-34.1507624355724
"perturb_1",21460,2.08029201913252,-2.59479127984937,-2.9070046779766,-0.850649094436503,2.05562770359788,-1.59330605155294,-1.77645736601395,-0.0300674677461274,0.0448504602710921,1.86131026008308,2.78030840171706,4.89624931898123,-34.4992699907122
"perturb_1",21480,1.64420379364894,-2.57017382071327,-2.85810229520622,-0.858452542700434,1.96874699838284,-1.22770213304525,-1.77482198418411,-0.076986269018854,0.253543572050309,1.78264661476567,2.44768302327531,4.63735509401459,-31.6580428251726
"perturb_1",21500,1.58995358689813,-2.61203932562324,-2.83624521719991,-0.81933048088279,1.88826112421691,-1.1383952138982,-1.72247986690859,-0.165387128585256,0.266728935210333,1.85892246600571,2.4760184043586,4.5614642376013,-32.6962353808585
"perturb_1",21520,1.58021347762052,-2.56519345522146,-2.93508271601455,-0.7205119969429,1.70552689382267,-1.3118913647978,-1.7899728813033,-0.122704035088272,0.325215968794653,2.01945770722183,2.22364504859178,4.4732852372182,-33.6891855051644
"perturb_1",21540,1.56737383645397,-2.63706833600771,-2.95058124132831,-0.662972296951215,1.40855734485835,-0.978600185110331,-1.74173207730747,-0.0941725861397859,0.211172543655955,2.08185353168669,1.98734714311679,4.8577868640444,-38.2815739140246
"perturb_1",21560,1.58792798584334,-2.62763110222432,-2.90182526446367,-0.772256821503005,1.62834704238607,-1.05605552840079,-1.65156863080775,-0.0719416347470718,0.362665345244328,1.96245849289268,2.15064534202754,4.97726775714938,-38.4075598011795
"perturb_1",21580,1.74707400101001,-2.59601461306875,-2.8518108321401,-0.85069381019615,1.59612255674915,-1.26704033902631,-1.60688232712225,-0.00747081059849942,0.47319478134144,2.03087165573366,2.03543260923536,4.77269970527402,-39.4693754021602
"perturb_1",21600,1.339891638759,-2.58036508122901,-2.82985380397511,-0.854292215311155,1.44157846638535,-1.05970430044236,-1.69677221296305,0.0201019730285485,0.28168754691629,2.02909468905365,1.75565307658707,4.41804487970448,-39.5797420289459
"perturb_1",21620,1.48225059339179,-2.56612744702382,-2.87908188655719,-0.815419835988845,1.69945500236297,-1.44419695004612,-1.61989196705451,-0.0383696788917392,0.197284751984218,1.90156614168438,2.10000917753917,4.52869319881382,-34.4120698228333
"perturb_1",21640,1.67982189648373,-2.61398026672442,-2.84129132906666,-0.814988756632039,1.7711684889874,-1.23436208140078,-1.54511426662584,-0.0915073658534354,0.453133519855838,1.67955239266052,2.55600258437599,4.64284542333344,-35.3150941980095
"perturb_1",21660,1.82799278402482,-2.64150816431957,-2.89500519113016,-0.820701227055901,1.90938487351383,-0.886964322616737,-1.78607597093079,0.0369592972235927,0.107754967341003,1.92127640941907,2.34972407885071,4.9667954488049,-33.7363160186489
"perturb_1",21680,1.51182920171368,-2.49397082672261,-2.95320652947457,-0.771448430888963,1.82664399747566,-1.6845699180557,-1.76126180386525,-0.153838424002899,0.209135133381857,1.88640701480077,2.17447256617463,4.62126886416855,-31.8304079410391
"perturb_1",21700,1.67657700007545,-2.46392725833365,-3.08249346208689,-0.723034264555193,1.83121634331315,-1.16056049710513,-1.70368661211798,0.0282249312885247,0.0985454723815425,1.78589129430143,2.46113334035102,4.56081591567061,-31.853647897611
"perturb_1",21720,1.59394901868869,-2.57336462707923,-2.89768431312825,-0.765935043303599,1.9686504119579,-0.674449269212325,-1.6710544724404,-0.0436696622454672,0.300385763232925,1.73253833104446,2.73884930333698,4.49264091339525,-35.1601023792719
"perturb_1",21740,1.95995478210791,-2.65803124044805,-2.8538804440387,-0.800586726378635,1.93040486825591,-1.20587774549453,-1.71779821451983,-0.0894425628948352,0.186528167961802,1.91685827397228,2.66077726249142,4.73323762907873,-33.5918305715425
"perturb_1",21760,1.31033871192633,-2.5032208586648,-2.90090432861652,-0.773647971215416,1.85338867581853,-1.23854015627391,-1.7385139405921,-0.213685921101397,0.334269351474873,1.73231490606139,2.41620680237698,4.84902770906082,-32.6644328353034
"perturb_1",21780,1.58461931287403,-2.49891265964078,-2.99196880634067,-0.780620788490943,2.07253914091445,-0.766306084282733,-1.86049851045792,-0.0896773621433025,0.130489498690742,1.52545321773614,2.95488977267323,4.40284532046785,-32.6161865044151
"perturb_1",21800,1.71885459271712,-2.5328711483666,-2.9785621981447,-0.732621739937428,2.02243687631009,-0.973067738927037,-1.82777392080677,-0.148442909498609,0.208034722910912,1.62879413742982,2.79865172286004,4.62245353773774,-30.9960155673741
"perturb_1",21820,1.35451202802189,-2.5771108142798,-2.93398526799445,-0.709762337693316,1.85008117324578,-1.16940989314337,-1.89268409959581,-0.188139238054111,0.0688651627119602,1.80351738631722,2.61940495006298,4.58887303162927,-34.9071088617823
"perturb_1",21840,1.57225876946007,-2.43404891298371,-2.99128370085794,-0.718980970066867,1.62265320590502,-1.4363623629109,-1.63569602148326,-0.0818290727333348,0.48041895796498,1.78270187045778,2.54004065082472,4.32135267997504,-35.626611007112
"perturb_1",21860,2.06396612036553,-2.5267924864488,-2.91336622285613,-0.807043514626183,1.84707402851624,-1.40915566577061,-1.66295765801999,-0.121837297653502,0.461957905316485,1.63802761799104,2.75419433849956,4.53073585015829,-33.8835985662977
"perturb_1",21880,2.09582822167152,-2.51867355463985,-3.02931742548752,-0.727097942403907,1.75304684024306,-1.27999077396254,-1.57690838185735,-0.0749391879126627,0.154833322660234,1.84541002272579,2.57202471433157,4.18435676206714,-35.8793159177362
"perturb_1",21900,2.06552424455218,-2.65855660941002,-2.94511441502936,-0.739180532015396,1.90969294510106,-1.1341345463456,-1.54160976098965,-0.109838639141465,0.055947248005815,1.89076031906763,2.5940876064452,4.83000037297018,-35.8340787251523
"perturb_1",21920,1.5080921489381,-2.56034035640325,-2.94040361167641,-0.754832738804529,1.97771093115551,-1.23564560263029,-1.73521212087656,-0.209013442856704,0.319287670645318,1.69966497171464,2.77364213109586,4.4123385764334,-32.4593659779636
"perturb_1",21940,1.45801346562922,-2.60343996585398,-2.88566583025545,-0.844231553364391,2.17152163614557,-0.621089283814437,-1.66543394996898,-0.0121281122265353,0.241479811086068,1.55852189678786,2.97710625621164,4.67349342323612,-36.0128926635298
"perturb_1",21960,1.65979462362739,-2.53753926151924,-2.92059369831833,-0.832212937265261,2.12337307518144,-1.4272950746063,-1.67852630387872,-0.205955108825453,0.236058956764459,1.33099821485461,3.0335554515202,4.31161584892509,-34.7721297257271
"perturb_1",21980,1.88919841075375,-2.56421643938104,-2.9272520144409,-0.806803157529756,2.09220507283512,-1.2594685976863,-1.86130078275381,-0.0878789342981849,0.275583646735012,1.42736521252696,2.87386624203243,4.8550403026292,-31.8075132878012
"perturb_1",22000,1.98526207282236,-2.58106294112651,-2.94811938919835,-0.765350264106651,1.81230274127426,-0.786957473373535,-1.76543284097174,-0.0360745488149745,0.241920566730531,1.81435893885334,2.54501156738447,4.50485667934712,-31.444040979481
"perturb_1",22020,1.85075745669976,-2.5320325534941,-2.95338453387146,-0.854649445312868,2.00795891931406,-1.48547716446189,-1.72801856486218,-0.0056541197498942,0.301159960808446,1.55001068456327,2.41714601263623,4.56634848783415,-33.3079877427835
"perturb_1",22040,1.74496341837839,-2.50028691936233,-2.93498359213115,-0.8762387816977,2.05372402214693,-0.846639384146415,-1.7271319735454,-0.0543246544334341,0.199294228432873,1.27373452913026,2.76775196948971,4.60457352432405,-34.6765142244844
"perturb_1",22060,1.75057346928267,-2.46628630317927,-3.00154395047587,-0.828632675736805,1.79318137109728,-1.00306492668622,-1.65670022990313,-0.0558557347816551,0.1444738550107,1.67335255922536,2.91223403374075,4.71114327684627,-43.2116309132189
"perturb_1",22080,1.86570097346307,-2.46175777097962,-3.01772146865172,-0.822100838634224,2.11981042533706,-1.5797641118085,-1.83262983801807,-0.0409242170729475,0.081846334164052,1.42966210210676,2.97827777057867,4.73575987881999,-33.3138540236983
"perturb_1",22100,1.79467663353712,-2.54164059724499,-2.97712268859036,-0.755544806874585,1.934128517366,-2.1283147795743,-1.84628219582934,-0.0900123114514872,-0.0298595414256315,1.75490563332486,2.6101879758238,4.92272436266395,-32.7912472021562
"perturb_1",22120,1.87394178598465,-2.45119247952444,-3.00328817913093,-0.760333615725778,1.63861221515438,-1.9672038116276,-1.94244828087623,0.0098368882820871,0.0509131211771205,1.93303204335464,2.38390455889783,4.83025568713316,-36.6243088717244
"perturb_1",22140,1.88835105035947,-2.50520870941487,-2.92908220375267,-0.804059292702041,1.90713286386486,-1.03907669432457,-1.9363650633731,-0.202072367262348,0.159106361922352,1.61148174572438,2.89994433154712,4.82713410631274,-35.3585122204152
"perturb_1",22160,2.00036926506324,-2.53359122678632,-2.97647681126238,-0.708262485215729,1.79815975427299,-1.31417306763016,-1.85190845475248,-0.329707831703579,0.051514578776941,1.87150542613703,2.6272455052725,4.96366816194347,-37.3270879068361
"perturb_1",22180,1.87048783528133,-2.4391580069459,-2.98652325588583,-0.801004252142816,1.77367541138328,-1.85205711167822,-1.79828099576529,-0.067692779127785,0.279979243863601,1.76063664487165,2.18316907351174,4.95638551320343,-33.6696196834303
"perturb_1",22200,1.73134305771069,-2.44944436536905,-2.9597958794272,-0.81407760442241,1.64512116463325,-1.07293341897992,-1.80896514859251,-0.109427205269176,0.0844167252441599,1.87132497528117,1.889555484485,4.86469116033358,-34.6282927604175
"perturb_1",22220,1.8467331687117,-2.5059184317724,-2.9135312189125,-0.803001410559898,1.7537418679441,-1.33821880211738,-1.71716810593528,-0.18022123270642,0.121183891098313,1.84420214717099,2.22774004291401,4.71580092963174,-33.0237565909754
"perturb_1",22240,1.45590167080184,-2.4935940588524,-2.98617703656997,-0.766994729643591,1.78617522795499,-1.63441989370982,-1.70976589856795,-0.0307139550853918,0.0291728218960299,1.61980290143418,2.77449602030249,4.62449158175536,-34.7877546134764
"perturb_1",22260,1.80905440904418,-2.53751893153663,-2.86067357714991,-0.856322244617514,1.91802738595862,-1.68872046987462,-1.53632303499779,-0.178996002234007,0.397131179051018,1.4786072533914,2.77064112994829,4.59601708879446,-35.9775898674623
"perturb_1",22280,1.78632025434743,-2.53260540088056,-2.88237511468512,-0.823819200764326,1.5787470031657,-1.85278722271177,-1.65657529081607,-0.0117607843287968,0.155360020481896,1.88991115366652,2.25642839731076,4.84570363181902,-36.1350750363962
"perturb_1",22300,2.08212761671401,-2.59112867504699,-2.90289011209858,-0.835323777302404,1.83492848704708,-0.445724126713446,-1.52328713699645,-0.178976520511473,0.197579692093657,1.60820423437698,2.56357139590313,4.74505747213094,-38.6002766443628
"perturb_1",22320,2.08182687822091,-2.56959178706676,-3.01677973148559,-0.773643493564993,1.88682973810053,-1.16300711224765,-1.5657671605423,-0.0998717182309112,0.184300611103784,1.84533509762128,2.54706748614172,4.56031589365242,-38.8092592796017
"perturb_1",22340,1.57950362741031,-2.45354608551645,-3.02691925387243,-0.784954208340505,1.85049747487356,-1.14197454642381,-1.63517356629281,-0.10314983100672,0.0325356366432589,1.92287293944275,2.33757926624363,4.73804259269738,-33.3739919639748
"perturb_1",22360,1.52854309951302,-2.50834284776445,-2.93783695724491,-0.73342654605473,1.66551381792979,-0.638613960567067,-1.70332363332389,-0.353126138898136,0.293614820670665,1.78309892715708,2.10822621134305,4.41566907948366,-37.7466581650242
"perturb_1",22380,1.81943727902085,-2.47776691810721,-2.93488762909962,-0.784612594011863,1.43358358019798,-0.278624644843559,-1.71754502909162,-0.255694508922256,0.30081469187739,1.91480175470525,1.72136277307193,4.66648669762437,-37.5035520096434
"perturb_1",22400,1.61311736823619,-2.46829982444916,-2.97407460279836,-0.798858653666988,1.81412689305376,-1.1965297888535,-1.87220330399081,0.0823572538366076,0.326046711196621,1.72548421352388,2.09839873299782,4.4427220218284,-36.5293555725232
"perturb_1",22420,1.56624195388127,-2.49354972382164,-2.90389142619984,-0.82265538794398,1.74020844618069,-0.754160158935072,-1.77664002631177,-0.0607620218097762,0.155450643012221,2.00199504843162,2.06134475132188,4.74186329457174,-33.7092408005617
"perturb_1",22440,1.63699383484445,-2.54222838656651,-2.85699305393292,-0.814977854352293,1.78870850176927,-1.36510199661989,-1.8316627761746,-0.222358631499816,0.524006601403581,1.8928915203428,2.68520311626887,4.71446098480863,-35.0124680360414
"perturb_1",22460,1.84337697960927,-2.56811345030602,-2.92636161762314,-0.800421977732351,1.81258882383568,-1.6395449230054,-1.81273803046,0.130056386431176,0.234697374472209,1.77671314341823,2.27439549882119,4.58520487609383,-34.8057961815245
"perturb_1",22480,1.69328469052596,-2.52408932665128,-2.9978902768614,-0.729219340153713,1.61431793070547,-1.73340648923588,-1.61674655252501,-0.0217406656913556,0.144572614517013,1.87726861833386,2.2393128575124,4.59462753470366,-33.3196397764164
"perturb_1",22500,1.79024924651424,-2.50139675949316,-3.02398018489024,-0.740972147713326,1.65224978647503,-0.421006470973088,-1.7667395758106,-0.0145953790693823,0.0625657222806371,1.95284848025483,2.19291632412165,4.39432749283366,-33.7144230338562
"perturb_1",22520,1.55067891902773,-2.4445657809315,-2.99978302284657,-0.780746622265488,1.65878863194381,-0.322815759864558,-1.85725575489618,-0.0592751643534362,0.151832110792263,1.84446171534643,2.09154918439477,4.82177495533662,-34.1623100336088
"perturb_1",22540,1.2893745763447,-2.43812066375223,-2.88761282937805,-0.886930167583058,1.91691191933026,-1.4754712170852,-1.81645755169722,-0.133257267331013,0.498710335720829,1.43711941796454,2.85394865118644,4.76448024602707,-35.848810707211
"perturb_1",22560,1.62003407898107,-2.43233507600963,-2.94724900665442,-0.870216204442054,2.10284055973285,-1.58311966502596,-1.81789410574398,-0.137398500107259,0.58381849093493,1.45214154547989,2.79122545112694,4.73427559171341,-33.534601947326
"perturb_1",22580,1.56120148576387,-2.51364123774556,-2.94506982854625,-0.790676621101357,2.01149289648425,-1.27999039576812,-1.69174259511573,-0.120225193255377,0.134599821002145,1.74979720397788,2.77584243027579,4.48496475574882,-31.0358801597165
"perturb_1",22600,1.93079077234813,-2.45938029335848,-2.98956591989157,-0.849359791662967,1.99675000289681,-0.887270543382948,-1.79479886940093,0.0322574636235461,0.172009096167217,1.53761401986984,2.88852362506182,4.68329523166544,-33.6067691756417
"perturb_1",22620,1.66795024173389,-2.55034078515125,-2.95371674055051,-0.811496527585709,1.93800728544724,-1.36915714766172,-1.67968410510784,-0.00253584818163647,0.187508383120177,1.49908609018029,2.54394101698506,4.57454695248066,-32.5335090578017
"perturb_1",22640,1.70045925812324,-2.45820240597262,-3.01782810775796,-0.786654872166549,1.90859149548441,-1.43234198122469,-1.78308435444452,-0.0165203016392396,0.136267613141496,1.60700099571886,2.72396478345139,4.62312155715512,-30.8946495858778
"perturb_1",22660,1.60044439773271,-2.54929095587602,-2.91829640902603,-0.75384937433983,1.85677083100345,-0.521025305814384,-1.74026902681559,-0.080592013727456,0.405330789573791,1.76380259819186,2.4773617713567,4.81864433765369,-32.2880053698196
"perturb_1",22680,1.60817780137575,-2.51263894945058,-2.96192285185863,-0.735666044781193,1.5381216666481,-0.716674930831748,-1.73362249438779,-0.044711226688852,0.200118322325787,1.88432047295204,2.34955962650507,4.57354353278266,-32.9733355123149
"perturb_1",22700,1.36720889767817,-2.48039589076095,-3.0126736002718,-0.749044697311095,1.82937825774495,-0.98877738106986,-1.8725258558087,-0.0197887133300344,-0.0623940389933364,1.92163150270736,2.46387939340796,4.78776679683278,-32.5091638518793
"perturb_1",22720,1.26147490651734,-2.54921002710699,-2.86006014956989,-0.857516278828379,2.01463195063724,-0.686690679877756,-1.86308327904973,-0.10276919955368,0.202669085142393,1.48239140990449,2.71480952196957,4.88051384830312,-35.6499383765746
"perturb_1",22740,0.895920716147802,-2.44398747575463,-2.97532115941741,-0.773818695781644,1.92791097827073,-0.344493081486772,-1.87235270048757,-0.053352127131958,0.162174594052683,1.56614886324675,2.73275121098474,4.8980720217629,-38.6062492713746
"perturb_1",22760,1.14284918902675,-2.44767795206926,-2.9129069568258,-0.877501504783213,2.14514310066383,-0.527303506833925,-1.77417942024061,-0.154619096108326,0.394196266178714,1.27027548167776,3.15970631479949,4.9862054743793,-39.5916315652055
"perturb_1",22780,1.28026882405438,-2.3960128773169,-2.95608490800273,-0.796157547479103,1.98388152796941,-0.838012444302034,-1.75015454698369,-0.199591611640573,0.436157956126878,1.50835434227397,2.90058502739236,5.09167398538334,-36.4656427801511
"perturb_1",22800,1.51169951152403,-2.47787818167507,-2.96882891373475,-0.820701498610655,2.02814849634,-1.87484374323943,-1.65076974062992,-0.0559690673844851,0.205791452707276,1.44858489749694,2.74003632255507,4.10278307304263,-35.7786640926933
"perturb_1",22820,1.67884252511494,-2.51697451507192,-3.00134304360257,-0.778423153714429,2.08810838404697,-1.33131671292766,-1.71009558874487,-0.0877296590572877,-0.0452547238024433,1.53448114958364,2.89778693391028,4.63646649045002,-32.3259394912548
"perturb_1",22840,1.2525879449248,-2.46534546987022,-2.99459680534736,-0.755158356683645,1.9886289712055,-1.63939769683479,-1.64901372441147,-0.175623234090153,0.143683496191442,1.70613779137701,2.85108429200595,4.30781974052778,-34.6056455603874
"perturb_1",22860,1.46556483837713,-2.48492117501627,-2.97345937728937,-0.748565911837995,1.75730330588938,-1.30902469244627,-1.77829570280374,-0.153996682978927,0.0873604774039961,1.80873905933857,2.16975556682576,4.73247887632507,-32.6131693975949
"perturb_1",22880,1.23183870804252,-2.4706791891068,-3.01991041931279,-0.690628243738722,1.61039993985925,-1.12464383672893,-1.68542228159058,-0.112869534787259,0.0651254924787406,1.82219957167053,2.46450508755654,4.59104465652023,-35.5661245268253
"perturb_1",22900,1.90384066956388,-2.58041267185045,-2.95485753418315,-0.769843708157147,1.91654807132793,-0.73613223061424,-1.76361127797287,-0.0101907317144726,0.303968007657199,1.5986252786286,2.75045732965196,4.75518366067743,-31.6227810986635
"perturb_1",22920,1.71679772802029,-2.53522997381968,-2.98219789122432,-0.778939169048655,1.54941788790969,-1.42564340657911,-1.82308281549756,0.050439092778355,-0.0234269553476842,2.04323533551028,1.97141007154388,4.57643607360489,-33.8684145811902
"perturb_1",22940,1.81880019336172,-2.49937655206314,-2.96124918424809,-0.766502473201636,1.71154676202092,-1.24060152756231,-1.87102571288559,-0.15978410946128,-0.127489184963152,2.09916045089068,2.40851601748169,4.57303847823956,-35.9407724292284
"perturb_1",22960,1.90120750138404,-2.70133431494019,-2.81749682096358,-0.799073085010697,1.45688766272182,-1.2681322901289,-1.86435748194355,-0.117508753271799,0.281088169217207,1.93357586088108,1.64386870933412,4.33464129834906,-39.7877531083081
"perturb_1",22980,2.27205589864545,-2.63894767222968,-2.90040512373966,-0.793494693463266,1.80805822392479,-1.53588482674839,-1.95875067790344,-0.209139501733485,0.390333195169476,1.58280282715693,2.41015047667199,4.39846184414941,-39.0484179527933
"perturb_1",23000,2.02543571115038,-2.59983698071349,-2.94458160253071,-0.742432914580736,1.84368106487512,-1.05896724213164,-1.97203651978694,-0.155275529180228,0.551902894146587,1.7022781278161,2.481378286861,4.28770854907976,-36.9536668034879
"perturb_1",23020,1.92004746944137,-2.49459302085557,-2.92807562036011,-0.834420925421225,2.11445143331289,-0.812290751695027,-1.94085102030637,-0.222742060915895,0.630899691247272,1.54072517655933,2.72832097807026,4.5757330957915,-35.9980811385788
"perturb_1",23040,1.63419439404338,-2.55367060867346,-2.85780424714573,-0.824366478259952,1.83719688363229,-1.08906911559384,-1.94706566149436,-0.199607411044559,0.425092236506628,1.80628039490376,2.48551985368195,4.55204543657982,-32.7633792464201
"perturb_1",23060,2.22200327881145,-2.65694214772861,-2.83344424345289,-0.815977997221656,1.66053755752126,-1.55209147415728,-1.75269192957743,-0.226414970435483,0.576239860857246,1.85901770685714,2.45093456119964,4.71180104878792,-38.440718518285
"perturb_1",23080,1.84012469188147,-2.48367343163421,-2.95206891749684,-0.829450515712978,1.97125201913533,-1.28885792830055,-1.8088735470063,-0.132841603296655,0.495403238835765,1.44923626897197,2.93947227484075,4.97595679851448,-35.2733048454094
"perturb_1",23100,1.75538479593135,-2.55483149450572,-2.92043925825868,-0.821224284756546,1.7134121943753,-0.27924846265078,-1.93435209798939,-0.0503161911276981,0.417142123929553,1.56394638207345,2.20666990616492,4.45486617039229,-37.9453287773986
"perturb_1",23120,1.57389831778739,-2.61088776351744,-2.99257255326751,-0.714046544833727,1.68570357860984,-1.60156937571994,-1.70953080244364,-0.0648878122384771,-0.07087690446383,1.70016426127572,2.25848983654864,4.79983290263094,-38.5211263248256
"perturb_1",23140,1.17886020625601,-2.54787593336739,-2.97054602255666,-0.739307386553057,1.50735136049468,-0.666588529155775,-1.8016906895304,-0.0888243502394784,0.0560048180908541,1.98553328287822,1.94585592924328,4.99073915788918,-39.4526214426815
"perturb_1",23160,1.58744460099634,-2.49484410017273,-3.02726906718555,-0.792990223327096,1.88058772241836,-1.1734842066101,-1.80892399887681,0.162161425847357,-0.231043576762149,1.94383782265696,2.8752585823995,4.39550714979119,-37.3969173494523
"perturb_1",23180,1.89302377349499,-2.58004290520489,-2.90426529966838,-0.835185745937937,1.88629108933542,-1.06885293323651,-2.00033221599285,-0.050896605538332,0.0265749541602334,1.81241860362716,2.79711110662734,4.06798556622167,-36.4422321680773
"perturb_1",23200,1.98980361688775,-2.57129455618469,-2.89121444815665,-0.805907040207277,1.91395489185316,-1.64806339384907,-1.69381655871618,-0.137159796541835,0.451634563742835,1.78298136015,2.98189936487113,3.74208755139026,-37.9831548620839
"perturb_1",23220,1.67847191344537,-2.50321952478343,-2.93180266841685,-0.82107619936866,1.85180907369769,-1.67630804512496,-1.80491748704147,-0.102534274721427,0.282114646676126,1.85585741595679,2.53330969638211,4.09903189852135,-32.7298019942362
"perturb_1",23240,1.72761184731794,-2.49507946239215,-2.99402260735899,-0.773999378708575,2.11598080046398,-1.19290634490858,-1.8144520790264,-0.144356574023741,0.379162583110128,1.39285906715604,3.14583069598587,4.56605672463395,-33.8422399261984
"perturb_1",23260,1.69500540734251,-2.61490096918663,-2.86354867426987,-0.808068860760403,1.95932982485738,-1.85766078693538,-1.83064016507493,-0.180208227093709,0.331778043019835,1.84467545016231,2.45214531889645,4.6246522713822,-32.8456416713627
"perturb_1",23280,1.6128682728869,-2.48800197919583,-3.00790191213868,-0.706649917474635,1.68059943158605,-1.73484928345779,-1.64887666883932,-0.0325292112041339,0.288488311372072,1.94854129503017,2.04925029078097,4.75235708705645,-34.0304842465992
"perturb_1",23300,1.259394940829,-2.56980970627905,-2.86674940041525,-0.769934328356178,1.89557786178467,-1.2078848323076,-1.82662389114561,-0.109190561188621,0.331531897612561,1.73524411921611,2.63527515722749,4.92230829791848,-34.6075175380168
"perturb_1",23320,1.51101941345068,-2.45585553966062,-2.93645388003761,-0.761044270069143,1.79016277701315,-1.33956901107673,-1.72847159906804,-0.195776821921263,0.0545956846942696,1.82841060651691,2.69217590869463,4.7113365007547,-35.3152735162013
"perturb_1",23340,1.46870946546221,-2.47602242366321,-2.98871446926927,-0.809293423216825,2.17131578808513,-0.912831248490456,-1.73724391194655,-0.0493316609119983,0.14365776265344,1.63140137907086,2.90342626476668,4.30470898114955,-34.5013513755066
"perturb_1",23360,1.46755102476765,-2.51517190186259,-3.03139421869645,-0.768445427641289,1.89980695316023,-1.31580375881741,-1.69147524910572,0.146549234176528,-0.18044498496947,1.78632494953697,2.37296469749856,4.54081026420174,-35.4708858199028
"perturb_1",23380,1.51500021316422,-2.5808482350038,-2.93674281695378,-0.763443090431671,1.83626906643965,-1.44477669911832,-1.88044957158465,0.044666337715255,0.0666968528141023,1.59936349411504,2.57616444157897,4.74724636930032,-33.90858642119
"perturb_1",23400,1.7242034838923,-2.60065119676794,-2.88411317736646,-0.792332622273652,1.63185188750038,-1.04026500661318,-1.9023410204342,0.0406104049288569,0.41080397934756,1.64797430366574,2.30051489381111,4.70071540816405,-35.3119476100981
"perturb_1",23420,1.6876113989154,-2.52583611857325,-2.9675234545551,-0.805599556574538,2.0885846903356,-1.20376897062083,-1.74654972091096,0.0233828530094469,0.192503255083225,1.80990790514971,2.55824106653104,4.89703886438587,-31.9258056895691
"perturb_1",23440,1.83034998678561,-2.53661815297187,-3.02173684033803,-0.733692056312168,1.83191985304681,-1.18495783331169,-1.73347222495251,0.0904571277477505,0.115246277243296,1.77030127826031,2.49512510534196,4.56534275559982,-31.8727590924395
"perturb_1",23460,1.56623817043633,-2.53396218779123,-2.94441543293833,-0.752836388658604,1.91491560013973,-1.19656211357511,-1.78473827773901,-0.0499763669330716,0.33749044414364,1.80196072131923,2.81234317447473,4.35325966544043,-32.4192712541631
"perturb_1",23480,1.68742650399577,-2.46482175844663,-3.00393551512535,-0.741003747929289,1.76707567713393,-0.304993362783469,-1.72186663909034,-0.0896397877095911,0.12610256436137,1.87143000856644,2.02443044203404,4.94842715093661,-34.5184322139395
"perturb_1",23500,1.50622338613827,-2.48572256628825,-2.9172946905153,-0.789556743200276,1.91821239011951,-0.686838038879865,-1.78172147692451,-0.168214026637999,0.159297342937693,1.79285934870605,2.24623101562251,4.86954292688592,-34.9749734376516
"perturb_1",23520,1.78180229929212,-2.51738139239852,-2.9842518910564,-0.839324823186771,1.95110715165307,-0.53170345403494,-1.94209290652455,0.0287166169925512,-0.0365004116412374,1.89296630067529,2.04924516588756,5.10438201701233,-37.3617082908974
"perturb_1",23540,2.00210659666818,-2.46730826993317,-2.93768721474148,-0.828195289126708,1.78849464838055,-1.17324970084331,-1.81167917413428,-0.00531973633123271,0.281308883574628,1.87965930894735,1.90353545649855,4.8888987956368,-37.2653786935757
"perturb_1",23560,1.68368345815549,-2.58588320079878,-2.96376676468771,-0.722546237546211,1.93168617618614,-2.04229652559552,-1.65988360783185,-0.10655930961147,0.175110320640714,1.66629674216075,2.50277602227983,4.61740612186057,-33.908373928364
"perturb_1",23580,1.44113250780704,-2.53136706056544,-2.96385944386905,-0.77187901274143,1.93893895568625,-0.928162207619315,-1.76406306192294,-0.212783919384884,0.0460400268837293,1.66416609740232,2.41004316707963,4.97384193762198,-35.2463757957549
"perturb_1",23600,1.31378346955471,-2.49745251302029,-2.99186078641819,-0.661744556182729,1.37054363846275,-0.779045874776175,-1.8090855594524,-0.117338586469727,0.109397453339623,1.99947320377272,1.48396249131216,4.78159413979657,-41.0886274691973
"perturb_1",23620,1.50972396310186,-2.52588367144856,-2.93484279880912,-0.809057153141825,1.60432358308701,-1.085512832942,-1.82571213313612,0.111659944736104,0.217977850698441,1.91802221087682,1.59940422171271,5.11928926716246,-37.9055094741692
"perturb_1",23640,1.97342158766884,-2.4752286516414,-2.98931081299701,-0.894998800916102,1.79932921265159,-1.23268069962407,-1.7633375113996,0.178645359181429,0.0959265862854302,1.86775846963356,2.07894601046367,4.46042818762196,-40.0017707298304
"perturb_1",23660,2.07829940476417,-2.41249505153235,-3.08635639915604,-0.866280282557924,1.90295564504447,-0.909161129722368,-1.80500923479767,0.152882150692275,0.0208362370794394,1.70275823510848,2.20007797321298,4.4514213991831,-42.24047287979
"perturb_1",23680,1.65440683326368,-2.48718341774539,-2.91292038607653,-0.827104456261592,1.68733528947565,-1.29469483789233,-1.79797486041878,-0.0417444581179522,0.288700611105447,1.64794401010737,2.479737273694,4.7079734714146,-33.3644668810711
"perturb_1",23700,1.51328787959792,-2.48354988652298,-2.99487603856581,-0.800143933560675,1.8020254970281,-2.11826874468519,-1.757969427774,0.0860472447877897,-0.012228791874883,1.70978814893962,2.43666033482982,4.77851162638275,-34.5219075997867
"perturb_1",23720,1.60614967796453,-2.44539794727354,-3.09841643505727,-0.700481012229787,1.7092223744333,-1.82512739496545,-1.73933162672135,-0.0511799877505226,-0.0806292364232274,1.96746624812892,2.31749863418437,4.65878887191253,-33.281154544573
"perturb_1",23740,1.5222483997569,-2.48849205181353,-3.06848405369079,-0.641076102363969,1.52256329219159,-0.707848848040843,-1.71068613749415,-0.0641401170838547,-0.0309139783987902,1.94103935484364,2.19462119028333,4.70090448846458,-36.0188730307835
"perturb_1",23760,1.20649231784267,-2.50537640345804,-2.90162439273503,-0.781100965597252,1.6055053062495,-0.917238023198748,-1.90710735606541,-0.102816179462636,0.080659544848668,2.00988281418498,2.03490336971502,4.72490419887483,-36.4214687124363
"perturb_1",23780,1.49202561744977,-2.54390757664193,-2.94979496779416,-0.74345070337422,1.86884384213887,-1.00466804101534,-1.76422119862136,-0.184642080983287,0.300104195829044,1.80063396545591,2.65947760228175,4.49523991693843,-32.0445894253884
"perturb_1",23800,1.67749313821511,-2.53121957146251,-2.91230798359439,-0.876949207566962,2.20866986160899,-1.95848536296257,-1.86507743977293,-0.0787065715645717,0.292166731446986,1.50349101749774,2.83439632945078,4.04283603392191,-37.8825914186925
"perturb_1",23820,1.64612391372409,-2.55620894244905,-2.94264564865566,-0.79670794957812,2.0102721127811,-1.26336399692161,-1.97871081133425,-0.0144685670633684,0.349847461756994,1.53034661137055,2.81825576968057,4.26563171650934,-33.9597057578839
"perturb_1",23840,1.90217756228066,-2.5598457439457,-2.96722852568633,-0.802911116104973,1.94675429317904,-1.35230983858293,-1.85695784852465,-0.0881766677260189,0.0783849899086516,1.69581420184261,2.76251836779081,4.02055692959374,-33.5354650033856
"perturb_1",23860,1.23656301088095,-2.57100590819563,-2.8122636065261,-0.857188824129351,1.75227897956215,-2.36967815889591,-1.77175024655781,-0.249926933887496,0.426148531875548,1.80685288115802,2.31758897113296,4.42734310492431,-38.7896667166102
"perturb_1",23880,1.71885336700975,-2.59762228034717,-2.75556832829151,-0.955791070448602,1.64043809732536,-1.21839533562144,-1.81807522148902,-0.171883672303394,0.435138620694239,1.99078990029007,1.74097615785339,4.64104336804535,-40.8245229333639
"perturb_1",23900,1.463771060748,-2.61401966026601,-2.74262674053175,-0.899470054253521,1.79746978181261,-1.31144579372971,-1.67646577563751,-0.290279959370637,0.516352344987925,1.95558825984853,2.11248404395129,4.90274699557473,-40.2416556187458
"perturb_1",23920,1.44860266137091,-2.54980451483743,-2.90175362578946,-0.811145838527678,1.8078116588703,-1.46350993376156,-1.66401519401466,-0.0911068109828263,0.0145226059499821,1.87499831674037,2.48698334821586,4.8305964120869,-33.0281874251432
"perturb_1",23940,1.89838135688997,-2.59533685380833,-2.89161112096285,-0.855885585813878,1.93447383332268,-0.797681772343375,-1.58012075664396,-0.0309315683633743,0.0642350297456086,1.62156268754381,2.6907585227672,4.87566225564186,-34.671933228711
"perturb_1",23960,1.68202106896943,-2.5693906366333,-2.91452918103538,-0.883249031703949,1.98099803782516,-1.20560390325317,-1.83779905031159,0.0292581250836491,0.015815735863764,1.73476925317172,2.48183027144423,4.57617719861603,-33.4083840318923
"perturb_1",23980,1.73841788990666,-2.57830388131586,-2.91332769519668,-0.88168957607048,2.01735813432488,-1.32832141781867,-1.99603131047514,0.031748485375162,-0.0232987004581677,1.75388983987796,2.72059186853642,4.70063353640645,-35.5238412206266
"perturb_1",24000,1.69401381764289,-2.55224704875886,-2.86893297533225,-0.89820968048447,1.8449807167847,-1.46954766532931,-1.75494887809685,-0.0209754490113209,0.166189398999561,1.52297911990851,2.59520543560999,4.80309893999135,-34.9788914226823
"perturb_1",24020,1.81757334888694,-2.5089054976681,-2.95460863460607,-0.839590968735912,1.77614640411199,-1.26262222657417,-1.82877865828217,-0.0454685316985299,0.189320566374552,1.72889568154714,2.1898359775807,5.09041325760693,-35.8374329432408
"perturb_1",24040,1.82279470285682,-2.49808945414036,-2.91549749325899,-0.908010222301727,2.14142319792435,-1.73100348358627,-1.71690251513953,0.0486220099739798,0.454624479324746,1.62156621645309,2.60316280697052,4.77457378248674,-35.6164713960771
"perturb_1",24060,2.00339391309356,-2.64117418666053,-2.87430234870562,-0.781862923187074,1.9232763845986,-1.14943610490142,-1.79167330616445,-0.14256692204299,0.261748093926712,1.75835625928958,2.21109211753153,5.13321552439098,-35.4244430549662
"perturb_1",24080,1.59524625001068,-2.59332048409432,-2.92941762904158,-0.735278659508576,1.92202461262557,-1.52199309689201,-1.74366989599416,-0.0266742612076246,0.0509265316243836,1.89884399271802,2.7579351714367,4.55262774180122,-33.8634491156914
"perturb_1",24100,1.57765932926538,-2.55311834507481,-2.91416330222597,-0.796105336880945,1.96336291808439,-1.68847402104856,-1.68678032145656,0.0952670084552007,0.209250676264029,1.73401449014055,2.85110175782188,4.5598977861019,-35.3393614909065
"perturb_1",24120,1.62072142349999,-2.47093637236638,-2.98202525372358,-0.813984567766545,2.03906309701186,-1.27837352215859,-1.62789214905847,0.0358817940615994,0.325804333010038,1.70946020677767,2.76699775111777,4.90645569644976,-33.3662748846665
"perturb_1",24140,1.66969288594608,-2.45615263984621,-3.05296219357068,-0.745992592649219,1.77402103159913,-1.20054246912699,-1.7334228981369,0.00731604024168302,-0.189777038644269,1.8656728685851,2.41683793891911,5.08455431748285,-34.4431287531095
"perturb_1",24160,1.42608300358128,-2.41713829387515,-3.08344894123776,-0.755829134636797,1.97298452880309,-1.77206467983558,-1.75573119365142,0.0599343467589656,-0.0643180199832634,1.82163344071338,2.60220727130931,4.9532524339254,-33.8038971821239
"perturb_1",24180,1.35755658062564,-2.345128227501,-3.12314375615822,-0.760097003984507,1.93477868044524,-1.6167663496476,-1.74791481643841,-0.00163629400695083,0.0330406322860601,1.90467962362683,2.34812927723108,5.02928384922464,-35.9283853733602
"perturb_1",24200,1.81072571081334,-2.43582544865934,-3.01053443250784,-0.788462155238486,1.77372683107829,-1.41577102211383,-1.7393502399204,-0.0439211225968525,0.204396455485708,1.90271103352651,2.03948054144446,4.76998877085023,-32.3997606300795
"perturb_1",24220,1.66434155144047,-2.45979747699222,-2.94536507061186,-0.804118081329827,1.50312449397949,-1.62938674601012,-1.76465320715764,-0.0992647948062244,0.348874088741508,1.98475469614429,1.95234541242532,4.66144489621642,-34.4998055137144
"perturb_1",24240,1.759630388914,-2.51485642364011,-2.94987682410081,-0.709554175962694,1.58471789950182,-0.975381425740679,-1.59386447021923,-0.0823866382050349,0.35522215670479,1.92388969566958,2.13413537845597,4.92507418055605,-35.1953485689643
"perturb_1",24260,1.67985945127735,-2.42605170034243,-2.96653984713221,-0.803264123695665,1.79757238432354,-1.29867338453546,-1.75138972962727,-0.093919897140679,0.163179364602403,1.71749789379976,2.4567147608571,5.01974048412078,-33.7540582494418
"perturb_1",24280,1.78544959848302,-2.56201450905998,-2.9161908978164,-0.805502601270796,2.0077052234232,-1.2032933440212,-1.81530131693711,-0.114419576782476,0.0693866156227338,1.78990630325267,2.57699160781435,5.0571718382205,-31.4285259489363
"perturb_1",24300,1.51552671419225,-2.58611567549077,-2.88523588712616,-0.817792724992687,1.70606663059287,-1.42216395044994,-1.86360375599727,-0.033816580763621,0.401444790938872,1.80062732510245,2.3096011409186,4.60982992619859,-34.1608127602767
"perturb_1",24320,1.60853751707057,-2.59439989261498,-2.86525215732101,-0.807715473730138,1.73873307159282,-0.880978611036393,-1.85335718217358,-0.179370987201481,0.506806913165312,1.79821422030475,2.05849206180956,4.86815317527742,-34.1372975087087
"perturb_1",24340,1.88713794556617,-2.61690181495547,-2.87769654970119,-0.76719761106797,1.89803012787911,-1.07254538412653,-1.70508539051675,-0.268467581591673,0.396637113834089,1.95131996663015,2.44192781164117,4.91007060083612,-33.9811015578476
"perturb_1",24360,1.61987145697362,-2.56607488604143,-2.94045182962703,-0.738381946633028,1.79320840142092,-1.16157924248682,-1.57732319233516,-0.144988041146926,0.174624552324569,1.86675586592131,2.69301981168239,4.72072457607745,-34.0019597455836
"perturb_1",24380,1.50945689197615,-2.49294009541797,-3.0643525128695,-0.675842951350512,1.6825935859676,-1.53288204194114,-1.68154759673902,0.00422827561628747,0.0114915563314549,1.97967816500518,2.46618933602456,4.41531668597339,-34.4508079234023
"perturb_1",24400,1.65170538892897,-2.5779552070232,-2.93237694537898,-0.743139561097186,1.86521858460289,-1.38890221117147,-1.7775241972832,-0.029674287104236,0.321582256995715,1.87433227615851,2.46839300086255,4.88883876708041,-31.8456771140507
"perturb_1",24420,1.65035295634487,-2.61892220008155,-2.96506901441886,-0.663344114225949,1.71351181990722,-1.15383904795292,-1.8565058770843,-0.148033646836066,-0.049599661650474,2.00307094281802,2.46375172516404,4.65776238316851,-36.2203280741798
"perturb_1",24440,1.50546579277769,-2.48502037805106,-2.96239958043237,-0.732720071480062,1.77414049429111,-2.13302289954414,-1.65121920961135,-0.243959082650822,0.282363778922427,1.96146662511905,2.31498511508028,4.56418108974206,-34.6316592174287
"perturb_1",24460,1.55023847684422,-2.45188367454093,-3.03174504574246,-0.708404421359518,1.98290863632143,-1.66712612216177,-1.79247768827406,-0.0455384119257755,0.133108204411546,1.83543527892302,2.50278361628204,4.77878759143673,-34.3691282657442
"perturb_1",24480,1.50988321320237,-2.39727518630353,-2.99956973988297,-0.798822896810922,1.88765548028385,-1.15226642149012,-1.8491204722983,-0.0703545947433803,0.190223796966241,1.85592761599869,2.00947716443478,4.97877756904954,-35.0046734429735
"perturb_1",24500,1.05193009957495,-2.45837858518309,-2.94544003530433,-0.900427373363501,2.13945713143373,-1.48847858204457,-1.85855970159407,0.0133472465475176,-0.0594981673872703,1.71348853387481,2.78406471465088,4.79675353057043,-38.2444127041933
"perturb_1",24520,1.49684264380523,-2.51458631969774,-2.93225649600614,-0.853275185140048,1.85101082180457,-1.23843515133054,-1.87272189587464,0.0508902349663411,0.369843975002311,1.54656845237312,2.7620783745513,4.69861598091038,-36.1755093762929
"perturb_1",24540,1.76405438966956,-2.52705873566718,-2.95164762835243,-0.77646658857321,1.86883918189012,-1.42215115733215,-1.68742422368066,0.0122634284963206,0.158668323761304,1.68894969538983,2.7758981846167,4.98420958217767,-32.9126874330176
"perturb_1",24560,1.50842922355004,-2.64967348198251,-2.82718915150128,-0.829807389080984,1.87509659786491,-1.95645702882903,-1.69943287874868,-0.133736299221672,0.257768291913563,1.86294253336442,2.23791895164271,4.52421738758076,-36.1145333880191
"perturb_1",24580,1.70493889153027,-2.56594199140525,-2.87117402641334,-0.830908782853371,1.87833909359442,-1.4657821288379,-1.9130535968962,-0.159457399146339,0.369163025959236,1.91317862780019,2.03603956213513,4.93559899854601,-33.8862708001632
"perturb_1",24600,1.75488613770836,-2.40596652544337,-3.02818098928895,-0.723058894877793,1.4583778931274,-2.15396136140144,-1.8370964328111,-0.100813611652185,0.410075849476632,1.81772908035335,1.61173050036106,4.67056796790333,-38.9755223708034
"perturb_1",24620,1.69528495867043,-2.45576927662814,-3.09212487231846,-0.765212475141895,1.69329406260381,-0.640970731595988,-1.75096581406741,0.141898032128361,-0.140133685155775,2.00498201600871,1.97779018508764,5.22584201703468,-38.4048136787259
"perturb_1",24640,2.02131561107607,-2.548851653167,-3.06021331629285,-0.745032650834007,1.98864287786408,-1.13211787251244,-1.75730729899086,0.0544329806936368,-0.0455677093408797,1.85794556427547,2.56156242258953,4.80754174317519,-32.9089384382536
"perturb_1",24660,1.79978035626032,-2.54584656016147,-2.9823228169099,-0.801279629570673,2.03251583821307,-0.687010703238079,-1.78493757816996,-0.00660241424967766,0.0669366079585038,1.78178237344964,2.73734639202789,4.73157832317439,-31.5857858987907
"perturb_1",24680,1.65663597990508,-2.60791870823978,-2.92446571412946,-0.77637366772754,2.03365842811965,-1.38857682611585,-1.75356614216213,-0.128228533609567,0.525784411796286,1.43295200301764,2.68325760390232,4.59532463311937,-33.7513158508075
"perturb_1",24700,1.81730599639185,-2.51358021979229,-2.92116936097565,-0.838781609982593,2.11072528451295,-0.66589048278674,-1.72562093472958,-0.2021450624831,0.447979351161776,1.29902237694432,3.1927039825921,4.83420152144286,-36.2576186515902
"perturb_1",24720,1.78712050764704,-2.49969062305382,-2.99971069560416,-0.748478063796844,2.00802866472842,-0.742091142370962,-1.76303889293715,-0.0838717097024072,0.092882847522894,1.65135361981766,2.70939018736291,5.36380572743465,-35.6399808685756
"perturb_1",24740,1.99979866695913,-2.57486859998383,-2.904518277341,-0.775075701871462,2.07286706670379,0.0951409683315624,-1.87195001527891,-0.228476971578074,0.360945063317214,1.42200913141185,2.86851209445582,5.14157654238705,-40.0906934670122
"perturb_1",24760,1.90981618490428,-2.53748935507291,-2.97125217634424,-0.753268502081819,1.86200181988081,-1.18592931435284,-1.91438199680732,-0.0228094087265497,0.127220333116904,1.8775520653118,2.1725581777376,4.80690844191685,-33.4534132843275
"perturb_1",24780,1.76179353797513,-2.41773817451154,-3.01967370819412,-0.756927542720659,1.93166839337756,-0.352451704482749,-1.98842352894239,0.0596041845337467,0.257818111202515,1.72914043815975,2.62429354533207,4.59407634102652,-39.9835816546564
"perturb_1",24800,1.93000674411544,-2.49353210835448,-2.96556675725627,-0.835863477137713,2.05246505933563,-0.960621971874298,-1.7517827775097,0.0494256092638051,0.52788894683742,1.58791367892872,2.58763793257944,4.88475473912536,-34.4807484827846
"perturb_1",24820,1.50744156213052,-2.4996233260928,-2.96417654314109,-0.834643113129199,1.98616017686457,-1.76966944684675,-1.84842600434466,-0.0555896675071387,-0.0313313569580746,1.72939247856804,2.34035325133187,4.64536003592788,-33.9984026439988
"perturb_1",24840,1.76452902119116,-2.54664299393909,-2.966163673376,-0.809615954830366,1.85484728723812,-1.15228463540402,-1.7358993099903,0.13272902349156,0.244881388006639,1.58180033751055,2.38382488431077,5.09437643934659,-35.554179731095
"perturb_1",24860,1.95263215473719,-2.49253591342336,-3.05172052095409,-0.776973628714229,1.96017400171447,-0.854143906988557,-1.87282007212245,-0.0672701654245084,0.129861707161064,1.54624620771089,2.6542720082783,4.75931070705617,-34.2036020960348
"perturb_1",24880,1.93990496853372,-2.58221563253145,-2.97159859777895,-0.804181384410716,1.92805786851511,-1.06144718734028,-1.78326138611923,-0.0961252745571949,-0.114484440103842,1.78539864131699,2.39012130164471,4.68258587046574,-33.4059367336496
"perturb_1",24900,1.94399640884743,-2.69982957965151,-2.83392164869,-0.85199937011373,1.88327599074333,-1.15030494484134,-1.87205874442038,-0.088092665347647,0.0942870927268266,1.84084883625323,2.17600736486129,4.898100355672,-35.6435838452661
"perturb_1",24920,1.97843936280007,-2.60913166688732,-2.89445470407138,-0.755315195953653,1.7877321684764,-0.70268632340774,-1.63330327638397,-0.243905387794418,0.385280077514608,1.91447827041284,2.00503521752939,4.83497647094437,-35.8813761302311
"perturb_1",24940,2.01138617189444,-2.6398527253365,-2.92744654863627,-0.727006652729517,1.79282555536124,-0.964129785614196,-1.66002021758857,-0.221104689226071,0.46311339856625,1.85047233515244,2.0120700435142,4.80547001721062,-36.7058079215528
"perturb_1",24960,1.5826174611778,-2.4913473610562,-2.98413715443872,-0.769065183956183,1.87931565864362,-0.0124447034987627,-1.86815489867937,-0.116365719238339,-0.0933706862706182,1.7261360007075,2.52532836515691,5.05279058338891,-36.5903000618507
"perturb_1",24980,1.9061425640634,-2.48148787823129,-3.04855944223124,-0.838425487485539,2.30674875954371,-1.81487253005893,-1.83744245216082,0.0142637256340279,-0.0134452204260778,1.64384680926625,2.61907047961934,5.21151552295964,-39.5687987269458
"perturb_1",25000,1.89750791069665,-2.41821252193438,-3.12917131818257,-0.757513274407413,1.92230676063868,-0.872786356751145,-1.7911892081883,-0.0750892939728404,-0.432038638535912,1.90159494076652,2.46932730156982,4.44340709530962,-40.0661554618078
"perturb_1",25020,1.56530747442015,-2.44559443995533,-3.02767198582825,-0.842033353345139,2.05956366832133,-1.38252325373401,-1.78483138325419,0.145145531290765,0.159736241508857,1.61304975887299,2.839413330437,4.32458695846326,-34.9141232705122
"perturb_1",25040,2.15076930514297,-2.51408836569882,-3.02787933617535,-0.79431483746391,1.91330520948365,-0.812141263502948,-1.83396904928652,0.0202622170984168,0.0277308548720006,1.76316873497667,2.73956009127941,4.93785775479924,-35.3996606589035
"perturb_1",25060,1.72827131932947,-2.47193714037401,-3.021794431618,-0.814897687808598,1.81075095931306,-1.60055641577998,-1.84190614096578,0.023244875857548,0.0244632037845568,1.97075828180534,2.34526721678746,4.89318596126032,-35.3694375342324
"perturb_1",25080,1.83228635550389,-2.45152364366298,-3.08603038035856,-0.77956642008328,1.98387605494226,-0.995802838135636,-1.74940002588937,0.124668349049056,-0.0610711362559355,1.68836186888398,2.62832009002994,4.66282215032023,-33.2532389388484
"perturb_1",25100,1.80244007409764,-2.69950934720368,-2.84914124649049,-0.858898817051923,1.9008843443033,-0.815745220284506,-1.98628956820167,0.11894267645694,-0.0177273923139788,1.72813980783387,2.48784532533608,5.14690212021471,-40.2742971423413
"perturb_1",25120,1.70984970162431,-2.61857932328274,-2.87849107067669,-0.783869673623132,1.82684900147467,-0.792657114732043,-1.77868677836153,-0.264011176793308,0.203560243303167,1.96934050415889,2.28594870231084,4.63177521835893,-34.0915353729475
"perturb_1",25140,1.57701855046906,-2.49867906734221,-2.99160909370751,-0.712257488885709,1.78232890443977,-1.19103611559519,-1.76837922369689,-0.15211458209855,0.241890253726529,1.69755774175081,2.50917223055865,4.54805621859252,-31.2487737097454
"perturb_1",25160,1.57701855046906,-2.49867906734221,-2.99160909370751,-0.712257488885709,1.78232890443977,-1.19103611559519,-1.76837922369689,-0.15211458209855,0.241890253726529,1.69755774175081,2.50917223055865,4.54805621859252,-31.2487737097454
"perturb_1",25180,1.54593212897444,-2.46718759944652,-2.96849737923264,-0.790400222512432,1.90488293329457,-0.778483453500327,-1.59016785606183,-0.0627701432776139,0.30899589074047,1.54532994515115,2.59150623986192,4.71673490088511,-33.0313321693682
"perturb_1",25200,1.66912707689872,-2.46176724273109,-3.07456079980202,-0.689502591720879,1.92273462849448,-1.25630835155108,-1.59430992238995,-0.0470077962333056,0.0865123931113497,1.76629907297167,2.61954212271325,4.90527210822348,-33.3139182964815
"perturb_1",25220,1.7591644216343,-2.48310198012843,-3.01091327985398,-0.803144088065856,2.10957414925942,-1.572532587454,-1.88595150179152,0.0305017475600837,0.147609919858978,1.67727925671663,2.41505146642091,4.90725363084462,-33.8110349522845
"perturb_1",25240,1.65178711127841,-2.39697794497429,-3.12989791374547,-0.727751654342087,1.81584513931078,-1.35241399655858,-1.7495292217026,0.0562206344865211,0.0497703560391881,1.66251756141619,2.40470129787931,4.69845910884788,-33.9689208795408
"perturb_1",25260,1.94521502534075,-2.43348995227648,-3.04183877256216,-0.863154602247217,1.94697696811766,-1.28684026139452,-1.87546889043469,0.0231079521817214,0.162895587791578,1.70657776511875,2.33438520084154,4.81315549465836,-37.3682330923988
"perturb_1",25280,1.93809680117104,-2.46583355625899,-3.03974194794992,-0.76854013264101,1.8702110202955,-1.11040875950215,-1.73018052003407,-0.0189872574295866,0.196320065811489,1.78838180966065,2.5786085198458,3.87340550215513,-34.8347110540617
"perturb_1",25300,2.04290378575005,-2.54505806000433,-2.99736073324646,-0.709871661382901,1.76387433098964,-0.847998437776056,-1.68995565955002,-0.138581971243043,0.306658698141609,1.65241375857102,2.74356755259951,3.93897132849181,-36.2536271059548
"perturb_1",25320,1.5421784142624,-2.55295611006804,-2.92457304518306,-0.681486715245464,1.68219314779586,-0.70675065465024,-1.65795502049453,-0.141327223462516,0.376995113184361,1.69753158766776,2.74490815882599,4.32384329492308,-38.2476119474306
"perturb_1",25340,1.94819263326336,-2.57821647549306,-2.97071433532245,-0.764109137902008,1.64304040502782,-0.841545055351151,-1.77240598545022,-0.0831303812872988,0.108813634890607,1.78726127348551,2.51873222870712,4.15075618048565,-36.1513048630088
"perturb_1",25360,1.89324925957102,-2.49789722513895,-3.09073511881234,-0.669311401812847,1.63545042667471,-1.18761331476194,-1.8606653012749,-0.0544515974143762,-0.0747170214587865,1.90321125336369,2.29230916030147,4.47670192077907,-34.3039150936947
"perturb_1",25380,1.8635032770598,-2.55492452427651,-2.9525383389823,-0.748886706683917,1.69468080699346,-1.5067340868188,-1.80021241624433,-0.0510311834728556,-0.0134130301465534,1.92057270234191,2.56866956420082,4.24776593526267,-33.3329670477605
"perturb_1",25400,1.91880392243851,-2.52127186340489,-2.97897782895423,-0.755726038488611,1.78054971643479,-2.23329047151079,-1.95146882574277,-0.0685854416745232,0.286906157788739,1.75839427424446,2.54675159220004,4.36529664122757,-34.4215412866917
"perturb_1",25420,1.5772643850218,-2.42336147841742,-2.9057695329951,-0.822218948750573,1.8802890634606,-0.976472515569727,-1.86940388891247,-0.22172789750309,0.581848657012455,1.68981155853927,2.51792392204389,4.3951650460147,-35.2303876976639
"perturb_1",25440,1.44182455614949,-2.39182617039905,-2.94978303676669,-0.796571740439323,1.69913704646345,-1.18731327963404,-1.68733650276539,-0.0894986456089294,0.611252997147565,1.55585555926736,2.37545264216057,4.86110637520305,-36.9494263614101
"perturb_1",25460,1.38788015158304,-2.51097329667532,-2.92828766812969,-0.820303629946733,1.83115135838148,-1.38285196255709,-1.9507454276283,0.124185916719115,0.45464263876055,1.63675049639768,2.36904871103745,4.56057547617169,-37.3168225187291
"perturb_1",25480,1.19180889356546,-2.44539493459138,-2.92502971855448,-0.87615088976616,1.89257647880159,-1.42153330912013,-1.78125738259143,0.0725351023179277,0.306420619225183,1.75682431391789,2.24811900259915,4.33700827975201,-38.4837308529997
"perturb_1",25500,1.61687932708908,-2.52415745657271,-2.89653448986468,-0.847508393569097,1.9856929299179,-0.703146191733878,-1.68791568570006,-0.20453447956066,0.110151435275183,1.80713059203524,2.60794485916435,4.74009245319205,-32.7893406267703
"perturb_1",25520,1.78208441500383,-2.60066222817569,-2.94477890839417,-0.802839019395045,2.02732223404304,-1.09230298148872,-1.68669750392762,-0.0355231627323675,-0.00653138090745698,1.61319032343523,2.68751719952905,4.57294418047104,-32.0694281037435
"perturb_1",25540,1.37619272066947,-2.4795490413521,-3.01052648305255,-0.754659162325781,2.16345174760641,-1.4916479624288,-1.79344461545556,-0.162975272549454,-0.0325904333407362,1.65038512499055,2.88998781051051,4.83502333864793,-34.6482912407758
"perturb_1",25560,2.0580311235685,-2.56105736631354,-2.94793601838445,-0.769700022732107,1.86476527785581,-0.841109952717846,-1.85726379686072,-0.15979853914585,0.221858341337758,1.80017042077474,2.08698038630909,4.86841916524309,-34.0081723137147
"perturb_1",25580,1.86108188931295,-2.47355963788339,-2.93890273741869,-0.821285868657644,1.94918387020596,-0.566995126784076,-1.86431776527597,-0.175353288432399,0.532921480839251,1.7246603278099,2.2656170773277,4.55320827309732,-35.0201952814336
"perturb_1",25600,1.92348477626833,-2.49990905939835,-3.00281194774517,-0.778782326072324,1.80406773059579,-1.69962220591745,-1.64500626857563,-0.159836531195527,0.305179230154459,1.71825387536436,2.10048515147825,4.61087415947685,-35.7786286417947
"perturb_1",25620,1.77469886045233,-2.42779983701433,-3.03533418685399,-0.757688574951054,1.73318829337389,-1.34244917901465,-1.90315552470898,-0.0136516295966839,0.209716143131505,1.80779694277819,2.21265056220058,4.60808613447603,-32.7505329079464
"perturb_1",25640,1.73854228200213,-2.48616890392138,-3.07200375166604,-0.694640775769968,1.85506907062232,-1.21036049945354,-1.81361852481912,0.0897723372656958,0.235865246408769,1.9387283760654,2.26129364983206,4.49967593229729,-36.4731771593102
"perturb_1",25660,1.82775987868662,-2.55717159030104,-3.03221695514738,-0.641578457737716,1.72919343509704,-1.11339845661222,-1.68089411688471,-0.195501095566163,0.335661851653858,1.99937742408315,2.10146992652975,4.42488164660383,-39.2180655611341
"perturb_1",25680,1.6636628270218,-2.45555169183066,-3.0324472884506,-0.722082594058541,2.12724631999996,-1.45109662213504,-1.64804652031577,-0.22080588560702,0.506647146874244,1.5067646261913,2.92045375770423,4.51481435815148,-35.7320522248234
"perturb_1",25700,1.98100145060298,-2.46342291211632,-3.05900556466474,-0.637286214026983,1.95686045698519,-1.22978753874722,-1.65064404711739,-0.300185068346302,0.568278476844686,1.63715553734761,2.71220294279617,4.59286875422295,-39.9716441763155
"perturb_1",25720,1.79595858341253,-2.43899606504101,-3.06155749538606,-0.657605511860007,1.88717613710341,-1.19633866231657,-1.62124927892181,-0.349091621823282,0.434776529998452,1.85620145197311,2.64671380273645,4.60270332029405,-38.6203358711625
"perturb_1",25740,1.44767759662297,-2.6099221346588,-2.91874445022728,-0.743941342380593,1.70796549243938,-1.05774877200849,-1.74778055716513,-0.216672133468632,0.184355526178808,1.91404589622371,2.39027887445953,4.07471630819108,-37.1985735663067
"perturb_1",25760,1.47591953817229,-2.41038522066902,-2.99971016678157,-0.752276472405228,1.58854131666496,-1.40935445241099,-1.63342668490984,-0.109572008011147,0.177207239771112,1.97243345349693,2.02329845061873,4.04114026766641,-38.3599060340261
"perturb_1",25780,1.52564609019057,-2.40544466815976,-2.94534523535043,-0.796596183717784,1.74746709685476,-1.70172386533538,-1.75690702943877,-0.163143816021493,0.306473162588039,1.56769475630565,2.62225312263783,4.6783077244351,-36.1531885584434
"perturb_1",25800,1.41382147015493,-2.45756466043792,-2.97011172991703,-0.740998490828204,1.69976205535387,-1.84305314807376,-1.80054894421783,-0.203636284175646,0.323810052871189,1.65303791716745,2.52690640392526,4.72957096210051,-34.5970938853751
"perturb_1",25820,1.74390391575162,-2.54105649601157,-2.95244649119267,-0.800455991803905,2.05096250949893,-1.2927086681786,-1.72828876552972,-0.275306131632899,0.295380059754008,1.55824248973983,2.93002295593953,4.35096737923638,-34.727189709944
"perturb_1",25840,1.71580537152521,-2.47610257877517,-2.93501887618609,-0.842227562458558,1.8928187029596,-2.0927891857096,-1.86012746254602,-0.144199821288261,0.280930760488206,1.73960179474732,2.41652533655985,4.4181505460215,-33.2462577637297
"perturb_1",25860,1.65217097652957,-2.41722077615481,-3.0362982152101,-0.76048286396603,1.74568651471859,-1.77407864210519,-1.86032530445965,-0.139033567763512,0.17542353879567,1.78340221327383,2.42028137820707,4.32099936658111,-33.812953287773
"perturb_1",25880,1.55305146578142,-2.42202202046032,-3.01404081663238,-0.794746331757225,1.88827959068317,-0.84397128320113,-1.8622606412668,-0.152826444422967,0.30630170172975,1.79936076278752,2.33648370999896,3.96868350141316,-37.1756595207989
"perturb_1",25900,1.79586329726843,-2.41838448475156,-2.9860366140891,-0.769324007493646,1.71392545566879,-1.03555433548857,-1.80515852335558,-0.337943379659516,0.224154584698446,1.93219916991699,2.2287774670022,4.21846248042968,-37.2181816642281
"perturb_1",25920,1.82122246366687,-2.52022827082238,-2.94270963870948,-0.777930766086198,1.76706653738361,-1.95092671282758,-1.88338881792279,-0.0915301873082947,0.276891482261683,1.83431152957231,2.37298293032537,4.64107486381033,-31.366755651165
"perturb_1",25940,1.88366329034094,-2.56153012151296,-2.90841469709725,-0.777940401552279,1.98034059188855,-1.61755688379396,-1.65941260220838,-0.162859546629414,0.615897690836934,1.70037815864639,2.62948897816303,4.66027529926294,-34.1131101068348
"perturb_1",25960,1.62862370160188,-2.44850531486279,-2.98712451963875,-0.760381658207351,1.9736546249209,-1.41583322100296,-1.63743949757198,-0.160181759238237,0.517470195489249,1.85678044403283,2.67370117512398,4.27429133984771,-36.0657742353949
"perturb_1",25980,1.53337689400461,-2.57926691370814,-2.87977588876271,-0.803932466687825,1.84065821874483,-1.09923620351466,-1.75673933050962,-0.18216927214631,0.558392856327072,1.92535061852974,2.20065956737849,5.01732940478605,-36.4408252974339
"perturb_1",26000,1.57584621355695,-2.52043015984957,-2.95579181634374,-0.753148287011379,1.81531042344928,-0.574941878821801,-1.77105846789926,-0.14444280787496,0.386399641565316,1.7463292248036,2.68418562700251,4.53900424261449,-32.671532719789
"perturb_1",26020,1.73705513757357,-2.53710690620191,-3.00257274761723,-0.771734072987428,2.03428726538484,-0.668986689596905,-1.76504387884564,-0.0342709960176205,0.148091735722144,1.73101879311674,2.50770393595659,4.78081317391234,-31.6843537148977
"perturb_1",26040,1.59888085813049,-2.53689213019886,-2.88738702055793,-0.802848201508781,1.87298497979376,-1.13948020719032,-1.88534255840539,-0.0729201514042814,0.330395722867983,1.87473332158987,2.35960402383838,4.89067352313265,-32.0414249470431
"perturb_1",26060,1.55933504077994,-2.56908134101089,-2.89641634128067,-0.814306844680948,1.85650986611814,-1.70022495174881,-1.93030293936289,0.059620927205263,0.0507363375272081,1.89877250245106,2.57828356893924,4.78858348189034,-34.3938502605961
"perturb_1",26080,1.88779066486287,-2.546779049813,-2.95919334457838,-0.833362537162689,1.92378994579921,-1.05032268460296,-1.94393070286557,0.0420229444486945,-0.0552970440865732,1.83619745247057,2.638363935609,4.30468815292619,-34.2273342494058
"perturb_1",26100,1.77859728116929,-2.58652501608043,-2.89431977775925,-0.905299457418279,2.07230985494379,-0.965227084462815,-2.09989424357083,-0.0125841614003296,-0.185770029872352,1.6353274427909,3.02226604967101,4.39020894901531,-42.1390927798495
"perturb_1",26120,1.8031681566304,-2.54757026505535,-2.91275787334196,-0.775385145016639,1.66827434534864,-1.30281749845609,-1.67651406584961,-0.183305941699893,0.0276361199914425,1.83575676078933,2.73959431794421,4.50132032853017,-36.6297563238883
"perturb_1",26140,1.66038667861124,-2.50529530105796,-2.96986246445702,-0.7823787368888,1.76332671147075,-1.12073325767207,-1.64858929184931,0.03884222855424,0.0163391805665176,1.96624618711901,2.68626446201395,4.50176046652832,-34.5149770442493
"perturb_1",26160,1.58593109521496,-2.52774155767442,-2.89081139503268,-0.850321368593759,1.75688856681056,-1.06541290192409,-1.78609944119644,0.00385933851686499,0.282048762246878,1.73323998287452,2.42417218473765,4.55149316339546,-32.1998487003078
"perturb_1",26180,1.83828206186549,-2.59997112934162,-2.90962942248482,-0.773688343780347,1.91768214380717,-1.2040376476588,-1.70182774407436,-0.0736377283134355,0.440803393511585,1.45768553645139,2.78518396619473,4.50297833679891,-32.619604843533
"perturb_1",26200,1.93104322850087,-2.49521744733268,-3.02770719670383,-0.6666899738947,1.82397852847364,-1.13929926509863,-1.73124188499064,-0.225782383191855,0.570953963757519,1.55366412772217,2.53194318132609,4.32732835987632,-37.0811267367071
"perturb_1",26220,1.81267958967885,-2.54614715057123,-2.97318753371789,-0.752028645677979,2.10760248725639,-0.482467637992755,-1.75383795512454,-0.197463055904832,0.279224435854497,1.66582564591086,2.86694874820939,5.20730563966675,-35.2433653995428
"perturb_1",26240,1.78440921247043,-2.56521893167759,-2.92618431107836,-0.778108791690284,2.15861214377215,-1.40309274917395,-1.99909007884535,-0.187774647414186,0.343348716941438,1.79667920825973,2.44037543996356,4.93352798869981,-37.2974205184087
"perturb_1",26260,1.64487765867179,-2.54823251890776,-2.94125507015464,-0.792959255477778,2.17572117289712,-1.00772189181934,-1.9763180581819,-0.173077423486792,0.345453360101958,1.87438921142086,2.55097662843142,5.04506537818421,-37.9089397233957
"perturb_1",26280,1.9279998438816,-2.52449380647827,-2.91343778642336,-0.854085289849065,2.17861939759357,-0.464375458309212,-1.81858547210064,-0.101468832581356,0.45266328173881,1.73077123137225,2.59363269543767,5.14055678253641,-36.1732010655817
"perturb_1",26300,1.96933508825935,-2.53350781796187,-2.88905632778731,-0.803135058982404,1.93073283514545,-0.878664186272246,-1.75100818936028,-0.117681324989141,0.575446123039202,1.67172255197847,2.62386962419649,5.06625319519243,-34.7377707836888
"perturb_1",26320,1.90620588718778,-2.46340560912759,-2.95284316624461,-0.846837929642709,2.07310508628391,-1.37205962179927,-1.67967579329655,-0.0822371021202031,0.341288498055187,1.60633788784171,2.76920802969416,4.9056515257821,-32.2365331608652
"perturb_1",26340,2.03119708209794,-2.5109614132088,-3.02637464428643,-0.786003114345706,2.02229576582707,-0.98693914710302,-1.7273011574514,0.0378544137506489,0.107989344463646,1.58466678841031,2.54397742613119,4.90257740146688,-33.1125144041153
"perturb_1",26360,1.68440333650225,-2.49640113368607,-2.97183025387704,-0.748331499507836,1.99021795864171,-0.315870561121021,-1.71274083617642,-0.126909897476518,0.105625194848524,1.85816073920742,2.6111439390317,5.09298848418076,-34.2204660326777
"perturb_1",26380,1.70430021266113,-2.52886012532188,-2.97806639982524,-0.799683082155447,2.05959540633068,-0.598435210764423,-1.833602519619,-0.0489603956231428,0.234462016745857,1.84844437861674,2.25042032723392,5.14522231266758,-35.4617168835034
"perturb_1",26400,1.5210881997886,-2.52048425585269,-3.02945714306192,-0.763690911719797,2.11197616011091,-0.392392400354818,-1.76791683230585,0.0558670187579932,-0.0610646687516356,1.96742261272666,2.68479043126662,4.76862350555545,-37.62700508266
"perturb_1",26420,1.38230827600045,-2.52981646739072,-2.94491954035351,-0.79407930982107,2.11793528869714,-1.88362793145321,-1.81834311229356,-0.144336294230939,0.121911279552642,1.81167064881804,2.89268858570126,4.71603565525509,-34.4930074558915
"perturb_1",26440,1.44986239356822,-2.44596303220662,-3.05029925493453,-0.734200825563883,2.06695710218719,-2.08133224455362,-1.97835962759439,0.00226698109994862,0.159545634328608,1.79871469119597,2.87582750039354,4.85758500008912,-36.7570809069567
"perturb_1",26460,1.37820289303116,-2.3914731344055,-3.04971974012412,-0.821993991760135,2.13657273598519,-1.9713057636126,-1.80745791277102,-0.0185095452887012,0.246485441401032,1.5903206101825,3.01806851767922,4.56867038285786,-36.4222448866497
"perturb_1",26480,1.40576088275066,-2.39396218401632,-3.00766867227902,-0.750670120747883,1.93740012907005,-1.89998995949756,-1.78762218102521,-0.136002910293031,0.366051297112854,1.75386732314554,2.59942572378578,5.10905091286958,-34.4383778504748
"perturb_1",26500,1.84375104334523,-2.53562868188502,-2.92096370069356,-0.81389738039651,1.93848075969777,-2.6860753056123,-1.68847927872799,-0.119185310951392,0.197218609714267,1.5782710101609,2.69523096528183,4.79927114873615,-35.3692668487066
"perturb_1",26520,1.30197118058835,-2.51179138236118,-2.96359727437234,-0.691214845999514,1.84342742967754,-1.43981711199511,-1.69868670180646,-0.19438941281604,0.193025665800766,1.74265884411936,2.58596107753821,5.04252585960974,-35.2837970307503
"perturb_1",26540,1.75965763250915,-2.59492615566466,-2.91873955587709,-0.712107573087404,1.94393605278673,-1.05154572374559,-1.71705885454194,-0.256133959619273,0.226199646604903,1.7067857127227,2.71781319921303,4.84055383268601,-33.4900762810844
"perturb_1",26560,1.62024260421034,-2.52136648019684,-2.94600791561812,-0.74440967024662,1.99920368460423,-1.35035171798685,-1.76922615318937,-0.164243213149615,0.183984565405765,1.74631830769983,2.96356758701441,4.64100775456144,-32.4060657980095
"perturb_1",26580,1.72818200911243,-2.38860956315468,-3.06124079402398,-0.683791342610398,1.56176726114813,-1.6897262352803,-1.60657262560123,-0.0614989023655799,0.127889040711722,1.80412969230462,2.59828241615219,4.50334047357101,-40.5974594319078
"perturb_1",26600,1.95495068490673,-2.49255714873525,-3.00161784998397,-0.759390825525698,1.88777007057584,-0.329674992554154,-1.66664327703253,-0.119769829784556,0.079466236268708,1.77097272891719,2.76080169838359,4.62062809017686,-34.0235636477822
"perturb_1",26620,2.02287307883674,-2.48635465709189,-2.9759361705059,-0.784948982365908,2.00543053234928,-1.63557298720344,-1.81102632529744,-0.194475013432982,0.19688474539696,1.8788738934857,2.66385304054783,4.62532010671392,-33.1066138131588
"perturb_1",26640,2.10656997735332,-2.51866998270154,-2.92019051491204,-0.806558922419154,1.78738777292358,-1.60656834553963,-1.68946656016801,-0.231902331130087,0.270289542306002,1.79592894593922,2.54602880553009,4.26827592423671,-35.3175328850076
"perturb_1",26660,1.89212002828413,-2.42644455246981,-2.98439456479262,-0.819806955910268,1.98058969490157,-1.51708251817631,-1.82547277773454,-0.250061443481003,0.618637962498338,1.4424307271115,2.55537674931392,4.34193915867998,-36.8448629333257
"perturb_1",26680,2.04209394062256,-2.54119380290349,-2.92648285073781,-0.804428519851631,1.76383169939679,-0.993429752670356,-1.74976178755248,-0.144129222283096,0.293557781944322,1.70595473647428,2.55372477322171,4.00849515138818,-34.4870559555519
"perturb_1",26700,1.57630324395555,-2.55863536419623,-2.81769592184682,-0.869842357942188,1.66486670335029,-1.375193082963,-1.9195698335761,-0.199449432678326,0.191884221770193,1.86616582564989,2.14074624928917,4.37631011458526,-37.3657035480101
"perturb_1",26720,1.50883347144856,-2.49832906045596,-2.89730864108653,-0.834033351999176,1.9766423910205,-1.19332829010744,-1.74060993220388,-0.229892644720116,0.210518489053386,1.90800173430895,2.42082603133856,4.59746091708494,-33.0338659338635
"perturb_1",26740,1.53047216696005,-2.49424581416581,-3.00285311461657,-0.748344830756892,1.87620651952182,-1.28206019594442,-1.7747493497761,0.116003724420537,0.131479138802298,1.57016769837884,2.71470532997559,4.95269845485843,-34.5372411807185
"perturb_1",26760,1.60694127734064,-2.61863401803934,-2.981144522256,-0.685006846308264,1.76382572965813,-0.588674066810561,-1.79160132456651,-0.010230052141076,0.366104888863559,1.69699774741248,2.33517886613225,4.84113969909965,-36.8923510473638
"perturb_1",26780,1.43030404211364,-2.50953989049474,-3.01845201958171,-0.731239837423103,1.99143424449061,-0.730763975960354,-2.01867054441872,-0.0970540711436578,0.269800975976615,1.50183294356874,2.70584114078591,4.59350445115983,-36.4147260918189
"perturb_1",26800,1.7503161608774,-2.57679528569659,-3.01943679479918,-0.757284583587603,1.88102295009691,-0.762094705111906,-1.84895489120262,-0.0279504948301775,-0.217434547296526,1.6032062864192,2.60440425285188,4.82588519854066,-36.3977544942243
"perturb_1",26820,1.79435041029237,-2.52462274699856,-3.0265780135213,-0.840635745732,2.1565329745214,-1.24811912436522,-1.86948755784587,0.0708605685990655,-0.120363125116191,1.48259676452449,2.90076522565899,4.52407418394409,-34.6023488745071
"perturb_1",26840,2.03483272905542,-2.59343778854088,-2.88144370522318,-0.830660395804285,2.01727638657454,-0.0076275695793323,-1.79856557567856,-0.127393797841383,0.299405685617588,1.8349056164696,2.89881169457237,4.66927760365682,-37.5975670399816
"perturb_1",26860,1.8281966153004,-2.43883489974279,-3.08576725878903,-0.740476581831688,1.66632414377837,-0.433163128851095,-1.84087627078931,0.196502204258736,0.0339336034166617,2.06570544341841,2.30735949911044,4.76992718769903,-39.5268793056283
"perturb_1",26880,1.73893509005292,-2.33670099677234,-3.1237132751359,-0.825373026257756,1.79754972020746,-1.71590655824516,-1.91963344190652,0.134644831302281,0.125121163915834,1.768854880669,2.31071409597046,4.64377895683256,-40.0448218391789
"perturb_1",26900,1.87663537697004,-2.46013254982285,-3.09373889710823,-0.776855103999678,2.02414310724157,-0.874271886522441,-1.88255156124982,-0.03593873685652,0.16406284818612,1.4160419446595,2.89577404348454,4.43778338257303,-36.8732287647799
"perturb_1",26920,1.84188207473955,-2.47613597132863,-2.93717210699586,-0.78872694358789,1.71711512817059,-0.653062757324048,-1.86764594361823,-0.130590329400257,0.475004614417135,1.77850097640909,2.23501196652972,4.4510109554357,-33.6156796200954
"perturb_1",26940,1.66726566958059,-2.39239365751225,-3.00704231919278,-0.82920354761416,2.0320157580621,-1.27306607931987,-1.72099774230878,-0.0143561027384751,0.292798519132629,1.64474062883063,2.65707245900087,4.62592096854774,-32.8467455073307
"perturb_1",26960,1.57581340116839,-2.50574782143356,-2.93283520501719,-0.813325972687746,1.99752814040242,-0.337323438729988,-1.69282962178616,-0.234764970646234,0.142871334860091,1.83299398475682,2.69018193726265,5.03724135092337,-35.2795306664799
"perturb_1",26980,1.58780860399452,-2.47451992490505,-2.92591518124251,-0.843832119118278,1.96922079119091,-0.708269489368991,-1.74743505361089,-0.0344840420283074,0.496809852316836,1.56206142444802,2.76814265973961,4.81986664590526,-32.5118537877424
"perturb_1",27000,1.77208163684636,-2.50794660086637,-2.90288737522578,-0.857777284570164,1.87766181141405,-1.92136030163999,-1.77310165638678,-0.0935521676300732,0.271826451376927,1.69238862887144,2.63379533867875,4.71121978609202,-31.9021495189903
"perturb_1",27020,1.7211896763964,-2.60420773692121,-2.89623677307882,-0.76092615488658,1.77196002493719,-1.82614315002663,-1.81597902247396,-0.105421072602582,0.250797825363507,1.84447959888281,2.55999324157881,4.62743640598465,-31.6898273701647
"perturb_1",27040,1.8675767713326,-2.6268335047368,-2.89240650019473,-0.776934251079723,1.90212229286331,-1.83338212615337,-1.79455473432209,-0.11155729762414,0.254609667513629,1.86800127436077,2.51065237650889,4.98022782962949,-32.3686176758935
"perturb_1",27060,1.94633271001276,-2.50554711859238,-2.99905017928846,-0.748801259680558,1.81326028612565,-1.35338382671026,-1.90429409820634,-0.060495119839216,0.159472027214751,1.95767335768703,2.56746222031249,4.7748564693921,-32.4622556433421
"perturb_1",27080,2.01207842146157,-2.60928091224775,-2.89247861256888,-0.846480684887625,2.02607599952076,-1.49750359110028,-1.82375260636297,-0.107419865400922,0.233888535249783,1.73066955807845,2.64190723442573,4.80705573376023,-31.6579008426499
"perturb_1",27100,1.9517785692726,-2.62161884181802,-2.89102223075341,-0.799607594132242,1.98344480911157,-1.53578012046809,-1.73475038189036,-0.116147355684401,0.323377040057741,1.50087666841258,2.84022357120537,4.81331785116178,-32.0181166640322
"perturb_1",27120,1.75812501860861,-2.69700798059684,-2.82556096821128,-0.751711476667842,1.91472642311827,-0.888335074779139,-1.80091902421883,-0.299074179760538,0.349261900711387,1.80621055988997,2.55137888693678,4.93909052231775,-37.1131494854866
"perturb_1",27140,1.52380791283641,-2.48931314552166,-3.03470071012946,-0.719140378621416,1.82868868604447,-0.440850035919193,-1.69900036777518,-0.0632920006407368,-0.0989444334279598,1.7738798616714,2.46082750183745,4.88764763871043,-33.929549275483
"perturb_1",27160,1.76637665828085,-2.49763388848068,-2.9532936692104,-0.855080245559555,2.07767327820666,-1.63992963185219,-1.76830840113804,-0.274812893814754,0.0734709038001526,1.61772588872998,2.73440601819438,4.2840278274507,-36.9428239025756
"perturb_1",27180,1.53690545036996,-2.5526944291786,-2.83475421501248,-0.910928941429515,2.03529706500738,-2.17381254772783,-1.76198127661702,-0.11857229098962,0.29010310516691,1.58394465722818,2.9202757371874,4.29447911907373,-35.5734186826756
"perturb_1",27200,1.56143734265974,-2.52599639187161,-2.98341684524341,-0.841424083024417,1.99915576887233,-0.741894208248067,-1.8175241319525,0.103690399634825,-0.16607155707812,1.56837500827308,2.72029176438789,4.92874014223668,-34.7163858381654
"perturb_1",27220,1.73672457612693,-2.54543503194615,-2.96437436473351,-0.845027516501163,2.08061357752398,-1.48627895618868,-1.79232923292035,0.0766461052000989,-0.00614911563544449,1.54950452379423,2.94871950847305,4.81328672235908,-32.845222682935
"perturb_1",27240,1.77502895611137,-2.49978403262133,-2.92407263867272,-0.88057755023262,1.89233581306508,-0.613518055402599,-1.80854862119832,0.0137143761235104,0.299199656213101,1.41258423209564,2.78687923345073,4.13482488554246,-36.0217555096771
"perturb_1",27260,1.60813025943483,-2.45419715010009,-2.98290443254613,-0.826498940252339,1.95015434864248,-1.03223984779249,-1.68382497717584,0.0335296601639086,0.408981266087909,1.40488356023214,2.97680745011194,4.35186932013406,-35.1590469069705
"perturb_1",27280,1.43575297666464,-2.48868269005669,-2.96206190121781,-0.764627667506487,1.97086413685344,-1.53517988398248,-1.67057452627588,-0.0710612469663313,0.444564939577666,1.39617706904317,2.87836033302878,4.87147005393247,-33.8870244479286
"perturb_1",27300,1.43575297666464,-2.48868269005669,-2.96206190121781,-0.764627667506487,1.97086413685344,-1.53517988398248,-1.67057452627588,-0.0710612469663313,0.444564939577666,1.39617706904317,2.87836033302878,4.87147005393247,-33.8870244479286
"perturb_1",27320,1.48133248602418,-2.4639835019181,-2.97510443184513,-0.758648805000143,1.83274659710438,-1.18832379187806,-1.65953175656378,-0.111470211658851,0.468561091353592,1.52452069780318,2.39518522013751,4.05843112365257,-37.440839342977
"perturb_1",27340,1.88422794290136,-2.59611782115797,-2.95993260715741,-0.796785996598267,1.9262944206385,-0.830327289179362,-1.66536740072413,0.206745163300053,0.0434386443123741,1.77524117089238,2.7897611213447,4.67318739547094,-36.5417264501164
"perturb_1",27360,1.94469366352639,-2.52658510216503,-2.95992485037209,-0.804229775159117,1.70794255762475,-0.563675843616874,-1.61988739883821,0.112398179222807,0.377431862594355,1.69872476511695,2.62182379096819,4.47633416230382,-38.2956506490955
"perturb_1",27380,1.77181931204963,-2.45282483752241,-3.00765352235757,-0.688423336335791,1.65284140970748,-1.10076844944237,-1.8305657729888,-0.0690032326942369,0.545650471241208,1.68549908440111,2.69519594824464,4.63466823459421,-36.4562993573157
"perturb_1",27400,1.74296658846306,-2.48084662823751,-2.94400649617897,-0.819193369538051,1.84207479681325,-0.983088644338663,-1.78059288663523,-0.0704227615401942,0.489783386318008,1.89214277551839,2.55485219972352,4.90217460337472,-35.4404424708738
"perturb_1",27420,1.80227494191229,-2.61038274483695,-2.93986976804278,-0.752145736328501,1.75765185017791,-1.01526922134026,-1.82002371888169,0.00566308333316532,0.222842734418036,1.96283899378678,2.10971139992368,4.87747840978008,-33.1325850943734
"perturb_1",27440,2.09287522586769,-2.56491271142514,-2.98522021238169,-0.782963320868079,1.65818139160576,-1.30225304597922,-1.77052963622956,0.0594448629161557,0.030537712713791,1.8050460487234,2.27343522928256,4.52488516964543,-34.3804966003626
"perturb_1",27460,1.68614009347823,-2.58620134673999,-2.89547822817683,-0.808345244749011,1.78014007297837,-1.08290600220122,-1.98966059906429,0.00706315625799707,0.294589835613683,1.4626206725475,2.62178784457109,4.52899650049,-36.3469377685813
"perturb_1",27480,1.469147793973,-2.39771025312369,-3.00764114789404,-0.740675487445887,1.75307809004902,-1.4609687836559,-1.78825082530085,-0.107625152088501,0.422723006715345,1.72801155963842,2.05792201342319,4.78690957213144,-34.761174753136
"perturb_1",27500,1.58756373977472,-2.47589145596336,-2.885352869128,-0.80948768788049,1.74268569132353,-0.803016995754445,-1.76840383653151,-0.158439825215059,0.642495313185496,1.5971853197473,2.19633081135216,4.8390001250535,-35.7693518866868
"perturb_1",27520,2.12582159564835,-2.56139321824028,-2.90204557420247,-0.807003232693869,1.66271960315719,-0.212401804359498,-1.68390873893862,-0.100538027713921,0.390998139319316,1.84455331454995,2.44293208184845,4.6512707944315,-36.7456668137587
"perturb_1",27540,2.14498400475178,-2.6468776358989,-2.86190412266849,-0.79608133075757,1.68246871696107,-2.21385693384871,-1.68261758476838,-0.26794974668644,0.26014243509895,1.77438426570111,2.41320124291766,4.44276068547946,-38.2989883564072
"perturb_1",27560,1.42236916489926,-2.55751256019362,-2.89933053681221,-0.740755798346423,1.71319894837459,-2.08940442063336,-1.56781675866936,-0.422820291309476,0.317143480932883,1.73895637753173,2.48315448821093,4.59631030066829,-41.5623624127358
"perturb_1",27580,1.42427416040402,-2.54964107850852,-2.87784680784656,-0.755279358356598,1.64207026412021,-1.67892131292881,-1.76553202105424,-0.240461281116912,0.354894833393053,1.71355927088157,2.23562319541935,4.34934579049146,-36.5872516330468
"perturb_1",27600,1.35247672663236,-2.5713356681568,-2.82350957603916,-0.857494175061329,2.04337646521054,-1.74603425349269,-1.67488686610338,-0.158860390478531,0.529285306493854,1.53330051818038,2.66795095910129,4.80851868004574,-36.1958112355987
"perturb_1",27620,1.58988593057421,-2.60217669787814,-2.88612709489369,-0.803435964666128,1.89882729821645,-1.52925663177905,-1.63220823936317,-0.128687483206812,0.411436908819031,1.56080041440628,2.5434751841722,4.63174845227516,-32.9711474359377
"perturb_1",27640,1.3954349906742,-2.50535073655629,-2.90164959881238,-0.796075583402144,2.12608405473744,-0.842882314123338,-1.67953357485534,-0.187358870359253,0.506715111905941,1.20588425566242,2.71087764202534,5.04290047202367,-40.9134482937827
"perturb_1",27660,1.31923408823401,-2.35976189405648,-3.00968139507916,-0.83347051078757,2.01227991226922,-0.820983655860372,-1.65819828585675,-0.136246078911987,0.00213629529248888,1.80783976271467,2.14586369843378,4.98044211344557,-40.6955202070409
"perturb_1",27680,1.73539547814457,-2.5967290455667,-2.87082725600761,-0.885221821056397,2.05449115630493,-1.31494201931088,-1.69561079793473,-0.154381152318856,0.248565737456402,1.5473085605857,2.61447975355575,4.79914637676997,-32.960977739646
"perturb_1",27700,1.99163278875776,-2.66576927450241,-2.91275665235898,-0.824530452050522,2.01541853194136,-1.25377647295834,-1.79301976085556,0.0516122679146806,0.133233369042266,1.79307850833055,2.62598333430766,4.51868585235755,-34.252971723681
"perturb_1",27720,1.58026761347817,-2.54549546332481,-2.93933052637119,-0.804455978057974,2.05697635473911,-1.29228732786608,-1.79581067191505,-0.0519187617828279,0.0266694177874349,1.59195760476945,3.08551381275954,4.39415128054433,-33.5673131765396
"perturb_1",27740,1.44141350157577,-2.5733864641548,-2.94007915511455,-0.747115852618276,2.02222941229309,-0.90739996610714,-1.84856317819936,-0.174061904935103,-0.00574849616429493,1.74411078284217,2.97960183223715,4.61009218750344,-35.1242681418758
"perturb_1",27760,1.639919111683,-2.5594584059625,-2.94953102584724,-0.777272941077111,2.00621554293182,-1.71429488874364,-1.75468873786039,-0.0279263895361434,0.247441524596632,1.67941587942553,2.73263304291393,4.54843252131317,-30.8142229812933
"perturb_1",27780,1.41833863276526,-2.48649724602025,-2.92361256829317,-0.818632530126566,1.97495796092319,-1.87726856953706,-1.76884053848818,-0.0739346199844277,0.227770024442373,1.72424948329937,2.73159557043941,4.51437157098694,-31.9503294056741
"perturb_1",27800,1.62717587752809,-2.49705806281723,-2.98552175161599,-0.726558909610636,1.91680471834115,-1.27769133764047,-1.6967085985877,-0.101803111060987,0.239289705835836,1.79337906526774,2.69551127020966,4.65190229340341,-30.6465758634427
"perturb_1",27820,1.69400300860719,-2.4885449623783,-2.98089795277077,-0.760677813542572,2.02745529551329,-1.23736314303731,-1.70581290434476,-0.133660917458918,0.35974796641042,1.61018065689853,2.77991411999685,4.45163843872005,-30.9310070508547
"perturb_1",27840,1.88504733832331,-2.51569668478844,-2.94977699140379,-0.80289391688298,1.90820693106122,-1.52234263838048,-1.79614826637962,0.0832769410502857,0.320837476046532,1.67838507842796,2.43823711741467,4.77777061926629,-33.2154020194955
"perturb_1",27860,1.73653191440448,-2.50426834674804,-2.90841490682621,-0.845785521140921,1.93749587734933,-0.967147261594365,-1.84660376956945,0.00951995994775284,0.425123652863431,1.61377082833809,2.63078360956444,4.6876029853337,-31.8834046246595
"perturb_1",27880,1.6030993282149,-2.50491773539198,-3.07787483626513,-0.786709572867458,2.07225573223126,-1.40748563626869,-1.72603491743405,0.0241219737825415,-0.400220654624096,1.80089345820899,2.70833835051623,4.81417079634107,-34.4610441830856
"perturb_1",27900,1.5881215749372,-2.56102705050456,-2.96646392543472,-0.747800059935736,1.88696742970328,-1.72981075029957,-1.59817785098168,-0.101070002027783,-0.12302624980831,2.01850741206773,2.35888474645198,4.90353739779093,-35.3475385790846
"perturb_1",27920,2.07447797102304,-2.55448917991881,-3.0060307455316,-0.764799275955617,1.73433490625994,-1.85664014012151,-1.68997271010093,-0.0788040914544013,0.0161103835750846,1.97301048756332,2.09166549053006,4.6686237101894,-34.693255343902
"perturb_1",27940,1.8134893809144,-2.5284565207393,-2.96631619375387,-0.732222367596581,1.75873567947565,-1.74901654134319,-1.64797061725682,-0.108064714504724,0.26818212920937,1.9527607399886,2.25766573803612,4.84190337985916,-32.2057925072358
"perturb_1",27960,1.84864342875389,-2.65018008604746,-2.95613950225378,-0.729662665105072,1.80709989268299,-2.34603484403734,-1.74590227858675,-0.107769370582994,-0.0719943774631554,1.77338229793134,2.65797676713391,4.58574832788284,-37.1338480821495
"perturb_1",27980,1.87233580215057,-2.59310710133031,-2.93353121574549,-0.750288481294044,1.59461847554911,-1.76316443852966,-1.87536407618634,-0.100507053649988,0.000477416804784692,1.97503513012658,2.12601591907825,4.85317360481875,-33.8083448906398
"perturb_1",28000,1.60576341788581,-2.53748660087846,-2.87704318135272,-0.785330746511423,1.68521551732654,-1.60398004090222,-1.75943628996383,-0.15589144789577,0.128768447923455,1.97160779734871,2.41635647330321,4.97191649635595,-34.2203517668764
"perturb_1",28020,1.93329357070105,-2.63216945707498,-2.85899528234217,-0.817159696736813,1.9321850587941,-0.713988294695975,-1.75617709032881,-0.145645240015346,-0.0436882525026933,1.78340211197599,2.50108892606793,4.78109082577969,-35.2222902769703
"perturb_1",28040,1.53358183832646,-2.57209649924781,-2.88497779021868,-0.79916423350881,1.94174892901619,-1.02605309234144,-1.77759927076055,-0.13923367573309,0.168195035516781,1.82314491862796,2.12215179687807,5.0905630726584,-34.69332668633
"perturb_1",28060,1.42742944779082,-2.56606463530462,-2.89145748307056,-0.736673928092057,1.66290931085388,-1.47079411779832,-1.62990061924932,-0.278018401335932,0.361996907363856,1.99839250976418,2.26489035472355,4.79409358349241,-35.6568509423273
"perturb_1",28080,1.81152863270767,-2.63451684189964,-2.88350975119351,-0.797727154741359,1.86362445704589,-1.02233259507194,-1.63523396074745,-0.314128936002586,0.215250044545671,1.84683949354716,2.51972946524584,4.68648822783163,-36.4843164651731
"perturb_1",28100,2.01572373213725,-2.63106924129637,-2.86269819112199,-0.799869300290192,1.82958049883199,-1.72722879701671,-1.87542374041223,-0.226406054390895,0.406291070323376,1.71485080807322,2.72791578709387,4.17234104489259,-34.9783398820717
"perturb_1",28120,1.76833335649099,-2.50070325605641,-3.03626072153446,-0.729125709860684,1.80425159537267,-1.69263433957383,-1.80206159217131,-0.109732779381266,0.0161614324641319,1.67843625081405,2.4347296745048,4.52620966439186,-33.1388098433637
"perturb_1",28140,1.49236437228835,-2.47191047902841,-3.02191619827621,-0.674181488025049,1.51562824022041,-1.30044003312713,-1.7721710430632,-0.130332166518897,-0.0703956429028328,1.9364683426893,2.07592407351608,4.79503041567716,-36.481389778222
"perturb_1",28160,1.41692488645008,-2.37455829424787,-2.99147025477326,-0.823893212068436,1.67573573447522,-1.47024840262109,-1.69556531853609,-0.105016388959282,0.151834762444922,1.68531784893901,2.02304482377146,4.45414791795257,-39.8691306327062
"perturb_1",28180,1.90818021557213,-2.5753001403616,-2.86975463704227,-0.806800501851726,1.59657190670783,-0.991001272468803,-1.81546917416538,-0.112342257059366,0.237446736129502,2.03988275515485,2.21284474719449,4.77046054773105,-33.581400274735
"perturb_1",28200,2.08957517152914,-2.5630110382936,-2.92608425831963,-0.8020477214959,1.83471818602169,-0.440971799744085,-1.75789776899436,-0.0972182756405991,0.262842805372803,1.8787259972062,2.39972381749193,4.47671801554189,-33.7560831911495
"perturb_1",28220,1.62694568904488,-2.50549525592283,-2.90189895129772,-0.883050007124443,1.96885381557431,-0.394468826652797,-1.66875094166947,-0.0337131873857059,0.300561291502113,1.42287010875035,2.86850622112253,4.49889784526045,-34.9115201962412
"perturb_1",28240,1.64917140523182,-2.53287995498192,-2.9538949925706,-0.823630404225189,1.8655652329198,-0.579688984385047,-1.64312064794303,0.0890978041181296,0.132391475292258,1.5437672600661,2.70778306216887,4.5667093560108,-34.7583036947726
"perturb_1",28260,1.90256880839542,-2.52082135725477,-2.98808729974163,-0.753252221372394,1.96061942643027,-1.56739378857981,-1.81864715513937,-0.16403003718429,0.113077445041538,1.70672537037801,2.63040540331927,4.36049725621137,-31.9877743547646
"perturb_1",28280,2.03705964157305,-2.50329815080687,-3.01246431127416,-0.754439430946183,1.7451808813303,-1.1253231602237,-1.79832515361264,-0.00342123281480759,-0.105377309813055,1.8473121279116,2.32773652873447,4.76720478266497,-34.7438247553924
"perturb_1",28300,1.59493628423006,-2.45837368169835,-3.01516292129087,-0.761166136453128,1.98379792167166,-0.282959289200848,-1.54984527890077,-0.075124586579359,0.260759229455653,1.63353476328639,2.80645127184513,5.10676962486123,-36.7151744355751
"perturb_1",28320,1.7596733609043,-2.54505257665249,-2.88256917103189,-0.85262335967108,2.11036061122847,-1.42589751661025,-1.77391544060778,-0.123431954369872,0.349472523295077,1.47780758150878,2.79666630948573,4.75166046212103,-31.7542054925733
"perturb_1",28340,1.48208001914556,-2.43832011488362,-2.95768038347128,-0.821134781566382,1.9701274819212,-1.24661090062851,-1.75473574169065,-0.0986941308680342,0.320607568053354,1.50879494620033,2.93649983121531,4.70075592138205,-32.3956734121757
"perturb_1",28360,1.6683764002024,-2.47228690442047,-2.89905586601223,-0.886465052880233,2.02530850227837,-1.45658636725179,-1.65877766469257,-0.1121968671464,0.398321042333571,1.54760670916015,2.58529917900482,4.90286136769663,-32.5652545397983
"perturb_1",28380,1.51188086407547,-2.5258357732975,-2.88881778963571,-0.86533646934253,1.95552286288326,-1.32702071466018,-1.78714527893486,-0.0776018045527349,-0.0167975252664712,1.71641970771833,2.44273902708837,5.03551976697342,-34.4624347220158
"perturb_1",28400,1.67641499705525,-2.54879218918688,-2.94553814655949,-0.780376743093444,1.86451608268401,-1.07275088450642,-1.88278671811044,0.00793096603131817,0.16725254430793,2.07437182411944,2.19846901280702,4.81081778162891,-34.2634679442505
"perturb_1",28420,1.78043951559386,-2.51672569058771,-2.95969392920937,-0.810622686093824,2.08087277327668,-1.30607633035502,-1.84136819400959,-0.0956996222856148,0.126414750145584,1.76591728526436,2.90812641491746,4.91855516203855,-32.0134395125068
"perturb_1",28440,1.81009174426165,-2.41615375276103,-3.17205232730319,-0.705574653911607,2.08621809423202,-0.535331740236787,-1.7706374718143,0.0360556222064309,0.078370172835336,1.90719072846089,2.71785845591837,4.77194369478577,-37.8016829809974
"perturb_1",28460,1.46803007629272,-2.34703840447707,-3.16855384900823,-0.700349231647554,1.9759403395609,-1.33410472380538,-1.75877521044729,-0.0345386459089943,0.247876597670701,1.40504561303492,2.94928765360131,4.84949363382252,-38.4604540303914
"perturb_1",28480,1.73022094212988,-2.37927204864992,-3.22760943433219,-0.672645225156875,1.90065112801221,-1.81742787385406,-1.66940006633615,-0.0845072693757623,-0.300949930587824,1.88402828983471,2.42517913283925,4.90202357397284,-38.6657490267464
"perturb_1",28500,1.70029605351027,-2.32118298444418,-3.11717295052003,-0.799255652086887,2.0072273477561,-1.56577251864766,-1.88737740080402,-0.126936441058627,0.199440881721702,1.45193875954083,2.99985303452752,4.63821291514652,-40.0031946236997
"perturb_1",28520,1.98126682332485,-2.47185485526317,-3.02502630015407,-0.819221352190697,1.87992605543688,-1.15288881861972,-1.8726613259021,-0.019520595433266,0.224173524646729,1.53628353593333,2.81027204683415,4.40669505022344,-36.3319110800264
"perturb_1",28540,1.92067913295729,-2.51955415136817,-2.94411727185735,-0.823581340403328,2.05812701910273,-0.965017320072733,-1.78284448204628,-0.195636716613561,0.58290109299592,1.41802197927817,2.55662649429893,4.40791192437378,-35.0027287257047
"perturb_1",28560,1.80673301728892,-2.59525838745957,-2.8281101548657,-0.911864497697596,2.07837190721888,-0.967124522451271,-1.76073669124514,-0.132973940535762,0.582929941435883,1.48289153773804,2.48916808062664,4.56181901790174,-35.728255959599
"perturb_1",28580,1.64508249193941,-2.56641931453005,-2.83061267438625,-0.850123122346196,1.87365058623233,-0.985124087284254,-1.77396170834011,-0.330710771423045,0.425209468122903,1.86799308254578,2.18664253536959,4.45547570979152,-35.8610224629934
"perturb_1",28600,1.8006318669937,-2.72123528294079,-2.85894793452653,-0.840700365814821,2.12953791843993,-1.3860323511899,-1.772529202279,-0.0237322065745549,0.145044848139302,1.57138320990449,2.8525107358555,4.04381333296981,-38.5277347491633
"perturb_1",28620,1.47716816882171,-2.64761740106799,-2.84437322310333,-0.817197248639149,1.95301930188896,-0.701468432116228,-1.71737594960153,-0.0345180242796516,-0.0294971433969872,1.9000621353051,2.73118601402518,4.40105544906201,-37.4206977265183
"perturb_1",28640,1.47389965032554,-2.52307141889187,-2.95229063087496,-0.824407536143088,1.91810102489678,-1.51261294100077,-1.68567264054588,-0.000481603228060165,-0.0338370725910784,1.71413344900038,2.64715500882821,4.32766772798309,-33.0255752151237
"perturb_1",28660,1.88040433846235,-2.58464580379847,-2.97210699034433,-0.670703920121114,1.81249769418438,-1.38093473243473,-1.69641381728762,-0.127476434383344,0.367386143178743,1.61013702741246,2.60825689630766,4.32845784636766,-35.4046098792144
"perturb_1",28680,1.73969601952263,-2.58085040495758,-2.99174929433921,-0.694430830471489,1.84755296665495,-1.46113640195134,-1.76696525472145,-0.0117148048334191,0.10017306188703,1.91389536698231,2.53768898727732,4.37972664326851,-33.6008862608143
"perturb_1",28700,1.51663679907989,-2.46073247866079,-3.01591442004851,-0.776357856104329,1.90336312869056,-1.29388847046985,-1.80792574376044,0.0179840890687034,0.0413845156400875,1.82649055898617,2.57236520788221,4.82164472016144,-30.8389792141485
"perturb_1",28720,1.35856103112382,-2.53080396971923,-2.92795948097845,-0.8172342275884,1.82522956181817,-0.697172109785221,-1.87899463287602,0.109395050271553,0.0558086973975686,1.70628913820152,2.44715733487101,4.80893473952505,-35.2513581893196
"perturb_1",28740,1.71798897871796,-2.52813944665798,-2.95572436015942,-0.769903566602917,1.67602773982408,-0.40042003706324,-1.851388898633,-0.0278022880924111,0.213609964428661,1.88969820561655,2.16049238416262,4.80513668735307,-32.3758585698563
"perturb_1",28760,1.65940072013485,-2.56411133536599,-2.93226698497435,-0.732185198702436,1.64693885866039,-0.591847203306755,-1.74386907693744,-0.0480306568805236,0.254399256478297,1.8069340159362,2.29301944718604,4.77759353556911,-32.4945470542589
"perturb_1",28780,1.60752274471764,-2.61376037295743,-2.87574030036822,-0.772554456508958,1.59289084121357,-1.27358322451302,-1.76975478597916,-0.189325148341639,0.18198880093488,1.90858144750347,2.1098468305212,4.92950218590213,-34.2583868419684
"perturb_1",28800,1.43723108865004,-2.54414394986549,-2.89336673705973,-0.773504107359604,1.53404919254854,-1.63823123023091,-1.7008013815348,-0.207454325008905,0.390479896876653,1.9464392608519,1.80722843789781,4.67039237969212,-34.9122455214585
"perturb_1",28820,1.67757093919937,-2.56250943111301,-3.0553167690593,-0.675917932699265,1.88691251888849,-1.43488060371476,-1.82991695824352,0.0378571580278074,0.211455881298531,1.64593330165124,2.46845241213409,4.56484599274691,-35.2819418567168
"perturb_1",28840,1.77051380373864,-2.50529920628516,-3.03982803937939,-0.750463950419076,2.10802867660702,-1.65187562877917,-1.69894739236815,0.0743258352642313,0.334656462303242,1.47094582546844,2.84425802634474,4.81074414942042,-34.0304471433086
"perturb_1",28860,1.96630013252018,-2.50760924557279,-3.06894001041331,-0.709094524398158,1.86228732751918,-1.13429935721271,-1.66896880655208,0.0225884333007222,0.232860353010838,1.66938360329337,2.31424133185179,4.8999673365555,-34.2581717224429
"perturb_1",28880,1.63480539014913,-2.51056416214329,-2.94961789881836,-0.803262548789768,2.03621688022651,-1.23234730660831,-1.87677159569785,-0.0949388715240472,0.342768812044321,1.76294690373001,2.31161285552193,4.87428894161488,-32.2138971786094
"perturb_1",28900,1.5428280883371,-2.57969460670581,-2.850710979131,-0.801487198363657,1.71876909779478,-0.87278289477888,-1.78819483862192,-0.178285258856867,0.413260976582913,1.91554492139322,2.29011385173171,4.72373282846392,-32.6739255745883
"perturb_1",28920,1.79050714736488,-2.5265664816221,-2.9000440066371,-0.802682844075199,1.73061618766766,-0.392407419464003,-1.68170270278484,-0.177002048815562,0.349688163449107,1.89640798779909,2.17422487352899,4.85675754014946,-32.8792247886375
"perturb_1",28940,1.45419659008891,-2.46635988240374,-2.97348789749515,-0.741655750400131,1.6779246639949,-1.32202667988328,-1.62260531898203,-0.175755754011338,0.243503897376283,1.93095382473773,2.38343458093468,4.60085518091359,-33.0472894305792
"perturb_1",28960,1.5141468155189,-2.55315062869163,-2.89773662681799,-0.798573501966952,1.95697494273696,-0.764954959983839,-1.63514864784018,-0.110093972181436,0.127938881636878,1.66750650177077,2.81977998758556,4.16687556691485,-35.3629586687742
"perturb_1",28980,1.53849269671405,-2.57782205178467,-2.93257975512986,-0.774104581785643,2.08236684128363,-1.88164473310563,-1.50016723450873,-0.104172610091381,-0.0163802068057926,1.7605531153213,2.8890597377413,5.01715190979136,-38.3121490709945
"perturb_1",29000,1.12298717043164,-2.48222849654638,-2.95038995423281,-0.792599701575214,2.08182358545288,-2.07736381949041,-1.61246107367271,-0.1733220805725,0.140543752864849,1.5829045338285,2.87535406630883,4.72318522942218,-36.7798535347471
"perturb_1",29020,1.58656067629231,-2.49792077633044,-2.94193074942252,-0.778623405882882,1.78583126345517,-1.54969331855724,-1.64572420958581,-0.00454678786823157,0.390320628730212,1.93400762688506,2.39226105724796,4.56241153394202,-33.6402355987231
"perturb_1",29040,1.52510743134077,-2.58598142783938,-2.92148777548337,-0.808177685516662,1.78071946235447,-0.774033134667787,-1.78077042911911,0.0358449563517536,0.157585167881886,1.65646795041244,2.67497386335769,4.69692878022066,-34.9815500545973
"perturb_1",29060,1.55727948036805,-2.70090342260431,-2.93042846267385,-0.77793749925722,1.96099603033343,-0.897965877650855,-1.79151302031293,0.0760307275251058,-0.151628750796241,1.5759422233744,2.5201584303593,4.80755521194572,-39.0660148318472
"perturb_1",29080,1.72758213706277,-2.5103152657492,-2.9852345351316,-0.718243342099817,1.74405279700535,-0.462147148416622,-1.61761786387597,-0.222972039648951,0.376587878359291,1.70661111554017,2.24947326016137,4.68674404080472,-34.9321039396421
"perturb_1",29100,1.37753938792746,-2.50272427843702,-3.02269406962592,-0.721841385248468,1.9775799946821,-1.11048604774643,-1.772690936999,-0.123784314512635,0.269449604865938,1.54502206882377,2.70052010537802,4.82620337962687,-33.4882320909746
"perturb_1",29120,1.53163868633625,-2.49372866170044,-3.00046215399906,-0.760427030575732,1.74834796465827,-0.947477624363175,-1.77347296511349,-0.0170797056531558,0.225535659701321,1.75574489442397,2.26582892155602,4.62719300157961,-31.8738437285977
"perturb_1",29140,1.73917357438691,-2.59317783175129,-2.899426350479,-0.811756923643821,1.80183928153335,-1.91451840201864,-1.88625568008005,0.095357068768509,0.208686892509115,1.74598306676538,2.4656055523197,4.43498837201069,-34.4937713251426
"perturb_1",29160,1.80592300564815,-2.5472035211172,-2.98596804348478,-0.737716943934773,1.79585254714897,-0.415347125777139,-1.93548231281528,0.0202714433278139,0.135503122086905,1.78927126491476,2.23423844119534,4.76635001688773,-34.3074317647775
"perturb_1",29180,1.6477228652246,-2.49545099630374,-3.03103513213349,-0.707434652833448,1.88701779489192,0.338549663593578,-1.80081685686148,-0.0888925366271671,0.190434711751169,1.68232063866617,2.77616048436444,4.45686447711343,-37.416548918713
"perturb_1",29200,1.55442798854022,-2.4357077915363,-3.06719750916199,-0.689654071765762,1.9952274375611,-1.26625059308255,-1.84287060601664,-0.140534535016936,0.273655642828137,1.52728300960678,2.8910990880544,4.44086683117166,-33.5477997056841
"perturb_1",29220,1.50480430482979,-2.59211355350467,-2.93225458931225,-0.742058378980684,2.0010970188617,-1.4912256508352,-1.94410310645276,-0.125816182544466,0.281609362743958,1.28033995125855,2.91814938416498,4.20192447358508,-38.7883559439584
"perturb_1",29240,1.45781508094968,-2.54582747257766,-2.85963394388575,-0.791305735646305,1.87892289797607,-1.62289373889993,-1.80794475810733,-0.377218622228021,0.562673240613053,1.30577698169338,2.94082823496035,4.18217794065469,-40.6501847061197
"perturb_1",29260,1.71084614046402,-2.56126144746732,-2.87089433394923,-0.918812228203694,2.06941043666342,-1.3467184422303,-1.8133962358541,-0.235545034584109,0.45106768435771,1.30915885701693,2.92426731356806,3.76247971220757,-38.2778989782434
"perturb_1",29280,1.52754341144219,-2.440292813679,-2.97903523186736,-0.836247740449878,1.95125965538097,-1.43440738687958,-1.82781419632053,-0.145764129026421,0.351545745434046,1.37202367522314,2.88621638593091,4.10177019423692,-35.7774750004013
"perturb_1",29300,1.37337995364753,-2.45899674642065,-2.90937776830976,-0.827372691895292,1.95302081200117,-0.808538249500746,-1.75942187613454,-0.249004653050638,0.329377124530114,1.64041172169741,2.46029373588172,4.29453199912969,-35.7982722511466
"perturb_1",29320,1.42688079517836,-2.49438695743677,-2.93513875177585,-0.818919143358047,1.83684814016028,-0.616882266122955,-1.81284063967192,-0.0542450136997874,0.218704154879484,1.69146732663736,2.470401702866,4.57343403004225,-32.0813380495682
"perturb_1",29340,1.42449180693466,-2.56135080553166,-2.92584807466979,-0.815218475283744,1.87287909075063,-1.58041559556836,-1.72915431242672,-0.0276315278114445,-0.0460998572192425,1.70378632424352,2.61638115841529,4.77627993964403,-33.253567375657
"perturb_1",29360,1.83700983614416,-2.57984683977059,-2.92758989154265,-0.881124294904079,2.17551165554267,-1.08688164189711,-1.89075497887228,0.0434097033780886,0.0081558104998708,1.44201965703075,2.74737662844631,4.92631381256739,-35.0618701478682
"perturb_1",29380,1.69702402740312,-2.48982870506992,-2.93986456967869,-0.854777385505998,2.09349481174678,-1.36072012918682,-1.8048045957217,-0.202320774116122,0.399737137811073,1.38604186096381,2.7933482272367,4.97188131582949,-33.2023481083284
"perturb_1",29400,1.73956508059655,-2.45491022311575,-2.94594137777638,-0.811343631400962,2.03691825708048,-1.08966627673323,-1.73075144187559,-0.29551028875168,0.443649364846422,1.51955356747608,2.67098368053117,5.18687740074328,-34.8716915408227
"perturb_1",29420,2.06419958374888,-2.45964713034395,-3.01216242029116,-0.795793234776954,2.13380393254849,-1.67430508729067,-1.71553394227607,-0.205037806482936,0.408556768685308,1.44143960057073,2.70493873986416,4.86036505887109,-35.2103916746651
"perturb_1",29440,2.06826930229045,-2.55020692922984,-2.99128486572179,-0.781501432353524,1.98898567092945,-1.19016440888726,-1.79998879362581,-0.0647621374254192,0.0512319503470421,2.02860719012314,2.19468325407268,5.08099596309761,-35.5212838046966
"perturb_1",29460,1.60743683396084,-2.51158038421693,-3.00519432034206,-0.735206628068396,2.06436258055457,-1.45100656055651,-1.78661914201668,-0.0771801011933169,0.197939213934575,1.50145599063416,2.84422818033149,4.82295619733667,-31.4084336705057
"perturb_1",29480,1.73718506167639,-2.59621700505763,-2.92124675887032,-0.743794671966723,1.97558987602676,-1.20274135617111,-1.79068104887566,-0.111068437279334,0.266042387957815,1.61553815710663,2.72171396134131,4.68788803063328,-31.349630057424
"perturb_1",29500,1.97474942806901,-2.55338334885543,-3.01175048997393,-0.716449309400816,2.01829033012963,-0.957892215694755,-1.8682909717543,-0.0889425079663502,0.0169777086696988,1.73179263491695,2.64909693369911,4.36432144567617,-35.4389988895929
"perturb_1",29520,1.53912849525319,-2.58755059401409,-2.9275156687442,-0.820574841412072,1.7748407749772,-2.24923705646592,-1.69547541120129,0.0217662397431522,-0.158975982660613,1.8928474217459,2.33366749350483,4.45128119574868,-36.458927574115
"perturb_1",29540,1.54157313202647,-2.4920451325648,-2.90522097557473,-0.813421775716903,1.77882563203906,-1.40152472742168,-1.78351502109831,-0.142104797489953,0.28968638538868,1.90216461279414,2.35589949594408,4.53256040770421,-31.2027329437181
"perturb_1",29560,1.56851559342159,-2.44141620843482,-2.94083563523786,-0.802561523518055,1.81042384420904,-1.84661858551793,-1.77963663673348,-0.24407465893447,0.132228114438928,1.88470670277586,2.48108142896109,4.04156022879214,-36.2330884384784
"perturb_1",29580,1.43973058000816,-2.50303181453333,-2.9644082956248,-0.797815973926086,2.01512241887001,-1.23686067394058,-1.80085726478059,-0.0102754841013712,-0.000247420304564441,1.8308206029804,2.63307797641359,4.27687535885589,-34.196831783029
"perturb_1",29600,1.68697527621025,-2.57216516483968,-2.9170864674228,-0.845514273522698,1.97235909320072,-1.69290657102059,-1.75532456982853,-0.0610711618250414,0.117134886847666,1.77568761930462,2.58829495474983,4.48488233336381,-32.1112288790525
"perturb_1",29620,1.88288210107577,-2.5591962900758,-2.96729392654305,-0.816730624762159,2.19148599166497,-1.591416458723,-1.76569791120182,-0.0950237950910344,0.279347236982153,1.55959325326757,2.78795277509994,4.56727755213738,-32.9517490887506
"perturb_1",29640,1.58575960805032,-2.67246061445173,-2.87836345254939,-0.84153051805649,2.15218377584136,-0.952671055014473,-1.61988377895568,-0.0399427077973445,0.161642633121707,1.37806741229895,2.8615632684372,4.76609875442826,-36.8657974531336
"perturb_1",29660,1.77764944253564,-2.49264321611065,-3.028940476556,-0.705194175040955,1.86921507506346,-0.446163078513619,-1.7137279412451,-0.0853523113683378,0.412376648412203,1.65103864699504,2.61324582866014,4.60078938687049,-33.2242520174669
"perturb_1",29680,2.00785136034664,-2.61991878728622,-2.97470405089979,-0.666827223296499,1.70334590809722,-1.33143177227956,-1.80425177101402,0.0263854824770978,0.313452494470295,1.86968146349575,2.48374109768317,4.48606120620382,-36.4751239097825
"perturb_1",29700,1.99664219783475,-2.56608575121381,-2.95303174750782,-0.70526346199944,1.61468142151317,-1.99157464225549,-1.72500270638677,-0.159978971718331,0.406771684098011,1.88460047780928,2.30464328912847,4.85520268270177,-34.4601862445183
"perturb_1",29720,1.91678292031959,-2.56523879609649,-2.95743344660556,-0.759403209391894,1.87216679267358,-1.68883309077372,-1.82520080992709,-0.0545068330272024,0.105674915291816,2.10895854343311,2.41588616278723,4.68162936705109,-34.524338072441
"perturb_1",29740,1.71418297821427,-2.55732033269408,-2.95229873242202,-0.768321416532687,1.85869182886442,-1.44313114349997,-1.7979036724279,-0.0461809749587544,-0.0336593819014496,2.10125712989576,2.66491707359639,4.59534691604874,-34.8756143290938
"perturb_1",29760,1.99125558579919,-2.6030887068843,-2.89483714660327,-0.806674868141414,1.95749088639862,-1.22769955652475,-1.80251839019159,-0.0489739999350695,0.378936100911503,1.69903676086112,2.81424466944906,4.36752885118414,-32.5186441662684
"perturb_1",29780,1.72103406453784,-2.5370889603113,-2.87043252120854,-0.785138517128465,1.72081114617688,-1.5266187364685,-1.83519457197357,-0.263666702754707,0.349283480465288,1.75858307380341,2.78123060588386,4.1727590292524,-35.6283437850084
"perturb_1",29800,2.00316113837749,-2.53236520522709,-2.94750182034351,-0.775838601588986,1.81208941284286,-1.55480381928817,-1.69864254754297,-0.263709198805098,0.330760815326276,1.71423720733916,2.63221122596326,4.66144838039619,-33.770853621382
"perturb_1",29820,1.55210575970171,-2.5112100687589,-2.92616244620934,-0.814111974584655,2.09847387526997,-0.52982494802861,-1.85898821707763,-0.221896084270811,0.462088194410238,1.65484716118824,2.7487190453402,4.7306249295147,-33.5632521060918
"perturb_1",29840,2.01881995470292,-2.49439334602978,-3.01863078740673,-0.758697910808937,1.86969138759437,-1.66433320213569,-1.67067719970288,-0.0792375905404929,0.314809682798087,1.7406455662152,2.55537096879856,4.47420155817802,-32.6517044425245
"perturb_1",29860,1.90228342232283,-2.51144405325802,-2.86853394530303,-0.811428138020892,1.89835963973867,-1.77082963450273,-1.61268830359739,-0.347855656002374,0.475350170583304,1.69577182646284,2.32955134898918,4.96974090555597,-37.6747790565429
"perturb_1",29880,1.9591942190515,-2.51609209146434,-2.93269266711615,-0.820975633584752,2.02371498461668,-1.88627399360338,-1.61099142204625,-0.107039007438114,0.427275093900468,1.39298848894429,2.66231442652673,4.30628133464987,-37.2503526760325
"perturb_1",29900,1.81071031554142,-2.49944500498665,-2.94287032922134,-0.764973297643209,2.11635907946554,-1.00999493737578,-1.5390778074881,-0.23347088196721,0.541213438948975,1.52879570680185,2.85306188570496,4.82071291156857,-36.7667699588852
"perturb_1",29920,1.59317865675039,-2.54133231122643,-2.8577436260579,-0.829928462265937,1.77169103590121,-1.06304167034755,-1.78701426320343,-0.31098893853377,0.339514100542231,1.73240275515599,2.42879543946067,4.5426886639886,-33.6741876360494
"perturb_1",29940,1.45727421391522,-2.5198304088723,-2.87786335085917,-0.849929074405764,1.90892344292232,-1.01777009093423,-1.87667816185871,-0.170431404274936,0.230839323130068,1.72198559327395,2.79669333982635,4.52080580965023,-33.08276684563
"perturb_1",29960,1.70161289678175,-2.5971063985875,-2.88316982207492,-0.797988961527968,2.00359400760842,-0.46345687079119,-1.95077648741413,-0.144599674431075,0.220542457031913,1.7435570910147,2.79463207943208,5.10278517726561,-35.0884094399548
"perturb_1",29980,1.56245249034292,-2.6465245293975,-2.83246678637606,-0.876092179482536,2.1219106507833,-1.09755623468416,-1.87944391817514,-0.156477534275136,0.182940246953591,1.75857383199681,2.79568935325531,4.76149477613077,-35.4900377695766
"perturb_1",30000,1.41682628949814,-2.47895347963603,-2.95577362242798,-0.862437839619511,2.00258628104757,-0.766401081279276,-2.02153114724151,-0.0317747907950133,0.145186700521823,1.66178559527111,2.56736398292806,4.52303395680599,-36.0540196465809
