"scenario","year","hcv_median","hcv_lo","hcv_hi","dc_median","dc_lo","dc_hi","hcc_median","hcc_lo","hcc_hi"
"aggressive_treatment_all",2017,11065.1096153975,10005.5769676965,12285.4468285781,479.199988829626,428.904187621275,534.751479400823,125.570140317268,112.67334253195,140.14638006811
"aggressive_treatment_all",2018,6441.99304707309,5824.91592243108,7146.42185750599,322.886997683136,289.036488915542,360.225409760708,90.8503390500066,81.5222958582006,101.389430752619
"aggressive_treatment_all",2019,3290.87051765793,2976.30368693853,3642.37321191371,190.207054971462,170.335850513845,212.190516202878,55.7528781333751,50.027493945328,62.2221818858959
"aggressive_treatment_all",2020,1742.84669755569,1572.6682184887,1925.96526870353,111.325449652444,99.7677325268579,124.224179009768,32.5448966921908,29.203055456593,36.3183120084171
"aggressive_treatment_all",2021,959.556377511055,863.919464879178,1065.55573202304,65.9026311548525,59.1213663538337,73.5803441252014,18.4938240406183,16.5970440360576,20.6329213529744
"aggressive_treatment_all",2022,545.071930488816,488.671114928033,610.262898970174,40.1070381846573,36.0038514374788,44.7737562886272,10.3644390532258,9.30954171704293,11.5641828585663
"aggressive_treatment_all",2023,319.872476543828,285.843414445591,359.336038177634,25.3656599083535,22.7844686475169,28.3270129519277,5.77966705586583,5.19425787128426,6.45125705717587
"aggressive_treatment_all",2024,191.508250858054,170.97199839718,217.237341237437,16.8024554679951,15.0776555720142,18.777908162762,3.22613552292191,2.90277468739799,3.60606752942003
"aggressive_treatment_all",2025,116.99773996408,102.986063035089,135.173571863812,11.6764018551569,10.4747371479862,13.0610984159786,1.81100856901532,1.63353181125594,2.02662130094332
"aggressive_treatment_all",2026,72.3801923363064,62.2191989486047,84.6682254061655,8.48729056807944,7.61102169468296,9.5003212648448,1.02824464945719,0.928652946448596,1.14930093419155
"aggressive_treatment_all",2027,45.0655145098763,38.1160964423429,53.2939708898428,6.40379490470976,5.73908404501779,7.17222899414461,0.591557374314306,0.5345379933574,0.660314590460608
"aggressive_treatment_all",2028,28.2959778082015,23.5666350427046,34.0447394721517,4.96943157096663,4.45060191805533,5.56715414801926,0.344874806445896,0.311882365436655,0.385203118466371
"aggressive_treatment_all",2029,17.8831389491496,14.5135745986112,22.0017981435587,3.9308325165969,3.51777679716677,4.40689803062514,0.203930663475294,0.183783154340812,0.229290033044766
"aggressive_treatment_all",2030,11.3228149242659,9.00865502092777,14.1417008244731,3.1523103491341,2.81885644375645,3.53405803452595,0.122030907346487,0.109176527814458,0.138304994714233
"aggressive_treatment_all",2031,7.16693499323573,5.60937913361191,9.15315969242676,2.55073836159305,2.27876999661173,2.8594450433106,0.0740689783837222,0.0663037826581272,0.0847344206210428
"aggressive_treatment_all",2032,4.54095897345806,3.49472387786922,5.91902496278959,2.07800813926682,1.85330675835191,2.32763060551407,0.045368753900633,0.0405572786986372,0.0522725583546298
"aggressive_treatment_all",2033,2.88401763614195,2.1761232719243,3.82855756838909,1.69863228353739,1.51377560391131,1.90319421504478,0.0280672420403385,0.0249547393053904,0.0326341056552324
"aggressive_treatment_all",2034,1.8299904819599,1.35574721016782,2.47430220728054,1.39041641022825,1.23855568842021,1.55861678000011,0.0174996581290156,0.0154557563842451,0.0204437005873749
"aggressive_treatment_all",2035,1.16408151704528,0.84491512964313,1.59949217439869,1.13953112608593,1.0157843820038,1.27882032189168,0.0109637061341628,0.00960901646801051,0.0129392808850315
"aggressive_treatment_all",2036,0.737719819500397,0.526659447846046,1.03646466086484,0.934430623803548,0.83370605206141,1.04994629971328,0.00688666815507522,0.00597624279024372,0.00823732029998636
"aggressive_treatment_all",2037,0.468515634688732,0.328315938724819,0.671755114031232,0.766569394252167,0.684360763689694,0.86228649518976,0.00434300589779658,0.00372079309225787,0.00526985491522677
"aggressive_treatment_all",2038,0.297052776151639,0.204638840383828,0.435442414146217,0.628663369803191,0.561459637571759,0.708204931035286,0.00274943400542163,0.00232147044892694,0.00336803065073392
"aggressive_treatment_all",2039,0.188731068769721,0.127549990316716,0.282252452471543,0.515901436776489,0.460184333738152,0.581595506726685,0.00174225025555824,0.0014471772775918,0.00215738264410654
"aggressive_treatment_all",2040,0.120200786726737,0.079500597169125,0.182947409891179,0.423204880120641,0.37713432537472,0.477521373563528,0.00110171491967429,0.00090330118361569,0.00138625973735752
"aggressive_treatment_all",2041,0.076345462682267,0.0495116582542322,0.118575310256713,0.347015234912134,0.308870066373912,0.39196218619879,0.000700590955596419,0.000567588649647668,0.000891752190101515
"aggressive_treatment_all",2042,0.0484823957325474,0.0308100016227181,0.0770804296601189,0.284377889874276,0.252721862692753,0.321628747844138,0.00044536897617362,0.000356839137748709,0.000574173860349287
"aggressive_treatment_all",2043,0.0307525189527261,0.0191717776587878,0.0501153674889987,0.232716429775644,0.206834023905278,0.263822120932848,0.000282747136798342,0.00022434047039391,0.00037077159013871
"aggressive_treatment_all",2044,0.0195254686434031,0.0119294203300931,0.0325546882135733,0.190484358409121,0.169452954439772,0.216323657265351,0.000179850303665009,0.000141002927357851,0.00023909658108305
"aggressive_treatment_all",2045,0.0124062257411054,0.00742272141647316,0.0211423574300506,0.155984632570635,0.13877126521304,0.177307536584488,0.00011451419682281,8.86473519044108e-05,0.000154619776964425
"aggressive_treatment_all",2046,0.0078631760508376,0.0046184345862641,0.01373022561339,0.127709134086832,0.113576223749213,0.145270305207847,7.28142141773224e-05,5.58146998148714e-05,0.000100016165742486
"aggressive_treatment_all",2047,0.0049867266016787,0.00287352769897201,0.00891638100878231,0.10448990106142,0.0928325454342311,0.118973615689765,4.63704707244575e-05,3.50799586804962e-05,6.47747772646604e-05
"aggressive_treatment_all",2048,0.00316860101586614,0.00178782964865157,0.0057901300059519,0.0854823942896167,0.0758534892580028,0.0974072330797682,2.95260318098866e-05,2.19810424038592e-05,4.20168913065518e-05
"aggressive_treatment_all",2049,0.00201487756219748,0.00111231609658397,0.0037599199575585,0.0698446414367207,0.0619599655076239,0.0797444747378678,1.87463233330627e-05,1.3770090148343e-05,2.72585660144754e-05
"aggressive_treatment_all",2050,0.00128150656256944,0.000692026566861229,0.00244152443527835,0.0570971410539469,0.0505983193321773,0.0651942901570497,1.1911849718116e-05,8.62412625769042e-06,1.76534439081468e-05
"aggressive_treatment_all",2051,0.000813641772673763,0.000430537317355741,0.00158539369540523,0.0466610691002481,0.0413295539425394,0.0533059924415069,7.59277982564153e-06,5.39979876859089e-06,1.14221824924289e-05
"aggressive_treatment_all",2052,0.00051591983420817,0.000267850986473578,0.00102945636018923,0.0381120270660338,0.0337469047636761,0.0435680004704307,4.82682005164291e-06,3.38003599323995e-06,7.39137311678013e-06
"aggressive_treatment_all",2053,0.000327082225491435,0.00016663680971674,0.000668549862532916,0.0311161757460568,0.027545802168764,0.0355947429763029,3.06565102770671e-06,2.11517134382887e-06,4.78451715819324e-06
"aggressive_treatment_all",2054,0.000207527201701127,0.000103667972084956,0.000434169471592956,0.0253893942569813,0.0224763178089968,0.0290691592553416,1.95107715402118e-06,1.32327762080307e-06,3.0972554937401e-06
"aggressive_treatment_all",2055,0.000131670895767479,6.44933394120142e-05,0.000281956499657377,0.0207118421198251,0.0183334196427547,0.0237306357222328,1.23928269403851e-06,8.27635964024405e-07,2.00512005905781e-06
"aggressive_treatment_all",2056,8.354141301444e-05,4.01430464059708e-05,0.000183106132137418,0.0168789834525695,0.0149487368122218,0.0193650496564496,7.86940062515042e-07,5.17503470256722e-07,1.29815687596616e-06
"aggressive_treatment_all",2057,5.30043621562398e-05,2.50054696993791e-05,0.000119032675991684,0.0137486320156534,0.0121814867906176,0.0157965537659219,4.99056928789101e-07,3.23501117076023e-07,8.40498155239893e-07
"aggressive_treatment_all",2058,3.36680015883748e-05,1.55760663694095e-05,7.740026209657e-05,0.0112080987385023,0.00991714109157748,0.0128807991427408,3.16620185000838e-07,2.02176343774668e-07,5.44220434116264e-07
"aggressive_treatment_all",2059,2.13864855245219e-05,9.70239572414293e-06,5.03288411202099e-05,0.00913545256461238,0.0080708511914203,0.0104993868848844,2.0133875737149e-07,1.26322459756649e-07,3.53470447506386e-07
"aggressive_treatment_all",2060,1.35850142932256e-05,6.0436442093211e-06,3.27257791860888e-05,0.00743862000060422,0.00656611114945997,0.00855518752300776,1.28022780813741e-07,7.89096751586801e-08,2.29591159450615e-07
"aggressive_treatment_all",2061,8.6293804768592e-06,3.76459056491152e-06,2.12795224766401e-05,0.00605548068845648,0.00534016603131833,0.00696849602139991,8.12946195302559e-08,4.92814179788728e-08,1.49135224646562e-07
"aggressive_treatment_all",2062,5.48148439833976e-06,2.34496178557398e-06,1.3836708293045e-05,0.00492628452018204,0.00434170772341252,0.00567407246007331,5.15276377317377e-08,3.07711125004151e-08,9.68785402078192e-08
"aggressive_treatment_all",2063,3.48189736091544e-06,1.46067340877389e-06,8.98653689008779e-06,0.0040070575415732,0.00352880291598835,0.0046188060552498,3.2736762114015e-08,1.92094099177322e-08,6.29356171373073e-08
"aggressive_treatment_all",2064,2.20842137992398e-06,9.09850325719743e-07,5.83595970921282e-06,0.00325837885825149,0.0028671931894334,0.00376118526909395,2.08045325195283e-08,1.19894528152422e-08,4.08870931622531e-08
"aggressive_treatment_all",2065,1.40168434418944e-06,5.66743289445606e-07,3.78993874458283e-06,0.0026464682564791,0.00232890090276671,0.00306181789062034,1.32208818030573e-08,7.48174345214954e-09,2.65641596048567e-08
"aggressive_treatment_all",2066,8.90303146695282e-07,3.53022608428579e-07,2.46122988913058e-06,0.00215037148773862,0.00189199329019427,0.00249159454827272,8.40127117644842e-09,4.66796796905853e-09,1.72593842940754e-08
"aggressive_treatment_all",2067,5.65344387156879e-07,2.19896561583614e-07,1.59835166714534e-06,0.00174662946856048,0.0015362181349566,0.00202684932576948,5.33842901633565e-09,2.91190975616394e-09,1.12143253846278e-08
"broad_community_rho60",2017,11065.1096153975,10005.5769676965,12285.4468285781,479.199988829626,428.904187621275,534.751479400823,125.570140317268,112.67334253195,140.14638006811
"broad_community_rho60",2018,10374.0250658599,9382.84862256884,11525.2765816412,473.113462420143,423.41551166671,528.033919380855,119.872942194305,107.500663904083,133.771978176039
"broad_community_rho60",2019,9639.90758417594,8725.91096113709,10721.7628296022,464.603336281491,415.740470009718,518.677397407582,114.776559350349,102.865858178294,128.071833922023
"broad_community_rho60",2020,9008.61970324721,8151.45260826106,10018.597695332,454.723896281646,407.014435134059,507.994522509753,110.227874131341,98.7326882991041,122.99519751442
"broad_community_rho60",2021,8425.97114535553,7628.6258902287,9378.18595412081,443.879442369596,397.362136304653,496.177079811393,106.061748327061,94.9272135693883,118.336954870055
"broad_community_rho60",2022,7890.96119365421,7143.73165513924,8783.79291767319,432.239733120567,386.91638271103,483.457753423514,102.082539507242,91.3215698127255,113.924045416222
"broad_community_rho60",2023,7389.68686607335,6689.73658528673,8226.86607857857,419.989210050625,375.914352043823,469.955619136527,98.1918398016994,87.8253100412722,109.643021155307
"broad_community_rho60",2024,6915.01113835436,6262.12104801009,7702.35642639429,407.070217715129,364.397096013572,455.748288751211,94.3617342577123,84.4378947748752,105.484927180182
"broad_community_rho60",2025,6463.64986739388,5853.71294752241,7206.98235372396,393.658661420543,352.314190071868,440.920134173914,90.6056560928618,81.0753197483681,101.362574596455
"broad_community_rho60",2026,6036.22952726188,5466.71710102109,6743.24773883237,379.851797309943,339.851922232847,425.529012473208,86.9157564350565,77.7517862680326,97.2711688229025
"broad_community_rho60",2027,5639.36350641705,5101.32013471048,6307.01956331321,365.65948186769,327.088509903248,409.763135478334,83.2390660757378,74.460798833657,93.1950109986921
"broad_community_rho60",2028,5264.11675520166,4756.28300309253,5892.63391485566,351.293064756958,314.116910838997,393.723642972637,79.5221430994588,71.1660895069638,89.1313867905255
"broad_community_rho60",2029,4911.03374228037,4429.5604719091,5495.78488612904,336.748572476365,301.015583522451,377.507321786935,75.8757897680396,67.8810151735481,85.0685601166616
"broad_community_rho60",2030,4574.53186893199,4121.33143716504,5121.76965954413,322.113068633969,287.858729929477,361.206113212256,72.2617745063033,64.6260349751362,81.0402874950605
"broad_community_rho60",2031,4255.08488138212,3831.01172406339,4769.91839298229,307.482839138236,274.71593529627,344.90659393082,68.6872484941571,61.4139367571088,77.0610965068533
"broad_community_rho60",2032,3954.34727723011,3554.7566165838,4437.92629001604,292.751249002168,261.651828946586,328.689486251188,65.1697246089008,58.2551358919404,73.1440438106903
"broad_community_rho60",2033,3675.79204880607,3295.21039124919,4125.07669352332,278.10536568065,248.725796241655,312.629236713254,61.680632208626,55.1596048891138,69.3017296869273
"broad_community_rho60",2034,3410.71301489625,3051.89152134786,3830.76321106964,263.695790591083,235.991761429016,296.793688736564,58.2914401543956,52.1365866467602,65.5458884038152
"broad_community_rho60",2035,3162.87490922262,2824.04779822651,3554.06448219117,249.855914244934,223.477033528107,281.243863587093,54.9982253479523,49.194392369397,61.8871239227018
"broad_community_rho60",2036,2929.8439360062,2610.89543661723,3294.88231102922,236.305005907656,211.120752171803,266.033854506388,51.835708523539,46.3402824314673,58.3347508218329
"broad_community_rho60",2037,2712.74959229277,2414.95309185711,3052.19054936726,222.970557019414,199.102071874884,251.210831468681,48.764170219994,43.5654631552665,54.896712974198
"broad_community_rho60",2038,2508.87393433821,2231.72123825582,2824.83463579644,210.169291864691,187.451940797792,236.815148645838,45.7909116155221,40.87678987343,51.5795602936782
"broad_community_rho60",2039,2317.70696904589,2060.58631402831,2612.11197266039,197.598391166964,176.195815335286,222.880543065413,42.9139808962171,38.2952486777009,48.3884688281349
"broad_community_rho60",2040,2138.61033876688,1900.9432971643,2413.32588937237,185.421183271424,165.288098766505,209.434410862156,40.1635790783582,35.8234543330409,45.3272928152525
"broad_community_rho60",2041,1970.53263066641,1752.19744863635,2227.39201451501,173.832636665773,154.709464298716,196.498146642523,37.5278354512906,33.4565064780148,42.3989735591188
"broad_community_rho60",2042,1815.79520314731,1613.76610086226,2053.84572467368,162.757365215748,144.58856172455,184.087531512729,35.0313512056662,31.1733390775184,39.6049045268701
"broad_community_rho60",2043,1671.43440394176,1485.0803775012,1892.3190408004,152.14738058553,134.936896511558,172.214666127401,32.6544586162709,29.0064253274245,36.9451542699475
"broad_community_rho60",2044,1537.79703483073,1365.58677150155,1742.68545349408,142.050548635359,125.755722526285,160.884842164958,30.4025909509128,26.9552793138403,34.4191699801505
"broad_community_rho60",2045,1414.02655102406,1254.73167350826,1604.46769903407,132.412941037844,117.109156252448,150.098451400274,28.2634154576845,25.0179336361262,32.0255579263133
"broad_community_rho60",2046,1299.20359306257,1151.55462520808,1476.1730097051,123.292836903776,108.958927572256,139.853218282402,26.2362490917664,23.1981669259843,29.762190096661
"broad_community_rho60",2047,1192.72362535463,1055.69000977133,1357.21462278803,114.615283731229,101.248172820992,130.143487737476,24.3328956552856,21.5003496190658,27.6263075472737
"broad_community_rho60",2048,1094.36537301741,966.798835725079,1247.11130245335,106.474215035893,93.968368979891,120.960661746697,22.5421288252495,19.9041357018159,25.6146188648783
"broad_community_rho60",2049,1003.20557034885,884.696526732831,1144.38754237589,98.774505207436,87.1090862923917,112.293616917334,20.8566858223808,18.4061723362545,23.7233926213398
"broad_community_rho60",2050,919.162270444215,809.597560170274,1049.53615465269,91.5159984779993,80.6582766492275,104.129099024792,19.2819708490402,17.0027355104627,21.9485430817425
"broad_community_rho60",2051,841.251677330534,740.622711897675,962.191528169957,84.7212296189447,74.6189865805365,96.4520916470975,17.8048539395558,15.6895017177638,20.2857087393416
"broad_community_rho60",2052,769.323042503214,677.008849809136,882.057756485624,78.3622909193068,68.9711624574705,89.2461570111488,16.4302600173471,14.463303880822,18.7303234992606
"broad_community_rho60",2053,704.021351565223,618.217721579715,808.415406000442,72.3657563577114,63.6838827795239,82.493748023853,15.1493553801047,13.3187582979806,17.2776805279165
"broad_community_rho60",2054,643.116509149532,564.010165208219,740.447337743132,66.7538732442976,58.7269665224866,76.176491176856,13.9577015202336,12.2486855659906,15.9153218603007
"broad_community_rho60",2055,587.200658415809,514.042546309088,677.430960133146,61.548158475883,54.0898317251957,70.248070793618,12.8479484605032,11.2571895474951,14.6446031685533
"broad_community_rho60",2056,535.708782985415,468.239839226696,619.444954873553,56.6762022107583,49.7707192063332,64.7111642378902,11.8061889935943,10.3382777319926,13.4633375422841
"broad_community_rho60",2057,488.911144212034,426.285935568561,565.995614864658,52.1380039671518,45.7541963560117,59.5571146087542,10.8379196275848,9.48621233688616,12.3666817188866
"broad_community_rho60",2058,446.296140342829,387.885012415852,516.43019310154,47.9232970363301,42.0241718442245,54.7659510095308,9.94700137589929,8.69712154463311,11.3498694922979
"broad_community_rho60",2059,406.546806917513,352.76068554377,470.959354401304,44.0349766159781,38.5647615909973,50.3179130193103,9.12228906787494,7.96708824912552,10.4082388406791
"broad_community_rho60",2060,370.163097540882,320.655136741748,429.27779908258,40.4269355035845,35.3603859179527,46.1935783272177,8.3597182660501,7.29253077703045,9.53725421147247
"broad_community_rho60",2061,337.00121361112,291.328226333973,391.107451270764,37.0726653518934,32.3958502058132,42.373969191042,7.65536603008098,6.67003197677916,8.7329235271585
"broad_community_rho60",2062,306.576558800594,264.556600531036,356.159967063903,33.9620318923654,29.6564105641942,38.8406396244819,7.01076295435399,6.09619030391723,7.99056489406347
"broad_community_rho60",2063,278.82081495888,240.132801877773,324.183682438228,31.1021798725617,27.127825994014,35.5689984343176,6.41456317169427,5.5683586851351,7.31475266550879
"broad_community_rho60",2064,253.86606931395,217.86438980631,295.047949548775,28.4595499098015,24.7963984752232,32.5455470337879,5.8574104719759,5.08482070544604,6.69333672026467
"broad_community_rho60",2065,230.615954435306,197.573077158473,268.931136233202,26.0243034387641,22.6490023486306,29.7588482860853,5.34765450390239,4.64021036364872,6.12007811227804
"broad_community_rho60",2066,209.381930495492,179.093887507049,245.076322499346,23.786038587891,20.6819437857276,27.2185508573463,4.8816582901819,4.23176774033125,5.59059502181658
"broad_community_rho60",2067,190.084265757481,162.274337177488,223.472349778667,21.7366304439272,18.8748025878116,24.8674243223504,4.4514135513467,3.85723907219175,5.10629972646935
"broad_treatment_community",2017,11065.1096153975,10005.5769676965,12285.4468285781,479.199988829626,428.904187621275,534.751479400823,125.570140317268,112.67334253195,140.14638006811
"broad_treatment_community",2018,10372.7965814237,9381.72394654365,11523.8910322749,476.812640265648,426.739780346567,532.137916329364,124.552990363975,111.719740624523,139.001080809913
"broad_treatment_community",2019,9635.66944975419,8722.0958905643,10717.0635293535,471.214468518453,421.669994676888,526.006844829146,122.269156783156,109.597198779084,136.432700383343
"broad_treatment_community",2020,9000.41098097474,8144.06565018761,10009.5004953531,463.578572269231,414.893770300752,517.757364039339,119.340923479945,106.918415754855,133.166009578354
"broad_treatment_community",2021,8413.2878500495,7617.23009357562,9364.15533932688,454.343234760733,406.731286714117,507.795494974624,116.042813066009,103.891314623952,129.48532764947
"broad_treatment_community",2022,7873.73614787176,7128.18181715128,8764.65352588285,443.883425020962,397.351791615278,496.351787551497,112.488340102925,100.634240926922,125.516375237892
"broad_treatment_community",2023,7367.87081065884,6670.07997880855,8202.68013169154,432.359385707932,386.947699766201,483.718888049744,108.68028366893,97.2084594663165,121.333412229495
"broad_treatment_community",2024,6889.16354216518,6238.55486535028,7673.34364933128,419.917655086681,375.868587391764,470.003083270606,104.729817590364,93.6940079203601,117.031867855246
"broad_treatment_community",2025,6433.71001591651,5826.79762541395,7173.46646872277,406.600725753854,363.942333725173,455.380202922027,100.707632401326,90.1080539526418,112.637937378779
"broad_treatment_community",2026,6002.68066430499,5436.50987487126,6705.18665866322,392.710873958956,351.406913537447,439.933955479435,96.6635434289221,86.4649985978879,108.168851591211
"broad_treatment_community",2027,5602.25160120633,5068.17666962601,6265.12853532626,378.252582653867,338.40602281114,423.877703039358,92.6076348221474,82.8249069549222,103.661977311631
"broad_treatment_community",2028,5224.10456091312,4720.55989376379,5847.60625092082,363.476804744321,325.061629629299,407.383907206276,88.4620611703548,79.1630039113279,99.1262535939405
"broad_treatment_community",2029,4868.68339934648,4391.7343754041,5447.92903130126,348.416954812668,311.486954801864,390.587021594141,84.3527963281984,75.4735018808334,94.5745276841318
"broad_treatment_community",2030,4529.73555074678,4081.68202674445,5071.31505042084,333.172421196633,297.782321393696,373.611362627993,80.280142156472,71.8052660161104,90.0336568697028
"broad_treatment_community",2031,4208.79031722545,3789.89645636789,4717.51138111695,317.874331241438,284.039563405718,356.571144198832,76.2412269951424,68.176080818578,85.5379461785079
"broad_treatment_community",2032,3906.70864819094,3513.02253202255,4383.9998090401,302.487403133592,270.342112893167,339.570498174668,72.2620374377633,64.602923143883,81.1071532628491
"broad_treatment_community",2033,3626.86746923014,3252.71536290854,4070.08793440211,287.161021673546,256.765101311353,322.703520588369,68.3245473225605,61.0998721116663,76.7590287517689
"broad_treatment_community",2034,3361.30101366772,3008.93520028812,3775.05489127339,271.917102295303,243.375497026494,306.054371754231,64.492321752577,57.6793371127627,72.5092922145141
"broad_treatment_community",2035,3113.59017091016,2780.9068774135,3497.99636224316,257.412122869863,230.232292704569,289.697447690727,60.7747076490891,54.3520645878926,68.3716258445882
"broad_treatment_community",2036,2879.97324885477,2567.83372046864,3239.17253342231,243.163643075265,217.276997012068,273.697630690243,57.1825793487652,51.1271639702202,64.3576942759506
"broad_treatment_community",2037,2662.91044700292,2371.16789924047,2996.75502951736,229.168209197589,204.638312512639,258.110619152239,53.7108204120077,48.0079178306696,60.4771928368875
"broad_treatment_community",2038,2459.67562033512,2188.40596652302,2769.94241343977,215.632250040655,192.395659449143,242.983331027022,50.3837456901051,44.9773509679725,56.737922721778
"broad_treatment_community",2039,2269.90554833891,2017.9288178674,2558.00253278833,202.528582191894,180.578260602128,228.354371293202,47.1545594840909,42.0716579540838,53.1458893773317
"broad_treatment_community",2040,2091.72978147377,1859.10815220184,2360.2098196686,189.732614718718,169.196359747718,214.254551561018,44.047810958011,39.2937590238175,49.7054193594323
"broad_treatment_community",2041,1925.09834336619,1711.32682087149,2175.84784118646,177.541559726413,158.133309585804,200.707448848473,41.1052335578385,36.6440557909184,46.4199493496302
"broad_treatment_community",2042,1771.72666360501,1573.98081397805,2003.91709572316,165.998123168184,147.550345486389,187.730054533405,38.2963391036519,34.0945777838667,43.2902038253304
"broad_treatment_community",2043,1628.46053069825,1446.48112757721,1843.90861893944,154.954302826914,137.473952217655,175.335867313279,35.6339574018142,31.6720697232449,40.3162099471551
"broad_treatment_community",2044,1496.04009387131,1328.25544533399,1696.70303349684,144.430778348132,127.90478897674,163.527404343828,33.1127033274766,29.3829692821251,37.4969473969478
"broad_treatment_community",2045,1374.0321645422,1218.74959671904,1560.11266717136,134.409805897641,118.854320834856,152.305235333625,30.7335092826377,27.2248481258951,34.8304149029171
"broad_treatment_community",2046,1259.82553281296,1117.28188280307,1433.50465246594,124.878870182367,110.390157124005,141.665653977692,28.4856244040869,25.1944903677501,32.3137664526545
"broad_treatment_community",2047,1154.81942799331,1022.68501875621,1316.28932823989,115.955817340939,102.397542903261,131.601232936469,26.3712394074341,23.3066590430183,29.9434406887139
"broad_treatment_community",2048,1058.38745674091,935.147661422003,1207.73973075292,107.446604343063,94.8662379308533,122.101350691395,24.3885625172382,21.5387069338722,27.7152821633843
"broad_treatment_community",2049,969.352154382859,854.605388041481,1106.53939631019,99.5444238551169,87.7839689236061,113.152686269357,22.5256074268894,19.8828294856759,25.6246535782722
"broad_treatment_community",2050,886.909572929426,781.224190657144,1013.58206808152,92.102400369723,81.1368000402176,104.739679073176,20.7931660039181,18.3345624201548,23.6665385099402
"broad_treatment_community",2051,810.12248239833,713.667321338214,928.041765811595,85.0926504320429,74.9062197680266,96.8449521508987,19.1721616728982,16.8886327646464,21.835634429576
"broad_treatment_community",2052,740.795883978466,651.271349162772,849.813564509095,78.5255390547194,69.0849127172089,89.4496981777806,17.6662141971451,15.5412197479027,20.1264360690758
"broad_treatment_community",2053,676.607270217876,593.866254582325,777.620918813254,72.4045536391855,63.6711211821221,82.5340282143617,16.2574771576378,14.28520710987,18.5233417420946
"broad_treatment_community",2054,616.926212652924,541.11261904799,711.013960233209,66.6812765893662,58.6035212889691,76.0772839497634,14.9451885081825,13.1141283449907,17.0297677776589
"broad_treatment_community",2055,562.569806504321,492.468128095446,649.738981891074,61.3588659227019,53.877065399263,70.050823348022,13.7309406524586,12.0281949137362,15.6422209302485
"broad_treatment_community",2056,512.501713574117,447.945367811526,593.33943817239,56.4068586402396,49.4842825170615,64.4146591236307,12.6025335694821,11.0225653583243,14.3549504647012
"broad_treatment_community",2057,467.084320048392,407.225380218709,540.927120685308,51.8061425461522,45.4061707354944,59.1789272761087,11.5533723330378,10.0946177903498,13.1622865437161
"broad_treatment_community",2058,425.215426853778,370.01021298356,492.881132166881,47.5581298022101,41.626898770266,54.3108529496755,10.5832488334453,9.23822223271578,12.0586755510392
"broad_treatment_community",2059,386.999900808165,336.021994821657,448.869649524576,43.5968312598922,38.129163252123,49.7996742962139,9.68892873993855,8.44767581424532,11.0389804783979
"broad_treatment_community",2060,352.054833617322,305.001989064033,408.582076496713,39.9295025805945,34.8960695875563,45.624945469639,8.87013663055716,7.71875790656177,10.0978816380861
"broad_treatment_community",2061,319.985058128311,276.709636846086,371.740239538937,36.5504905368014,31.9112120788447,41.7662989224575,8.11589673691716,7.04739812096077,9.23258418754894
"broad_treatment_community",2062,290.869438213016,250.921599775813,338.064494574449,33.4317446521333,29.1587376028015,38.2039931489339,7.41044322754015,6.43024449814738,8.44478099078286
"broad_treatment_community",2063,264.234101528804,227.430810459898,307.46109043519,30.5650202110664,26.623394641985,34.9205322561617,6.76057672223373,5.86547820254731,7.71985060210484
"broad_treatment_community",2064,239.74015024126,206.045537916911,280.041991520704,27.937517094546,24.2905693714108,31.9038408244329,6.16636008378333,5.34660953429314,7.05373158972862
"broad_treatment_community",2065,217.431872511675,186.588473686179,255.034004896531,25.5173213826775,22.1568005689567,29.1621528476311,5.62075095259882,4.87266644203866,6.43996781270292
"broad_treatment_community",2066,197.241630179825,168.895843345533,232.264712699937,23.2680384001057,20.1979370999615,26.6286675436062,5.11842332002952,4.43553666483724,5.87376650829372
"broad_treatment_community",2067,178.870910346597,152.842309568199,211.10143782568,21.2105778387346,18.4001131349979,24.2828174977844,4.66207674604282,4.03394378417425,5.34914459712384
"community_40plus",2017,11065.1096153975,10005.5769676965,12285.4468285781,479.199988829626,428.904187621275,534.751479400823,125.570140317268,112.67334253195,140.14638006811
"community_40plus",2018,10625.9425059057,9619.01347704384,11803.3012338492,477.479667837856,427.356536034783,532.892380058502,124.892067127412,111.997586315932,139.343585044486
"community_40plus",2019,10229.2733868379,9257.66196023126,11346.9215590102,473.557694219303,423.849931599021,528.740314549631,123.330730080072,110.539469546474,137.564906571859
"community_40plus",2020,9921.03335993648,8968.13762767347,10986.7318750364,468.547014845429,419.499819124006,523.490790156211,121.435381565128,108.764504420534,135.414373930738
"community_40plus",2021,9644.25284573268,8718.81454878182,10675.0150030637,462.96775826022,414.454854555309,517.476582310792,119.360824043567,106.873308618744,133.154656787634
"community_40plus",2022,9384.96675036366,8493.4093285917,10397.1696459719,456.952114228652,409.247499756862,510.947677818756,117.269304509357,104.941091176849,130.891970022726
"community_40plus",2023,9147.28440546733,8283.52880194331,10147.2401814459,450.527845522832,403.604374524355,503.99762494826,115.218033993247,103.13654338612,128.618024909338
"community_40plus",2024,8935.09212757035,8089.68588215649,9929.95304248636,444.010224563123,397.669983887678,496.756891177706,113.152859164991,101.405354381937,126.394356966888
"community_40plus",2025,8742.75115221708,7911.2286958165,9729.08284469983,437.269258939353,391.605205856776,489.330224755709,111.160293441184,99.634771896007,124.209444199805
"community_40plus",2026,8560.16224536475,7745.99746046,9542.39832149529,430.321063757192,385.488198118969,481.80242891881,109.211658027296,97.8883336081171,122.05712704775
"community_40plus",2027,8393.07103395276,7592.34892558784,9363.50494025909,423.192490718505,379.373420506813,474.242275166086,107.189304034498,96.1822825744224,119.945110421415
"community_40plus",2028,8245.62758711194,7448.9963246776,9194.29575182677,416.154353613014,373.30403445037,466.705460976833,105.307291425467,94.5204777220248,117.879243512167
"community_40plus",2029,8106.93128702646,7314.9060434055,9035.72261080535,409.195924319745,367.007027290845,459.236933420051,103.442944289515,92.8517443027945,115.863888595346
"community_40plus",2030,7974.06681142473,7195.30226018666,8886.84003372154,402.521738297386,360.717763344712,451.872743751681,101.638409118336,91.182349724494,113.902648503755
"community_40plus",2031,7847.16011942869,7084.44138079072,8746.86626881682,395.896538667972,354.576414270748,444.641544603159,99.8711990482112,89.5702655870735,111.998145282953
"community_40plus",2032,7728.89209245814,6976.93970896757,8615.47848925547,389.445164765665,348.600159405536,437.565812950261,98.2640309132954,88.0163903020058,110.15234002364
"community_40plus",2033,7614.53363503449,6873.92774600523,8495.5449190655,382.919242267711,342.801456369085,430.662861395257,96.666334266241,86.5210747931382,108.366575506333
"community_40plus",2034,7506.80886139937,6776.57597719778,8382.85701792403,376.957639023199,336.994309227764,423.945684024223,95.0321530880929,85.0828534809453,106.641645520767
"community_40plus",2035,7407.98089656299,6684.42387460974,8276.6669969866,370.923001178384,331.17391793169,417.423670544057,93.482438420004,83.6132445042474,104.977859029451
"community_40plus",2036,7313.15873316192,6597.57462117078,8175.54610278181,365.093923083683,325.79929829164,411.103213124639,92.0221875066933,82.2257873420415,103.375102405838
"community_40plus",2037,7223.68494547715,6514.87452251233,8073.91852581611,359.63174743855,320.763605426152,404.98822380754,90.6792643022055,80.9572853989487,101.832900103035
"community_40plus",2038,7138.15347491556,6434.62702432282,7977.89245609373,354.351987339966,315.919051476989,399.080575872125,89.3574797392016,79.742743511814,100.350472879424
"community_40plus",2039,7059.33562741174,6358.84644637052,7887.13257585303,349.205866521191,311.356762157676,393.380479592162,88.0557133070793,78.5806771040678,98.9267923976937
"community_40plus",2040,6985.78611316037,6287.25265483676,7801.40609818567,344.326415376114,306.967246550442,387.886800887936,86.8347125990311,77.4694869380929,97.5606311666121
"community_40plus",2041,6915.76598932867,6219.90883485377,7720.48815531165,339.613976915375,302.754134034633,382.597330111057,85.6665705693379,76.4129710505073,96.3001891215068
"community_40plus",2042,6849.53143797975,6158.07161348304,7645.97234273089,335.055760850169,298.716249084202,377.697835884956,84.542185845294,75.4183821090759,95.105499434326
"community_40plus",2043,6785.28494063933,6096.44508646104,7577.62256517488,330.692757244212,294.848523116192,373.0120177755,83.4887994764743,74.4678452067991,93.9669353313753
"community_40plus",2044,6724.80194358703,6037.94374871763,7516.52512933098,326.488819794059,291.145644190636,368.562879869653,82.4704300040013,73.5605951302828,92.8786295654537
"community_40plus",2045,6669.00218343683,5982.39263770692,7458.82163406852,322.439659862917,287.579286684718,364.302218711826,81.5058256955696,72.6948866503564,91.8388570913331
"community_40plus",2046,6614.9227957948,5929.62893815406,7404.50722387082,318.571597028331,284.100839965561,359.991398441038,80.5887004479477,71.8641385626969,90.8458908539089
"community_40plus",2047,6561.60360820854,5879.50091303427,7353.7698038714,314.933483986503,280.782181160518,355.791090476635,79.6984750247951,71.0380911367331,89.8309578738171
"community_40plus",2048,6511.69489680818,5831.86693844002,7305.85792879548,311.4591171391,277.553128043385,351.774807016561,78.8466033182765,70.2499881056125,88.8587402005349
"community_40plus",2049,6466.07344681486,5786.59463103863,7260.60928277998,308.14964014966,274.455939178388,347.93656530203,78.012374535124,69.4990218588613,87.970811308629
"community_40plus",2050,6425.67492578886,5743.56005913501,7217.87213138133,304.965930493375,271.502173909993,344.2703568267,77.2130274159,68.7847375331673,87.1255463352921
"community_40plus",2051,6386.69065405308,5702.60480720668,7177.50447048952,301.865639567252,268.676699857701,340.776882198577,76.4403732067431,68.1170998754249,86.3248480758843
"community_40plus",2052,6348.75269026816,5664.29897123908,7139.37325155837,298.913599198032,265.985029073839,337.584672012371,75.7147922637563,67.4831099712909,85.6302975506513
"community_40plus",2053,6313.70847452962,5629.83415542299,7101.43293278603,296.095741287318,263.395046162941,334.872388979042,75.057233248374,66.8551173024465,84.983898273904
"community_40plus",2054,6281.99961554108,5593.79444622953,7064.63766054941,293.406871757717,260.856497666635,332.303600464042,74.4640538826741,66.2558662987094,84.3721263749084
"community_40plus",2055,6249.11768902807,5557.59509182759,7029.86893740629,290.841931695982,258.472987794638,329.878590544257,73.9205152997217,65.6843291958121,83.791035451206
"community_40plus",2056,6216.55016143189,5522.76600902234,6996.34000424418,288.412987657038,256.19664427057,327.662521514433,73.3289973996539,65.1393577039273,83.1967969153062
"community_40plus",2057,6185.45676714603,5489.66372654368,6963.50430869409,286.078351167811,254.023376122484,325.499452779236,72.7514832312669,64.619843876567,82.615193289687
"community_40plus",2058,6156.53647114401,5458.2006565402,6932.41864568352,283.842177908449,251.949199226929,323.276193656401,72.2015556605089,64.124718710383,82.1057607442505
"community_40plus",2059,6129.62875085646,5430.54136200849,6902.99173200347,281.725142244916,249.970235688955,321.179466658163,71.6751566650154,63.6289581206474,81.639341396985
"community_40plus",2060,6104.70902052044,5405.11062114056,6875.13705691475,279.829940068626,248.082713077991,319.187274108516,71.1853550459401,63.1504969721451,81.1974074161752
"community_40plus",2061,6081.44163301988,5380.98077884488,6848.7725955728,278.185180993621,246.259631524406,317.3585410937,70.7848521088836,62.6917426558124,80.7788359305118
"community_40plus",2062,6059.42437967862,5357.90759021168,6823.82054717285,276.433436423865,244.433631233414,315.669569643956,70.3356143975042,62.2540191816287,80.3825428198424
"community_40plus",2063,6037.32280142628,5336.00776816934,6800.20709499795,274.778946811402,242.679471289148,314.068952658167,69.933236298367,61.8370806041943,80.0074821580989
"community_40plus",2064,6017.71026980217,5315.22566250438,6777.86218584987,273.103315002132,241.020731680562,312.552726187742,69.5832159860801,61.4680554212093,79.6526456372615
"community_40plus",2065,5995.82679575718,5295.50416548504,6756.71932662225,271.579347163085,239.54694032039,311.117046816571,69.2648646730364,61.1193204432812,79.317061972772
"community_40plus",2066,5975.98596949122,5276.78911498769,6736.71539603679,270.23500762341,238.144763016096,309.75819247835,68.9634485014956,60.794161210706,78.978549744667
"community_40plus",2067,5960.13393844555,5259.02912834226,6717.79046980384,268.958264376003,236.811000823013,308.472562915446,68.6526698934489,60.506662682439,78.6513900738114
"dc_without_rbv",2017,11065.1096153975,10005.5769676965,12285.4468285781,479.199988829626,428.904187621275,534.751479400823,125.570140317268,112.67334253195,140.14638006811
"dc_without_rbv",2018,11065.1142821175,10005.5804752839,12285.4512474718,479.200534314441,428.904628746488,534.752085520465,125.570279793368,112.673443757172,140.146519672649
"dc_without_rbv",2019,11065.118527131,10005.5836591328,12285.4552522197,479.201030326705,428.905029730781,534.752635514023,125.570406675803,112.673535749241,140.146646401627
"dc_without_rbv",2020,11065.1223882939,10005.5865489092,12285.4588813765,479.201481316127,428.905394193624,534.753134533146,125.57052209256,112.673619343233,140.146761432573
"dc_without_rbv",2021,11065.1259000917,10005.5891715845,12285.4621699375,479.201891336391,428.9057254318,534.753587261797,125.570627071622,112.673695299492,140.146865836451
"dc_without_rbv",2022,11065.1290939365,10005.5915516773,12285.4651496636,479.202264079933,428.90602644777,534.753997958128,125.570722549717,112.673764310228,140.146960587172
"dc_without_rbv",2023,11065.1319984385,10005.5937114746,12285.4678493774,479.202602909717,428.906299975589,534.754370492674,125.57080938032,112.673827005545,140.147046570283
"dc_without_rbv",2024,11065.1346396529,10005.5956712323,12285.4702952324,479.202910888262,428.906548504577,534.754708383173,125.57088834096,112.673883958943,140.147124590882
"dc_without_rbv",2025,11065.1370413066,10005.5974493591,12285.4725109577,479.203190804154,428.906774300942,534.755014826322,125.570960139895,112.67393569234,140.14719538084
"dc_without_rbv",2026,11065.1392250036,10005.5990625827,12285.4745180806,479.203445196254,428.90697942752,534.755292726707,125.571025422216,112.673982680658,140.147259605381
"dc_without_rbv",2027,11065.1412104138,10005.6005261022,12285.4763361293,479.203676375801,428.907165761798,534.755544723171,125.571084775414,112.674025356005,140.14731786908
"dc_without_rbv",2028,11065.1430154441,10005.6018537261,12285.4779828166,479.203886446583,428.907335012364,534.755773212847,125.571138734467,112.674064111489,140.147370721334
"dc_without_rbv",2029,11065.1446563956,10005.6030579989,12285.4794742073,479.204077323352,428.907488733921,534.755980373033,125.57118778648,112.6740993047,140.147418661339
"dc_without_rbv",2030,11065.1461481058,10005.6041503153,12285.4808248703,479.204250748628,428.90762834098,534.756168181131,125.57123237493,112.674131260885,140.14746214263
"dc_without_rbv",2031,11065.1475040793,10005.6051410249,12285.4820480168,479.204408308019,428.907755120364,534.756338432796,125.571272903529,112.67416027584,140.147501577211
"dc_without_rbv",2032,11065.1487366064,10005.6060395269,12285.4831556254,479.204551444215,428.907870242605,534.756492758464,125.571309739754,112.674186618553,140.147537339323
"dc_without_rbv",2033,11065.1498568716,10005.6068543573,12285.4841585566,479.204681469733,428.907974772332,534.756632638389,125.571343218069,112.674210533603,140.147569768867
"dc_without_rbv",2034,11065.150875052,10005.6075932667,12285.4850666563,479.204799578549,428.908069677761,534.756759416341,125.571373642864,112.67423224336,140.147599174526
"dc_without_rbv",2035,11065.1518004076,10005.6082632927,12285.4858888497,479.204906856704,428.908155839325,534.756874312062,125.571401291129,112.674251949978,140.147625836605
"dc_without_rbv",2036,11065.1526413633,10005.6088708244,12285.4866332269,479.205004291965,428.90823405756,534.756978432605,125.571426414905,112.674269837217,140.147650009616
"dc_without_rbv",2037,11065.1534055836,10005.609421662,12285.4873071204,479.205092782644,428.908305060282,534.75707278264,125.571449243505,112.674286072099,140.147671924627
"dc_without_rbv",2038,11065.1541000409,10005.6099210709,12285.4879171756,479.205173145622,428.908369509123,534.757158273842,125.571469985552,112.674300806423,140.147691791407
"dc_without_rbv",2039,11065.1547310772,10005.61037383,12285.4884694147,479.205246123667,428.908428005501,534.757235733417,125.571488830825,112.674314178136,140.147709800367
"dc_without_rbv",2040,11065.1553044613,10005.6107842769,12285.4889692947,479.205312392108,428.908481096043,534.757305911862,125.571505951949,112.674326312592,140.147726124336
"dc_without_rbv",2041,11065.1558254397,10005.6111563481,12285.4894217603,479.205372564898,428.908529277534,534.757369490015,125.571521505936,112.674337323683,140.147740920168
"dc_without_rbv",2042,11065.1562987838,10005.6114936158,12285.4898312915,479.205427200157,428.908573001424,534.757427085466,125.571535635582,112.674347314888,140.147754330209
"dc_without_rbv",2043,11065.1567288328,10005.6117993216,12285.4902019471,479.205476805203,428.908612677923,534.757479258387,125.571548470747,112.674356380212,140.147766483625
"dc_without_rbv",2044,11065.1571195325,10005.6120764068,12285.4905374039,479.205521841145,428.908648679743,534.757526516828,125.571560129517,112.674364605048,140.147777497617
"dc_without_rbv",2045,11065.1574744705,10005.6123275399,12285.4908409926,479.205562727061,428.908681345495,534.757569321523,125.571570719267,112.67437206696,140.147787478519
"dc_without_rbv",2046,11065.1577969091,10005.6125551418,12285.4911157303,479.205599843799,428.908710982784,534.757608090271,125.57158033762,112.674378836395,140.147796522797
"dc_without_rbv",2047,11065.1580898141,10005.6127614089,12285.4913643494,479.205633537444,428.908737871026,534.757643201905,125.571589073332,112.674384977332,140.147804717962
"dc_without_rbv",2048,11065.1583558818,10005.6129483334,12285.491589325,479.205664122465,428.908762264012,534.757674999895,125.571597007089,112.674390547871,140.147812143391
"dc_without_rbv",2049,11065.1585975635,10005.6131177223,12285.4917928983,479.205691884588,428.908784392241,534.757703795633,125.57160421224,112.674395600772,140.147818871081
"dc_without_rbv",2050,11065.1588170872,10005.6132712147,12285.491977099,479.205717083404,428.908804465039,534.757729871403,125.571610755455,112.674400183937,140.147824966331
"dc_without_rbv",2051,11065.1590164785,10005.6134102971,12285.4921437653,479.205739954746,428.908822672495,534.757753483087,125.57161669733,112.674404340862,140.147830488358
"dc_without_rbv",2052,11065.1591975783,10005.6135363176,12285.4922945613,479.20576071285,428.908839187212,534.757774862617,125.571622092943,112.674408111031,140.147835490861
"dc_without_rbv",2053,11065.1593620599,10005.6136504989,12285.4924309939,479.205779552319,428.908854165908,534.757794220202,125.571626992346,112.674411530292,140.147840022536
"dc_without_rbv",2054,11065.159511444,10005.6137539494,12285.4925544275,479.205796649914,428.908867750866,534.757811746351,125.571631441027,112.674414631184,140.147844127532
"dc_without_rbv",2055,11065.1596471127,10005.6138476744,12285.4926660974,479.205812166182,428.908880071257,534.757827613706,125.571635480318,112.674417443244,140.147847845881
"dc_without_rbv",2056,11065.1597703219,10005.6139325853,12285.4927671217,479.205826246929,428.908891244337,534.75784197871,125.57163914778,112.674419993279,140.147851213874
"dc_without_rbv",2057,11065.1598822131,10005.6140095084,12285.4928585127,479.205839024576,428.908901376545,534.75785498312,125.571642477539,112.674422305621,140.147854264409
"dc_without_rbv",2058,11065.1599838233,10005.614079193,12285.4929411867,479.20585061937,428.908910564491,534.757866755371,125.571645500601,112.674424402351,140.147857027311
"dc_without_rbv",2059,11065.160076095,10005.6141423181,12285.4930159733,479.205861140508,428.908918895857,534.757877411829,125.571648245137,112.674426303508,140.147859529613
"dc_without_rbv",2060,11065.1601598844,10005.6141994995,12285.4930836232,479.205870687141,428.908926450222,534.757887057915,125.571650736738,112.674428027277,140.147861795818
"dc_without_rbv",2061,11065.1602359695,10005.6142512952,12285.4931448159,479.205879349297,428.908933299803,534.757895789127,125.571652998653,112.674429590156,140.147863848134
"dc_without_rbv",2062,11065.1603050573,10005.6142982111,12285.4932001664,479.205887208713,428.908939510134,534.757903691975,125.571655052001,112.674431007118,140.147865706687
"dc_without_rbv",2063,11065.1603677898,10005.6143407057,12285.4932502313,479.205894339602,428.90894514068,534.757910844819,125.571656915967,112.674432291745,140.147867389718
"dc_without_rbv",2064,11065.1604247504,10005.6143791947,12285.4932955143,479.205900809333,428.908950245397,534.757917318634,125.571658607974,112.674433456361,140.147868913757
"dc_without_rbv",2065,11065.1604764692,10005.6144140545,12285.4933364714,479.205906679069,428.90895487324,534.757923177702,125.57166014385,112.674434512146,140.147870293781
"dc_without_rbv",2066,11065.1605234277,10005.6144456266,12285.4933735148,479.20591200433,428.908959068623,534.757928480242,125.571661537968,112.674435469243,140.147871543363
"dc_without_rbv",2067,11065.160566063,10005.6144742203,12285.493407018,479.205916835512,428.908962871841,534.757933278978,125.571662803385,112.674436336851,140.147872674801
"early_treatment_community",2017,11065.1096153975,10005.5769676965,12285.4468285781,479.199988829626,428.904187621275,534.751479400823,125.570140317268,112.67334253195,140.14638006811
"early_treatment_community",2018,10379.2887795891,9387.563486507,11531.0801113042,477.017925371969,426.922669698689,532.366981588389,124.625874137257,111.786425373678,139.083787497664
"early_treatment_community",2019,9648.63008410747,8733.85464071402,10731.5059024224,471.659843625362,422.067767838442,526.503471933161,122.498545906547,109.805188988095,136.690977860042
"early_treatment_community",2020,9018.47112537355,8160.4618899244,10029.5924086427,464.117841537495,415.369277332189,518.349459771983,119.713361873281,107.255321997529,133.583832727126
"early_treatment_community",2021,8435.54605470111,7637.281638661,9388.67642247929,454.877891988539,407.208476553998,508.390562955155,116.524658185888,104.330391543896,130.028255251396
"early_treatment_community",2022,7898.89580522355,7151.11238019052,8792.64651293704,444.369889671974,397.785952074494,496.886596922055,113.06269751983,101.144925624495,126.148700925612
"early_treatment_community",2023,7395.58279161022,6695.25278929416,8233.36610158202,432.770942699757,387.306964508091,484.17093420997,109.306658692992,97.76517587143,122.023572991699
"early_treatment_community",2024,6918.88251850283,6265.47232208942,7706.07461433718,420.248016681489,376.154737142884,470.36371852224,105.384635682074,94.2693484089977,117.74500913618
"early_treatment_community",2025,6465.43196957642,5855.50947487461,7207.69790654054,406.852630810659,364.168341663677,455.653659240624,101.364239426661,90.6925565534482,113.362344688836
"early_treatment_community",2026,6034.55141017053,5466.1143231424,6740.1588691182,392.892979022432,351.57369568858,440.142377784865,97.3070360182146,87.0394437832068,108.88647750526
"early_treatment_community",2027,5633.94035929669,5098.3574238738,6300.73118966649,378.383364407757,338.527919617615,424.028022592629,93.2388945271228,83.3880967888476,104.365747662386
"early_treatment_community",2028,5256.52275439592,4751.01484130926,5883.8755227994,363.572451705318,325.152902234474,407.494732421026,89.0840345477273,79.7091331193213,99.8088700215321
"early_treatment_community",2029,4901.96961392209,4422.13076238887,5484.22322703678,348.49837477877,311.562567459455,390.677010662635,84.9417636031623,76.0041983780564,95.2346371855939
"early_treatment_community",2030,4562.10751837734,4111.90832829679,5107.19488467252,333.251090411332,297.856185389438,373.697947498307,80.8450883310606,72.3135561922421,90.6655317545199
"early_treatment_community",2031,4241.44825066594,3819.78765533942,4753.00028959828,317.963932494664,284.123905958376,356.669727078645,76.7798901726802,68.6607851615282,86.140674638944
"early_treatment_community",2032,3938.80361648683,3543.25129362286,4418.9408711386,302.590992531682,270.447137945214,339.694010928781,72.7745376286059,65.0641827548174,81.6809178931757
"early_treatment_community",2033,3657.72413992099,3282.32859709271,4104.35964222228,287.295776737863,256.898866473661,322.862254171718,68.8148739302662,61.5384126114742,77.3047466498706
"early_treatment_community",2034,3391.71458620848,3037.83681094477,3808.5515250692,272.101867030183,243.543944197813,306.255998781716,64.9565226114293,58.0962456678512,73.0283352091154
"early_treatment_community",2035,3143.85609775748,2809.01977237425,3530.69915973981,257.642119581394,230.439382151042,289.947176097386,61.2222907005121,54.7486220469936,68.8656093312539
"early_treatment_community",2036,2909.11584934353,2594.9052327609,3271.05267010558,243.435293937595,217.536388277102,273.998439778327,57.5997414985307,51.5047226923185,64.8283231359619
"early_treatment_community",2037,2690.68801377117,2396.09107255604,3027.69294400965,229.492590330854,204.939429768422,258.46354089528,54.1101795910453,48.3720533598559,60.9261536296826
"early_treatment_community",2038,2486.34302886274,2212.47603531143,2799.89566944565,215.992150348529,192.737691833636,243.387749222802,50.7696887536376,45.3273955340208,57.1668124555788
"early_treatment_community",2039,2295.77809969347,2041.12280602478,2586.9392038658,202.936865678167,180.959331258259,228.808319089624,47.5277489597828,42.4060822266404,53.5561724543091
"early_treatment_community",2040,2116.9677136816,1881.410967681,2388.10713326005,190.182376130241,169.622086762994,214.754994177668,44.4024398518903,39.6136135845381,50.0984183917224
"early_treatment_community",2041,1949.58425540464,1732.73021571821,2202.69103874978,178.02372259411,158.594937632243,201.250543188451,41.4461553995871,36.9504375276676,46.7968865534659
"early_treatment_community",2042,1794.96282555437,1594.48249357002,2029.99326294465,166.51795095061,148.041204937133,188.311564465623,38.6207748579964,34.3943250890127,43.6519951832459
"early_treatment_community",2043,1651.01790894975,1466.08397937657,1869.60130042024,155.512354712006,137.989866668412,175.950833862575,35.9452076748914,31.9596071152944,40.6636996614091
"early_treatment_community",2044,1517.06358932221,1346.96686361862,1721.37316578419,145.013587394627,128.441471437811,164.170833920039,33.4114192471118,29.6583947890909,37.830848282106
"early_treatment_community",2045,1393.61218822481,1236.58088497484,1583.76313380209,135.017891336902,119.394760602915,152.972075885989,31.0226340748964,27.4886839562364,35.151325510698
"early_treatment_community",2046,1278.70244906703,1134.22394485984,1456.14274847272,125.482644495217,110.943156196506,142.35091231357,28.7655899223686,25.4471840837957,32.6221887646865
"early_treatment_community",2047,1172.6859947557,1038.98069387709,1337.95047256886,116.57197423711,102.959207028215,132.300068021473,26.6370804390348,23.5430387553527,30.2397973325645
"early_treatment_community",2048,1075.60930428333,950.576848820367,1228.21747566079,108.066350531432,95.4328840494015,122.809145629742,24.6444756365395,21.7650900755365,27.9999324656487
"early_treatment_community",2049,985.818561950307,869.424715789302,1126.01949914427,100.167643103757,88.3521643215428,113.865101696092,22.7724657714323,20.099503021713,25.8979080414395
"early_treatment_community",2050,902.248206826576,795.224410907721,1032.19090712302,92.7270487918175,81.7033886317745,105.452690602771,21.0212706570453,18.5418604411108,23.9286715026136
"early_treatment_community",2051,825.271864820134,726.872666311514,945.725025172799,85.7056705912948,75.4685670917825,97.5548743630331,19.4043953493411,17.0867133447677,22.0868950261703
"early_treatment_community",2052,754.896526239222,663.60459321062,866.388520978302,79.134557529794,69.6346514374677,90.1531974127628,17.888013408086,15.7303068821957,20.3632913117227
"early_treatment_community",2053,689.619352339226,605.476908222603,793.152399096863,73.019108220152,64.2025247259885,83.2281262206131,16.4667879367417,14.4647730141341,18.747373752161
"early_treatment_community",2054,629.551397457765,552.115537296627,725.710421595956,67.2888521231035,59.1212091786098,76.75935419018,15.140236774942,13.2850465160755,17.243517482658
"early_treatment_community",2055,574.692008895122,502.852862747988,663.635067936759,61.9467359018685,54.381870248407,70.7260728464293,13.9187335640616,12.1906976294518,15.8459334357875
"early_treatment_community",2056,523.746440513994,457.678597345828,606.173162240939,56.9797986386703,49.9749646872114,65.0618484488594,12.7844981185,11.1768873541052,14.548874288934
"early_treatment_community",2057,477.489185592643,416.337981860934,553.007056992643,52.3784116227697,45.8821636885915,59.7962669802902,11.7279279047727,10.238876819455,13.3466756733526
"early_treatment_community",2058,434.908517308914,378.532712748693,504.239647377874,48.1024634255943,42.0865434878539,54.908079089952,10.7491337649774,9.3726020748824,12.2339426083662
"early_treatment_community",2059,395.877077871738,343.984422797272,459.538869374019,44.1052162985826,38.5717651323103,50.3762255996838,9.84896940210137,8.5748114020257,11.2055004882804
"early_treatment_community",2060,360.263396681915,312.433755786866,418.59386695368,40.4288340290637,35.3211292845308,46.1800519601398,9.02371359455866,7.83889599292421,10.2556675834629
"early_treatment_community",2061,327.946079803415,283.639429187013,381.118107171293,37.0347308283815,32.3184064666905,42.2994180935703,8.24963532977207,7.16207519006336,9.39082291054913
"early_treatment_community",2062,298.146804138777,257.377294765526,346.848001549005,33.903833680433,29.5479011447089,38.7157395456449,7.53976973456084,6.53959340612347,8.5953495729114
"early_treatment_community",2063,270.763652889693,233.439405515391,316.254959782996,31.0289910933757,26.9945014161572,35.4100077975122,6.88336954872831,5.96756652290784,7.86247997372905
"early_treatment_community",2064,245.96217721568,211.633095968116,288.351465745247,28.3794724045906,24.6465959638008,32.3971789193775,6.27728070385475,5.44583495235015,7.18872233999538
"early_treatment_community",2065,223.365113959797,191.780081751959,262.851690557892,25.9147812476574,22.4966633886072,29.6348650551569,5.72660963949597,4.96324043493701,6.56716063472763
"early_treatment_community",2066,202.903337701676,173.702294893679,239.2449895732,23.6566379798547,20.5204373056644,27.0717822901418,5.22246783063766,4.51877941840638,5.9906264307907
"early_treatment_community",2067,184.128741572217,157.285794116971,217.186497328687,21.5869192203489,18.7055984409508,24.7178102011334,4.76017108225337,4.11361989406467,5.45911691552773
"no_postsvr_modifiers",2017,11065.1096153975,10005.5769676965,12285.4468285781,479.199988829626,428.904187621275,534.751479400823,125.570140317268,112.67334253195,140.14638006811
"no_postsvr_modifiers",2018,10372.7965814237,9381.72394654365,11523.8910322749,476.812640265648,426.739780346567,532.137916329364,124.552990363975,111.719740624523,139.001080809913
"no_postsvr_modifiers",2019,9635.66944975419,8722.0958905643,10717.0635293535,471.214468518453,421.669994676888,526.006844829146,122.269156783156,109.597198779084,136.432700383343
"no_postsvr_modifiers",2020,9000.41098097474,8144.06565018761,10009.5004953531,463.578572269231,414.893770300752,517.757364039339,119.340923479945,106.918415754855,133.166009578354
"no_postsvr_modifiers",2021,8413.2878500495,7617.23009357562,9364.15533932688,454.343234760733,406.731286714117,507.795494974624,116.042813066009,103.891314623952,129.48532764947
"no_postsvr_modifiers",2022,7873.73614787176,7128.18181715128,8764.65352588285,443.883425020962,397.351791615278,496.351787551497,112.488340102925,100.634240926922,125.516375237892
"no_postsvr_modifiers",2023,7367.87081065884,6670.07997880855,8202.68013169154,432.359385707932,386.947699766201,483.718888049744,108.68028366893,97.2084594663165,121.333412229495
"no_postsvr_modifiers",2024,6889.16354216518,6238.55486535028,7673.34364933128,419.917655086681,375.868587391764,470.003083270606,104.729817590364,93.6940079203601,117.031867855246
"no_postsvr_modifiers",2025,6433.71001591651,5826.79762541395,7173.46646872277,406.600725753854,363.942333725173,455.380202922027,100.707632401326,90.1080539526418,112.637937378779
"no_postsvr_modifiers",2026,6002.68066430499,5436.50987487126,6705.18665866322,392.710873958956,351.406913537447,439.933955479435,96.6635434289221,86.4649985978879,108.168851591211
"no_postsvr_modifiers",2027,5602.25160120633,5068.17666962601,6265.12853532626,378.252582653867,338.40602281114,423.877703039358,92.6076348221474,82.8249069549222,103.661977311631
"no_postsvr_modifiers",2028,5224.10456091312,4720.55989376379,5847.60625092082,363.476804744321,325.061629629299,407.383907206276,88.4620611703548,79.1630039113279,99.1262535939405
"no_postsvr_modifiers",2029,4868.68339934648,4391.7343754041,5447.92903130126,348.416954812668,311.486954801864,390.587021594141,84.3527963281984,75.4735018808334,94.5745276841318
"no_postsvr_modifiers",2030,4529.73555074678,4081.68202674445,5071.31505042084,333.172421196633,297.782321393696,373.611362627993,80.280142156472,71.8052660161104,90.0336568697028
"no_postsvr_modifiers",2031,4208.79031722545,3789.89645636789,4717.51138111695,317.874331241438,284.039563405718,356.571144198832,76.2412269951424,68.176080818578,85.5379461785079
"no_postsvr_modifiers",2032,3906.70864819094,3513.02253202255,4383.9998090401,302.487403133592,270.342112893167,339.570498174668,72.2620374377633,64.602923143883,81.1071532628491
"no_postsvr_modifiers",2033,3626.86746923014,3252.71536290854,4070.08793440211,287.161021673546,256.765101311353,322.703520588369,68.3245473225605,61.0998721116663,76.7590287517689
"no_postsvr_modifiers",2034,3361.30101366772,3008.93520028812,3775.05489127339,271.917102295303,243.375497026494,306.054371754231,64.492321752577,57.6793371127627,72.5092922145141
"no_postsvr_modifiers",2035,3113.59017091016,2780.9068774135,3497.99636224316,257.412122869863,230.232292704569,289.697447690727,60.7747076490891,54.3520645878926,68.3716258445882
"no_postsvr_modifiers",2036,2879.97324885477,2567.83372046864,3239.17253342231,243.163643075265,217.276997012068,273.697630690243,57.1825793487652,51.1271639702202,64.3576942759506
"no_postsvr_modifiers",2037,2662.91044700292,2371.16789924047,2996.75502951736,229.168209197589,204.638312512639,258.110619152239,53.7108204120077,48.0079178306696,60.4771928368875
"no_postsvr_modifiers",2038,2459.67562033512,2188.40596652302,2769.94241343977,215.632250040655,192.395659449143,242.983331027022,50.3837456901051,44.9773509679725,56.737922721778
"no_postsvr_modifiers",2039,2269.90554833891,2017.9288178674,2558.00253278833,202.528582191894,180.578260602128,228.354371293202,47.1545594840909,42.0716579540838,53.1458893773317
"no_postsvr_modifiers",2040,2091.72978147377,1859.10815220184,2360.2098196686,189.732614718718,169.196359747718,214.254551561018,44.047810958011,39.2937590238175,49.7054193594323
"no_postsvr_modifiers",2041,1925.09834336619,1711.32682087149,2175.84784118646,177.541559726413,158.133309585804,200.707448848473,41.1052335578385,36.6440557909184,46.4199493496302
"no_postsvr_modifiers",2042,1771.72666360501,1573.98081397805,2003.91709572316,165.998123168184,147.550345486389,187.730054533405,38.2963391036519,34.0945777838667,43.2902038253304
"no_postsvr_modifiers",2043,1628.46053069825,1446.48112757721,1843.90861893944,154.954302826914,137.473952217655,175.335867313279,35.6339574018142,31.6720697232449,40.3162099471551
"no_postsvr_modifiers",2044,1496.04009387131,1328.25544533399,1696.70303349684,144.430778348132,127.90478897674,163.527404343828,33.1127033274766,29.3829692821251,37.4969473969478
"no_postsvr_modifiers",2045,1374.0321645422,1218.74959671904,1560.11266717136,134.409805897641,118.854320834856,152.305235333625,30.7335092826377,27.2248481258951,34.8304149029171
"no_postsvr_modifiers",2046,1259.82553281296,1117.28188280307,1433.50465246594,124.878870182367,110.390157124005,141.665653977692,28.4856244040869,25.1944903677501,32.3137664526545
"no_postsvr_modifiers",2047,1154.81942799331,1022.68501875621,1316.28932823989,115.955817340939,102.397542903261,131.601232936469,26.3712394074341,23.3066590430183,29.9434406887139
"no_postsvr_modifiers",2048,1058.38745674091,935.147661422003,1207.73973075292,107.446604343063,94.8662379308533,122.101350691395,24.3885625172382,21.5387069338722,27.7152821633843
"no_postsvr_modifiers",2049,969.352154382859,854.605388041481,1106.53939631019,99.5444238551169,87.7839689236061,113.152686269357,22.5256074268894,19.8828294856759,25.6246535782722
"no_postsvr_modifiers",2050,886.909572929426,781.224190657144,1013.58206808152,92.102400369723,81.1368000402176,104.739679073176,20.7931660039181,18.3345624201548,23.6665385099402
"no_postsvr_modifiers",2051,810.12248239833,713.667321338214,928.041765811595,85.0926504320429,74.9062197680266,96.8449521508987,19.1721616728982,16.8886327646464,21.835634429576
"no_postsvr_modifiers",2052,740.795883978466,651.271349162772,849.813564509095,78.5255390547194,69.0849127172089,89.4496981777806,17.6662141971451,15.5412197479027,20.1264360690758
"no_postsvr_modifiers",2053,676.607270217876,593.866254582325,777.620918813254,72.4045536391855,63.6711211821221,82.5340282143617,16.2574771576378,14.28520710987,18.5233417420946
"no_postsvr_modifiers",2054,616.926212652924,541.11261904799,711.013960233209,66.6812765893662,58.6035212889691,76.0772839497634,14.9451885081825,13.1141283449907,17.0297677776589
"no_postsvr_modifiers",2055,562.569806504321,492.468128095446,649.738981891074,61.3588659227019,53.877065399263,70.050823348022,13.7309406524586,12.0281949137362,15.6422209302485
"no_postsvr_modifiers",2056,512.501713574117,447.945367811526,593.33943817239,56.4068586402396,49.4842825170615,64.4146591236307,12.6025335694821,11.0225653583243,14.3549504647012
"no_postsvr_modifiers",2057,467.084320048392,407.225380218709,540.927120685308,51.8061425461522,45.4061707354944,59.1789272761087,11.5533723330378,10.0946177903498,13.1622865437161
"no_postsvr_modifiers",2058,425.215426853778,370.01021298356,492.881132166881,47.5581298022101,41.626898770266,54.3108529496755,10.5832488334453,9.23822223271578,12.0586755510392
"no_postsvr_modifiers",2059,386.999900808165,336.021994821657,448.869649524576,43.5968312598922,38.129163252123,49.7996742962139,9.68892873993855,8.44767581424532,11.0389804783979
"no_postsvr_modifiers",2060,352.054833617322,305.001989064033,408.582076496713,39.9295025805945,34.8960695875563,45.624945469639,8.87013663055716,7.71875790656177,10.0978816380861
"no_postsvr_modifiers",2061,319.985058128311,276.709636846086,371.740239538937,36.5504905368014,31.9112120788447,41.7662989224575,8.11589673691716,7.04739812096077,9.23258418754894
"no_postsvr_modifiers",2062,290.869438213016,250.921599775813,338.064494574449,33.4317446521333,29.1587376028015,38.2039931489339,7.41044322754015,6.43024449814738,8.44478099078286
"no_postsvr_modifiers",2063,264.234101528804,227.430810459898,307.46109043519,30.5650202110664,26.623394641985,34.9205322561617,6.76057672223373,5.86547820254731,7.71985060210484
"no_postsvr_modifiers",2064,239.74015024126,206.045537916911,280.041991520704,27.937517094546,24.2905693714108,31.9038408244329,6.16636008378333,5.34660953429314,7.05373158972862
"no_postsvr_modifiers",2065,217.431872511675,186.588473686179,255.034004896531,25.5173213826775,22.1568005689567,29.1621528476311,5.62075095259882,4.87266644203866,6.43996781270292
"no_postsvr_modifiers",2066,197.241630179825,168.895843345533,232.264712699937,23.2680384001057,20.1979370999615,26.6286675436062,5.11842332002952,4.43553666483724,5.87376650829372
"no_postsvr_modifiers",2067,178.870910346597,152.842309568199,211.10143782568,21.2105778387346,18.4001131349979,24.2828174977844,4.66207674604282,4.03394378417425,5.34914459712384
"no_treatment",2017,11065.1096153975,10005.5769676965,12285.4468285781,479.199988829626,428.904187621275,534.751479400823,125.570140317268,112.67334253195,140.14638006811
"no_treatment",2018,11065.1142821175,10005.5804752839,12285.4512474718,479.200534314441,428.904628746488,534.752085520465,125.570279793368,112.673443757172,140.146519672649
"no_treatment",2019,11065.118527131,10005.5836591328,12285.4552522197,479.201030326705,428.905029730781,534.752635514023,125.570406675803,112.673535749241,140.146646401627
"no_treatment",2020,11065.1223882939,10005.5865489092,12285.4588813765,479.201481316127,428.905394193624,534.753134533146,125.57052209256,112.673619343233,140.146761432573
"no_treatment",2021,11065.1259000917,10005.5891715845,12285.4621699375,479.201891336391,428.9057254318,534.753587261797,125.570627071622,112.673695299492,140.146865836451
"no_treatment",2022,11065.1290939365,10005.5915516773,12285.4651496636,479.202264079933,428.90602644777,534.753997958128,125.570722549717,112.673764310228,140.146960587172
"no_treatment",2023,11065.1319984385,10005.5937114746,12285.4678493774,479.202602909717,428.906299975589,534.754370492674,125.57080938032,112.673827005545,140.147046570283
"no_treatment",2024,11065.1346396529,10005.5956712323,12285.4702952324,479.202910888262,428.906548504577,534.754708383173,125.57088834096,112.673883958943,140.147124590882
"no_treatment",2025,11065.1370413066,10005.5974493591,12285.4725109577,479.203190804154,428.906774300942,534.755014826322,125.570960139895,112.67393569234,140.14719538084
"no_treatment",2026,11065.1392250036,10005.5990625827,12285.4745180806,479.203445196254,428.90697942752,534.755292726707,125.571025422216,112.673982680658,140.147259605381
"no_treatment",2027,11065.1412104138,10005.6005261022,12285.4763361293,479.203676375801,428.907165761798,534.755544723171,125.571084775414,112.674025356005,140.14731786908
"no_treatment",2028,11065.1430154441,10005.6018537261,12285.4779828166,479.203886446583,428.907335012364,534.755773212847,125.571138734467,112.674064111489,140.147370721334
"no_treatment",2029,11065.1446563956,10005.6030579989,12285.4794742073,479.204077323352,428.907488733921,534.755980373033,125.57118778648,112.6740993047,140.147418661339
"no_treatment",2030,11065.1461481058,10005.6041503153,12285.4808248703,479.204250748628,428.90762834098,534.756168181131,125.57123237493,112.674131260885,140.14746214263
"no_treatment",2031,11065.1475040793,10005.6051410249,12285.4820480168,479.204408308019,428.907755120364,534.756338432796,125.571272903529,112.67416027584,140.147501577211
"no_treatment",2032,11065.1487366064,10005.6060395269,12285.4831556254,479.204551444215,428.907870242605,534.756492758464,125.571309739754,112.674186618553,140.147537339323
"no_treatment",2033,11065.1498568716,10005.6068543573,12285.4841585566,479.204681469733,428.907974772332,534.756632638389,125.571343218069,112.674210533603,140.147569768867
"no_treatment",2034,11065.150875052,10005.6075932667,12285.4850666563,479.204799578549,428.908069677761,534.756759416341,125.571373642864,112.67423224336,140.147599174526
"no_treatment",2035,11065.1518004076,10005.6082632927,12285.4858888497,479.204906856704,428.908155839325,534.756874312062,125.571401291129,112.674251949978,140.147625836605
"no_treatment",2036,11065.1526413633,10005.6088708244,12285.4866332269,479.205004291965,428.90823405756,534.756978432605,125.571426414905,112.674269837217,140.147650009616
"no_treatment",2037,11065.1534055836,10005.609421662,12285.4873071204,479.205092782644,428.908305060282,534.75707278264,125.571449243505,112.674286072099,140.147671924627
"no_treatment",2038,11065.1541000409,10005.6099210709,12285.4879171756,479.205173145622,428.908369509123,534.757158273842,125.571469985552,112.674300806423,140.147691791407
"no_treatment",2039,11065.1547310772,10005.61037383,12285.4884694147,479.205246123667,428.908428005501,534.757235733417,125.571488830825,112.674314178136,140.147709800367
"no_treatment",2040,11065.1553044613,10005.6107842769,12285.4889692947,479.205312392108,428.908481096043,534.757305911862,125.571505951949,112.674326312592,140.147726124336
"no_treatment",2041,11065.1558254397,10005.6111563481,12285.4894217603,479.205372564898,428.908529277534,534.757369490015,125.571521505936,112.674337323683,140.147740920168
"no_treatment",2042,11065.1562987838,10005.6114936158,12285.4898312915,479.205427200157,428.908573001424,534.757427085466,125.571535635582,112.674347314888,140.147754330209
"no_treatment",2043,11065.1567288328,10005.6117993216,12285.4902019471,479.205476805203,428.908612677923,534.757479258387,125.571548470747,112.674356380212,140.147766483625
"no_treatment",2044,11065.1571195325,10005.6120764068,12285.4905374039,479.205521841145,428.908648679743,534.757526516828,125.571560129517,112.674364605048,140.147777497617
"no_treatment",2045,11065.1574744705,10005.6123275399,12285.4908409926,479.205562727061,428.908681345495,534.757569321523,125.571570719267,112.67437206696,140.147787478519
"no_treatment",2046,11065.1577969091,10005.6125551418,12285.4911157303,479.205599843799,428.908710982784,534.757608090271,125.57158033762,112.674378836395,140.147796522797
"no_treatment",2047,11065.1580898141,10005.6127614089,12285.4913643494,479.205633537444,428.908737871026,534.757643201905,125.571589073332,112.674384977332,140.147804717962
"no_treatment",2048,11065.1583558818,10005.6129483334,12285.491589325,479.205664122465,428.908762264012,534.757674999895,125.571597007089,112.674390547871,140.147812143391
"no_treatment",2049,11065.1585975635,10005.6131177223,12285.4917928983,479.205691884588,428.908784392241,534.757703795633,125.57160421224,112.674395600772,140.147818871081
"no_treatment",2050,11065.1588170872,10005.6132712147,12285.491977099,479.205717083404,428.908804465039,534.757729871403,125.571610755455,112.674400183937,140.147824966331
"no_treatment",2051,11065.1590164785,10005.6134102971,12285.4921437653,479.205739954746,428.908822672495,534.757753483087,125.57161669733,112.674404340862,140.147830488358
"no_treatment",2052,11065.1591975783,10005.6135363176,12285.4922945613,479.20576071285,428.908839187212,534.757774862617,125.571622092943,112.674408111031,140.147835490861
"no_treatment",2053,11065.1593620599,10005.6136504989,12285.4924309939,479.205779552319,428.908854165908,534.757794220202,125.571626992346,112.674411530292,140.147840022536
"no_treatment",2054,11065.159511444,10005.6137539494,12285.4925544275,479.205796649914,428.908867750866,534.757811746351,125.571631441027,112.674414631184,140.147844127532
"no_treatment",2055,11065.1596471127,10005.6138476744,12285.4926660974,479.205812166182,428.908880071257,534.757827613706,125.571635480318,112.674417443244,140.147847845881
"no_treatment",2056,11065.1597703219,10005.6139325853,12285.4927671217,479.205826246929,428.908891244337,534.75784197871,125.57163914778,112.674419993279,140.147851213874
"no_treatment",2057,11065.1598822131,10005.6140095084,12285.4928585127,479.205839024576,428.908901376545,534.75785498312,125.571642477539,112.674422305621,140.147854264409
"no_treatment",2058,11065.1599838233,10005.614079193,12285.4929411867,479.20585061937,428.908910564491,534.757866755371,125.571645500601,112.674424402351,140.147857027311
"no_treatment",2059,11065.160076095,10005.6141423181,12285.4930159733,479.205861140508,428.908918895857,534.757877411829,125.571648245137,112.674426303508,140.147859529613
"no_treatment",2060,11065.1601598844,10005.6141994995,12285.4930836232,479.205870687141,428.908926450222,534.757887057915,125.571650736738,112.674428027277,140.147861795818
"no_treatment",2061,11065.1602359695,10005.6142512952,12285.4931448159,479.205879349297,428.908933299803,534.757895789127,125.571652998653,112.674429590156,140.147863848134
"no_treatment",2062,11065.1603050573,10005.6142982111,12285.4932001664,479.205887208713,428.908939510134,534.757903691975,125.571655052001,112.674431007118,140.147865706687
"no_treatment",2063,11065.1603677898,10005.6143407057,12285.4932502313,479.205894339602,428.90894514068,534.757910844819,125.571656915967,112.674432291745,140.147867389718
"no_treatment",2064,11065.1604247504,10005.6143791947,12285.4932955143,479.205900809333,428.908950245397,534.757917318634,125.571658607974,112.674433456361,140.147868913757
"no_treatment",2065,11065.1604764692,10005.6144140545,12285.4933364714,479.205906679069,428.90895487324,534.757923177702,125.57166014385,112.674434512146,140.147870293781
"no_treatment",2066,11065.1605234277,10005.6144456266,12285.4933735148,479.20591200433,428.908959068623,534.757928480242,125.571661537968,112.674435469243,140.147871543363
"no_treatment",2067,11065.160566063,10005.6144742203,12285.493407018,479.205916835512,428.908962871841,534.757933278978,125.571662803385,112.674436336851,140.147872674801
"post_release_linkage",2017,11065.1096153975,10005.5769676965,12285.4468285781,479.199988829626,428.904187621275,534.751479400823,125.570140317268,112.67334253195,140.14638006811
"post_release_linkage",2018,10631.0963783555,9612.5583944326,11806.8543535888,477.317437473573,427.199222812964,532.676659729271,124.757261220223,111.92432501384,139.239507530241
"post_release_linkage",2019,10168.5773170251,9191.42851712628,11293.7871729602,473.037146918258,423.326011383833,527.955107997213,122.992544590372,110.299389625921,137.264394439088
"post_release_linkage",2020,9751.59290995495,8811.2965294913,10830.8381842593,467.347569511359,418.184087564267,521.67235789257,120.79763033175,108.297411441641,134.815335639745
"post_release_linkage",2021,9357.73899886826,8453.86519039217,10395.3446918555,460.558849357776,412.081821568317,514.181927580496,118.372790023397,106.081900762822,132.096720814768
"post_release_linkage",2022,8981.36157970323,8112.9281229901,9976.90943720466,452.834940861921,405.197325815575,505.731590346604,115.749087961829,103.71590586105,129.192741320383
"post_release_linkage",2023,8619.39855746358,7786.00918220513,9575.57987695036,444.295602987325,397.577424857842,496.374552991467,112.999939795807,101.231237816733,126.1430371027
"post_release_linkage",2024,8269.26362086687,7471.84124185516,9190.8395131599,435.117618228137,389.31386499719,486.224222308202,110.132472384838,98.6493765821086,122.973951623495
"post_release_linkage",2025,7930.04491659929,7169.65445025055,8824.18049209578,425.369019262357,380.492142128887,475.450808667635,107.175789049239,95.9873462371315,119.708376965891
"post_release_linkage",2026,7605.46152728908,6878.93416443712,8471.37744750269,415.107159310624,371.193807555521,464.098337438322,104.146062822935,93.2624360597688,116.388009592413
"post_release_linkage",2027,7291.60948916474,6599.3141688749,8132.02343713145,404.418949142777,361.497101533623,452.256516069565,101.063694503565,90.4908943120311,113.011587784313
"post_release_linkage",2028,6992.72018863607,6330.51729743658,7805.81273280737,393.387451319605,351.476991148222,440.016026809537,97.9597170582075,87.6856248594326,109.591303139024
"post_release_linkage",2029,6706.68277047668,6072.31770725721,7492.52316057931,382.084590466942,341.204981651283,427.463442438377,94.8292248060288,84.8612592968924,106.125778955162
"post_release_linkage",2030,6438.60751936485,5821.51006526704,7192.05277993592,370.606501509998,330.748848338192,414.683938631749,91.6870944530409,82.0315008288623,102.673734148594
"post_release_linkage",2031,6174.67137592193,5580.1289473185,6904.04234498031,359.001989167899,320.172357785877,401.757735718267,88.5577580618132,79.2130510143141,99.2273364734121
"post_release_linkage",2032,5925.71312581426,5348.69204006786,6629.76921183067,347.228298891314,309.535015375065,388.776273488612,85.4666508332118,76.4274773914941,95.8010365155619
"post_release_linkage",2033,5686.7665684396,5127.01853781767,6373.99906902035,335.496755740498,298.892984229939,375.937703769443,82.397627692988,73.6714881247743,92.4093923564392
"post_release_linkage",2034,5457.71098366955,4911.41458950133,6127.74203606649,323.982332062058,288.454073394259,363.163243744116,79.3950527430729,70.9040200376127,89.0645395683597
"post_release_linkage",2035,5235.60095012094,4705.40830953956,5895.03355772757,312.309469419753,278.120361950985,350.362411763505,76.3881762842219,68.1721103760098,85.7763683492746
"post_release_linkage",2036,5030.31315568024,4505.41933882856,5678.65371852197,300.862650334114,267.931571616333,337.706200397919,73.507701885216,65.4901420322938,82.5545859909119
"post_release_linkage",2037,4831.64583654154,4314.39657170247,5468.55530373099,289.541261894498,257.916328497541,325.257958285859,70.6275225188491,62.8803021430008,79.4076320806802
"post_release_linkage",2038,4640.58911446845,4134.28319571537,5267.72448973,278.535124371622,247.78648574138,313.056423360676,67.8626791009374,60.3950000477,76.2830159643695
"post_release_linkage",2039,4459.7658664163,3970.25179054273,5077.3339925758,267.708888833328,237.881997496652,301.134961406711,65.1782176526678,57.9830377132351,73.227493763899
"post_release_linkage",2040,4285.44281944853,3814.14846225931,4896.59272101557,257.0291855242,228.191660867916,289.330792345427,62.5797108392659,55.6481051302396,70.2770345097692
"post_release_linkage",2041,4126.19296599962,3665.85467250747,4729.86767955687,246.765925692636,218.927300698533,277.744786138639,60.0401576797641,53.3930147760094,67.4800196326727
"post_release_linkage",2042,3976.68836489359,3525.07066274923,4567.32370876674,236.877179733544,210.117653107562,266.51633863243,57.619570260633,51.2197694260046,64.784132647192
"post_release_linkage",2043,3827.62767824172,3391.22024075898,4408.2896159695,227.47507069547,201.607726951781,255.668485664678,55.3168075047936,49.1296332970947,62.1919561618989
"post_release_linkage",2044,3687.66671059766,3254.25139968425,4258.48640922543,218.21216363445,193.405350337571,245.359595456746,53.0829680999056,47.1464968300723,59.7371648099123
"post_release_linkage",2045,3560.42113324965,3124.22998798323,4116.75582736541,209.231618034127,185.515517552222,235.538725094004,50.8907088032739,45.2512229927492,57.394888252155
"post_release_linkage",2046,3434.38291881811,3000.85836798978,3988.61231132953,200.8727870651,177.94067728493,226.226626797982,48.7609777360791,43.4389745622784,55.0680864303703
"post_release_linkage",2047,3316.78476556652,2883.84172750763,3875.99247728008,192.49144553098,170.681013790842,217.47475123253,46.770321593762,41.7086014055157,52.8809659234145
"post_release_linkage",2048,3205.7622841412,2772.8893995528,3769.71539308392,184.676023934779,163.734717677992,208.867217110369,44.9087087966868,40.058582602007,50.8831577788263
"post_release_linkage",2049,3101.70076050409,2667.71601451745,3664.04902528306,177.24039737331,157.106390587873,200.412094423651,43.1913518166522,38.4870857814575,49.041847145757
"post_release_linkage",2050,3004.33445245775,2568.0424901919,3564.96331041988,170.215513292831,150.892275419217,192.582939508332,41.5221787123259,36.9457054888953,47.3053011050569
"post_release_linkage",2051,2908.66279558935,2473.59686743612,3466.47281234902,163.439612086533,144.973209181143,185.568187450511,39.8928615521827,35.4468763992347,45.6573682576566
"post_release_linkage",2052,2819.45302060785,2384.11500088357,3369.05359291974,157.207301092429,139.341466250224,179.003771243539,38.3927964139379,33.9403299711793,44.0599193817487
"post_release_linkage",2053,2734.30593541201,2297.65279528012,3274.86815582322,151.210697906295,133.708783758114,172.773528987932,36.9048435503359,32.4967144762378,42.5197576519603
"post_release_linkage",2054,2653.30617213321,2212.7108504983,3191.36404744952,145.327362020514,128.35396850225,166.866516213553,35.558938455887,31.1746007179309,41.0610221053515
"post_release_linkage",2055,2576.83693208713,2130.23348780999,3115.19496739193,139.754363441238,123.152956901489,161.067889431177,34.2852877376583,30.002962830459,39.6549931784466
"post_release_linkage",2056,2506.92559630658,2052.05850747946,3046.90730923279,134.607238176778,117.954387393274,155.559581916039,33.0504397057828,28.8373488858652,38.2813783590343
"post_release_linkage",2057,2440.7242366092,1977.95185786415,2986.43412184535,129.777597037793,113.327448348296,150.344686348855,31.898018370095,27.7334728321452,37.0075874099936
"post_release_linkage",2058,2377.31750246259,1907.68952104006,2929.36662696575,124.974234382515,109.07371529631,145.020266758746,30.8045303391139,26.6886408695924,35.8767202205016
"post_release_linkage",2059,2316.39412020657,1846.76109181132,2867.22229018592,120.644917722144,104.899304427351,139.973533676184,29.7627146710032,25.7001060087863,34.8871780257728
"post_release_linkage",2060,2255.64082799546,1789.7675783512,2808.74662550032,116.561546137588,100.940667887942,135.570943976592,28.7561351377269,24.7020902923252,33.9580389632566
"post_release_linkage",2061,2198.37381162767,1735.6876297297,2753.86889922208,112.658263601416,97.195630553424,131.936949830046,27.7821256659054,23.7543195614714,33.0938381799377
"post_release_linkage",2062,2147.30162593152,1684.35305457699,2702.00790302742,108.86595003401,93.5585456426202,128.573785045433,26.8896688588811,22.8577624867453,32.3058118795891
"post_release_linkage",2063,2100.07296578165,1635.60445489845,2652.98249659046,105.206636521813,90.0297046774005,125.409321282626,26.0711825990959,22.0097815369263,31.470287640741
"post_release_linkage",2064,2055.01074089914,1589.29096657277,2606.62168708206,101.758074036847,86.6263439643523,122.432773169097,25.3025621572742,21.2078158713983,30.6838388720991
"post_release_linkage",2065,2008.38919012414,1544.38443188501,2562.76424472454,98.6582016553467,83.4077728844228,119.332188582676,24.5268874477437,20.4493884656959,29.9169815892873
"post_release_linkage",2066,1964.87408888647,1498.75173230892,2522.36969637594,95.7082070419888,80.3642420147219,116.364873781954,23.8058446855053,19.7318300388315,29.1498065304474
"post_release_linkage",2067,1925.72745328961,1454.57325690706,2487.86586004238,92.9547791378761,77.4863191565886,113.436939408331,23.1578043792673,19.0511585191082,28.440798734595
"prison_only_50plus_rho90",2017,11065.1096153975,10005.5769676965,12285.4468285781,479.199988829626,428.904187621275,534.751479400823,125.570140317268,112.67334253195,140.14638006811
"prison_only_50plus_rho90",2018,10810.5603950978,9771.50395350946,12018.9348509219,477.213825852485,426.977787328253,532.798020374024,127.640436331094,114.412695192566,142.460145310473
"prison_only_50plus_rho90",2019,10580.9924859142,9565.68019225783,11784.3940407646,473.892020767515,424.073694100362,529.70635766991,128.041652562276,114.650750762701,142.972302101201
"prison_only_50plus_rho90",2020,10415.5973448029,9418.35531450661,11616.228308926,470.659265828338,421.175138944686,526.661320648094,127.793055779757,114.279725848771,142.733955012738
"prison_only_50plus_rho90",2021,10294.7738208816,9305.69920719756,11483.4418106312,467.639398617103,418.435456388592,523.735282893006,127.287587597905,113.675032163276,142.168837158721
"prison_only_50plus_rho90",2022,10199.0256774303,9216.12739277595,11377.5574536359,464.907976612573,415.856032490419,520.763363363385,126.584773909499,113.025482479946,141.475824500567
"prison_only_50plus_rho90",2023,10116.6254319543,9143.16899474697,11291.1562309908,462.510584790757,413.372625068524,517.983623024601,125.837862539653,112.346634079004,140.769962709804
"prison_only_50plus_rho90",2024,10052.9082399519,9082.36418821343,11219.4670577612,459.968508358392,411.062682480773,515.40112401919,125.106939166256,111.683185219877,140.072640978716
"prison_only_50plus_rho90",2025,9999.36843284872,9027.97308444973,11159.2372218101,457.513044922342,408.927227851339,513.012278937653,124.41622527138,111.051941640847,139.378919395144
"prison_only_50plus_rho90",2026,9953.94163140266,8981.0714747576,11108.1411196916,455.39449094047,406.960496159173,510.809061355106,123.803724506313,110.465000626068,138.724790133067
"prison_only_50plus_rho90",2027,9914.86374070545,8941.15337035808,11064.458685167,453.523685777173,405.154407276856,508.781463433241,123.249834536338,109.927710012977,138.123459660309
"prison_only_50plus_rho90",2028,9879.74059271341,8906.97427905771,11026.8821663574,451.80610178571,403.499819469111,506.918770296706,122.731881843905,109.439210381733,137.574671140373
"prison_only_50plus_rho90",2029,9849.5006007414,8877.56586047654,10994.39336424,450.232076107423,401.987166851566,505.210152828726,122.238086549128,108.997035777188,137.07604472574
"prison_only_50plus_rho90",2030,9823.22205068166,8852.13105172025,10966.1830754107,448.783779222947,400.606777720758,503.644921760994,121.800781388761,108.614215413431,136.624217236524
"prison_only_50plus_rho90",2031,9800.35283638305,8830.05688028736,10941.5969767498,447.416928256922,399.34904719297,502.212639240528,121.406280019811,108.268593299278,136.215452435549
"prison_only_50plus_rho90",2032,9780.38649503129,8810.86168944867,10920.0984644466,446.170435994405,398.204551164713,500.903183362923,121.050725255248,107.956835538983,135.845965297876
"prison_only_50plus_rho90",2033,9762.90292319666,8794.12239716263,10901.2425275688,445.034656003728,397.164137994587,499.706803218637,120.730411695872,107.675727031696,135.512092189667
"prison_only_50plus_rho90",2034,9747.55064924641,8779.48545194475,10884.6569037601,444.000331535752,396.219008823167,498.614173460436,120.441859714582,107.422241734349,135.210377658477
"prison_only_50plus_rho90",2035,9734.03369314641,8766.653482798,10870.0281196647,443.058660550092,395.364634027275,497.616446012186,120.181849170208,107.193575740151,134.937615482909
"prison_only_50plus_rho90",2036,9722.1015671798,8755.37515238464,10857.09087458,442.234769376158,394.609052398292,496.705293855648,119.947430622138,106.987159368212,134.690864059057
"prison_only_50plus_rho90",2037,9711.54147985529,8745.43725394816,10845.6197680799,441.485986464577,393.921203675594,495.87294284475,119.740239523799,106.800657032575,134.467446981928
"prison_only_50plus_rho90",2038,9702.17212784166,8736.65842262467,10835.4227162268,440.803632143548,393.294729553597,495.112189574582,119.556718392719,106.631959802892,134.264944877983
"prison_only_50plus_rho90",2039,9693.83866566089,8728.8840418097,10826.3356194343,440.149648080468,392.723782390349,494.416405276865,119.390780428492,106.479173559191,134.081182035008
"prison_only_50plus_rho90",2040,9686.4085735713,8721.98205934064,10818.2179843853,439.539045860156,392.203018555254,493.77952710452,119.240560165723,106.340604570196,133.91421003469
"prison_only_50plus_rho90",2041,9679.76822808896,8715.83951446456,10810.9492919556,438.98315416822,391.72758208407,493.196038961583,119.104393417538,106.21474372086,133.762289841949
"prison_only_50plus_rho90",2042,9673.82003427134,8710.35963261597,10804.4259613507,438.476522129504,391.293080944614,492.660944339888,118.980799575114,106.100250246087,133.623873351321
"prison_only_50plus_rho90",2043,9668.4800151027,8705.45938208552,10798.5587992223,438.014244795012,390.895558144334,492.169733587918,118.868464088275,105.995935580383,133.49758509156
"prison_only_50plus_rho90",2044,9663.67577787517,8701.06741171027,10793.2708486657,437.591923457239,390.53145967118,491.718347794498,118.766221572015,105.90074775344,133.382204576141
"prison_only_50plus_rho90",2045,9659.34479458853,8697.12230612399,10788.4955712083,437.20562390321,390.194642101172,491.303141124731,118.673039840358,105.813756624265,133.276649627055
"prison_only_50plus_rho90",2046,9655.43294573255,8693.57110759423,10784.1753080176,436.851834296831,389.879589180934,490.920843070063,118.588005057224,105.734140139422,133.179960876071
"prison_only_50plus_rho90",2047,9651.89328600875,8690.36806273772,10780.2599763187,436.527423972415,389.58947927883,490.56852171374,118.509515911281,105.661171717695,133.091287553077
"prison_only_50plus_rho90",2048,9648.68499761855,8687.47355950739,10776.7059645217,436.2296040583,389.322055967276,490.24354879215,118.437472521886,105.594208800034,133.009874599653
"prison_only_50plus_rho90",2049,9645.77250233988,8684.8532254495,10773.4751954977,435.955890543825,389.075303901493,489.943567062518,118.371662297523,105.532682556583,132.935051093611
"prison_only_50plus_rho90",2050,9643.12470814428,8682.47716276287,10770.5343322566,435.70407015587,388.847421645096,489.666460269965,118.311484338116,105.476088709179,132.866219933395
"prison_only_50plus_rho90",2051,9640.71436984222,8680.31929942917,10767.8541042439,435.472169218912,388.63679694446,489.4103258388,118.256404968684,105.423979405259,132.802848706779
"prison_only_50plus_rho90",2052,9638.51754636369,8678.3568388064,10765.4087357936,435.258425528305,388.44198446087,489.173450288044,118.205949400896,105.375956065343,132.74446165364
"prison_only_50plus_rho90",2053,9636.51313991045,8676.56979271258,10763.1754610662,435.071532068498,388.261685887621,488.954287282598,118.159694410453,105.331663119181,132.690632625325
"prison_only_50plus_rho90",2054,9634.68250444351,8674.9405852641,10761.1341121702,434.901720518687,388.094732324103,488.751438172268,118.117261931627,105.290782543447,132.640978941326
"prison_only_50plus_rho90",2055,9633.00911286422,8673.45371663916,10759.2667691818,434.745014584736,387.940068744617,488.563634834611,118.078313471901,105.253029115278,132.59515604605
"prison_only_50plus_rho90",2056,9631.47827385994,8672.09547756353,10757.5574624918,434.600366085003,387.796740381369,488.389724618762,118.042545254067,105.21814629974,132.552852873202
"prison_only_50plus_rho90",2057,9630.07689076054,8670.85370670544,10755.9919193731,434.466823061933,387.663880834517,488.228657181469,118.009683999176,105.185902694639,132.513787831592
"prison_only_50plus_rho90",2058,9628.7932559223,8669.71758435272,10754.5573479068,434.343518888847,387.540701724076,488.079473009659,117.979483270749,105.156088962312,132.477705333461
"prison_only_50plus_rho90",2059,9627.61687515309,8668.67745675727,10753.242252464,434.229662780461,387.426483706051,487.941293433175,117.951720308121,105.128515184672,132.444372794003
"prison_only_50plus_rho90",2060,9626.5383175402,8667.7246863947,10752.0362758452,434.124531536314,387.320568686517,487.813311944449,117.926193284256,105.103008584369,132.413578038354
"prison_only_50plus_rho90",2061,9625.54908676216,8666.85152412077,10750.9300639401,434.027462360278,387.222353080767,487.694786657243,117.902355111041,105.079411561442,132.385127059652
"prison_only_50plus_rho90",2062,9624.641510577,8666.05099983046,10749.9151494228,433.937846614354,387.131281979061,487.58503375285,117.879560776446,105.057580000857,132.358842078615
"prison_only_50plus_rho90",2063,9623.80864569632,8665.31682875467,10748.9838515437,433.855124380056,387.046844095071,487.483421778489,117.858548488152,105.037381812,132.334559861448
"prison_only_50plus_rho90",2064,9623.04419569312,8664.64333097881,10748.1291895468,433.778779715355,386.968567387303,487.389366678412,117.839177832504,105.018695666293,132.312130258601
"prison_only_50plus_rho90",2065,9622.34243996102,8664.02536214698,10747.3448076306,433.70833650896,386.896015257143,487.302327453072,117.821320386838,105.001409903717,132.291414932089
"prison_only_50plus_rho90",2066,9621.69817205492,8663.45825363689,10746.6249097026,433.643354846476,386.828783239591,487.221802355428,117.80485848508,104.98542158314,132.272286243631
"prison_only_50plus_rho90",2067,9621.10664600707,8662.93776076156,10745.9642024553,433.583427814561,386.766496114042,487.147325545852,117.78968414181,104.970635654944,132.254626279887
"prison_only_aggressive",2017,11065.1096153975,10005.5769676965,12285.4468285781,479.199988829626,428.904187621275,534.751479400823,125.570140317268,112.67334253195,140.14638006811
"prison_only_aggressive",2018,10041.2307091606,9085.78048313616,11150.5307699518,461.097346376021,412.759895844177,515.00269749657,120.974551747756,108.453928294932,134.970255757614
"prison_only_aggressive",2019,9180.21925886453,8313.40523782507,10197.7864914473,442.103980787648,395.716617313616,494.151033778811,115.284979496452,103.241210573008,128.58817156912
"prison_only_aggressive",2020,8543.36790924978,7733.49961977383,9482.82759574721,425.276947076352,380.879644908961,475.777035137157,109.944289503732,98.4340700112341,122.714076967375
"prison_only_aggressive",2021,8004.77698692706,7245.88769428496,8883.09363143008,409.733836346959,366.912044756932,458.667024724462,105.085437461988,94.0630021827844,117.37471803709
"prison_only_aggressive",2022,7531.30073189365,6815.99957238472,8355.21664470556,394.829092426629,353.556183839905,442.138382996626,100.557025690822,90.0140236971781,112.380857902075
"prison_only_aggressive",2023,7105.82058635103,6428.80113584715,7882.26427623877,380.449096277969,340.566000826506,426.057997863497,96.2377966133873,86.206925449639,107.656579817814
"prison_only_aggressive",2024,6712.19606713756,6075.87816242879,7451.45882057628,366.263658179303,327.829213584525,410.275334933848,92.1210799589267,82.5169084106337,103.11814915182
"prison_only_aggressive",2025,6350.50951863541,5751.72787641458,7055.3684369985,352.300606920354,315.279186946989,394.70783106089,88.1499008145799,78.9545392344076,98.7082625644598
"prison_only_aggressive",2026,6018.31839855024,5452.44262213765,6689.72119871913,338.432270309734,302.888063927761,379.322067840151,84.3078053362153,75.499419182578,94.4228930316529
"prison_only_aggressive",2027,5709.53358280779,5175.10584329505,6350.96618126049,324.584086201055,290.654382007816,364.117600023375,80.5644323071749,72.1439017452995,90.2582320698702
"prison_only_aggressive",2028,5423.23969926638,4917.45596588611,6036.35305349657,310.865346750145,278.593635586933,349.115238556986,76.9328117257042,68.8851938141105,86.2104175775252
"prison_only_aggressive",2029,5158.5094928635,4677.6792281485,5743.67689957978,297.49939147715,266.73124882469,334.348280161564,73.3789714618888,65.7234686189496,82.2801931529418
"prison_only_aggressive",2030,4910.23350856729,4454.2758622966,5467.75215684067,284.452965072643,255.097448057905,319.856074230607,69.9172337161965,62.660946804322,78.4708397509085
"prison_only_aggressive",2031,4679.30767848524,4245.97162409634,5208.93010810297,271.610542134965,243.693127933968,305.679477127091,66.583036066765,59.7007450747606,74.7867333037077
"prison_only_aggressive",2032,4464.69574398825,4051.65841839093,4967.15940678247,259.292171758937,232.491641080385,291.857782726575,63.3842927927577,56.846115623615,71.2323881407607
"prison_only_aggressive",2033,4266.36962332634,3870.35393578678,4742.33934930217,247.294973464933,221.627462998981,278.426765958119,60.3289895350084,54.0999717119774,67.8118583014874
"prison_only_aggressive",2034,4083.52047298048,3701.17385470803,4539.49690265003,235.788916093639,211.123219396011,265.417539053607,57.39026554706,51.4646148809126,64.5283924197134
"prison_only_aggressive",2035,3906.87717843238,3540.50112833811,4350.38838925858,224.487122208059,200.99729502201,252.855985085315,54.5841186432893,48.941599757938,61.384262533507
"prison_only_aggressive",2036,3743.36946904156,3388.07557845398,4174.09657054052,213.658166963284,191.263759401033,240.762591009074,51.9006922956871,46.5250708826051,58.3807085481023
"prison_only_aggressive",2037,3592.87053151459,3245.29932725185,4009.78899150076,203.285660639287,181.932499216687,229.152549381739,49.3532732077525,44.218721672277,55.5179569523161
"prison_only_aggressive",2038,3448.3797122336,3111.76401535339,3857.73931384421,193.3712794362,173.00948020446,218.036034194811,46.9181042385044,42.027881800707,52.7952850109269
"prison_only_aggressive",2039,3317.36550176452,2986.18197452662,3719.19216351066,183.893101666059,164.495636775847,207.418583380424,44.6314628253243,39.9507493032661,50.2111107835684
"prison_only_aggressive",2040,3195.38708677815,2874.1383607419,3590.36770345297,174.900002250856,156.366203010686,197.301540405601,42.4376388371191,37.9849653873805,47.7630957765206
"prison_only_aggressive",2041,3084.49917606679,2769.23952805499,3471.82155865836,166.334543726351,148.632814011538,187.682521743622,40.3578347203449,36.1231187305124,45.4480155575143
"prison_only_aggressive",2042,2972.01109786184,2671.27514319428,3363.77347586071,158.191131345663,141.31417421207,178.55588734776,38.4040904504051,34.3376812181013,43.2466848008456
"prison_only_aggressive",2043,2874.03921384609,2578.11518330448,3262.81290402389,150.522776931783,134.400298811886,169.913198666353,36.5728771798836,32.6508960129876,41.1728322063175
"prison_only_aggressive",2044,2782.81310129684,2492.63606648902,3168.28623463815,143.292595746419,127.879571884618,161.743654052341,34.8448824247576,31.0183874316904,39.2125156379535
"prison_only_aggressive",2045,2699.36649564238,2412.75380478765,3082.18044494885,136.366480602693,121.739080820308,154.034495229451,33.2258325422526,29.505676462805,37.3806502244314
"prison_only_aggressive",2046,2623.23178628519,2338.35481374859,3002.3841453619,129.814196380281,115.919346999642,146.763313834292,31.6954243022677,28.1251072491641,35.6839773821002
"prison_only_aggressive",2047,2550.98919306789,2269.06693900381,2924.54685778578,123.812409029673,110.341041157362,139.828469685934,30.2627554128486,26.864126781377,34.0943013472358
"prison_only_aggressive",2048,2484.69892814643,2204.54130905996,2846.62761865582,118.29589209336,104.934749931742,133.309922601781,28.947880241859,25.6840330516038,32.599270562777
"prison_only_aggressive",2049,2420.05207690029,2144.4510730241,2776.22983103215,112.862137717014,99.9727925365266,127.189145714786,27.6845260662308,24.5807214154476,31.1565340165597
"prison_only_aggressive",2050,2356.97029007303,2088.29811512158,2714.31444195525,107.789957759688,95.4133655297973,121.581071366358,26.4936280958097,23.5500816633286,29.8576375090767
"prison_only_aggressive",2051,2301.62727057059,2035.91859889288,2657.58628310421,103.094901857646,91.2771018198043,116.352577429,25.3723606673014,22.5792376212445,28.6687748603686
"prison_only_aggressive",2052,2248.97936360915,1987.12622165672,2610.41496443056,98.6472934175954,87.4108913148308,111.319078518707,24.3560963472436,21.6584377459724,27.558062347739
"prison_only_aggressive",2053,2202.60180562596,1939.32505924488,2567.07799301527,94.51573722472,83.8004280538329,106.670072934421,23.4151455133628,20.7991489063783,26.5082170640867
"prison_only_aggressive",2054,2161.12713047651,1893.09678185006,2524.43039210383,90.5846317641563,80.4280977920102,102.49518040193,22.5364690161998,19.9980977948458,25.5631484342476
"prison_only_aggressive",2055,2121.52816050978,1847.50483984569,2482.57215734156,87.0413541988595,77.2830255762701,98.6183695775553,21.723833546637,19.2739230604602,24.6857144824149
"prison_only_aggressive",2056,2078.67597560754,1804.49668030067,2443.87125318321,83.7265062781355,74.316976214513,95.0636261829893,20.9534812089339,18.6123598890777,23.8422776625396
"prison_only_aggressive",2057,2043.25562178441,1764.17939371094,2408.07745122298,80.6262498094669,71.510278362683,91.7540111470876,20.2561675909611,17.9927702105925,23.0707983335702
"prison_only_aggressive",2058,2009.5184359177,1725.36849854857,2374.89604785202,77.7251998450787,68.8963545230535,88.6813443188215,19.5724981651801,17.3948637225843,22.3711735825875
"prison_only_aggressive",2059,1976.39972683889,1688.75191886773,2344.13389771679,75.0399999321889,66.4595976671496,85.8260138820852,18.9543236825683,16.8238160589112,21.7364622717341
"prison_only_aggressive",2060,1946.10981054787,1658.79641309887,2315.61168078579,72.5606548661667,64.1964995130104,83.026002053446,18.3654022695666,16.2671333592858,21.1463221454515
"prison_only_aggressive",2061,1918.31870845623,1631.18629055969,2289.16300225005,70.2854208282842,62.2022337629335,80.582228970466,17.8615333495371,15.764647504058,20.590836165713
"prison_only_aggressive",2062,1893.68069302963,1605.37975912083,2263.09744225983,68.0604242918378,60.2390315055709,78.3482912859631,17.3884128258498,15.2798740370423,20.0765823359486
"prison_only_aggressive",2063,1870.79567513614,1581.25011046835,2238.33962534336,66.0879143350219,58.3832376296107,76.251683404807,16.9421537329553,14.8332724176335,19.6006597637963
"prison_only_aggressive",2064,1849.36531890695,1558.67942273909,2215.35638903721,64.3047126084302,56.6532814480688,74.3106083378279,16.5200877984758,14.4389284821298,19.1603408363099
"prison_only_aggressive",2065,1830.2878008986,1537.52074390234,2194.01646524929,62.6671972957143,54.9137270854082,72.5141887713266,16.1351314017125,14.0724354931202,18.7361159262414
"prison_only_aggressive",2066,1812.5413582475,1517.57063545172,2174.19815165416,61.0955544481909,53.3766777953099,70.8532462153068,15.7739029361068,13.7318166097538,18.3413920880967
"prison_only_aggressive",2067,1795.73070089389,1496.98100416265,2155.78866694518,59.6770935258121,51.9962111400849,69.320071444753,15.425023737334,13.4086332542891,18.0008247734999
"prison_only_treatment",2017,11065.1096153975,10005.5769676965,12285.4468285781,479.199988829626,428.904187621275,534.751479400823,125.570140317268,112.67334253195,140.14638006811
"prison_only_treatment",2018,10363.0497969878,9374.24862085551,11506.4059732256,468.575472417982,419.354402829665,523.079790534758,122.830238824054,110.132686792383,137.036246448831
"prison_only_treatment",2019,9681.91102492929,8763.51238671688,10752.5291067365,454.943174438406,407.24569978594,508.23585356133,118.73649990924,106.394413623306,132.45033692195
"prison_only_treatment",2020,9131.28774239141,8268.60115805487,10142.1893804372,441.366694825968,395.053441269612,493.337338394446,114.468138629689,102.504470790673,127.680657543178
"prison_only_treatment",2021,8657.56515547688,7839.88712174209,9613.40111147473,427.871880632727,383.124688280516,478.556299206667,110.20042735766,98.6690524787635,122.977015035411
"prison_only_treatment",2022,8234.29310944563,7456.24750334681,9140.88943916772,414.441923128653,371.192831859244,463.857359123899,106.102666675756,94.9764421126642,118.480916669527
"prison_only_treatment",2023,7847.78021139872,7107.30878744007,8711.68343599757,401.195745664352,359.318672787057,449.224051031543,102.170680994697,91.4377161629387,114.127476550772
"prison_only_treatment",2024,7495.31646247162,6786.94526592145,8318.42483215329,388.123014196075,347.558662812637,434.636073323295,98.3518544972227,88.0534535987037,109.924628849705
"prison_only_treatment",2025,7170.06751839209,6491.03533380269,7957.02969295823,375.196134121209,335.910391890789,420.187268646552,94.6556615102584,84.7862192082972,105.854025840057
"prison_only_treatment",2026,6865.8873923922,6216.57751238522,7621.92871171399,362.334610582434,324.397550226448,405.893179641537,91.0830666797593,81.5805143586691,101.89723594885
"prison_only_treatment",2027,6581.83997930765,5961.27526764077,7310.02059472997,349.670418942509,313.036226443721,391.775235770451,87.5925319648481,78.4683027309306,98.0495204068483
"prison_only_treatment",2028,6317.99949530883,5723.30747999043,7019.43771042403,337.166839431418,301.846656088637,377.860113926035,84.2112510322762,75.4474670423731,94.3089919621609
"prison_only_treatment",2029,6071.9381292696,5501.18650110683,6748.36643827192,324.831405115909,290.851942118627,364.178111022897,80.934495517565,72.5177492158789,90.668077439858
"prison_only_treatment",2030,5837.74871357888,5293.66468301057,6492.68230012704,312.603023227645,280.076555497456,350.761239509601,77.7600919357901,69.6801454784567,87.1390090613219
"prison_only_treatment",2031,5622.3546593139,5099.67079781201,6251.56838252579,300.674699652538,269.544939760976,337.641451601403,74.7041293874733,66.9358501630901,83.7254860246941
"prison_only_treatment",2032,5422.34782977314,4918.26602619102,6025.78399547158,289.125376243726,259.28036702531,324.849179393273,71.7318682988507,64.2874258816016,80.430252504841
"prison_only_treatment",2033,5237.30820735294,4748.6131490043,5814.33687063439,277.990696055126,249.304086183905,312.412244343537,68.8648028780111,61.7368332915554,77.2559040852597
"prison_only_treatment",2034,5062.95237441185,4589.95478466017,5618.91391094507,267.173206098557,239.634747736824,300.355118260272,66.1202981690546,59.2855598808263,74.2046054138748
"prison_only_treatment",2035,4907.0515082125,4440.19679267949,5438.05845847592,256.772407230251,230.288064965314,288.698486001831,63.4914105355926,56.9346400393166,71.275279980437
"prison_only_treatment",2036,4750.6691275927,4296.37688903483,5271.58369040052,246.752509893228,221.27666422566,277.459050656411,60.975235175812,54.684583592386,68.4637216683187
"prison_only_treatment",2037,4607.58008692616,4161.68813311967,5116.98244967365,237.124085217685,212.610079194468,266.649524049524,58.5622098719827,52.5347279618489,65.7759659593983
"prison_only_treatment",2038,4474.86687762446,4035.58905698478,4972.70134889252,227.894231902664,204.294849819211,256.27875258397,56.2986442206726,50.4662074584518,63.2116685731425
"prison_only_treatment",2039,4349.96162070481,3917.3830857884,4838.59269263383,219.036925759157,196.334693740641,246.351937112722,54.146367447388,48.4869486295848,60.769810955339
"prison_only_treatment",2040,4232.59173707198,3806.52150854093,4717.20167947666,210.577429331813,188.72584988891,236.870914013788,52.0922271164803,46.603318196083,58.4504844391374
"prison_only_treatment",2041,4123.63443250401,3703.5408772602,4604.23614490258,202.521203984112,181.475517323514,227.8344721101,50.1571898982562,44.8136955903269,56.2507771372945
"prison_only_treatment",2042,4023.72672232323,3614.10141999868,4499.15567631889,194.840083081356,174.526360315129,219.238686321977,48.3341384112369,43.1362134944479,54.1973129095413
"prison_only_treatment",2043,3927.79536672113,3530.76630258814,4401.4512135937,187.544214747698,167.889969021409,211.027179056427,46.6104019155239,41.5263997767809,52.2660801262126
"prison_only_treatment",2044,3839.06929647822,3450.01579848952,4310.76217855875,180.604141937432,161.578912269122,203.216626452033,44.9476941371449,39.9933431901615,50.4451307389143
"prison_only_treatment",2045,3756.21824594082,3372.83743565273,4226.66001231215,174.105933369761,155.578231501698,195.829211823801,43.4056245073443,38.6163947392034,48.7284954772375
"prison_only_treatment",2046,3679.00870119784,3299.75404104728,4149.79891577419,168.016591304009,149.695649133376,188.844717410747,41.9384602040706,37.3235781560879,47.0944109304795
"prison_only_treatment",2047,3607.2318126349,3231.58028323073,4079.65826714508,162.313838642988,144.1908195067,182.333141850133,40.562075000612,36.108943862539,45.5577624071315
"prison_only_treatment",2048,3537.38912044759,3168.60042835267,4014.69813538277,156.793297237137,139.099860039502,176.243175967923,39.2629320029375,34.9678949164889,44.1150864716966
"prison_only_treatment",2049,3477.99285644742,3112.82465205456,3952.62696413288,151.677692376047,134.550688561064,170.516649664084,38.0340935353279,33.8789625284808,42.7259949619927
"prison_only_treatment",2050,3421.69203659406,3060.92315495829,3894.57359340164,146.826550440099,130.277442887255,165.141767075507,36.8811068456856,32.8547777638601,41.49340862182
"prison_only_treatment",2051,3370.80687477155,3012.63863769649,3840.94984430812,142.274669261576,126.267793380443,160.072091978202,35.7941111126371,31.8953810719129,40.308362817615
"prison_only_treatment",2052,3322.69768106013,2967.72926001791,3792.85353637132,137.95319336342,122.50768847655,155.132778988822,34.8056833771419,31.0209299116843,39.1991394951383
"prison_only_treatment",2053,3276.98107688509,2925.41273901026,3749.03511000638,133.87215677685,118.983623404224,150.682999401799,33.8801945154492,30.2184353624923,38.1744659813004
"prison_only_treatment",2054,3237.38760009238,2884.88740559972,3704.00566599128,130.067363091968,115.686367310529,146.635366511039,33.0257168755773,29.4675913016129,37.2308402807271
"prison_only_treatment",2055,3199.60462299061,2847.16375783502,3663.2554901618,126.479881234058,112.555952435947,142.795328108372,32.2003024148238,28.7673446459091,36.3516107354468
"prison_only_treatment",2056,3164.6077870673,2812.05091585822,3626.19973886023,123.166828628352,109.601588855744,139.142219047432,31.4528076260981,28.1147080493357,35.540705380163
"prison_only_treatment",2057,3130.67658774787,2779.37021043269,3591.94624239754,120.097408486893,106.841924219545,135.747994172697,30.7666854913321,27.4986180034987,34.7735339096725
"prison_only_treatment",2058,3097.8094827775,2748.87292692835,3560.27861004567,117.281018094221,104.265750095494,132.722785336,30.1109225783456,26.9177977563888,34.0644895668394
"prison_only_treatment",2059,3067.7940857165,2720.37871906786,3531.00884762207,114.618552644057,101.948833797973,129.926507857282,29.5023596779838,26.3695312915315,33.4077521510835
"prison_only_treatment",2060,3039.50221009744,2690.96772282544,3503.96163999739,112.189217806858,99.8190506758935,127.33690105348,28.9350932342108,25.832049946229,32.8130985374689
"prison_only_treatment",2061,3014.03969773307,2663.51656842718,3478.97361411014,109.925559899829,97.836901033492,124.753442190479,28.4122247844912,25.3215854530709,32.2749167087025
"prison_only_treatment",2062,2989.67636840692,2637.81830227406,3455.89263184846,107.842590753557,95.9931152769374,122.311830984408,27.9196563024494,24.8450591569588,31.776968043495
"prison_only_treatment",2063,2967.96607975725,2613.82047020721,3434.57711293687,105.84226178825,94.2037650283171,120.17640516496,27.45316611529,24.3982749727489,31.3169110575495
"prison_only_treatment",2064,2949.57302181334,2591.42949201842,3416.3323344771,103.984765628999,92.4701022207296,118.297344480447,27.0217111472382,23.9781966705226,30.8912188037016
"prison_only_treatment",2065,2932.00773204398,2570.53590660759,3400.89638769298,102.199327694499,90.8564351793043,116.558851563078,26.63522563011,23.5946902694904,30.4974991801411
"prison_only_treatment",2066,2914.50119388603,2551.03750433262,3386.70568122287,100.603628674528,89.3130197442073,114.949994131883,26.2807378477556,23.2648354371464,30.1335019015622
"prison_only_treatment",2067,2898.70324006684,2532.8388931609,3372.70058972696,99.17708556393,87.8514485072353,113.461802764712,25.9445100760669,22.9585569718316,29.797113462149
"prison_only_treatment_30plus",2017,11065.1096153975,10005.5769676965,12285.4468285781,479.199988829626,428.904187621275,534.751479400823,125.570140317268,112.67334253195,140.14638006811
"prison_only_treatment_30plus",2018,10430.1852740392,9442.1941648413,11582.6060548375,469.33308317938,420.034639359008,523.971891676888,123.034212507446,110.329516926875,137.275431298117
"prison_only_treatment_30plus",2019,9828.77859450642,8904.56934296942,10907.6535570243,456.972567131568,408.970189313562,510.445521668249,119.263939799825,106.893256537996,133.08153643158
"prison_only_treatment_30plus",2020,9354.97133765194,8476.85201792193,10369.1878315131,444.683042648507,397.9678501261,497.131254833797,115.386143752068,103.366516529973,128.771034244215
"prison_only_treatment_30plus",2021,8952.39568660865,8112.37368442686,9914.76911777061,432.695315432863,387.357860588632,484.021622835788,111.664268105298,99.9649533643394,124.683546694228
"prison_only_treatment_30plus",2022,8592.19198999839,7787.30127624637,9515.98688490962,421.049744515699,376.81840639746,470.988721025439,108.09548603023,96.7642060321251,120.776231667048
"prison_only_treatment_30plus",2023,8268.34587076134,7495.75605134726,9161.60583713838,409.383330259258,366.508595632893,458.227674248587,104.696054334355,93.7574840126863,117.05157766222
"prison_only_treatment_30plus",2024,7972.99570490458,7231.42695563514,8842.99438282527,397.923741516251,356.426747893646,445.738737791644,101.394459121291,90.850349597518,113.455173039526
"prison_only_treatment_30plus",2025,7703.70542176496,6990.02013972964,8548.73604447864,386.589926506464,346.569999265104,433.520835058092,98.2131450276927,88.065858777637,110.008958168815
"prison_only_treatment_30plus",2026,7459.60427232256,6768.3941935656,8282.16042685218,375.68796466366,336.933698926988,421.5762676077,95.117331022787,85.3938273891547,106.701125615779
"prison_only_treatment_30plus",2027,7227.42637851147,6563.96176256226,8036.49713892778,365.056033004646,327.526914973835,409.912197676731,92.2133628745823,82.8264694353187,103.522720781268
"prison_only_treatment_30plus",2028,7018.24977780141,6374.92546227656,7809.31146659566,354.628369918327,318.358301679537,398.540156466049,89.4745789657536,80.358413075268,100.467685841962
"prison_only_treatment_30plus",2029,6826.94367632177,6199.86401857432,7598.78287511632,344.200398975302,309.437661983159,387.47461090698,86.7631024957789,77.9862142314114,97.5322721630022
"prison_only_treatment_30plus",2030,6650.60539499628,6037.48057557365,7403.39501134657,334.351681527607,300.775936302176,376.731287603912,84.1481024287361,75.7077577771082,94.7143056617333
"prison_only_treatment_30plus",2031,6482.71529388914,5886.6719417984,7221.8570794871,324.872465600929,292.384002457832,366.325646659757,81.6918847154837,73.5217162161885,92.0125187113295
"prison_only_treatment_30plus",2032,6326.09712795874,5746.48235890179,7053.04924882023,315.873654377536,284.271732719437,356.271679756781,79.3150953167284,71.427124938157,89.426024526903
"prison_only_treatment_30plus",2033,6179.88626094564,5616.07085162142,6895.98426414451,307.068138455305,276.441484146542,346.683827167382,77.0716238862464,69.4230803133793,86.9539436517882
"prison_only_treatment_30plus",2034,6046.11323349939,5494.68790037619,6749.89872189638,298.750457849854,268.721143677486,337.509320524115,74.964954534221,67.5070198360576,84.5951637304901
"prison_only_treatment_30plus",2035,5914.69294601727,5376.04779113305,6613.92852007823,290.814138892883,261.310267094796,328.695490423495,72.9433224681855,65.6658371248415,82.3626283061207
"prison_only_treatment_30plus",2036,5798.32186103466,5264.80662972171,6487.29563474598,283.196107420014,254.216667183532,320.25840221795,71.03549206059,63.9115643032815,80.247556995615
"prison_only_treatment_30plus",2037,5691.20434674644,5160.47772193333,6369.33565676651,276.042686035542,247.368317872641,312.15509024305,69.1933065420227,62.2406683767515,78.2359513536314
"prison_only_treatment_30plus",2038,5589.41609992495,5063.05957052063,6257.27539941304,268.795527141134,240.831518580902,304.107873115601,67.5066438010919,60.6106153528717,76.3268967690366
"prison_only_treatment_30plus",2039,5495.48688404119,4972.07579630459,6153.12910511328,261.870549154822,234.576152161476,296.451173226746,65.8319051349579,59.0673797722864,74.4586304325057
"prison_only_treatment_30plus",2040,5406.41611572151,4886.7950716833,6056.44322244851,255.365516438939,228.632172720556,289.296332108745,64.230688799618,57.6115928247738,72.7098203884352
"prison_only_treatment_30plus",2041,5326.45034670811,4809.15718462119,5967.47204876348,249.220164241233,223.049369510264,282.592702411517,62.7335134097424,56.2514558558744,71.0817725270878
"prison_only_treatment_30plus",2042,5252.98362054255,4736.52932213293,5885.50550602138,243.397750885914,217.822620342019,276.240194775245,61.3370840839036,54.9837607223513,69.5449282897613
"prison_only_treatment_30plus",2043,5184.54165963476,4668.56883079722,5809.22586577952,237.933179023504,212.868282928453,270.226411170668,60.0178334179804,53.7890084351053,68.0953244981539
"prison_only_treatment_30plus",2044,5117.82481751636,4604.95815035795,5739.65707232058,232.874889173269,208.176203505338,264.536893405129,58.7773014622368,52.6636555866838,66.7454928232101
"prison_only_treatment_30plus",2045,5055.72133379439,4545.40284487542,5674.03352245281,227.934011475791,203.725866919049,259.253574380612,57.630004899492,51.599900994984,65.4960547774136
"prison_only_treatment_30plus",2046,4996.25398892902,4489.62982457976,5612.66041088432,223.469824681228,199.496617581026,254.325399222417,56.5468612154023,50.5930512379488,64.3187313780272
"prison_only_treatment_30plus",2047,4942.7054082148,4437.38572380568,5555.33307124337,219.233470977428,195.493446365064,249.673637554232,55.5015966443461,49.6442986408462,63.2107087813156
"prison_only_treatment_30plus",2048,4891.34989991784,4388.43541093329,5501.77829342421,215.204627062258,191.699251027272,245.284339540011,54.5579000919058,48.7506158161514,62.1496512811656
"prison_only_treatment_30plus",2049,4843.44953128326,4342.56061337661,5451.74228121444,211.256764847599,188.111524499066,241.141496638338,53.6298341614604,47.9088805295836,61.1382651728905
"prison_only_treatment_30plus",2050,4798.76638668935,4299.55864539531,5404.98919959586,207.517291368168,184.692879759429,237.233193657008,52.7546344770306,47.1159488343715,60.1864783773581
"prison_only_treatment_30plus",2051,4756.17286403277,4259.24122960185,5361.29983235559,203.956239374168,181.466408576121,233.547812081716,51.939915587442,46.3697344499658,59.2907699624452
"prison_only_treatment_30plus",2052,4715.97742806049,4222.09037381659,5320.47034053769,200.763416640992,178.527033199604,230.063815325205,51.1977905368094,45.6676439333944,58.448081535505
"prison_only_treatment_30plus",2053,4679.09691521077,4188.48433327367,5280.52994416993,197.673700513742,175.767407067648,226.678387708517,50.4665101583325,45.0072042458201,57.6554864977799
"prison_only_treatment_30plus",2054,4647.48635059769,4157.05296456828,5242.49963341474,194.757613816954,173.172610405313,223.487665723855,49.7760217062719,44.3860621362363,56.9101912828707
"prison_only_treatment_30plus",2055,4616.40176351917,4127.65043461587,5206.87700869941,192.093187858065,170.733270156141,220.485366903506,49.1356737639441,43.801982267856,56.2095348430421
"prison_only_treatment_30plus",2056,4586.89350020616,4100.14132341431,5173.507822679,189.606467115871,168.435907360697,217.664075723196,48.5525636095035,43.2528443910006,55.5509867692687
"prison_only_treatment_30plus",2057,4559.34857227796,4074.39982956232,5142.24818108748,187.266445698142,166.275204724294,215.008342326898,47.9840008770641,42.7065925758786,54.9525339292805
"prison_only_treatment_30plus",2058,4533.63470847766,4050.30903610555,5113.07718531754,185.064985860614,164.244636620421,212.509170188859,47.4538952721655,42.1841675313584,54.4027723587774
"prison_only_treatment_30plus",2059,4509.10127282402,4027.76023307252,5085.76733832261,182.847442509511,162.295332315361,210.157977291534,46.989437461294,41.7375012276255,53.8876413440169
"prison_only_treatment_30plus",2060,4484.68575386267,4006.65229308752,5060.18285888701,180.887206087724,160.455998481601,207.94658823711,46.5146629517973,41.320115981809,53.4050605477959
"prison_only_treatment_30plus",2061,4461.80394907634,3986.891096499,5036.21476000048,179.059552161092,158.604856042721,205.867224033695,46.0677987117105,40.9280817677823,52.9530659500118
"prison_only_treatment_30plus",2062,4441.9992492923,3968.38900254215,5013.76113813635,177.311507644953,156.853926256175,203.959166763262,45.6668716511033,40.560594862876,52.5298044999501
"prison_only_treatment_30plus",2063,4423.98852948311,3951.06436316186,4992.72667309324,175.648561818376,155.284402013719,202.237015796386,45.2862415402671,40.216367585505,52.1247113043062
"prison_only_treatment_30plus",2064,4407.15151656284,3934.84107625354,4973.02216760424,174.033092525455,153.89279620526,200.622934960118,44.947469120838,39.8939781218906,51.7444430421534
"prison_only_treatment_30plus",2065,4391.41188561012,3919.64817522927,4954.56412341575,172.612932901265,152.586786235858,199.11052804528,44.5974958800643,39.5849909745571,51.3877536035188
"prison_only_treatment_30plus",2066,4376.69836798087,3905.41945198117,4937.27435075319,171.308767331178,151.359687654335,197.693745860483,44.2528816638151,39.2910650451364,51.0484800282704
"prison_only_treatment_30plus",2067,4362.94439511352,3892.09311048761,4921.07960830874,170.050159629699,150.209818238173,196.332872879925,43.9467533039489,39.0151631449408,50.7221313111669
"prison_only_treatment_40plus",2017,11065.1096153975,10005.5769676965,12285.4468285781,479.199988829626,428.904187621275,534.751479400823,125.570140317268,112.67334253195,140.14638006811
"prison_only_treatment_40plus",2018,10557.3893455423,9555.76160020533,11718.3644926932,470.91681761693,421.561246990517,525.8611753553,123.507647917094,110.73887289922,137.766580476384
"prison_only_treatment_40plus",2019,10107.4367177629,9140.73240014401,11197.5389280944,460.890633551995,412.582256096633,514.98844311266,120.488485277254,107.934083601772,134.332994821026
"prison_only_treatment_40plus",2020,9764.6175661626,8825.83653220782,10806.8870166076,451.075417157646,404.200150749102,504.555760100711,117.415111653694,105.110865815027,130.958895867487
"prison_only_treatment_40plus",2021,9467.3924840838,8569.34102317374,10489.9657128503,441.876718232415,395.937063379372,494.517319209694,114.511505109478,102.507010886416,127.808247231764
"prison_only_treatment_40plus",2022,9220.58967652017,8349.70516667842,10222.1143468885,433.186562865403,388.014616844081,484.905286132379,111.775851794368,100.219429173467,124.927816918188
"prison_only_treatment_40plus",2023,9006.20933829145,8160.07647820328,9993.6905495021,424.715154772364,380.464584818731,475.724461573504,109.312350968933,98.0145591930434,122.244446790884
"prison_only_treatment_40plus",2024,8823.48108727976,7993.98902796355,9796.85006244002,416.295245983173,373.285200900466,466.967340094796,107.011420028004,95.9639593366977,119.746418164509
"prison_only_treatment_40plus",2025,8658.46286989044,7846.34901646888,9624.20984837527,408.537556382759,366.465575351275,458.622082038172,104.774825589103,94.0592594721142,117.418058991143
"prison_only_treatment_40plus",2026,8518.48659183269,7713.52561176754,9470.29220034293,401.201229403791,359.562242395976,450.676813616602,102.764896142063,92.248351125362,115.244340209553
"prison_only_treatment_40plus",2027,8383.89688827161,7594.84291459325,9332.27719311356,394.091419438627,352.974821412607,443.121351616016,100.900318128838,90.4748575131229,113.212387435586
"prison_only_treatment_40plus",2028,8266.6147087091,7488.31108224786,9207.98549446301,387.466645310116,346.738724361825,435.94733351166,99.1497412226693,88.8216234324515,111.311630257585
"prison_only_treatment_40plus",2029,8161.75387860345,7389.61922643296,9095.97321793294,381.291508508044,340.838087836181,429.147576101819,97.5328666658943,87.277920244929,109.533420367178
"prison_only_treatment_40plus",2030,8068.35865268901,7299.99754599037,8994.58022273758,375.120393846393,334.903432029151,422.71521889816,95.9570944883133,85.8305812744062,107.870518003055
"prison_only_treatment_40plus",2031,7983.27153717214,7218.907001649,8902.56235972382,369.390214970395,329.473074790763,416.642959288865,94.5157629487369,84.4144107243253,106.316623068986
"prison_only_treatment_40plus",2032,7905.66756332138,7145.42375490212,8818.93160958928,363.905238386636,324.584388384381,410.922508814431,93.1520166766686,83.15631384897,104.866012852327
"prison_only_treatment_40plus",2033,7834.80685158435,7078.75286184902,8742.8356586456,358.734455964317,320.307513177194,405.544293512965,91.8723541560743,82.0339061554629,103.513293090862
"prison_only_treatment_40plus",2034,7768.38156022004,7018.89800561293,8672.31918481529,353.994964373177,316.306460643136,400.497367508863,90.6723952352164,81.0338031525052,102.253245864416
"prison_only_treatment_40plus",2035,7708.07998118244,6966.46129458473,8609.36387019198,349.646131525703,312.568773608629,395.769488398862,89.5832373319582,80.1057424760172,101.080750885883
"prison_only_treatment_40plus",2036,7654.53623547675,6918.69513460551,8552.6038604569,345.628917242099,309.081066797497,391.347300850207,88.5749568758064,79.2450666634654,99.9907575610949
"prison_only_treatment_40plus",2037,7606.48379607423,6873.83487087429,8500.89606887382,341.942339624189,305.825968851927,387.216581585901,87.6707002581204,78.4472759132959,98.9782890283045
"prison_only_treatment_40plus",2038,7561.76179381996,6832.60164250875,8453.7549417147,338.550085208389,302.700540586703,383.362508930994,86.8382297394437,77.686812668938,98.0384639327844
"prison_only_treatment_40plus",2039,7521.58562328379,6794.91560121489,8410.74482954607,335.331317558627,299.704741366882,379.769930291817,86.0684372223322,76.9730006028347,97.1665258735456
"prison_only_treatment_40plus",2040,7484.87957704532,6760.44683338317,8371.47417697328,332.257462009513,296.922226145384,376.416211046399,85.3364943207256,76.3096502589489,96.3578738847109
"prison_only_treatment_40plus",2041,7451.3192352302,6728.73555600605,8335.59067815168,329.296584957728,294.339093126087,373.191932632503,84.6664486489545,75.6953815146273,95.608089923603
"prison_only_treatment_40plus",2042,7420.61203915919,6699.59635087367,8302.77713966483,326.680328043493,291.941850502733,370.196537374674,84.0432630040562,75.1271597031284,94.9129612174308
"prison_only_treatment_40plus",2043,7392.4941085983,6672.88860955253,8272.74787828901,324.305394413292,289.654641618257,367.414849197562,83.4636018600957,74.5701469440254,94.268496606652
"prison_only_treatment_40plus",2044,7366.72741878659,6648.3907926993,8245.32588842996,322.11326382651,287.447197305518,364.832276976971,82.9131128654102,74.0460057252647,93.670936854627
"prison_only_treatment_40plus",2045,7343.49773459209,6625.90284426475,8220.20572906374,320.07869086833,285.402754681751,362.434902394365,82.3990234891836,73.5619901597694,93.1167593920871
"prison_only_treatment_40plus",2046,7322.564327362,6605.24412025926,8196.37387073149,318.190318994038,283.509249678285,360.209538281131,81.93947648037,73.1149213910724,92.6026782300549
"prison_only_treatment_40plus",2047,7303.54442641744,6586.25150606991,8173.49243093885,316.437482315568,281.755336000218,358.143761865701,81.5286001554841,72.7018480572614,92.1256398822733
"prison_only_treatment_40plus",2048,7286.04997593973,6568.77770242433,8152.4789862863,314.810208563323,280.130397466537,356.22592731252,81.1466341779503,72.3200398779901,91.6828161442228
"prison_only_treatment_40plus",2049,7269.94758583297,6552.29917332278,8133.23313221172,313.299208965486,278.624544650388,354.450056200326,80.7795939509156,71.9666786788982,91.2715945208149
"prison_only_treatment_40plus",2050,7255.3940335215,6537.14064852705,8115.52921386043,311.895858159271,277.228599283393,352.801865424204,80.4379919453831,71.6390294983595,90.8895670068823
"prison_only_treatment_40plus",2051,7242.18247509855,6523.18810644048,8099.23378013536,310.575355759012,275.934069467825,351.308040260244,80.1199350870043,71.3357722584767,90.5345178224683
"prison_only_treatment_40plus",2052,7230.18589449148,6510.33631639278,8084.2261089038,309.326748613028,274.732535241986,349.95600458285,79.8236849970731,71.0549504331865,90.2050231166427
"prison_only_treatment_40plus",2053,7217.63641256224,6498.87676711201,8070.39691803722,308.163850431911,273.614554212752,348.697585211696,79.5531963070697,70.7947731281631,89.8987709836774
"prison_only_treatment_40plus",2054,7206.48348146783,6488.34114764598,8057.64720223102,307.080415231583,272.57658304885,347.525969524892,79.309742152686,70.5536025620672,89.609044424331
"prison_only_treatment_40plus",2055,7196.57124923386,6478.5874575617,8045.88718559519,306.070695842268,271.612500136242,346.434880002476,79.0830171226898,70.3299418484486,89.3361231804252
"prison_only_treatment_40plus",2056,7187.41388389049,6469.5527453517,8035.0353803912,305.129405170097,270.716687488563,345.418986627416,78.8605725868683,70.1224232553897,89.0823455464127
"prison_only_treatment_40plus",2057,7178.95089150205,6461.1798609942,8025.01774270082,304.251678852731,269.883991770503,344.473850710967,78.6527700313879,69.9297970659714,88.8463016841928
"prison_only_treatment_40plus",2058,7171.1271808933,6453.4168478591,8015.76691626183,303.433039766609,269.109686686316,343.593048870218,78.4590285531716,69.7509211185423,88.6266970177839
"prison_only_treatment_40plus",2059,7164.03477980436,6446.21640135842,8007.2215561927,302.669364681516,268.389437174177,342.772070787843,78.2783655469729,69.584751070523,88.4223420379935
"prison_only_treatment_40plus",2060,7157.5219700854,6439.53538754083,7999.3257248464,301.992552630697,267.71926569456,342.006756610054,78.1098756459739,69.430331401933,88.2321428906995
"prison_only_treatment_40plus",2061,7151.50130031507,6433.4197864007,7992.02835257087,301.364864632878,267.09552077922,341.293266515908,77.9527236474002,69.2867871538342,88.0550927419024
"prison_only_treatment_40plus",2062,7145.93492738375,6427.87307573159,7985.28275669961,300.75017349417,266.514847912476,340.628052701041,77.8084783592187,69.1533163813836,87.8902638960896
"prison_only_treatment_40plus",2063,7140.78814521679,6422.738007661,7979.04621263889,300.157006047473,265.974162744013,340.007833734072,77.6743137314611,69.0291832901662,87.7368006327963
"prison_only_treatment_40plus",2064,7136.02908611039,6417.98299002663,7973.27957145022,299.604215776736,265.4706265787,339.411934219279,77.5493358898177,68.913712017102,87.5939127185656
"prison_only_treatment_40plus",2065,7131.76320864736,6413.57908599906,7967.94691883966,299.089083303684,265.001624050523,338.839047866249,77.4329173536568,68.8062810127182,87.4652013544478
"prison_only_treatment_40plus",2066,7127.87461161125,6409.49975701147,7963.01527095334,298.609083839335,264.564742861654,338.304382671951,77.3244766695246,68.706317979313,87.3481435504748
"prison_only_treatment_40plus",2067,7124.28727618317,6405.72063394102,7958.454302839,298.161870803698,264.157755451503,337.805439275818,77.2234744028988,68.6132953189903,87.2392724663009
"prison_only_treatment_50plus",2017,11065.1096153975,10005.5769676965,12285.4468285781,479.199988829626,428.904187621275,534.751479400823,125.570140317268,112.67334253195,140.14638006811
"prison_only_treatment_50plus",2018,10811.4098158123,9772.28158101269,12019.8941870215,474.724351052541,424.76362095331,530.034256082896,124.480923380324,111.574389866511,138.937266161978
"prison_only_treatment_50plus",2019,10583.9714781067,9568.36639888153,11787.7098734524,469.372093082846,420.06371943348,524.728727400762,122.930835046066,110.067523682016,137.271107374825
"prison_only_treatment_50plus",2020,10421.3589095384,9423.64358766224,11622.7571686489,464.528831130141,415.701718623996,519.858328107942,121.488577348837,108.618172609483,135.677612297288
"prison_only_treatment_50plus",2021,10303.8823163618,9314.00077827071,11493.7459442129,460.178636484904,411.832458049121,515.419403391687,120.214986798104,107.353482648763,134.261458977028
"prison_only_treatment_50plus",2022,10211.6834230602,9227.66992588165,11391.8904380812,456.4472356252,408.257998003544,511.242902833554,119.031252334916,106.28507198367,133.053072101677
"prison_only_treatment_50plus",2023,10133.1991103866,9158.04418380994,11309.6538519898,453.14089864976,405.008557230429,507.493503117824,117.993169400202,105.347591851599,132.014999809071
"prison_only_treatment_50plus",2024,10073.2464468796,9100.60970311964,11242.165042953,449.798399454148,402.091255330787,504.136992282057,117.085339530434,104.527478634054,131.102263843285
"prison_only_treatment_50plus",2025,10023.4428614311,9049.26195806222,11186.1034875754,446.900207313721,399.478316467102,501.137213936398,116.291382183527,103.801075271339,130.278617227354
"prison_only_treatment_50plus",2026,9981.682343433,9005.57696069208,11139.0971010217,444.450130715616,397.141911192624,498.458987315948,115.618246909221,103.166390560208,129.558174207946
"prison_only_treatment_50plus",2027,9945.67960789844,8968.78414642322,11099.3937741048,442.262738825405,395.055592527927,496.069566125581,115.048203078478,102.61054463835,128.926740980283
"prison_only_treatment_50plus",2028,9914.05321197258,8937.62254656141,11065.6637264799,440.311717227327,393.194873686823,493.939129847801,114.507803092685,102.122384044149,128.372291027346
"prison_only_treatment_50plus",2029,9886.99466194403,8911.11291412965,11036.873849827,438.565753096801,391.537330469878,492.040755003608,114.028169109353,101.69325030483,127.884683898867
"prison_only_treatment_50plus",2030,9863.82190987622,8888.43777229844,11012.2052149275,436.961054532524,390.062491932493,490.350169785057,113.612786658122,101.329858907353,127.455334107738
"prison_only_treatment_50plus",2031,9843.91284949511,8869.00593740234,10990.9976316365,435.533326978365,388.7516679291,488.845459760991,113.246903321113,101.010074168824,127.076912618931
"prison_only_treatment_50plus",2032,9826.75885496418,8852.32187753662,10972.7115580522,434.264002087723,387.587782247626,487.506799555114,112.924435527161,100.728195469443,126.743105557403
"prison_only_treatment_50plus",2033,9811.93961884227,8837.96247878727,10956.9013034952,433.136171952066,386.555234167737,486.316232915871,112.640083847517,100.47958715872,126.44842919849
"prison_only_treatment_50plus",2034,9799.10498235458,8825.57545189884,10943.1956869092,432.13445320205,385.639789126991,485.257498800153,112.389204721327,100.260185347011,126.18809111756
"prison_only_treatment_50plus",2035,9787.96145906824,8814.86569002654,10931.2836981839,431.244878139655,384.828490943353,484.31589230476,112.167713911056,100.066414673127,125.957885848317
"prison_only_treatment_50plus",2036,9778.26197360108,8805.58489647609,10920.903585213,430.488854160136,384.109586845324,483.478148461901,111.975265231233,99.8951242644341,125.754114958067
"prison_only_treatment_50plus",2037,9769.79785670174,8797.52350366917,10911.8343440649,429.818003325249,383.47855394475,482.732339319176,111.808871279916,99.7435367923834,125.573523858301
"prison_only_treatment_50plus",2038,9762.39246761888,8790.5042411361,10903.8889413868,429.219874678513,382.928994579693,482.067777876307,111.661551922505,99.60920634703,125.413249954781
"prison_only_treatment_50plus",2039,9755.89602409793,8784.37692454179,10896.9088216913,428.643425547546,382.44021833682,481.474925245302,111.530929430204,99.4899823163899,125.270778565462
"prison_only_treatment_50plus",2040,9750.18135397824,8779.01417457922,10890.7593947928,428.130039182866,382.004980515593,480.945299474067,111.411724773572,99.3839775163141,125.143904354475
"prison_only_treatment_50plus",2041,9745.1403682981,8774.30786257283,10885.3262903519,427.673269648169,381.616854940121,480.471385818349,111.303936293068,99.2895395295604,125.030696920335
"prison_only_treatment_50plus",2042,9740.68111175053,8770.16613687914,10880.5122261416,427.266246654681,381.270162303512,480.046548997574,111.207999354647,99.2052246620049,124.929469740904
"prison_only_treatment_50plus",2043,9736.72528338221,8766.51092201856,10876.23437613,426.902912633305,380.959900107351,479.664948293071,111.123462097066,99.1297741881901,124.838752014039
"prison_only_treatment_50plus",2044,9733.20614553952,8763.27580804966,10872.4221512186,426.577943616527,380.681675134193,479.32145639263,111.048000515007,99.0620927010568,124.757263119131
"prison_only_treatment_50plus",2045,9730.06675657295,8760.40426546115,10869.0153240992,426.286673553669,380.431639264322,479.011582770511,110.980496287917,99.0012284482819,124.683889517956
"prison_only_treatment_50plus",2046,9727.2584754137,8757.84813358631,10865.9624430868,426.028811834195,380.206429260474,478.731402200287,110.9199775404,98.9463555621074,124.617663952374
"prison_only_treatment_50plus",2047,9724.73969551515,8755.56633997786,10863.2194897507,425.796506095093,380.003110941286,478.477488783695,110.865600415455,98.89675809167,124.557746806866
"prison_only_treatment_50plus",2048,9722.47477286084,8753.52381540292,10860.7487428187,425.586146665685,379.81912797296,478.246855674685,110.816632616686,98.8518157393603,124.503409501341
"prison_only_treatment_50plus",2049,9720.43311844154,8751.69057481104,10858.5178168812,425.395220267248,379.652255343421,478.036900501253,110.772438790523,98.8109911929688,124.454019772939
"prison_only_treatment_50plus",2050,9718.58843022133,8750.04093923177,10856.4988493233,425.22153985074,379.500557449509,477.845356345388,110.732467611292,98.7738189370768,124.409028699674
"prison_only_treatment_50plus",2051,9716.91804342111,8748.55287735024,10854.6678129604,425.063202398457,379.357098767032,477.670248034351,110.696240427059,98.7398954219775,124.367959315592
"prison_only_treatment_50plus",2052,9715.40238113235,8747.20744868164,10853.0039352331,424.918551444175,379.224500176686,477.509853421584,110.663341322997,98.7088704667268,124.330396667508
"prison_only_treatment_50plus",2053,9714.02448996105,8745.98833294252,10851.4892076772,424.786143988044,379.102814244459,477.362669288395,110.633408461422,98.6804397744585,124.295979166904
"prison_only_treatment_50plus",2054,9712.76964768344,8744.88143249406,10850.1079718091,424.664721451359,378.990935992545,477.227381473126,110.606126562855,98.6543384422758,124.264391096883
"prison_only_treatment_50plus",2055,9711.62503183882,8743.87453667471,10848.8465696386,424.559256506854,378.88790035292,477.102838827741,110.581220399902,98.6303353541841,124.235356142269
"prison_only_treatment_50plus",2056,9710.5794398446,8742.9570385014,10847.6930487853,424.466379165193,378.792862606494,476.988030608357,110.558449184594,98.6082283530312,124.2086318205
"prison_only_treatment_50plus",2057,9709.6230526367,8742.11969564031,10846.6369136906,424.381061964136,378.70508145392,476.882066922303,110.537601739495,98.5878400957127,124.184004701236
"prison_only_treatment_50plus",2058,9708.74723504919,8741.35442876546,10845.668915702,424.302594362853,378.623904418022,476.784161876703,110.518492352959,98.5690145045419,124.161286313074
"prison_only_treatment_50plus",2059,9707.94436718172,8740.65415146424,10844.7808759148,424.23034926388,378.54875529848,476.693619099934,110.500957228847,98.5516137363189,124.140309646157
"prison_only_treatment_50plus",2060,9707.20770188456,8740.01262673881,10843.9655355925,424.163771435135,378.479123422349,476.609819335576,110.484851450717,98.5355155990225,124.120926169438
"prison_only_treatment_50plus",2061,9706.53124424267,8739.42434591083,10843.2164297912,424.10236759787,378.414554457665,476.532209837339,110.470046389593,98.5206113540013,124.10300329073
"prison_only_treatment_50plus",2062,9705.90964957951,8738.88442638459,10842.5277804935,424.045697957712,378.354642581048,476.460295321785,110.456427492931,98.5068038489618,124.08642219645
"prison_only_treatment_50plus",2063,9705.33813704431,8738.38852527393,10841.8944061371,423.99336898052,378.29902381297,476.393630262823,110.443892400201,98.4940059338604,124.071076015849
"prison_only_treatment_50plus",2064,9704.81241630746,8737.93276636647,10841.3116449159,423.9450272379,378.247370355917,476.331812337409,110.432349337525,98.4821391179983,124.056868261826
"prison_only_treatment_50plus",2065,9704.32862527948,8737.51367829576,10840.7752896443,423.90035416863,378.199385790692,476.274476855452,110.421715750194,98.4711324321753,124.043711506786
"prison_only_treatment_50plus",2066,9703.88327709947,8737.1281421288,10840.2815323334,423.859061621845,378.154801004427,476.221292028332,110.411917137481,98.4609214647164,124.031526257828
"prison_only_treatment_50plus",2067,9703.47321491858,8736.7733468612,10839.8269169183,423.820888065515,378.113370740463,476.171954949834,110.40288605918,98.4514475445706,124.020240000544
"prison_only_treatment_60plus",2017,11065.1096153975,10005.5769676965,12285.4468285781,479.199988829626,428.904187621275,534.751479400823,125.570140317268,112.67334253195,140.14638006811
"prison_only_treatment_60plus",2018,11023.1525672543,9965.5933398937,12241.1231940985,478.340502813862,428.082747231157,533.857742875559,125.36279598802,112.460490935887,139.924333433177
"prison_only_treatment_60plus",2019,10993.2853975438,9935.89719307094,12208.1014365871,477.481317529143,427.255837387641,532.969159175014,125.130551014788,112.217808480803,139.67259982502
"prison_only_treatment_60plus",2020,10974.8211697525,9917.90120586538,12187.969239397,476.825971839536,426.621309070942,532.295979652423,124.947335505616,112.024628791362,139.466399192333
"prison_only_treatment_60plus",2021,10962.1761025213,9906.1254555134,12174.6816441923,476.328611463962,426.137580692471,531.7868047906,124.815494911036,111.878204342657,139.310801250362
"prison_only_treatment_60plus",2022,10953.1128569056,9898.05039950197,12165.4656709299,475.95151250004,425.799814726363,531.401758182507,124.717467433826,111.768979343384,139.195108643878
"prison_only_treatment_60plus",2023,10946.6185359342,9892.324371484,12158.8361581644,475.665477190286,425.547144970397,531.113059795653,124.644609072131,111.687723415947,139.109287999685
"prison_only_treatment_60plus",2024,10941.8154729994,9888.14242326938,12153.9096034546,475.456158677756,425.354061789483,530.907081136514,124.586844409659,111.626937291836,139.04496664347
"prison_only_treatment_60plus",2025,10938.1521553643,9884.99855278721,12150.1310860966,475.294369517996,425.20492961529,530.747282365185,124.541115657687,111.580909338148,138.996000716456
"prison_only_treatment_60plus",2026,10935.2715823574,9882.56511467885,12147.141579826,475.167029738705,425.087847857348,530.620672693271,124.505477269688,111.545428543355,138.957898026216
"prison_only_treatment_60plus",2027,10932.9382384752,9880.62588488768,12144.7043649806,475.064404279864,424.993898277358,530.517627692493,124.476938479276,111.517447660482,138.927435378823
"prison_only_treatment_60plus",2028,10930.994547742,9879.03614150689,12142.6611576942,474.979345607796,424.916486874444,530.431116570887,124.453379128429,111.49478684937,138.902328273442
"prison_only_treatment_60plus",2029,10929.3338602971,9877.69790241682,12140.9049003903,474.906671621173,424.850796417197,530.356072082173,124.433309665442,111.475898776555,138.880971972809
"prison_only_treatment_60plus",2030,10927.8832730245,9876.54417896857,12139.3624616228,474.842672245212,424.793348425683,530.288893206374,124.415691594707,111.459691629091,138.862247942095
"prison_only_treatment_60plus",2031,10926.5925013502,9875.52877626036,12137.9834326176,474.784727617384,424.741662012017,530.227061641049,124.39980658676,111.445399314864,138.845382794372
"prison_only_treatment_60plus",2032,10925.4265612642,9874.61958473745,12136.7327622327,474.731017515496,424.693992871678,530.168850714706,124.385162388042,111.432487631534,138.829846898376
"prison_only_treatment_60plus",2033,10924.3608951004,9873.79411018797,12135.5858534353,474.680302740179,424.649135976198,530.113106863652,124.371425672694,111.42058692828,138.815282005932
"prison_only_treatment_60plus",2034,10923.3780899506,9873.03646206877,12134.5252637536,474.631761999976,424.606277672798,530.059086909445,124.35837428926,111.40944393719,138.801449764642
"prison_only_treatment_60plus",2035,10922.4656488683,9872.33530564888,12133.5384658199,474.584871030148,424.564885537299,530.006337699156,124.345863357555,111.398887359131,138.788195145596
"prison_only_treatment_60plus",2036,10921.614466717,9871.68245924453,12132.6163172713,474.539313572702,424.524626807923,529.954607644849,124.333801227046,111.388803288694,138.775420493822
"prison_only_treatment_60plus",2037,10920.8177826709,9871.07192793892,12131.7520103332,474.494916251911,424.485308323212,529.90378214826,124.321772115824,111.379117676713,138.763067144515
"prison_only_treatment_60plus",2038,10920.0704579667,9870.49923532881,12130.940348575,474.451601289762,424.446832566447,529.853836830703,124.30972405185,111.36978383287,138.751102434314
"prison_only_treatment_60plus",2039,10919.3684771268,9869.96096025181,12130.1772483206,474.409352485254,424.409165727451,529.804803981187,124.298060218389,111.360773543511,138.739510564951
"prison_only_treatment_60plus",2040,10918.7086035068,9869.4544152939,12129.4593950777,474.368191012731,424.372314697241,529.756748774771,124.286772499172,111.352070785801,138.728286220072
"prison_only_treatment_60plus",2041,10918.0881417837,9868.9774237645,12128.7840072786,474.328158453642,424.336310676021,529.709752676692,124.275858978312,111.343667307367,138.717430149483
"prison_only_treatment_60plus",2042,10917.5047746901,9868.52816524179,12128.1486744243,474.289305126329,424.301197655097,529.663902100488,124.265320998538,111.33555954562,138.706946157431
"prison_only_treatment_60plus",2043,10916.9564513171,9868.10506893424,12127.5512468215,474.251682269509,424.267024471855,529.619280880597,124.255161195047,111.327746507531,138.696839090021
"prison_only_treatment_60plus",2044,10916.4413111988,9867.7067403917,12126.9897610409,474.215337005312,424.233839467936,529.575965490548,124.24538221806,111.320228335951,138.687113530389
"prison_only_treatment_60plus",2045,10915.9576331633,9867.33191145235,12126.462390035,474.180309286278,424.201687029904,529.534022216427,124.235985938139,111.313005364534,138.677772991857
"prison_only_treatment_60plus",2046,10915.5038012542,9866.97940634187,12125.9674101954,474.146630239859,424.170605478913,529.493505704076,124.226972986704,111.30607751823,138.668819458185
"prison_only_treatment_60plus",2047,10915.078282349,9866.6481189603,12125.5031799686,474.114321480506,424.140625916111,529.454458454598,124.218342526277,111.29944395617,138.660253162639
"prison_only_treatment_60plus",2048,10914.6796117271,9866.3369978771,12125.0681262829,474.083395076264,424.111771735285,529.416910958938,124.210092175343,111.293102882668,138.652072528355
"prison_only_treatment_60plus",2049,10914.3063839773,9866.04503659824,12124.6607361849,474.053853943612,424.084058592221,529.380882248554,124.202218034658,111.287051473015,138.644274214817
"prison_only_treatment_60plus",2050,10913.9572474372,9865.77126740354,12124.2795518901,474.025692508533,424.057494678081,529.346380702832,124.194714777566,111.281285875982,138.636853231377
"prison_only_treatment_60plus",2051,10913.6309009189,9865.51475756835,12123.9231680116,473.998897519146,424.032081186852,529.313405000667,124.187575778254,111.275801265944,138.629803090382
"prison_only_treatment_60plus",2052,10913.3260918659,9865.27460714703,12123.5902301255,473.973448929872,424.007812898342,529.284257097065,124.180793259946,111.270591925509,138.623115980842
"prison_only_treatment_60plus",2053,10913.0416153642,9865.04994775094,12123.279434109,473.949320802373,423.984678821275,529.25704916503,124.174358450836,111.265651345269,138.616798400996
"prison_only_treatment_60plus",2054,10912.7763136191,9864.83994193278,12122.9895258726,473.926482186718,423.962662857811,529.231227026532,124.168261739635,111.260972331416,138.610833486073
"prison_only_treatment_60plus",2055,10912.5290756457,9864.64378291415,12122.7193012446,473.904897959358,423.941744463049,529.20675828594,124.162492825497,111.256547114935,138.605200959167
"prison_only_treatment_60plus",2056,10912.2988370091,9864.46069448143,12122.4676058539,473.884529603756,423.921899281886,529.183606476569,124.157040859105,111.252367458173,138.599889494694
"prison_only_treatment_60plus",2057,10912.0845795162,9864.28993093513,12122.2333349195,473.865335926083,423.903099751904,529.161731817254,124.151894573076,111.248424756095,138.594887296325
"prison_only_treatment_60plus",2058,10911.8853308017,9864.13077702077,12122.0154328973,473.847273702885,423.885315665525,529.141091903424,124.147042400824,111.24471013058,138.590182232484
"prison_only_treatment_60plus",2059,10911.7001637802,9863.98254779763,12121.8128929624,473.830298260713,423.868514687809,529.121642331698,124.142472583619,111.24121451687,138.585761958132
"prison_only_treatment_60plus",2060,10911.5281959559,9863.8445884218,12121.6247563201,473.814363989721,423.852662828553,529.103337259231,124.138173266051,111.237928741772,138.581614023062
"prison_only_treatment_60plus",2061,10911.3685885908,9863.71627383311,12121.4501113564,473.799424794503,423.837724868863,529.086129900414,124.134132580338,111.234843593574,138.5777259672
"prison_only_treatment_60plus",2062,10911.2205457426,9863.59700834414,12121.2880926375,473.785434486251,423.823664743425,529.06997296442,124.130338720096,111.231949883887,138.574085403638
"prison_only_treatment_60plus",2063,10911.0833131862,9863.48622513525,12121.1378797782,473.772347120628,423.81044588038,529.054819037542,124.126780004273,111.229238501746,138.570680090216
"prison_only_treatment_60plus",2064,10910.9561772337,9863.3833856629,12120.9986961974,473.760117285973,423.798031501159,529.040620914525,124.123444932005,111.226700460418,138.567497990543
"prison_only_treatment_60plus",2065,10910.8384634721,9863.28797899057,12120.8698077786,473.748700346363,423.786384882836,529.027331883092,124.120322229144,111.22432693743,138.564527325332
"prison_only_treatment_60plus",2066,10910.7295354324,9863.19952105251,12120.7505214558,473.738052643968,423.775469585737,529.014905965846,124.117400887191,111.222109308321,138.561756614954
"prison_only_treatment_60plus",2067,10910.6287932086,9863.1175538607,12120.6401837406,473.72813166487,423.76524964902,529.003298123516,124.114670195367,111.220039174665,138.559174714045
"prison_plus_postrelease",2017,11065.1096153975,10005.5769676965,12285.4468285781,479.199988829626,428.904187621275,534.751479400823,125.570140317268,112.67334253195,140.14638006811
"prison_plus_postrelease",2018,9945.36039427056,8997.42859438837,11047.7339599413,466.82605786639,417.7822162056,521.17730235021,122.048120800798,109.419363926817,136.166744825537
"prison_plus_postrelease",2019,8899.57678156492,8058.06502714726,9894.65915152676,450.028074878027,402.837838820108,502.8392581269,116.515120497957,104.361262625907,129.976446179279
"prison_plus_postrelease",2020,8115.97809218704,7348.18963724987,9024.6520980719,433.333892861571,387.868479284849,484.587972731896,110.859862724365,99.2372340163341,123.700996385971
"prison_plus_postrelease",2021,7480.57750631331,6770.06406128096,8317.06082417765,417.095934125148,373.493587524586,466.812439292688,105.500455300118,94.4329814345222,117.833228209982
"prison_plus_postrelease",2022,6929.47938849888,6273.83534605866,7710.07512814702,401.370763572617,359.320472641359,449.41214970444,100.56242417889,90.0026646678935,112.396567366555
"prison_plus_postrelease",2023,6443.83924797407,5833.41683318152,7171.3630806006,385.903597910536,345.409938608472,432.225764149442,95.9245450868071,85.8519156734574,107.302814592258
"prison_plus_postrelease",2024,6004.08942746647,5434.28445713407,6682.99497148349,370.635227197495,331.656647273444,415.239155230686,91.5189469757499,81.9110347621413,102.436971848826
"prison_plus_postrelease",2025,5594.85793195407,5067.80576594011,6234.44498467899,355.527635477158,318.016037515156,398.381289534148,87.2370132414241,78.0817791420141,97.7294615374051
"prison_plus_postrelease",2026,5218.26891391446,4725.76019790627,5819.25544700744,340.556066694243,304.467411630249,381.6253337429,83.1026783169876,74.3624329406231,93.1344618839505
"prison_plus_postrelease",2027,4871.40829077003,4406.88583657695,5436.24794441729,325.632265301975,291.016312488371,364.978364470614,79.0885725419432,70.7356118046017,88.6512130986889
"prison_plus_postrelease",2028,4548.97839834399,4109.95690229045,5076.67769241186,310.648197170853,277.686430890698,348.470204641092,75.168149469403,67.1925248049142,84.2709028595626
"prison_plus_postrelease",2029,4247.20408219044,3832.95733808265,4738.59965489027,295.793365955572,264.51212266586,332.144122981119,71.3310917298313,63.7346051615752,79.992921713838
"prison_plus_postrelease",2030,3964.08141080293,3574.26889818551,4424.36316800542,281.148451405295,251.532844045995,316.049879822163,67.588376826078,60.3650350327937,75.8214401975232
"prison_plus_postrelease",2031,3693.39531785564,3332.54216963395,4130.1892012695,266.829836480451,238.789257758922,300.238836610456,63.9180794819543,57.0888777984864,71.763014571787
"prison_plus_postrelease",2032,3440.83642708015,3106.61212363089,3854.77170401282,252.892360513747,226.320629080766,284.760669621054,60.3530492444136,53.9118311779054,67.8250002356855
"prison_plus_postrelease",2033,3207.70283502114,2895.44570502499,3600.13198204003,239.299423749511,214.163163532674,269.661261330901,56.9058372426837,50.8394317926539,64.0145502943174
"prison_plus_postrelease",2034,2992.148759167,2698.10844601673,3364.03212797695,226.234924855522,202.310159755055,254.981431737268,53.578519476094,47.8765830473769,60.3380193767803
"prison_plus_postrelease",2035,2788.70138942581,2512.54149552782,3145.67589473455,213.515813011396,190.802030164522,240.75625982557,50.4046111813914,45.0272997111738,56.8006400264587
"prison_plus_postrelease",2036,2600.37694763331,2336.52398198126,2941.96322565577,201.196074406037,179.703534330437,227.014815915485,47.3706011953186,42.294594552871,53.4063783326382
"prison_plus_postrelease",2037,2425.19650258285,2172.11327465062,2749.02293876906,189.367720937426,169.031190577575,213.780177516804,44.4711225542104,39.6804560844811,50.1584197229085
"prison_plus_postrelease",2038,2257.13040279728,2020.36033154023,2566.61772129249,178.027644430888,158.796892520455,201.069638067707,41.6737773607021,37.1852817577139,47.0583717209368
"prison_plus_postrelease",2039,2102.89527239537,1880.53715087091,2397.36860193856,167.159529921764,149.006833367385,188.897473888496,39.0222318783948,34.8091194084677,44.1057425008412
"prison_plus_postrelease",2040,1960.40429444222,1747.92292805647,2240.70395072875,156.731865867658,139.635026956365,177.270212840474,36.5104223188067,32.5479595194134,41.299723340238
"prison_plus_postrelease",2041,1827.72909454373,1626.60260405518,2094.51955579532,146.830655453479,130.680685307225,166.187810909245,34.1368460579372,30.3952069493263,38.6385717216814
"prison_plus_postrelease",2042,1702.67254281236,1515.41308460841,1958.1660381243,137.436043603851,122.187791493685,155.648421315692,31.894156300449,28.355895963213,36.1091781220342
"prison_plus_postrelease",2043,1585.49755269552,1411.79324877006,1830.39279927745,128.484358918474,114.148707126764,145.646608581238,29.7642260013086,26.4219887732735,33.7096108816469
"prison_plus_postrelease",2044,1479.02101021893,1311.82236600758,1710.9118190693,120.105802518779,106.553502420413,136.173827049977,27.7634074424528,24.5978977753068,31.4458371527721
"prison_plus_postrelease",2045,1379.91108029494,1217.88261040943,1601.94817740453,112.150819535752,99.3903424327231,127.218879686741,25.8717263394093,22.8798835359031,29.3137125968716
"prison_plus_postrelease",2046,1285.65416155199,1130.47511601854,1506.45283770225,104.596910176435,92.645844207366,118.703914735231,24.1157591202839,21.2969740966597,27.3087066023447
"prison_plus_postrelease",2047,1197.33190161869,1048.89821697396,1413.80507305476,97.4401788960135,86.2544456003178,110.663813867308,22.4317959593124,19.7740436062321,25.4259934800078
"prison_plus_postrelease",2048,1115.61173054797,971.374770971474,1326.87926459132,90.7953722212818,80.2435143053499,103.098723585353,20.8830959334651,18.3600903892969,23.6606624524418
"prison_plus_postrelease",2049,1039.12571518051,899.407501359958,1245.04112421084,84.5365002192734,74.5641479487681,95.9344931770595,19.4008568878905,17.0665795378846,22.0080761010552
"prison_plus_postrelease",2050,968.253662739381,832.537156700807,1167.34458071964,78.6124260739062,69.2637436010824,89.2239184023815,18.0292481873449,15.8626958120043,20.46226643398
"prison_plus_postrelease",2051,902.849505353549,770.499511863438,1096.3494474717,73.0943778547752,64.2231223537332,83.084535586896,16.7642794299135,14.7388515634084,19.0475541641825
"prison_plus_postrelease",2052,840.39893892747,712.990021347923,1029.4227847835,67.9486531397068,59.6421646949561,77.242021973619,15.5686752564161,13.6907516469765,17.7618847901912
"prison_plus_postrelease",2053,783.822598254627,659.698699193745,967.46119028669,63.1543735499679,55.4023914677414,71.7837738980182,14.4512385482804,12.7141785295431,16.5846809040964
"prison_plus_postrelease",2054,730.68730410816,608.482005469415,911.224266191244,58.6585273820923,51.4582515169469,66.7805185515273,13.4225710338905,11.7989432702007,15.4880868968122
"prison_plus_postrelease",2055,681.571542646514,561.139191288263,857.472772803304,54.4019310710427,47.7712164053381,62.3097609414924,12.4655263154656,10.9458229214321,14.4243600464935
"prison_plus_postrelease",2056,635.363447265219,517.395095726806,805.82721848071,50.5138231029391,44.3197379858967,58.178772254316,11.5760986869284,10.1529469601745,13.4329668184664
"prison_plus_postrelease",2057,592.668710931988,476.943978012814,757.728893291001,46.8891622571281,41.1091789517983,54.3327949967406,10.768255539198,9.41655316352837,12.5181640130911
"prison_plus_postrelease",2058,552.999287614328,439.564599216115,714.12039730134,43.4936848732847,38.1250090684582,50.5969447104984,10.0061116090983,8.72224296029637,11.6677251875819
"prison_plus_postrelease",2059,516.333489023292,405.067771504891,675.749513527126,40.4361700231474,35.3532185316753,47.1289902710192,9.29657138968564,8.09764674323835,10.8774959334348
"prison_plus_postrelease",2060,482.545159712266,373.241296162076,640.219655972203,37.5628590882812,32.7803534317273,43.9168114710956,8.64743433081847,7.5092972893588,10.1454499472513
"prison_plus_postrelease",2061,451.603788927346,344.305356845929,607.963089501278,34.9332913632818,30.3861977527789,40.9321358068617,8.04007657573834,6.96353315766128,9.48321829131576
"prison_plus_postrelease",2062,422.096393639944,318.114919651645,577.803923456349,32.4462865972394,28.1805036815882,38.1349719658648,7.47128731813388,6.4579408740058,8.88925927582163
"prison_plus_postrelease",2063,395.117972215464,294.203904452949,549.588796912882,30.1956805872019,26.1260770131982,35.5945374452434,6.94458864261762,5.98763708894245,8.30105520847311
"prison_plus_postrelease",2064,369.895008420424,272.055847567174,522.172264141239,28.0623212532262,24.2229545151158,33.3349794154237,6.44329857491074,5.5351015646881,7.75635018396087
"prison_plus_postrelease",2065,346.441358386219,251.961066774064,496.293241376229,26.0406505886573,22.4607182733588,31.156150914016,5.99040229615044,5.10813461389971,7.26465276176991
"prison_plus_postrelease",2066,325.037443863626,233.173442159367,472.406337440544,24.2024933993487,20.8233636217361,29.1038436828042,5.56451974438366,4.72970563526638,6.81107954168826
"prison_plus_postrelease",2067,304.521699401229,215.805011083136,450.887855646482,22.4629620973532,19.2260881405768,27.216492636321,5.18335281060035,4.38280596883703,6.39053160334124
"prison_universal_optout",2017,11065.1096153975,10005.5769676965,12285.4468285781,479.199988829626,428.904187621275,534.751479400823,125.570140317268,112.67334253195,140.14638006811
"prison_universal_optout",2018,10141.6780465947,9175.60096998853,11261.3314914512,463.410508827173,414.802775222279,517.511635723403,121.740911205589,109.151754604598,135.825564218418
"prison_universal_optout",2019,9328.41410310741,8446.15380159559,10361.3323593299,445.859523740405,399.091566657527,498.246642103239,116.58522621808,104.419838801593,130.032883700177
"prison_universal_optout",2020,8711.07319696794,7886.19458618965,9670.81009962,429.792666284571,384.832651409565,480.689303607559,111.506096969872,99.8388399744765,124.415297917877
"prison_universal_optout",2021,8187.59496976794,7412.00493889311,9087.05813517493,414.597229374046,371.320637570196,464.058126195922,106.733028907664,95.5439864491881,119.190828880615
"prison_universal_optout",2022,7723.99519963147,6992.63319685726,8571.65419871088,399.999581755562,358.234111705279,447.9194629813,102.270596328573,91.5283207203417,114.257308048401
"prison_universal_optout",2023,7309.12104256573,6614.11962986073,8108.1274417306,385.860236459392,345.46835320572,432.10811711336,98.0008746930541,87.7666257000617,109.578536866264
"prison_universal_optout",2024,6926.1717335795,6268.56122619492,7686.27129020214,371.93311047068,332.930619698871,416.571938659528,93.917369935046,84.1276913464016,105.084783457518
"prison_universal_optout",2025,6571.50696032878,5950.76851477181,7298.11315445794,358.168979467555,320.577021792227,401.248242778991,89.9722855885986,80.6028424218049,100.741507700755
"prison_universal_optout",2026,6243.57950616737,5657.04060768455,6939.2338438132,344.572639899992,308.386282733293,386.111839581649,86.1816779980752,77.1903477866566,96.5074892820712
"prison_universal_optout",2027,5940.60085842033,5384.60203311422,6606.46316409939,331.041253910794,296.358361592077,371.164070972568,82.4865297961025,73.8788371194161,92.3972976539158
"prison_universal_optout",2028,5660.64226290737,5131.29133452839,6297.17022828303,317.601066784038,284.50748539848,356.424159650782,78.9050606013987,70.6659820365587,88.4069114363319
"prison_universal_optout",2029,5400.94571979683,4895.36934918355,6009.2386058566,304.340074767053,272.856597874098,341.922278910074,75.4309876512702,67.5512398314231,84.5357063486679
"prison_universal_optout",2030,5154.77012139301,4675.39479548955,5737.55143127251,291.581471401929,261.433087248424,327.694191378661,72.0309311323646,64.5357640563568,80.7856141065835
"prison_universal_optout",2031,4925.21883268337,4470.14140955159,5482.49222316806,279.038126707376,250.265648029579,313.777290951007,68.7446212709627,61.6217462483165,77.1598353780269
"prison_universal_optout",2032,4716.54240436043,4278.5418908866,5244.06881045535,266.774816440058,239.368634615582,300.207824423097,65.5887112551025,58.8116957924089,73.6619359478869
"prison_universal_optout",2033,4520.81150095898,4099.64951998231,5021.4101520895,255.016018055624,228.695225361732,287.019051806163,62.5490874851802,56.107965133127,70.2952490987555
"prison_universal_optout",2034,4339.97725435093,3932.611567612,4819.74053400589,243.578192906971,218.371532459984,274.240121968624,59.6575430713154,53.5124583664126,67.0625081640821
"prison_universal_optout",2035,4167.78389708119,3773.74464695025,4633.04800332567,232.666217884124,208.414860209799,261.895474852813,56.8940988460998,51.0264711149898,63.9656446783577
"prison_universal_optout",2036,4003.82796999416,3622.96357100714,4458.9159343329,222.050142588552,198.838575397065,250.004619739562,54.2523774469979,48.6506210707851,61.0057014019723
"prison_universal_optout",2037,3855.78762070504,3481.85570867318,4296.53881485773,211.855570487095,189.652184847525,238.582174006035,51.7352576521822,46.38483897535,58.1828222315041
"prison_universal_optout",2038,3713.59689689496,3349.57426867256,4145.16606066554,202.094878302167,180.861543703441,227.638075955979,49.3522233735415,44.22839824273,55.496291449436
"prison_universal_optout",2039,3581.71929868395,3225.91740928894,4007.35261332585,192.807304535182,172.469143333952,217.17790830075,47.0876254456226,42.1760115122989,52.9446028194393
"prison_universal_optout",2040,3461.5557456808,3114.29002461135,3879.94965563567,183.918735913821,164.474442638593,207.203286439,44.9074104502737,40.2148909233299,50.5162210937413
"prison_universal_optout",2041,3349.04691682876,3010.72167069447,3761.48593505572,175.447428974095,156.871273911204,197.71227883224,42.8645340314878,38.354021647033,48.2106609622366
"prison_universal_optout",2042,3242.63328808653,2913.50612129106,3652.57133897098,167.388037287999,149.656421734,188.699836490572,40.9313106050349,36.5898216355612,46.0333132545005
"prison_universal_optout",2043,3140.4914782795,2822.20045364706,3553.24478646203,159.75948440448,142.823460132953,180.158215708642,39.1158175458281,34.8807785660105,43.9783040960705
"prison_universal_optout",2044,3048.85581517942,2734.87500285834,3461.13935065302,152.534361818737,136.363104692097,172.077383392937,37.4273130125503,33.2815667239422,42.0536387059336
"prison_universal_optout",2045,2963.81620701063,2656.40286547663,3374.39422948391,145.719025457808,130.21315397321,164.445398105899,35.8095974410027,31.7881043194591,40.2592244298063
"prison_universal_optout",2046,2887.42377461115,2584.05752881407,3295.33711373737,139.37370694827,124.331044712083,157.171107658082,34.2796124510895,30.4499323752831,38.5745222090334
"prison_universal_optout",2047,2817.29042602226,2515.08864589363,3222.08393398757,133.40991110558,118.664820612853,150.291250689563,32.8637153772564,29.1951701287016,36.9961382294233
"prison_universal_optout",2048,2751.38562658483,2450.84313306414,3153.05825435022,127.715887771573,113.283462670606,143.816790378759,31.5427545117864,28.0198642524788,35.490127669649
"prison_universal_optout",2049,2690.72276577436,2391.00130891547,3081.16592946532,122.32276383812,108.384606390794,137.841160743893,30.2844299622641,26.920071449422,34.0530050654777
"prison_universal_optout",2050,2634.37830761041,2335.26349490926,3016.71236296267,117.253907101333,103.962741069657,132.284901900023,29.08842936726,25.8889197693696,32.7803726517436
"prison_universal_optout",2051,2576.96835340983,2283.3168300464,2959.89962137282,112.728079452315,99.8415600879526,127.083290357557,27.9782423060463,24.9044617775619,31.5952709685246
"prison_universal_optout",2052,2522.7571936388,2234.70703179708,2907.42465959141,108.275731793266,95.9860205337407,122.017637207481,26.9481935789106,23.9842390631793,30.4651244911751
"prison_universal_optout",2053,2474.16036491169,2189.42317779735,2858.79207805006,104.159657020554,92.3810379644788,117.434950233735,26.018301195498,23.1251134015041,29.4117307294387
"prison_universal_optout",2054,2429.42048510181,2145.84937904621,2818.53771309121,100.150111794826,89.0112646691327,113.276530203525,25.1424197047913,22.3449960957666,28.4682807332092
"prison_universal_optout",2055,2390.67670263924,2102.79877647304,2781.7306405318,96.6365183665092,85.8667025009909,109.407197575233,24.3132893458573,21.6326849031909,27.5914329419486
"prison_universal_optout",2056,2351.46085226784,2062.60346811849,2747.74220949032,93.2639736757867,82.8710141815746,105.770007008794,23.5453762442077,20.9678269866008,26.7489311133751
"prison_universal_optout",2057,2321.50569400558,2024.92081597763,2713.70371987072,90.2522280825475,80.0610929867987,102.464483472137,22.8280395650183,20.3409299888033,25.9601351063758
"prison_universal_optout",2058,2284.13912181999,1987.26746352058,2680.92527312145,87.3060613146256,77.44202543238,99.3927737012735,22.1855814083868,19.7398284580674,25.2597670545144
"prison_universal_optout",2059,2252.6106588147,1950.71827462473,2650.55913119276,84.6430257550971,74.9988660022223,96.5531772857994,21.5383743990905,19.1658639346687,24.6102051351413
"prison_universal_optout",2060,2224.6708992075,1916.49216679508,2622.42740705062,82.1680449362999,72.795795353499,93.6843167285219,20.9565573501499,18.615196309037,24.0251696052856
"prison_universal_optout",2061,2197.50501732865,1884.43157571107,2596.36486454822,79.8294406801268,70.7878559784978,91.205825856312,20.4363152773732,18.0865166549541,23.4895447045546
"prison_universal_optout",2062,2172.5913986015,1855.05347376803,2572.21809938659,77.677789056119,68.8207990235034,88.9606921802781,19.9769266116706,17.636187633673,22.9804201382557
"prison_universal_optout",2063,2146.24192401857,1831.16706221436,2549.84476314545,75.5693750898147,66.9476084760022,86.9373965141339,19.5276030661433,17.1806909267678,22.5032580800631
"prison_universal_optout",2064,2123.16727914292,1808.84741674907,2529.07357267804,73.7737429294625,65.1412675103256,85.0052700482746,19.1056951244828,16.756595156224,22.0616658162851
"prison_universal_optout",2065,2103.02751089756,1787.98527421838,2508.08183684737,72.106741690612,63.5087326940704,83.2039563242822,18.7078562280506,16.3802388473168,21.6531189378331
"prison_universal_optout",2066,2086.27770064409,1768.47893054095,2488.61216300526,70.5699194230455,61.9771609241247,81.5368777681867,18.34075119371,16.0360000970665,21.2633757924703
"prison_universal_optout",2067,2069.1096546696,1750.23376481468,2470.55192347078,69.1413993290166,60.5163304193069,79.9945526850527,17.9962542915634,15.7159437973125,20.8917806694697
"rho_high_no_tx",2017,11065.1096153975,10005.5769676965,12285.4468285781,479.199988829626,428.904187621275,534.751479400823,125.570140317268,112.67334253195,140.14638006811
"rho_high_no_tx",2018,11064.2186587323,10004.7688236934,12284.4515314601,481.742407305392,431.189858249496,537.570529999194,128.782077500157,115.558822795973,143.719814495998
"rho_high_no_tx",2019,11061.9836101093,10002.7421807702,12281.9557829372,483.889581793431,433.120081823391,539.951126186787,130.836948621003,117.404429902397,146.007744927024
"rho_high_no_tx",2020,11058.8979109086,9999.94380276279,12278.510244586,485.694657446688,434.742290235679,541.95265421763,132.165533514259,118.597599513229,147.487809041108
"rho_high_no_tx",2021,11055.2866007594,9996.66805924911,12274.4777763763,487.203858791074,436.09794173228,543.626584476437,133.034430016129,119.377971770822,148.456154207876
"rho_high_no_tx",2022,11051.3669237094,9993.1117180323,12270.1009932072,488.457587299061,437.22341427339,545.017754736728,133.609212979323,119.894302736625,149.096959481644
"rho_high_no_tx",2023,11047.2866098696,9989.40857916173,12265.5449463157,489.491239336596,438.150665192021,546.165343080988,133.993248756483,120.23941720319,149.525306208163
"rho_high_no_tx",2024,11043.1478885924,9985.65121665672,12260.9239078128,490.335846031901,438.907753262656,547.103630850959,134.251536913588,120.471664642489,149.813590098088
"rho_high_no_tx",2025,11039.0226103587,9981.9046823859,12256.3182426177,491.018596089579,439.519275647784,547.86262064361,134.425353667619,120.628088893638,150.007784176615
"rho_high_no_tx",2026,11034.9618566613,9978.21522284502,12251.7851310352,491.563278327172,440.006748093345,548.468551637582,134.541249231997,120.732514886085,150.137451054631
"rho_high_no_tx",2027,11031.0021314265,9974.61589919312,12247.3654756705,491.990666110296,440.388943551673,548.944339754327,134.616581344534,120.800519072366,150.221909395624
"rho_high_no_tx",2028,11027.1694252619,9971.13027727215,12243.0884334868,492.318857141592,440.682197370136,549.309960599716,134.662924287216,120.842489770601,150.274035997569
"rho_high_no_tx",2029,11023.4819476781,9967.77490691358,12238.9744609475,492.563576918454,440.90068356645,549.58278700667,134.688174725975,120.86551662318,150.302614930678
"rho_high_no_tx",2030,11019.9520167852,9964.56103413791,12235.037419193,492.738451193536,441.056664951834,549.777889113682,134.697857770841,120.874561932782,150.313793902642
"rho_high_no_tx",2031,11016.5874081536,9961.49582029893,12231.2860764411,492.855251075091,441.160719073811,549.908302473719,134.695941693547,120.873191096768,150.311991832906
"rho_high_no_tx",2032,11013.392349351,9958.58323808089,12227.7252160283,492.924113456352,441.221941640315,549.985268168977,134.6853502668,120.864031863576,150.300468721958
"rho_high_no_tx",2033,11010.368276132,9955.82475033323,12224.3564796037,492.953738941285,441.248128991121,550.018447966488,134.668288516359,120.849066341639,150.281687295198
"rho_high_no_tx",2034,11007.5144231018,9953.21983848993,12221.1790266722,492.951569145901,441.245941165427,550.01611696633,134.646452878233,120.829819438831,150.257545835949
"rho_high_no_tx",2035,11004.8282952568,9950.7664232086,12218.1900621217,492.923945087761,441.221047110382,549.985335826611,134.621169331785,120.807482789123,150.229530931736
"rho_high_no_tx",2036,11002.3060506062,9948.46120500704,12215.3852652432,492.876248268086,441.17825355716,549.932104408771,134.593486295064,120.782998163176,150.198820056249
"rho_high_no_tx",2037,10999.9428140959,9946.2999434735,12212.7591426051,492.813025966442,441.12161905077,549.861498518436,134.564238792613,120.757115145928,150.166352395886
"rho_high_no_tx",2038,10997.7329368528,9944.27768787896,12210.3053202305,492.73810219016,441.054554558268,549.777791288225,134.534094111177,120.730432224024,150.132879280482
"rho_high_no_tx",2039,10995.6702108625,9942.38896838221,12208.0167861896,492.654675641643,440.97991200202,549.684560640678,134.503585298833,120.703426969794,150.099001260863
"rho_high_no_tx",2040,10993.7480466732,9940.62795467152,12205.8860919408,492.565405984157,440.90006197561,549.584784171355,134.473136492455,120.676478887154,150.065196230265
"rho_high_no_tx",2041,10991.9596200556,9938.98858733154,12203.9055189234,492.472489600712,440.816961805024,549.480922698898,134.44308259889,120.64988717951,150.031841362887
"rho_high_no_tx",2042,10990.297992401,9937.4646861599,12202.0672156555,492.377725952741,440.732215020882,549.374993638253,134.413684953407,120.623884893538,149.999230643619
"rho_high_no_tx",2043,10988.7562088111,9936.05003889918,12200.3633096937,492.282575557023,440.647123211964,549.268635264573,134.385144018809,120.598650392159,149.967589145588
"rho_high_no_tx",2044,10987.327377218,9934.73847328645,12198.785998142,492.188210512441,440.562731138222,549.163162848875,134.357609838157,120.574316796784,149.937084828184
"rho_high_no_tx",2045,10986.0047313784,9933.52391488651,12197.32761987,492.095558424109,440.479865894302,549.059617562866,134.331190732462,120.550979840908,149.907838387189
"rho_high_no_tx",2046,10984.7816801934,9932.40043282439,12195.9807121709,492.005340492041,440.39917083327,548.958808970018,134.305960592776,120.528704450098,149.879931535325
"rho_high_no_tx",2047,10983.6518454678,9931.36227524323,12194.738054228,491.918104455903,440.321134885063,548.861351843668,134.28196502345,120.507530280485,149.853413992126
"rho_high_no_tx",2048,10982.6090899398,9930.4038960685,12193.5926994483,491.834253016596,440.246117835291,548.767697980955,134.259226531514,120.487476392365,149.828309396158
"rho_high_no_tx",2049,10981.6475371633,9929.51997444867,12192.5379984512,491.754068290043,440.174372067336,548.678163614204,134.237748914717,120.468545197387,149.804620307467
"rho_high_no_tx",2050,10980.7615846103,9928.70542805985,12191.567614263,491.677732788355,440.106061213909,548.592952958952,134.217520970732,120.450725790695,149.782332436291
"rho_high_no_tx",2051,10979.9459111723,9927.95542130203,12190.6755310572,491.605347368658,440.041276113028,548.512178380296,134.198519628094,120.433996759536,149.761418210567
"rho_high_no_tx",2052,10979.1954800715,9927.26536927447,12189.8560575992,491.53694653993,439.980048417391,548.435877606561,134.180712582775,120.418328544753,149.741839776971
"rho_high_no_tx",2053,10978.5055380513,9926.63093829462,12189.103826387,491.472511473124,439.922362164894,548.364028371201,134.164060511347,120.403685419744,149.723551516072
"rho_high_no_tx",2054,10977.8716115849,9926.04804361754,12188.4137893408,491.411981019183,439.868163581247,548.296560820286,134.148518921236,120.390027141968,149.706502140787
"rho_high_no_tx",2055,10977.289500732,9925.51284491754,12187.7812107655,491.355261003139,439.817369352799,548.233367983493,134.134039690005,120.377310324259,149.690636437758
"rho_high_no_tx",2056,10976.7552711756,9925.02174001119,12187.2016582012,491.302232029858,439.769873578485,548.174314571129,134.120572338446,120.365489566612,149.675896703268
"rho_high_no_tx",2057,10976.2652448882,9924.57135722853,12186.6709916817,491.252756007934,439.725553583871,548.119244327838,134.108065076167,120.3545183836,149.662223918364
"rho_high_no_tx",2058,10975.8159898026,9924.15854677584,12186.1853518356,491.206681572381,439.684274757284,548.067986145311,134.096465653134,120.34434995774,149.649558701931
"rho_high_no_tx",2059,10975.4043088003,9923.78037137869,12185.741147195,491.164911531436,439.645894547668,548.0203591109,134.085722046165,120.334937745068,149.637842075234
"rho_high_no_tx",2060,10975.0272282765,9923.43409644639,12185.3350410114,491.127452618683,439.610265745811,547.976176646586,134.075783005419,120.326235955579,149.627016066966
"rho_high_no_tx",2061,10974.6819864941,9923.11717995739,12184.9639378271,491.092810930209,439.577239154762,547.93524987275,134.066598482575,120.318402348783,149.617024183863
"rho_high_no_tx",2062,10974.3660218991,9922.82726223027,12184.6249700027,491.06081852713,439.546665741257,547.897390313583,134.058119959399,120.311341322179,149.607811768501
"rho_high_no_tx",2063,10974.0769615365,9922.5621557139,12184.3154843627,491.031310297214,439.518398347705,547.862412045369,134.050300692849,120.30484077237,149.599326262884
"rho_high_no_tx",2064,10973.8126096758,9922.31983490453,12184.0330290877,491.004125377904,439.492293033515,547.830133375205,134.043095890577,120.298861631255,149.591517393802
"rho_high_no_tx",2065,10973.5709367342,9922.09842647524,12183.7753409529,490.979108232,439.468210105067,547.800378125686,134.036462828766,120.293366734052,149.584337293627
"rho_high_no_tx",2066,10973.3500685594,9921.89619968411,12183.5403329894,490.956109434611,439.446014885391,547.772976590524,134.030360922492,120.288320866464,149.57774056824
"rho_high_no_tx",2067,10973.1482761235,9921.71155711168,12183.3260826234,490.934986221494,439.425578267393,547.747766216884,134.024751757344,120.283690779108,149.57168432204
"rho_low_no_tx",2017,11065.1096153975,10005.5769676965,12285.4468285781,479.199988829626,428.904187621275,534.751479400823,125.570140317268,112.67334253195,140.14638006811
"rho_low_no_tx",2018,11066.455857006,10006.7962815459,12286.9487743502,475.387266919214,425.4765650336,530.5236315657,120.783702467439,108.356634373944,134.799947963221
"rho_low_no_tx",2019,11069.8084881861,10009.8347404748,12290.6907875446,472.164270602972,422.57951470004,526.949633038901,117.738706239962,105.612754189126,131.397454516339
"rho_low_no_tx",2020,11074.4241720414,10014.0193785252,12295.8433577333,469.449140061151,420.139798270192,523.938250520489,115.782073009905,103.851112540838,129.211217952356
"rho_low_no_tx",2021,11079.8158072387,10018.9090862559,12301.8626775257,467.171482733591,418.094202042118,521.41122891066,114.511177679405,102.70715527883,127.790833079856
"rho_low_no_tx",2022,11085.6598849934,10024.2108498482,12308.3874075737,465.270443698725,416.387906790003,519.301086107895,113.676155006769,101.955257312769,126.857022591043
"rho_low_no_tx",2023,11091.6541008683,10029.7268184837,12315.1734573498,463.693236039067,414.973255057328,517.54941109792,113.121372800329,101.455212482354,126.23595108208
"rho_low_no_tx",2024,11097.724973488,10035.3211044917,12322.0530837287,462.393984312285,413.808775239043,516.105520276487,112.749373206582,101.119385751553,125.818840599665
"rho_low_no_tx",2025,11103.769420546,10040.8988952024,12328.9091668268,461.33278755775,412.858379648848,514.92537336147,112.498666782196,100.892556320816,125.537106041942
"rho_low_no_tx",2026,11109.7145080635,10046.3932075249,12335.6589082255,460.47494132587,412.090687034578,513.970681125178,112.330058924541,100.739547762394,125.347052294782
"rho_low_no_tx",2027,11115.5085350288,10051.7563885988,12342.243377985,459.790279031308,411.47843925213,513.208158056162,112.218227601387,100.637632807327,125.220455863773
"rho_low_no_tx",2028,11121.1149696314,10056.9545724956,12348.6207009392,459.252606086178,410.997992920595,512.608887198999,112.146531287116,100.571864479012,125.138764795654
"rho_low_no_tx",2029,11126.5084061557,10061.9639881327,12354.7615186109,458.839208608416,410.628873290255,512.147773993088,112.103803293231,100.532200522597,125.089522050753
"rho_low_no_tx",2030,11131.6717954617,10066.7684364033,12360.6458856518,458.530423813823,410.353381270914,511.803072417705,112.082367603534,100.511727012643,125.06415475359
"rho_low_no_tx",2031,11136.5944888565,10071.357514981,12366.2610817489,458.309262616435,410.156246759402,511.555971158298,112.076695046941,100.50555611345,125.056602559516
"rho_low_no_tx",2032,11141.2708111383,10075.7253294862,12371.6000180175,458.161077190825,410.024322744039,511.39023052188,112.082168234607,100.510137803638,125.062461817722
"rho_low_no_tx",2033,11145.6989863982,10079.8695282099,12376.6600385442,458.073267736826,409.946315531324,511.291862908642,112.096689522425,100.522826287239,125.078131668873
"rho_low_no_tx",2034,11149.8803061483,10083.7905581401,12381.4419923632,458.035023709917,409.912547048356,511.248851102582,112.118016395592,100.54160356008,125.10116678524
"rho_low_no_tx",2035,11153.8184697445,10087.4910772977,12385.9494969204,458.037095511908,409.914745639217,511.25221279585,112.14440238415,100.564900370584,125.12986502938
"rho_low_no_tx",2036,11157.5190518398,10090.9754813584,12390.1883421784,458.071593183356,409.945862156172,511.293813863999,112.174466049955,100.591477914674,125.162676824082
"rho_low_no_tx",2037,11160.9890668583,10094.2495167678,12394.1660018163,458.131809067112,409.999908478616,511.364225081756,112.207102575321,100.620347733672,125.198363810628
"rho_low_no_tx",2038,11164.2366099353,10097.3199614232,12397.8912286991,458.212061761606,410.071815889879,511.457127514579,112.241422385849,100.650715928666,125.235930132617
"rho_low_no_tx",2039,11167.2705597045,10100.1943595959,12401.3737184959,458.307558977521,410.157311011765,511.567177701378,112.276707182636,100.6819430973,125.274573033848
"rho_low_no_tx",2040,11170.1003321083,10102.8808013441,12404.6238295955,458.414277167349,410.252807242575,511.689877779043,112.312377403978,100.713514642661,125.313646163509
"rho_low_no_tx",2041,11172.7356768994,10105.387739021,12407.6523502414,458.528856023066,410.355309868132,511.821461421762,112.347967374771,100.745018095574,125.352631458344
"rho_low_no_tx",2042,11175.1865101883,10107.7238350609,12410.4703056819,458.648506138721,410.462333218366,511.958793775451,112.383105778602,100.776125317708,125.391116991243
"rho_low_no_tx",2043,11177.4714626372,10109.8978363378,12413.0887994321,458.770928315718,410.571828425206,512.09928377444,112.417499936829,100.806578210594,125.428779111057
"rho_low_no_tx",2044,11179.5987645311,10111.9184711921,12415.5188837053,458.894243151632,410.682120502255,512.240807408787,112.450922905181,100.836177026563,125.465367776809
"rho_low_no_tx",2045,11181.5703961739,10113.794365832,12417.7714548006,459.016929700474,410.791853614168,512.381640670272,112.483202726476,100.864770672545,125.500694349542
"rho_low_no_tx",2046,11183.3957822618,10115.5339772953,12419.8571698197,459.137772124813,410.899943535185,512.520401046479,112.514213384423,100.892248584416,125.534621331548
"rho_low_no_tx",2047,11185.0840633786,10117.1455405482,12421.7863815685,459.255813379508,411.005536413307,512.655996557894,112.543867134979,100.918533869488,125.567053687163
"rho_low_no_tx",2048,11186.644054822,10118.6370276199,12423.5690889095,459.370315074068,411.107973060543,512.787581444594,112.572107976926,100.943577493303,125.59793147332
"rho_low_no_tx",2049,11188.0842166963,10120.016116952,12425.2149001823,459.480722756904,411.206758081754,512.914517708611,112.598906079768,100.967353339442,125.627223570664
"rho_low_no_tx",2050,11189.4126334456,10121.2901713791,12426.7330076217,459.586635950994,411.301533236204,513.036686374382,112.624253025546,100.989854007393,125.654922349151
"rho_low_no_tx",2051,11190.637001248,10122.4662233623,12428.1321709717,459.687782347651,411.39213793512,513.153467396588,112.64815774824,101.011087239297,125.681039132695
"rho_low_no_tx",2052,11191.7649007187,10123.5509662841,12429.4207087342,459.783995633941,411.481102523605,513.264613271122,112.670643074162,101.031072885411,125.705600350138
"rho_low_no_tx",2053,11192.808768112,10124.5507507682,12430.6064957021,459.875196490822,411.565505438131,513.370025472591,112.691742781784,101.049840332601,125.728644277173
"rho_low_no_tx",2054,11193.7679996465,10125.4715851302,12431.6969656146,459.961376353737,411.645331930777,513.469686864217,112.711499111121,101.06742633154,125.750218287703
"rho_low_no_tx",2055,11194.6632873528,10126.3191391882,12432.699117933,460.042583576153,411.720619510182,513.563646051804,112.729960662354,101.08387316747,125.770376544326
"rho_low_no_tx",2056,11195.5031809619,10127.0987507715,12433.619527885,460.118911679764,411.791447358028,513.652004051143,112.747180631247,101.09922712696,125.789178067104
"rho_low_no_tx",2057,11196.2741198175,10127.8154343589,12434.4643590474,460.190489413478,411.8579273471,513.734902968782,112.763215335604,101.113537219464,125.806685127704
"rho_low_no_tx",2058,11196.9813438385,10128.4738913628,12435.2393778497,460.257472377383,411.920196448969,513.812516431587,112.778122992791,101.126854117926,125.822961922935
"rho_low_no_tx",2059,11197.6297506913,10129.0785216493,12435.9499694801,460.320035997984,411.978410345079,513.885041532137,112.79196271332,101.139229287328,125.838073487623
"rho_low_no_tx",2060,11198.2239102631,10129.6334359449,12436.6011547547,460.378369667716,412.032738077847,513.952692085098,112.804793679891,101.150714274137,125.852084811978
"rho_low_no_tx",2061,11198.7680797899,10130.1424688401,12437.1976075875,460.432671885295,412.083357598525,514.015693014711,112.816674485124,101.161360133141,125.865060133166
"rho_low_no_tx",2062,11199.2662193596,10130.6091921452,12437.7436727604,460.483146254275,412.130452086458,514.074275715735,112.827662604628,101.171216971222,125.877062374772
"rho_low_no_tx",2063,11199.7220075561,10131.0369283959,12438.2433837469,460.529998215513,412.174206930138,514.128674249821,112.837813985019,101.180333590322,125.888152711342
"rho_low_no_tx",2064,11200.1388570563,10131.428764345,12438.7004803891,460.573432405429,412.214807274399,514.179122256752,112.847182729183,101.188757214218,125.898390238274
"rho_low_no_tx",2065,11200.5199300245,10131.7875643033,12439.1184262693,460.613650546154,412.252436050398,514.225850475392,112.855820863364,101.196533285791,125.907831729988
"rho_low_no_tx",2066,11200.8681531822,10132.1159832235,12439.5004256487,460.650849786126,412.287272415876,514.269084782773,112.863778172779,101.20370532327,125.916531471692
"rho_low_no_tx",2067,11201.1862324573,10132.4164794409,12439.8494398779,460.685221420711,412.319490542737,514.309044671822,112.871102094215,101.210314825547,125.924541152103
